[2J[H................................................................................
................................................................................
....................[38;5;46m#[0m.....[38;5;46m#[0m.....................................................
....................[38;5;46m#[0m[38;5;251m*[0m[38;5;251m#[0m[38;5;251m#[0m[38;5;251m*[0m[38;5;251m+[0m[38;5;46m#[0m.....................................................
....................[38;5;46m#[0m[38;5;251m#[0m[38;5;251m%[0m[38;5;251m#[0m[38;5;251m#[0m[38;5;251m+[0m[38;5;46m#[0m.....................................................
....................[38;5;46m#[0m[38;5;251m+[0m[38;5;251m+[0m[38;5;251m+[0m[38;5;251m+[0m.[38;5;46m#[0m.....................................................
....................[38;5;46m#[0m.....[38;5;46m#[0m.....................................................
....................[38;5;46m#[0m.....[38;5;46m#[0m.....................................................
................................................................................
................................................................................
................................................................................
................................................................................
................................................................................
................................................................................
................................................................................
..................................................................[38;5;46m#[0m...[38;5;46m#[0m.........
..................................................................[38;5;46m#[0m[38;5;251m*[0m[38;5;251m#[0m[38;5;251m*[0m[38;5;46m#[0m.........
..................................................................[38;5;46m#[0m[38;5;251m*[0m[38;5;251m*[0m[38;5;251m+[0m[38;5;46m#[0m.........
.....................................[38;5;251m+[0m[38;5;251m*[0m[38;5;251m#[0m[38;5;251m#[0m[38;5;251m#[0m[38;5;251m*[0m.......................[38;5;46m#[0m...[38;5;46m#[0m.........
....................................[38;5;251m*[0m[38;5;251m#[0m[38;5;251m%[0m[38;5;251m%[0m[38;5;251m@[0m[38;5;251m%[0m[38;5;251m#[0m[38;5;251m*[0m....................................
....................................[38;5;251m+[0m[38;5;251m#[0m[38;5;251m%[0m[38;5;251m%[0m[38;5;251m%[0m[38;5;251m%[0m[38;5;251m#[0m[38;5;251m*[0m....................................
......................................[38;5;251m*[0m[38;5;251m*[0m[38;5;251m*[0m[38;5;251m*[0m......................................
................................................................................
[2J[H................................................................................
................................................................................
....................[38;5;46m#[0m.....[38;5;46m#[0m.....................................................
....................[38;5;46m#[0m[38;5;251m#[0m[38;5;251m#[0m[38;5;251m*[0m[38;5;251m+[0m.[38;5;46m#[0m.....................................................
...................[38;5;251m+[0m[38;5;46m#[0m[38;5;251m#[0m[38;5;251m%[0m[38;5;251m#[0m[38;5;251m*[0m.[38;5;46m#[0m.....................................................
....................[38;5;46m#[0m[38;5;251m*[0m[38;5;251m*[0m[38;5;251m+[0m..[38;5;46m#[0m.....................................................
....................[38;5;46m#[0m.....[38;5;46m#[0m.....................................................
....................[38;5;46m#[0m.....[38;5;46m#[0m.....................................................
................................................................................
................................................................................
................................................................................
................................................................................
................................................................................
................................................................................
................................................................................
..................................................................[38;5;46m#[0m[38;5;251m=[0m[38;5;251m=[0m[38;5;251m=[0m[38;5;46m#[0m.........
..................................................................[38;5;46m#[0m[38;5;251m*[0m[38;5;251m#[0m[38;5;251m*[0m[38;5;46m#[0m.........
..................................................................[38;5;46m#[0m[38;5;251m+[0m[38;5;251m*[0m[38;5;251m+[0m[38;5;46m#[0m.........
......................................[38;5;251m*[0m[38;5;251m#[0m[38;5;251m#[0m[38;5;251m#[0m[38;5;251m#[0m[38;5;251m*[0m......................[38;5;46m#[0m...[38;5;46m#[0m.........
.....................................[38;5;251m*[0m[38;5;251m#[0m[38;5;251m%[0m[38;5;251m@[0m[38;5;251m%[0m[38;5;251m%[0m[38;5;251m#[0m[38;5;251m*[0m...................................
.....................................[38;5;251m*[0m[38;5;251m#[0m[38;5;251m%[0m[38;5;251m%[0m[38;5;251m%[0m[38;5;251m%[0m[38;5;251m#[0m[38;5;251m*[0m...................................
.......................................[38;5;251m*[0m[38;5;251m*[0m[38;5;251m*[0m[38;5;251m*[0m.....................................
................................................................................
[2J[H................................................................................
................................................................................
................................................................................
..................[38;5;46m#[0m[38;5;251m+[0m[38;5;251m*[0m[38;5;251m#[0m[38;5;251m#[0m[38;5;251m*[0m[38;5;46m#[0m.......................................................
..................[38;5;46m#[0m[38;5;251m*[0m[38;5;251m#[0m[38;5;251m%[0m[38;5;251m#[0m[38;5;251m#[0m[38;5;46m#[0m.......................................................
..................[38;5;46m#[0m[38;5;251m+[0m[38;5;251m*[0m[38;5;251m*[0m[38;5;251m*[0m[38;5;251m+[0m[38;5;46m#[0m.......................................................
..................[38;5;46m#[0m.....[38;5;46m#[0m.......................................................
..................[38;5;46m#[0m.....[38;5;46m#[0m.......................................................
................................................................................
................................................................................
................................................................................
................................................................................
................................................................................
................................................................................
................................................................................
..................................................................[38;5;46m#[0m[38;5;251m=[0m[38;5;251m+[0m[38;5;251m+[0m..[38;5;46m#[0m.......
..................................................................[38;5;46m#[0m[38;5;251m*[0m[38;5;251m#[0m[38;5;251m*[0m[38;5;251m+[0m.[38;5;46m#[0m.......
..................................................................[38;5;46m#[0m[38;5;251m+[0m[38;5;251m+[0m[38;5;251m+[0m..[38;5;46m#[0m.......
.......................................[38;5;251m*[0m[38;5;251m#[0m[38;5;251m#[0m[38;5;251m#[0m[38;5;251m*[0m[38;5;251m*[0m.....................[38;5;46m#[0m.....[38;5;46m#[0m.......
......................................[38;5;251m*[0m[38;5;251m%[0m[38;5;251m%[0m[38;5;251m@[0m[38;5;251m%[0m[38;5;251m%[0m[38;5;251m#[0m[38;5;251m*[0m..................................
......................................[38;5;251m*[0m[38;5;251m#[0m[38;5;251m%[0m[38;5;251m%[0m[38;5;251m%[0m[38;5;251m%[0m[38;5;251m#[0m[38;5;251m+[0m..................................
.......................................[38;5;251m+[0m[38;5;251m*[0m[38;5;251m*[0m[38;5;251m*[0m[38;5;251m*[0m....................................
................................................................................
[2J[H................................................................................
................................................................................
................................................................................
..................[38;5;46m#[0m[38;5;251m*[0m[38;5;251m#[0m[38;5;251m#[0m[38;5;251m*[0m[38;5;251m+[0m[38;5;46m#[0m.......................................................
..................[38;5;46m#[0m[38;5;251m#[0m[38;5;251m%[0m[38;5;251m%[0m[38;5;251m#[0m[38;5;251m*[0m[38;5;46m#[0m.......................................................
..................[38;5;46m#[0m[38;5;251m*[0m[38;5;251m*[0m[38;5;251m*[0m[38;5;251m*[0m[38;5;251m+[0m[38;5;46m#[0m.......................................................
..................[38;5;46m#[0m.....[38;5;46m#[0m.......................................................
..................[38;5;46m#[0m.....[38;5;46m#[0m.......................................................
................................................................................
................................................................................
................................................................................
................................................................................
................................................................................
................................................................................
................................................................................
..................................................................[38;5;46m#[0m[38;5;251m+[0m[38;5;251m+[0m[38;5;251m+[0m[38;5;251m=[0m.[38;5;46m#[0m.......
..................................................................[38;5;46m#[0m[38;5;251m*[0m[38;5;251m#[0m[38;5;251m#[0m[38;5;251m*[0m[38;5;251m=[0m[38;5;46m#[0m.......
..................................................................[38;5;46m#[0m[38;5;251m=[0m[38;5;251m+[0m[38;5;251m+[0m..[38;5;46m#[0m.......
.......................................[38;5;251m+[0m[38;5;251m*[0m[38;5;251m#[0m[38;5;251m#[0m[38;5;251m#[0m[38;5;251m*[0m[38;5;251m+[0m....................[38;5;46m#[0m.....[38;5;46m#[0m.......
......................................[38;5;251m+[0m[38;5;251m#[0m[38;5;251m%[0m[38;5;251m%[0m[38;5;251m@[0m[38;5;251m%[0m[38;5;251m%[0m[38;5;251m#[0m[38;5;251m+[0m.................................
.......................................[38;5;251m*[0m[38;5;251m#[0m[38;5;251m%[0m[38;5;251m%[0m[38;5;251m%[0m[38;5;251m%[0m[38;5;251m*[0m[38;5;251m+[0m.................................
........................................[38;5;251m*[0m[38;5;251m*[0m[38;5;251m*[0m[38;5;251m*[0m[38;5;251m*[0m...................................
................................................................................
[2J[H................................................................................
................................................................................
................................................................................
..................[38;5;46m#[0m[38;5;251m*[0m[38;5;251m#[0m[38;5;251m*[0m[38;5;251m+[0m.[38;5;46m#[0m.......................................................
.................[38;5;251m+[0m[38;5;46m#[0m[38;5;251m#[0m[38;5;251m%[0m[38;5;251m#[0m[38;5;251m#[0m[38;5;251m+[0m[38;5;46m#[0m.......................................................
..................[38;5;46m#[0m[38;5;251m*[0m[38;5;251m*[0m[38;5;251m*[0m[38;5;251m+[0m.[38;5;46m#[0m.......................................................
..................[38;5;46m#[0m.....[38;5;46m#[0m.......................................................
..................[38;5;46m#[0m.....[38;5;46m#[0m.......................................................
................................................................................
................................................................................
................................................................................
................................................................................
................................................................................
................................................................................
................................................................................
..................................................................[38;5;46m#[0m[38;5;251m+[0m[38;5;251m+[0m[38;5;251m*[0m[38;5;251m+[0m.[38;5;46m#[0m.......
..................................................................[38;5;46m#[0m[38;5;251m*[0m[38;5;251m*[0m[38;5;251m#[0m[38;5;251m*[0m[38;5;251m+[0m[38;5;46m#[0m.......
..................................................................[38;5;46m#[0m.[38;5;251m=[0m[38;5;251m=[0m..[38;5;46m#[0m.......
........................................[38;5;251m*[0m[38;5;251m#[0m[38;5;251m#[0m[38;5;251m#[0m[38;5;251m#[0m[38;5;251m*[0m[38;5;251m+[0m...................[38;5;46m#[0m.....[38;5;46m#[0m.......
.......................................[38;5;251m*[0m[38;5;251m#[0m[38;5;251m%[0m[38;5;251m%[0m[38;5;251m@[0m[38;5;251m%[0m[38;5;251m%[0m[38;5;251m#[0m[38;5;251m+[0m................................
.......................................[38;5;251m+[0m[38;5;251m#[0m[38;5;251m%[0m[38;5;251m%[0m[38;5;251m%[0m[38;5;251m%[0m[38;5;251m#[0m[38;5;251m*[0m.................................
.........................................[38;5;251m*[0m[38;5;251m*[0m[38;5;251m*[0m[38;5;251m*[0m[38;5;251m+[0m..................................
................................................................................
[2J[H................................................................................
................................................................................
................................................................................
................[38;5;46m#[0m[38;5;251m+[0m[38;5;251m*[0m[38;5;251m*[0m[38;5;251m*[0m[38;5;251m*[0m[38;5;251m+[0m.[38;5;46m#[0m.......................................................
................[38;5;46m#[0m[38;5;251m*[0m[38;5;251m#[0m[38;5;251m%[0m[38;5;251m%[0m[38;5;251m#[0m[38;5;251m*[0m.[38;5;46m#[0m.......................................................
................[38;5;46m#[0m[38;5;251m+[0m[38;5;251m*[0m[38;5;251m#[0m[38;5;251m#[0m[38;5;251m*[0m[38;5;251m+[0m.[38;5;46m#[0m.......................................................
................[38;5;46m#[0m.......[38;5;46m#[0m.......................................................
................[38;5;46m#[0m.......[38;5;46m#[0m.......................................................
................................................................................
................................................................................
................................................................................
................................................................................
................................................................................
................................................................................
..................................................................[38;5;46m#[0m.....[38;5;46m#[0m.......
..................................................................[38;5;46m#[0m[38;5;251m+[0m[38;5;251m*[0m[38;5;251m*[0m[38;5;251m+[0m[38;5;251m=[0m[38;5;46m#[0m.......
..................................................................[38;5;46m#[0m[38;5;251m+[0m[38;5;251m*[0m[38;5;251m#[0m[38;5;251m*[0m[38;5;251m+[0m[38;5;46m#[0m.......
..................................................................[38;5;46m#[0m..[38;5;251m=[0m..[38;5;46m#[0m.......
.........................................[38;5;251m*[0m[38;5;251m#[0m[38;5;251m#[0m[38;5;251m#[0m[38;5;251m#[0m[38;5;251m*[0m[38;5;251m+[0m..................[38;5;46m#[0m.....[38;5;46m#[0m.......
........................................[38;5;251m*[0m[38;5;251m#[0m[38;5;251m%[0m[38;5;251m@[0m[38;5;251m@[0m[38;5;251m%[0m[38;5;251m#[0m[38;5;251m*[0m................................
........................................[38;5;251m*[0m[38;5;251m#[0m[38;5;251m%[0m[38;5;251m%[0m[38;5;251m%[0m[38;5;251m%[0m[38;5;251m#[0m[38;5;251m*[0m................................
.........................................[38;5;251m+[0m[38;5;251m*[0m[38;5;251m*[0m[38;5;251m*[0m[38;5;251m*[0m[38;5;251m+[0m.................................
................................................................................
[2J[H................................................................................
................................................................................
................................................................................
................[38;5;46m#[0m[38;5;251m*[0m[38;5;251m*[0m[38;5;251m*[0m[38;5;251m*[0m[38;5;251m+[0m[38;5;46m#[0m.........................................................
................[38;5;46m#[0m[38;5;251m#[0m[38;5;251m%[0m[38;5;251m%[0m[38;5;251m#[0m[38;5;251m*[0m[38;5;46m#[0m.........................................................
................[38;5;46m#[0m[38;5;251m*[0m[38;5;251m#[0m[38;5;251m#[0m[38;5;251m*[0m[38;5;251m+[0m[38;5;46m#[0m.........................................................
................[38;5;46m#[0m.....[38;5;46m#[0m.........................................................
................[38;5;46m#[0m.....[38;5;46m#[0m.........................................................
................................................................................
................................................................................
................................................................................
................................................................................
................................................................................
................................................................................
..................................................................[38;5;46m#[0m.....[38;5;46m#[0m.......
..................................................................[38;5;46m#[0m[38;5;251m+[0m[38;5;251m*[0m[38;5;251m*[0m[38;5;251m*[0m[38;5;251m+[0m[38;5;46m#[0m.......
..................................................................[38;5;46m#[0m[38;5;251m+[0m[38;5;251m*[0m[38;5;251m*[0m[38;5;251m*[0m[38;5;251m+[0m[38;5;46m#[0m.......
..........................................[38;5;46m#[0m.....[38;5;46m#[0m.................[38;5;46m#[0m.....[38;5;46m#[0m.......
.........................................[38;5;251m+[0m[38;5;46m#[0m[38;5;251m#[0m[38;5;251m#[0m[38;5;251m#[0m[38;5;251m#[0m[38;5;251m*[0m[38;5;46m#[0m.................[38;5;46m#[0m.....[38;5;46m#[0m.......
.........................................[38;5;251m*[0m[38;5;46m#[0m[38;5;251m%[0m[38;5;251m@[0m[38;5;251m@[0m[38;5;251m%[0m[38;5;251m#[0m[38;5;46m#[0m...............................
.........................................[38;5;251m*[0m[38;5;251m#[0m[38;5;251m%[0m[38;5;251m%[0m[38;5;251m%[0m[38;5;251m%[0m[38;5;251m#[0m[38;5;251m*[0m...............................
..........................................[38;5;251m+[0m[38;5;251m*[0m[38;5;251m*[0m[38;5;251m*[0m[38;5;251m*[0m[38;5;251m+[0m................................
................................................................................
weft-tensor flight | 0.2s | seq 29 | render 27 | stalls 3 | infer 11.7us | boxes 3 | gc 5[2J[H................................................................................
................................................................................
................................................................................
..............[38;5;46m#[0m.[38;5;251m+[0m[38;5;251m*[0m[38;5;251m*[0m[38;5;251m*[0m[38;5;251m+[0m.[38;5;46m#[0m.........................................................
..............[38;5;46m#[0m[38;5;251m*[0m[38;5;251m#[0m[38;5;251m#[0m[38;5;251m%[0m[38;5;251m#[0m[38;5;251m*[0m[38;5;251m+[0m[38;5;46m#[0m.........................................................
..............[38;5;46m#[0m[38;5;251m+[0m[38;5;251m*[0m[38;5;251m#[0m[38;5;251m#[0m[38;5;251m#[0m[38;5;251m*[0m[38;5;251m+[0m[38;5;46m#[0m.........................................................
..............[38;5;46m#[0m...[38;5;251m+[0m...[38;5;46m#[0m.........................................................
..............[38;5;46m#[0m.......[38;5;46m#[0m.........................................................
................................................................................
................................................................................
................................................................................
................................................................................
................................................................................
................................................................................
....................................................................[38;5;46m#[0m[38;5;251m=[0m..[38;5;46m#[0m.......
...................................................................[38;5;251m+[0m[38;5;46m#[0m[38;5;251m*[0m[38;5;251m*[0m[38;5;251m*[0m[38;5;46m#[0m.......
...................................................................[38;5;251m=[0m[38;5;46m#[0m[38;5;251m*[0m[38;5;251m*[0m[38;5;251m+[0m[38;5;46m#[0m.......
....................................................................[38;5;46m#[0m...[38;5;46m#[0m.......
..........................................[38;5;251m+[0m[38;5;251m*[0m[38;5;251m#[0m[38;5;251m#[0m[38;5;251m%[0m[38;5;251m#[0m[38;5;251m#[0m[38;5;251m*[0m..............................
..........................................[38;5;251m*[0m[38;5;251m#[0m[38;5;251m%[0m[38;5;251m@[0m[38;5;251m@[0m[38;5;251m%[0m[38;5;251m%[0m[38;5;251m#[0m[38;5;251m+[0m.............................
..........................................[38;5;251m*[0m[38;5;251m#[0m[38;5;251m%[0m[38;5;251m%[0m[38;5;251m%[0m[38;5;251m%[0m[38;5;251m#[0m[38;5;251m*[0m..............................
...........................................[38;5;251m+[0m[38;5;251m*[0m[38;5;251m*[0m[38;5;251m#[0m[38;5;251m*[0m[38;5;251m*[0m...............................
................................................................................
[2J[H................................................................................
................................................................................
................................................................................
..............[38;5;46m#[0m[38;5;251m+[0m[38;5;251m*[0m[38;5;251m*[0m[38;5;251m*[0m[38;5;251m+[0m..[38;5;46m#[0m.........................................................
..............[38;5;46m#[0m[38;5;251m#[0m[38;5;251m#[0m[38;5;251m%[0m[38;5;251m#[0m[38;5;251m#[0m[38;5;251m+[0m.[38;5;46m#[0m.........................................................
..............[38;5;46m#[0m[38;5;251m*[0m[38;5;251m#[0m[38;5;251m#[0m[38;5;251m#[0m[38;5;251m*[0m[38;5;251m+[0m.[38;5;46m#[0m.........................................................
..............[38;5;46m#[0m.[38;5;251m+[0m[38;5;251m+[0m[38;5;251m+[0m...[38;5;46m#[0m.........................................................
..............[38;5;46m#[0m.......[38;5;46m#[0m.........................................................
................................................................................
................................................................................
................................................................................
................................................................................
................................................................................
................................................................................
....................................................................[38;5;46m#[0m[38;5;251m+[0m[38;5;251m+[0m[38;5;251m=[0m[38;5;46m#[0m.......
...................................................................[38;5;251m=[0m[38;5;46m#[0m[38;5;251m#[0m[38;5;251m#[0m[38;5;251m*[0m[38;5;46m#[0m.......
....................................................................[38;5;46m#[0m[38;5;251m*[0m[38;5;251m*[0m[38;5;251m+[0m[38;5;46m#[0m.......
............................................[38;5;46m#[0m.[38;5;251m+[0m[38;5;251m+[0m..[38;5;46m#[0m.................[38;5;46m#[0m...[38;5;46m#[0m.......
...........................................[38;5;251m+[0m[38;5;46m#[0m[38;5;251m#[0m[38;5;251m%[0m[38;5;251m%[0m[38;5;251m#[0m[38;5;251m#[0m[38;5;46m#[0m.............................
...........................................[38;5;251m*[0m[38;5;46m#[0m[38;5;251m%[0m[38;5;251m@[0m[38;5;251m@[0m[38;5;251m%[0m[38;5;251m%[0m[38;5;46m#[0m[38;5;251m*[0m............................
...........................................[38;5;251m*[0m[38;5;251m#[0m[38;5;251m%[0m[38;5;251m%[0m[38;5;251m%[0m[38;5;251m%[0m[38;5;251m#[0m[38;5;251m*[0m[38;5;251m+[0m............................
............................................[38;5;251m+[0m[38;5;251m*[0m[38;5;251m*[0m[38;5;251m#[0m[38;5;251m*[0m[38;5;251m*[0m..............................
................................................................................
[2J[H................................................................................
................................................................................
................................................................................
..............[38;5;46m#[0m[38;5;251m+[0m[38;5;251m*[0m[38;5;251m*[0m[38;5;251m+[0m.[38;5;46m#[0m...........................................................
.............[38;5;251m+[0m[38;5;46m#[0m[38;5;251m#[0m[38;5;251m#[0m[38;5;251m#[0m[38;5;251m#[0m[38;5;251m*[0m[38;5;46m#[0m...........................................................
..............[38;5;46m#[0m[38;5;251m#[0m[38;5;251m#[0m[38;5;251m#[0m[38;5;251m#[0m[38;5;251m*[0m[38;5;46m#[0m...........................................................
..............[38;5;46m#[0m[38;5;251m+[0m[38;5;251m+[0m[38;5;251m+[0m[38;5;251m+[0m.[38;5;46m#[0m...........................................................
..............[38;5;46m#[0m.....[38;5;46m#[0m...........................................................
................................................................................
................................................................................
................................................................................
................................................................................
................................................................................
....................................................................[38;5;46m#[0m...[38;5;46m#[0m.......
....................................................................[38;5;46m#[0m[38;5;251m+[0m[38;5;251m+[0m[38;5;251m+[0m[38;5;46m#[0m.......
...................................................................[38;5;251m=[0m[38;5;46m#[0m[38;5;251m#[0m[38;5;251m#[0m[38;5;251m*[0m[38;5;46m#[0m.......
....................................................................[38;5;46m#[0m[38;5;251m+[0m[38;5;251m+[0m[38;5;251m+[0m[38;5;46m#[0m.......
............................................[38;5;46m#[0m..[38;5;251m+[0m[38;5;251m+[0m...[38;5;46m#[0m...............[38;5;46m#[0m...[38;5;46m#[0m.......
............................................[38;5;46m#[0m[38;5;251m#[0m[38;5;251m#[0m[38;5;251m%[0m[38;5;251m%[0m[38;5;251m#[0m[38;5;251m#[0m[38;5;251m*[0m[38;5;46m#[0m...........................
...........................................[38;5;251m+[0m[38;5;46m#[0m[38;5;251m%[0m[38;5;251m%[0m[38;5;251m@[0m[38;5;251m@[0m[38;5;251m%[0m[38;5;251m%[0m[38;5;251m#[0m[38;5;46m#[0m...........................
............................................[38;5;251m*[0m[38;5;251m#[0m[38;5;251m%[0m[38;5;251m%[0m[38;5;251m%[0m[38;5;251m%[0m[38;5;251m#[0m[38;5;251m*[0m............................
.............................................[38;5;251m+[0m[38;5;251m*[0m[38;5;251m*[0m[38;5;251m*[0m[38;5;251m*[0m[38;5;251m*[0m.............................
................................................................................
[2J[H................................................................................
................................................................................
................................................................................
............[38;5;46m#[0m.[38;5;251m+[0m[38;5;251m+[0m[38;5;251m*[0m[38;5;251m+[0m[38;5;251m+[0m.[38;5;46m#[0m...........................................................
............[38;5;46m#[0m[38;5;251m+[0m[38;5;251m*[0m[38;5;251m#[0m[38;5;251m#[0m[38;5;251m#[0m[38;5;251m#[0m[38;5;251m+[0m[38;5;46m#[0m...........................................................
............[38;5;46m#[0m[38;5;251m+[0m[38;5;251m#[0m[38;5;251m#[0m[38;5;251m%[0m[38;5;251m#[0m[38;5;251m#[0m[38;5;251m*[0m[38;5;46m#[0m...........................................................
............[38;5;46m#[0m.[38;5;251m+[0m[38;5;251m*[0m[38;5;251m*[0m[38;5;251m*[0m[38;5;251m+[0m.[38;5;46m#[0m...........................................................
............[38;5;46m#[0m.......[38;5;46m#[0m...........................................................
................................................................................
................................................................................
................................................................................
................................................................................
................................................................................
....................................................................[38;5;46m#[0m.....[38;5;46m#[0m.....
....................................................................[38;5;46m#[0m[38;5;251m+[0m[38;5;251m*[0m[38;5;251m+[0m..[38;5;46m#[0m.....
...................................................................[38;5;251m=[0m[38;5;46m#[0m[38;5;251m#[0m[38;5;251m#[0m[38;5;251m*[0m[38;5;251m+[0m.[38;5;46m#[0m.....
....................................................................[38;5;46m#[0m[38;5;251m+[0m[38;5;251m+[0m[38;5;251m+[0m..[38;5;46m#[0m.....
..............................................[38;5;46m#[0m[38;5;251m+[0m[38;5;251m*[0m[38;5;251m+[0m[38;5;251m+[0m.[38;5;46m#[0m...............[38;5;46m#[0m.....[38;5;46m#[0m.....
.............................................[38;5;251m*[0m[38;5;46m#[0m[38;5;251m#[0m[38;5;251m%[0m[38;5;251m%[0m[38;5;251m#[0m[38;5;251m#[0m[38;5;46m#[0m...........................
............................................[38;5;251m*[0m[38;5;251m#[0m[38;5;46m#[0m[38;5;251m%[0m[38;5;251m@[0m[38;5;251m@[0m[38;5;251m%[0m[38;5;251m#[0m[38;5;46m#[0m...........................
............................................[38;5;251m+[0m[38;5;251m*[0m[38;5;251m#[0m[38;5;251m%[0m[38;5;251m%[0m[38;5;251m%[0m[38;5;251m%[0m[38;5;251m#[0m[38;5;251m*[0m...........................
..............................................[38;5;251m*[0m[38;5;251m*[0m[38;5;251m*[0m[38;5;251m*[0m[38;5;251m*[0m[38;5;251m+[0m............................
................................................................................
[2J[H................................................................................
................................................................................
................................................................................
............[38;5;46m#[0m.[38;5;251m+[0m[38;5;251m+[0m[38;5;251m+[0m[38;5;251m+[0m..[38;5;46m#[0m...........................................................
............[38;5;46m#[0m[38;5;251m*[0m[38;5;251m#[0m[38;5;251m#[0m[38;5;251m#[0m[38;5;251m#[0m[38;5;251m*[0m[38;5;251m+[0m[38;5;46m#[0m...........................................................
............[38;5;46m#[0m[38;5;251m*[0m[38;5;251m#[0m[38;5;251m%[0m[38;5;251m%[0m[38;5;251m#[0m[38;5;251m*[0m[38;5;251m+[0m[38;5;46m#[0m...........................................................
............[38;5;46m#[0m[38;5;251m+[0m[38;5;251m*[0m[38;5;251m*[0m[38;5;251m*[0m[38;5;251m*[0m[38;5;251m+[0m.[38;5;46m#[0m...........................................................
............[38;5;46m#[0m.......[38;5;46m#[0m...........................................................
................................................................................
................................................................................
................................................................................
................................................................................
................................................................................
....................................................................[38;5;46m#[0m.....[38;5;46m#[0m.....
....................................................................[38;5;46m#[0m[38;5;251m*[0m[38;5;251m*[0m[38;5;251m+[0m[38;5;251m=[0m.[38;5;46m#[0m.....
...................................................................[38;5;251m=[0m[38;5;46m#[0m[38;5;251m*[0m[38;5;251m#[0m[38;5;251m*[0m[38;5;251m+[0m.[38;5;46m#[0m.....
....................................................................[38;5;46m#[0m[38;5;251m+[0m[38;5;251m+[0m[38;5;251m=[0m..[38;5;46m#[0m.....
..............................................[38;5;46m#[0m[38;5;251m+[0m[38;5;251m*[0m[38;5;251m*[0m[38;5;251m*[0m[38;5;251m+[0m[38;5;46m#[0m...............[38;5;46m#[0m.....[38;5;46m#[0m.....
.............................................[38;5;251m+[0m[38;5;46m#[0m[38;5;251m#[0m[38;5;251m%[0m[38;5;251m%[0m[38;5;251m%[0m[38;5;251m#[0m[38;5;46m#[0m[38;5;251m+[0m..........................
.............................................[38;5;251m*[0m[38;5;46m#[0m[38;5;251m%[0m[38;5;251m%[0m[38;5;251m@[0m[38;5;251m%[0m[38;5;251m%[0m[38;5;46m#[0m[38;5;251m*[0m..........................
.............................................[38;5;251m*[0m[38;5;251m#[0m[38;5;251m%[0m[38;5;251m%[0m[38;5;251m%[0m[38;5;251m%[0m[38;5;251m%[0m[38;5;251m#[0m[38;5;251m*[0m..........................
...............................................[38;5;251m*[0m[38;5;251m*[0m[38;5;251m*[0m[38;5;251m*[0m[38;5;251m*[0m[38;5;251m+[0m...........................
................................................................................
[2J[H................................................................................
................................................................................
................................................................................
............[38;5;46m#[0m.[38;5;251m+[0m[38;5;251m+[0m[38;5;251m+[0m...[38;5;46m#[0m...........................................................
............[38;5;46m#[0m[38;5;251m*[0m[38;5;251m#[0m[38;5;251m#[0m[38;5;251m#[0m[38;5;251m*[0m[38;5;251m+[0m.[38;5;46m#[0m...........................................................
............[38;5;46m#[0m[38;5;251m#[0m[38;5;251m#[0m[38;5;251m%[0m[38;5;251m#[0m[38;5;251m#[0m[38;5;251m*[0m.[38;5;46m#[0m...........................................................
............[38;5;46m#[0m[38;5;251m+[0m[38;5;251m*[0m[38;5;251m*[0m[38;5;251m*[0m[38;5;251m*[0m[38;5;251m+[0m.[38;5;46m#[0m...........................................................
............[38;5;46m#[0m.......[38;5;46m#[0m...........................................................
................................................................................
................................................................................
................................................................................
................................................................................
................................................................................
....................................................................[38;5;46m#[0m.....[38;5;46m#[0m.....
....................................................................[38;5;46m#[0m[38;5;251m*[0m[38;5;251m*[0m[38;5;251m*[0m[38;5;251m+[0m.[38;5;46m#[0m.....
...................................................................[38;5;251m=[0m[38;5;46m#[0m[38;5;251m*[0m[38;5;251m#[0m[38;5;251m*[0m[38;5;251m+[0m.[38;5;46m#[0m.....
..............................................[38;5;46m#[0m.......[38;5;46m#[0m.............[38;5;46m#[0m[38;5;251m=[0m[38;5;251m+[0m[38;5;251m=[0m..[38;5;46m#[0m.....
..............................................[38;5;46m#[0m.[38;5;251m+[0m[38;5;251m*[0m[38;5;251m*[0m[38;5;251m*[0m[38;5;251m+[0m.[38;5;46m#[0m.............[38;5;46m#[0m.....[38;5;46m#[0m.....
..............................................[38;5;46m#[0m[38;5;251m#[0m[38;5;251m#[0m[38;5;251m%[0m[38;5;251m%[0m[38;5;251m%[0m[38;5;251m#[0m[38;5;251m*[0m[38;5;46m#[0m.........................
.............................................[38;5;251m+[0m[38;5;46m#[0m[38;5;251m#[0m[38;5;251m%[0m[38;5;251m@[0m[38;5;251m@[0m[38;5;251m%[0m[38;5;251m%[0m[38;5;251m#[0m[38;5;46m#[0m.........................
..............................................[38;5;251m*[0m[38;5;251m#[0m[38;5;251m%[0m[38;5;251m%[0m[38;5;251m%[0m[38;5;251m%[0m[38;5;251m#[0m[38;5;251m#[0m[38;5;251m+[0m.........................
...............................................[38;5;251m+[0m[38;5;251m*[0m[38;5;251m*[0m[38;5;251m*[0m[38;5;251m*[0m[38;5;251m*[0m...........................
................................................................................
[2J[H................................................................................
................................................................................
................................................................................
............[38;5;46m#[0m.[38;5;251m+[0m[38;5;251m+[0m[38;5;251m+[0m...[38;5;46m#[0m...........................................................
............[38;5;46m#[0m[38;5;251m#[0m[38;5;251m#[0m[38;5;251m#[0m[38;5;251m#[0m[38;5;251m*[0m[38;5;251m+[0m.[38;5;46m#[0m...........................................................
...........[38;5;251m+[0m[38;5;46m#[0m[38;5;251m#[0m[38;5;251m%[0m[38;5;251m%[0m[38;5;251m#[0m[38;5;251m#[0m[38;5;251m+[0m.[38;5;46m#[0m...........................................................
............[38;5;46m#[0m[38;5;251m*[0m[38;5;251m*[0m[38;5;251m#[0m[38;5;251m*[0m[38;5;251m+[0m..[38;5;46m#[0m...........................................................
............[38;5;46m#[0m.......[38;5;46m#[0m...........................................................
............[38;5;46m#[0m.......[38;5;46m#[0m...........................................................
................................................................................
................................................................................
................................................................................
................................................................................
....................................................................[38;5;46m#[0m.....[38;5;46m#[0m.....
....................................................................[38;5;46m#[0m[38;5;251m*[0m[38;5;251m*[0m[38;5;251m*[0m[38;5;251m+[0m.[38;5;46m#[0m.....
....................................................................[38;5;46m#[0m[38;5;251m*[0m[38;5;251m*[0m[38;5;251m*[0m[38;5;251m+[0m.[38;5;46m#[0m.....
................................................[38;5;46m#[0m.....[38;5;46m#[0m.............[38;5;46m#[0m.[38;5;251m=[0m...[38;5;46m#[0m.....
................................................[38;5;46m#[0m[38;5;251m*[0m[38;5;251m*[0m[38;5;251m*[0m[38;5;251m*[0m[38;5;251m+[0m[38;5;46m#[0m.............[38;5;46m#[0m.....[38;5;46m#[0m.....
...............................................[38;5;251m*[0m[38;5;46m#[0m[38;5;251m%[0m[38;5;251m%[0m[38;5;251m%[0m[38;5;251m%[0m[38;5;251m#[0m[38;5;46m#[0m.........................
..............................................[38;5;251m*[0m[38;5;251m#[0m[38;5;46m#[0m[38;5;251m%[0m[38;5;251m@[0m[38;5;251m@[0m[38;5;251m%[0m[38;5;251m%[0m[38;5;46m#[0m[38;5;251m*[0m........................
..............................................[38;5;251m+[0m[38;5;251m*[0m[38;5;251m#[0m[38;5;251m%[0m[38;5;251m%[0m[38;5;251m%[0m[38;5;251m%[0m[38;5;251m#[0m[38;5;251m*[0m[38;5;251m+[0m........................
................................................[38;5;251m*[0m[38;5;251m*[0m[38;5;251m*[0m[38;5;251m*[0m[38;5;251m*[0m[38;5;251m+[0m..........................
................................................................................
weft-tensor flight | 0.5s | seq 59 | render 54 | stalls 7 | infer 13.5us | boxes 3 | gc 6[2J[H................................................................................
................................................................................
................................................................................
..........[38;5;46m#[0m...[38;5;251m+[0m[38;5;251m+[0m..[38;5;46m#[0m.............................................................
..........[38;5;46m#[0m[38;5;251m+[0m[38;5;251m*[0m[38;5;251m#[0m[38;5;251m#[0m[38;5;251m#[0m[38;5;251m*[0m[38;5;251m+[0m[38;5;46m#[0m.............................................................
..........[38;5;46m#[0m[38;5;251m*[0m[38;5;251m#[0m[38;5;251m#[0m[38;5;251m%[0m[38;5;251m%[0m[38;5;251m#[0m[38;5;251m*[0m[38;5;46m#[0m.............................................................
..........[38;5;46m#[0m[38;5;251m+[0m[38;5;251m*[0m[38;5;251m*[0m[38;5;251m#[0m[38;5;251m#[0m[38;5;251m*[0m[38;5;251m+[0m[38;5;46m#[0m.............................................................
..........[38;5;46m#[0m.......[38;5;46m#[0m.............................................................
..........[38;5;46m#[0m.......[38;5;46m#[0m.............................................................
................................................................................
................................................................................
................................................................................
................................................................................
....................................................................[38;5;46m#[0m[38;5;251m=[0m[38;5;251m=[0m[38;5;251m=[0m..[38;5;46m#[0m.....
...................................................................[38;5;251m=[0m[38;5;46m#[0m[38;5;251m*[0m[38;5;251m#[0m[38;5;251m*[0m[38;5;251m+[0m.[38;5;46m#[0m.....
....................................................................[38;5;46m#[0m[38;5;251m*[0m[38;5;251m*[0m[38;5;251m*[0m[38;5;251m+[0m.[38;5;46m#[0m.....
................................................[38;5;46m#[0m.......[38;5;46m#[0m...........[38;5;46m#[0m.....[38;5;46m#[0m.....
................................................[38;5;46m#[0m[38;5;251m+[0m[38;5;251m*[0m[38;5;251m*[0m[38;5;251m*[0m[38;5;251m*[0m..[38;5;46m#[0m...........[38;5;46m#[0m.....[38;5;46m#[0m.....
...............................................[38;5;251m+[0m[38;5;46m#[0m[38;5;251m#[0m[38;5;251m%[0m[38;5;251m%[0m[38;5;251m%[0m[38;5;251m%[0m[38;5;251m#[0m[38;5;251m*[0m[38;5;46m#[0m.......................
...............................................[38;5;251m*[0m[38;5;46m#[0m[38;5;251m%[0m[38;5;251m%[0m[38;5;251m@[0m[38;5;251m@[0m[38;5;251m%[0m[38;5;251m%[0m[38;5;251m#[0m[38;5;46m#[0m.......................
...............................................[38;5;251m*[0m[38;5;251m#[0m[38;5;251m#[0m[38;5;251m%[0m[38;5;251m%[0m[38;5;251m%[0m[38;5;251m%[0m[38;5;251m#[0m[38;5;251m*[0m........................
.................................................[38;5;251m*[0m[38;5;251m*[0m[38;5;251m*[0m[38;5;251m*[0m[38;5;251m*[0m[38;5;251m+[0m.........................
................................................................................
[2J[H................................................................................
................................................................................
................................................................................
..........[38;5;46m#[0m...[38;5;251m+[0m...[38;5;46m#[0m.............................................................
..........[38;5;46m#[0m[38;5;251m+[0m[38;5;251m*[0m[38;5;251m#[0m[38;5;251m#[0m[38;5;251m#[0m[38;5;251m*[0m[38;5;251m+[0m[38;5;46m#[0m.............................................................
..........[38;5;46m#[0m[38;5;251m*[0m[38;5;251m#[0m[38;5;251m%[0m[38;5;251m%[0m[38;5;251m#[0m[38;5;251m#[0m[38;5;251m*[0m[38;5;46m#[0m.............................................................
..........[38;5;46m#[0m[38;5;251m+[0m[38;5;251m*[0m[38;5;251m#[0m[38;5;251m#[0m[38;5;251m#[0m[38;5;251m*[0m[38;5;251m+[0m[38;5;46m#[0m.............................................................
..........[38;5;46m#[0m..[38;5;251m+[0m[38;5;251m+[0m...[38;5;46m#[0m.............................................................
..........[38;5;46m#[0m.......[38;5;46m#[0m.............................................................
................................................................................
................................................................................
................................................................................
................................................................................
....................................................................[38;5;46m#[0m[38;5;251m+[0m[38;5;251m+[0m[38;5;251m+[0m..[38;5;46m#[0m.....
...................................................................[38;5;251m=[0m[38;5;46m#[0m[38;5;251m*[0m[38;5;251m#[0m[38;5;251m*[0m[38;5;251m+[0m.[38;5;46m#[0m.....
....................................................................[38;5;46m#[0m[38;5;251m*[0m[38;5;251m*[0m[38;5;251m*[0m[38;5;251m+[0m.[38;5;46m#[0m.....
................................................[38;5;46m#[0m.......[38;5;46m#[0m...........[38;5;46m#[0m.....[38;5;46m#[0m.....
................................................[38;5;46m#[0m[38;5;251m+[0m[38;5;251m*[0m[38;5;251m*[0m[38;5;251m*[0m[38;5;251m*[0m[38;5;251m*[0m.[38;5;46m#[0m...........[38;5;46m#[0m.....[38;5;46m#[0m.....
................................................[38;5;46m#[0m[38;5;251m#[0m[38;5;251m%[0m[38;5;251m%[0m[38;5;251m%[0m[38;5;251m%[0m[38;5;251m#[0m[38;5;251m#[0m[38;5;46m#[0m.......................
...............................................[38;5;251m+[0m[38;5;46m#[0m[38;5;251m#[0m[38;5;251m%[0m[38;5;251m@[0m[38;5;251m@[0m[38;5;251m%[0m[38;5;251m%[0m[38;5;251m#[0m[38;5;46m#[0m.......................
................................................[38;5;251m*[0m[38;5;251m#[0m[38;5;251m%[0m[38;5;251m%[0m[38;5;251m%[0m[38;5;251m%[0m[38;5;251m#[0m[38;5;251m#[0m[38;5;251m*[0m.......................
.................................................[38;5;251m+[0m[38;5;251m*[0m[38;5;251m*[0m[38;5;251m*[0m[38;5;251m*[0m[38;5;251m*[0m.........................
................................................................................
[2J[H................................................................................
................................................................................
................................................................................
..........[38;5;46m#[0m.......[38;5;46m#[0m.............................................................
..........[38;5;46m#[0m[38;5;251m*[0m[38;5;251m*[0m[38;5;251m#[0m[38;5;251m#[0m[38;5;251m*[0m[38;5;251m+[0m.[38;5;46m#[0m.............................................................
..........[38;5;46m#[0m[38;5;251m#[0m[38;5;251m#[0m[38;5;251m%[0m[38;5;251m%[0m[38;5;251m#[0m[38;5;251m*[0m[38;5;251m+[0m[38;5;46m#[0m.............................................................
..........[38;5;46m#[0m[38;5;251m*[0m[38;5;251m#[0m[38;5;251m#[0m[38;5;251m#[0m[38;5;251m#[0m[38;5;251m*[0m[38;5;251m+[0m[38;5;46m#[0m.............................................................
..........[38;5;46m#[0m.[38;5;251m+[0m[38;5;251m+[0m[38;5;251m+[0m[38;5;251m+[0m..[38;5;46m#[0m.............................................................
..........[38;5;46m#[0m.......[38;5;46m#[0m.............................................................
................................................................................
................................................................................
................................................................................
................................................................................
....................................................................[38;5;46m#[0m[38;5;251m+[0m[38;5;251m+[0m[38;5;251m+[0m[38;5;251m=[0m.[38;5;46m#[0m.....
...................................................................[38;5;251m+[0m[38;5;46m#[0m[38;5;251m*[0m[38;5;251m#[0m[38;5;251m*[0m[38;5;251m+[0m[38;5;251m=[0m[38;5;46m#[0m.....
....................................................................[38;5;46m#[0m[38;5;251m*[0m[38;5;251m*[0m[38;5;251m*[0m[38;5;251m+[0m.[38;5;46m#[0m.....
..................................................[38;5;46m#[0m.......[38;5;46m#[0m.........[38;5;46m#[0m.....[38;5;46m#[0m.....
..................................................[38;5;46m#[0m[38;5;251m*[0m[38;5;251m*[0m[38;5;251m*[0m[38;5;251m*[0m[38;5;251m*[0m..[38;5;46m#[0m.........[38;5;46m#[0m.....[38;5;46m#[0m.....
................................................[38;5;251m+[0m[38;5;251m*[0m[38;5;46m#[0m[38;5;251m%[0m[38;5;251m%[0m[38;5;251m%[0m[38;5;251m%[0m[38;5;251m#[0m[38;5;251m*[0m[38;5;251m+[0m[38;5;46m#[0m.....................
................................................[38;5;251m*[0m[38;5;251m#[0m[38;5;46m#[0m[38;5;251m%[0m[38;5;251m@[0m[38;5;251m@[0m[38;5;251m%[0m[38;5;251m%[0m[38;5;251m#[0m[38;5;251m*[0m[38;5;46m#[0m.....................
.................................................[38;5;251m*[0m[38;5;251m#[0m[38;5;251m%[0m[38;5;251m%[0m[38;5;251m%[0m[38;5;251m%[0m[38;5;251m#[0m[38;5;251m*[0m[38;5;251m+[0m......................
..................................................[38;5;251m+[0m[38;5;251m*[0m[38;5;251m*[0m[38;5;251m*[0m[38;5;251m*[0m[38;5;251m+[0m........................
................................................................................
[2J[H................................................................................
................................................................................
................................................................................
..........[38;5;46m#[0m.......[38;5;46m#[0m.............................................................
..........[38;5;46m#[0m[38;5;251m*[0m[38;5;251m*[0m[38;5;251m#[0m[38;5;251m*[0m[38;5;251m*[0m[38;5;251m+[0m.[38;5;46m#[0m.............................................................
.........[38;5;251m+[0m[38;5;46m#[0m[38;5;251m#[0m[38;5;251m#[0m[38;5;251m%[0m[38;5;251m#[0m[38;5;251m#[0m[38;5;251m*[0m[38;5;251m+[0m[38;5;46m#[0m.............................................................
..........[38;5;46m#[0m[38;5;251m#[0m[38;5;251m#[0m[38;5;251m#[0m[38;5;251m#[0m[38;5;251m*[0m[38;5;251m*[0m.[38;5;46m#[0m.............................................................
..........[38;5;46m#[0m[38;5;251m+[0m[38;5;251m+[0m[38;5;251m+[0m[38;5;251m+[0m[38;5;251m+[0m..[38;5;46m#[0m.............................................................
..........[38;5;46m#[0m.......[38;5;46m#[0m.............................................................
................................................................................
................................................................................
................................................................................
................................................................................
....................................................................[38;5;46m#[0m[38;5;251m+[0m[38;5;251m*[0m[38;5;251m+[0m[38;5;251m=[0m.[38;5;46m#[0m.....
...................................................................[38;5;251m+[0m[38;5;46m#[0m[38;5;251m#[0m[38;5;251m#[0m[38;5;251m*[0m[38;5;251m+[0m[38;5;251m=[0m[38;5;46m#[0m.....
....................................................................[38;5;46m#[0m[38;5;251m*[0m[38;5;251m*[0m[38;5;251m+[0m[38;5;251m=[0m.[38;5;46m#[0m.....
..................................................[38;5;46m#[0m.......[38;5;46m#[0m.........[38;5;46m#[0m.....[38;5;46m#[0m.....
..................................................[38;5;46m#[0m[38;5;251m*[0m[38;5;251m*[0m[38;5;251m#[0m[38;5;251m#[0m[38;5;251m*[0m[38;5;251m*[0m.[38;5;46m#[0m.........[38;5;46m#[0m.....[38;5;46m#[0m.....
.................................................[38;5;251m*[0m[38;5;46m#[0m[38;5;251m#[0m[38;5;251m%[0m[38;5;251m%[0m[38;5;251m%[0m[38;5;251m%[0m[38;5;251m#[0m[38;5;251m*[0m[38;5;46m#[0m.....................
.................................................[38;5;251m*[0m[38;5;46m#[0m[38;5;251m%[0m[38;5;251m%[0m[38;5;251m@[0m[38;5;251m@[0m[38;5;251m%[0m[38;5;251m%[0m[38;5;251m#[0m[38;5;46m#[0m.....................
.................................................[38;5;251m+[0m[38;5;251m*[0m[38;5;251m#[0m[38;5;251m%[0m[38;5;251m%[0m[38;5;251m%[0m[38;5;251m%[0m[38;5;251m#[0m[38;5;251m*[0m......................
...................................................[38;5;251m+[0m[38;5;251m*[0m[38;5;251m*[0m[38;5;251m*[0m[38;5;251m*[0m[38;5;251m+[0m.......................
................................................................................
[2J[H................................................................................
................................................................................
................................................................................
........[38;5;46m#[0m.........[38;5;46m#[0m.............................................................
........[38;5;46m#[0m.[38;5;251m+[0m[38;5;251m*[0m[38;5;251m*[0m[38;5;251m*[0m[38;5;251m*[0m[38;5;251m+[0m..[38;5;46m#[0m.............................................................
........[38;5;46m#[0m[38;5;251m+[0m[38;5;251m*[0m[38;5;251m#[0m[38;5;251m%[0m[38;5;251m%[0m[38;5;251m#[0m[38;5;251m#[0m[38;5;251m*[0m.[38;5;46m#[0m.............................................................
........[38;5;46m#[0m[38;5;251m+[0m[38;5;251m*[0m[38;5;251m#[0m[38;5;251m#[0m[38;5;251m#[0m[38;5;251m#[0m[38;5;251m*[0m[38;5;251m+[0m.[38;5;46m#[0m.............................................................
........[38;5;46m#[0m.[38;5;251m+[0m[38;5;251m+[0m[38;5;251m*[0m[38;5;251m*[0m[38;5;251m+[0m[38;5;251m+[0m..[38;5;46m#[0m.............................................................
........[38;5;46m#[0m.........[38;5;46m#[0m.............................................................
................................................................................
................................................................................
................................................................................
................................................................................
..................................................................[38;5;46m#[0m[38;5;251m=[0m[38;5;251m+[0m[38;5;251m*[0m[38;5;251m*[0m[38;5;251m*[0m[38;5;251m+[0m.[38;5;46m#[0m.....
..................................................................[38;5;46m#[0m[38;5;251m+[0m[38;5;251m*[0m[38;5;251m#[0m[38;5;251m#[0m[38;5;251m*[0m[38;5;251m+[0m[38;5;251m=[0m[38;5;46m#[0m.....
..................................................................[38;5;46m#[0m.[38;5;251m+[0m[38;5;251m+[0m[38;5;251m+[0m[38;5;251m+[0m[38;5;251m=[0m.[38;5;46m#[0m.....
..................................................[38;5;46m#[0m.......[38;5;46m#[0m.......[38;5;46m#[0m.......[38;5;46m#[0m.....
..................................................[38;5;46m#[0m[38;5;251m+[0m[38;5;251m*[0m[38;5;251m#[0m[38;5;251m#[0m[38;5;251m#[0m[38;5;251m*[0m[38;5;251m+[0m[38;5;46m#[0m.......[38;5;46m#[0m.......[38;5;46m#[0m.....
..................................................[38;5;46m#[0m[38;5;251m#[0m[38;5;251m%[0m[38;5;251m%[0m[38;5;251m%[0m[38;5;251m%[0m[38;5;251m%[0m[38;5;251m#[0m[38;5;46m#[0m.....................
.................................................[38;5;251m+[0m[38;5;46m#[0m[38;5;251m#[0m[38;5;251m%[0m[38;5;251m@[0m[38;5;251m@[0m[38;5;251m@[0m[38;5;251m%[0m[38;5;251m#[0m[38;5;46m#[0m[38;5;251m+[0m....................
..................................................[38;5;251m*[0m[38;5;251m#[0m[38;5;251m#[0m[38;5;251m%[0m[38;5;251m%[0m[38;5;251m%[0m[38;5;251m#[0m[38;5;251m#[0m[38;5;251m*[0m.....................
....................................................[38;5;251m*[0m[38;5;251m*[0m[38;5;251m*[0m[38;5;251m*[0m[38;5;251m*[0m.......................
................................................................................
[2J[H................................................................................
................................................................................
................................................................................
........[38;5;46m#[0m.........[38;5;46m#[0m.............................................................
........[38;5;46m#[0m[38;5;251m+[0m[38;5;251m*[0m[38;5;251m*[0m[38;5;251m*[0m[38;5;251m*[0m[38;5;251m*[0m[38;5;251m+[0m..[38;5;46m#[0m.............................................................
........[38;5;46m#[0m[38;5;251m*[0m[38;5;251m#[0m[38;5;251m#[0m[38;5;251m%[0m[38;5;251m#[0m[38;5;251m#[0m[38;5;251m*[0m[38;5;251m+[0m.[38;5;46m#[0m.............................................................
........[38;5;46m#[0m[38;5;251m*[0m[38;5;251m#[0m[38;5;251m#[0m[38;5;251m#[0m[38;5;251m#[0m[38;5;251m#[0m[38;5;251m*[0m[38;5;251m+[0m.[38;5;46m#[0m.............................................................
........[38;5;46m#[0m.[38;5;251m+[0m[38;5;251m*[0m[38;5;251m*[0m[38;5;251m*[0m[38;5;251m*[0m[38;5;251m+[0m..[38;5;46m#[0m.............................................................
........[38;5;46m#[0m.........[38;5;46m#[0m.............................................................
........[38;5;46m#[0m.........[38;5;46m#[0m.............................................................
................................................................................
................................................................................
..................................................................[38;5;46m#[0m.......[38;5;46m#[0m.....
..................................................................[38;5;46m#[0m[38;5;251m+[0m[38;5;251m*[0m[38;5;251m*[0m[38;5;251m*[0m[38;5;251m*[0m[38;5;251m+[0m.[38;5;46m#[0m.....
..................................................................[38;5;46m#[0m[38;5;251m+[0m[38;5;251m*[0m[38;5;251m#[0m[38;5;251m#[0m[38;5;251m*[0m[38;5;251m+[0m.[38;5;46m#[0m.....
..................................................................[38;5;46m#[0m.[38;5;251m=[0m[38;5;251m+[0m[38;5;251m+[0m[38;5;251m+[0m..[38;5;46m#[0m.....
..................................................[38;5;46m#[0m.........[38;5;46m#[0m.....[38;5;46m#[0m.......[38;5;46m#[0m.....
..................................................[38;5;46m#[0m.[38;5;251m*[0m[38;5;251m*[0m[38;5;251m#[0m[38;5;251m#[0m[38;5;251m#[0m[38;5;251m*[0m[38;5;251m*[0m.[38;5;46m#[0m.....[38;5;46m#[0m.......[38;5;46m#[0m.....
..................................................[38;5;46m#[0m[38;5;251m*[0m[38;5;251m#[0m[38;5;251m%[0m[38;5;251m%[0m[38;5;251m%[0m[38;5;251m%[0m[38;5;251m%[0m[38;5;251m#[0m[38;5;251m*[0m[38;5;46m#[0m...................
..................................................[38;5;46m#[0m[38;5;251m#[0m[38;5;251m%[0m[38;5;251m%[0m[38;5;251m@[0m[38;5;251m@[0m[38;5;251m%[0m[38;5;251m%[0m[38;5;251m#[0m[38;5;251m*[0m[38;5;46m#[0m...................
...................................................[38;5;251m*[0m[38;5;251m#[0m[38;5;251m#[0m[38;5;251m%[0m[38;5;251m%[0m[38;5;251m%[0m[38;5;251m#[0m[38;5;251m#[0m[38;5;251m*[0m....................
.....................................................[38;5;251m*[0m[38;5;251m*[0m[38;5;251m*[0m[38;5;251m*[0m[38;5;251m+[0m......................
................................................................................
[2J[H................................................................................
................................................................................
................................................................................
........[38;5;46m#[0m.......[38;5;46m#[0m...............................................................
........[38;5;46m#[0m[38;5;251m+[0m[38;5;251m*[0m[38;5;251m*[0m[38;5;251m*[0m[38;5;251m*[0m[38;5;251m+[0m.[38;5;46m#[0m...............................................................
........[38;5;46m#[0m[38;5;251m*[0m[38;5;251m#[0m[38;5;251m#[0m[38;5;251m#[0m[38;5;251m#[0m[38;5;251m#[0m[38;5;251m*[0m[38;5;46m#[0m...............................................................
........[38;5;46m#[0m[38;5;251m*[0m[38;5;251m#[0m[38;5;251m#[0m[38;5;251m%[0m[38;5;251m#[0m[38;5;251m#[0m[38;5;251m*[0m[38;5;46m#[0m...............................................................
........[38;5;46m#[0m[38;5;251m+[0m[38;5;251m*[0m[38;5;251m*[0m[38;5;251m*[0m[38;5;251m*[0m[38;5;251m*[0m[38;5;251m+[0m[38;5;46m#[0m...............................................................
........[38;5;46m#[0m.......[38;5;46m#[0m...............................................................
........[38;5;46m#[0m.......[38;5;46m#[0m...............................................................
................................................................................
................................................................................
..................................................................[38;5;46m#[0m.[38;5;251m=[0m[38;5;251m+[0m[38;5;251m+[0m[38;5;251m=[0m..[38;5;46m#[0m.....
..................................................................[38;5;46m#[0m[38;5;251m+[0m[38;5;251m*[0m[38;5;251m*[0m[38;5;251m*[0m[38;5;251m*[0m[38;5;251m+[0m.[38;5;46m#[0m.....
..................................................................[38;5;46m#[0m[38;5;251m+[0m[38;5;251m*[0m[38;5;251m*[0m[38;5;251m*[0m[38;5;251m*[0m[38;5;251m+[0m.[38;5;46m#[0m.....
..................................................................[38;5;46m#[0m.[38;5;251m=[0m[38;5;251m+[0m[38;5;251m+[0m[38;5;251m=[0m..[38;5;46m#[0m.....
....................................................[38;5;46m#[0m.......[38;5;46m#[0m.....[38;5;46m#[0m.......[38;5;46m#[0m.....
....................................................[38;5;46m#[0m[38;5;251m*[0m[38;5;251m#[0m[38;5;251m#[0m[38;5;251m#[0m[38;5;251m#[0m[38;5;251m*[0m[38;5;251m*[0m[38;5;46m#[0m...................
...................................................[38;5;251m+[0m[38;5;46m#[0m[38;5;251m#[0m[38;5;251m%[0m[38;5;251m%[0m[38;5;251m%[0m[38;5;251m%[0m[38;5;251m%[0m[38;5;251m#[0m[38;5;46m#[0m...................
...................................................[38;5;251m*[0m[38;5;46m#[0m[38;5;251m%[0m[38;5;251m%[0m[38;5;251m@[0m[38;5;251m@[0m[38;5;251m%[0m[38;5;251m%[0m[38;5;251m#[0m[38;5;46m#[0m...................
....................................................[38;5;251m*[0m[38;5;251m#[0m[38;5;251m#[0m[38;5;251m%[0m[38;5;251m%[0m[38;5;251m%[0m[38;5;251m#[0m[38;5;251m*[0m[38;5;251m+[0m...................
......................................................[38;5;251m*[0m[38;5;251m*[0m[38;5;251m*[0m[38;5;251m*[0m[38;5;251m+[0m.....................
................................................................................
weft-tensor flight | 0.8s | seq 88 | render 81 | stalls 10 | infer 10.5us | boxes 3 | gc 8[2J[H................................................................................
................................................................................
................................................................................
........[38;5;46m#[0m.......[38;5;46m#[0m...............................................................
........[38;5;46m#[0m[38;5;251m+[0m[38;5;251m*[0m[38;5;251m*[0m[38;5;251m*[0m[38;5;251m*[0m[38;5;251m+[0m.[38;5;46m#[0m...............................................................
........[38;5;46m#[0m[38;5;251m*[0m[38;5;251m#[0m[38;5;251m#[0m[38;5;251m#[0m[38;5;251m#[0m[38;5;251m*[0m[38;5;251m+[0m[38;5;46m#[0m...............................................................
........[38;5;46m#[0m[38;5;251m#[0m[38;5;251m#[0m[38;5;251m%[0m[38;5;251m%[0m[38;5;251m#[0m[38;5;251m#[0m[38;5;251m*[0m[38;5;46m#[0m...............................................................
........[38;5;46m#[0m[38;5;251m*[0m[38;5;251m*[0m[38;5;251m#[0m[38;5;251m#[0m[38;5;251m*[0m[38;5;251m*[0m[38;5;251m+[0m[38;5;46m#[0m...............................................................
........[38;5;46m#[0m.......[38;5;46m#[0m...............................................................
........[38;5;46m#[0m.......[38;5;46m#[0m...............................................................
................................................................................
................................................................................
..................................................................[38;5;46m#[0m.[38;5;251m+[0m[38;5;251m+[0m[38;5;251m+[0m[38;5;251m=[0m..[38;5;46m#[0m.....
..................................................................[38;5;46m#[0m[38;5;251m+[0m[38;5;251m*[0m[38;5;251m#[0m[38;5;251m*[0m[38;5;251m*[0m[38;5;251m+[0m.[38;5;46m#[0m.....
..................................................................[38;5;46m#[0m[38;5;251m+[0m[38;5;251m*[0m[38;5;251m*[0m[38;5;251m*[0m[38;5;251m*[0m[38;5;251m+[0m.[38;5;46m#[0m.....
..................................................................[38;5;46m#[0m.[38;5;251m=[0m[38;5;251m=[0m[38;5;251m=[0m...[38;5;46m#[0m.....
....................................................[38;5;46m#[0m.........[38;5;46m#[0m...[38;5;46m#[0m.......[38;5;46m#[0m.....
....................................................[38;5;46m#[0m[38;5;251m*[0m[38;5;251m*[0m[38;5;251m#[0m[38;5;251m#[0m[38;5;251m#[0m[38;5;251m#[0m[38;5;251m*[0m[38;5;251m+[0m.[38;5;46m#[0m.................
....................................................[38;5;46m#[0m[38;5;251m#[0m[38;5;251m%[0m[38;5;251m%[0m[38;5;251m%[0m[38;5;251m%[0m[38;5;251m%[0m[38;5;251m#[0m[38;5;251m#[0m[38;5;251m*[0m[38;5;46m#[0m.................
....................................................[38;5;46m#[0m[38;5;251m#[0m[38;5;251m%[0m[38;5;251m%[0m[38;5;251m@[0m[38;5;251m@[0m[38;5;251m%[0m[38;5;251m%[0m[38;5;251m#[0m[38;5;251m*[0m[38;5;46m#[0m.................
....................................................[38;5;251m+[0m[38;5;251m*[0m[38;5;251m#[0m[38;5;251m%[0m[38;5;251m%[0m[38;5;251m%[0m[38;5;251m#[0m[38;5;251m#[0m[38;5;251m*[0m...................
......................................................[38;5;251m+[0m[38;5;251m*[0m[38;5;251m*[0m[38;5;251m*[0m[38;5;251m*[0m.....................
................................................................................
[2J[H................................................................................
................................................................................
................................................................................
........[38;5;46m#[0m.......[38;5;46m#[0m...............................................................
........[38;5;46m#[0m[38;5;251m+[0m[38;5;251m*[0m[38;5;251m*[0m[38;5;251m*[0m[38;5;251m+[0m..[38;5;46m#[0m...............................................................
.......[38;5;251m+[0m[38;5;46m#[0m[38;5;251m#[0m[38;5;251m#[0m[38;5;251m#[0m[38;5;251m#[0m[38;5;251m#[0m[38;5;251m*[0m[38;5;251m+[0m[38;5;46m#[0m...............................................................
.......[38;5;251m+[0m[38;5;46m#[0m[38;5;251m#[0m[38;5;251m#[0m[38;5;251m%[0m[38;5;251m%[0m[38;5;251m#[0m[38;5;251m*[0m[38;5;251m+[0m[38;5;46m#[0m...............................................................
........[38;5;46m#[0m[38;5;251m*[0m[38;5;251m#[0m[38;5;251m#[0m[38;5;251m#[0m[38;5;251m*[0m[38;5;251m*[0m[38;5;251m+[0m[38;5;46m#[0m...............................................................
........[38;5;46m#[0m..[38;5;251m+[0m[38;5;251m+[0m...[38;5;46m#[0m...............................................................
........[38;5;46m#[0m.......[38;5;46m#[0m...............................................................
................................................................................
................................................................................
..................................................................[38;5;46m#[0m[38;5;251m=[0m[38;5;251m+[0m[38;5;251m+[0m[38;5;251m+[0m[38;5;251m+[0m..[38;5;46m#[0m.....
..................................................................[38;5;46m#[0m[38;5;251m*[0m[38;5;251m*[0m[38;5;251m#[0m[38;5;251m*[0m[38;5;251m*[0m[38;5;251m+[0m.[38;5;46m#[0m.....
..................................................................[38;5;46m#[0m[38;5;251m+[0m[38;5;251m*[0m[38;5;251m*[0m[38;5;251m*[0m[38;5;251m*[0m[38;5;251m+[0m.[38;5;46m#[0m.....
..................................................................[38;5;46m#[0m..[38;5;251m=[0m....[38;5;46m#[0m.....
....................................................[38;5;46m#[0m....[38;5;251m+[0m....[38;5;46m#[0m...[38;5;46m#[0m.......[38;5;46m#[0m.....
....................................................[38;5;46m#[0m[38;5;251m+[0m[38;5;251m*[0m[38;5;251m#[0m[38;5;251m#[0m[38;5;251m#[0m[38;5;251m#[0m[38;5;251m#[0m[38;5;251m*[0m[38;5;251m+[0m[38;5;46m#[0m.................
....................................................[38;5;46m#[0m[38;5;251m*[0m[38;5;251m#[0m[38;5;251m%[0m[38;5;251m%[0m[38;5;251m%[0m[38;5;251m%[0m[38;5;251m%[0m[38;5;251m#[0m[38;5;251m*[0m[38;5;46m#[0m.................
....................................................[38;5;46m#[0m[38;5;251m#[0m[38;5;251m#[0m[38;5;251m%[0m[38;5;251m%[0m[38;5;251m@[0m[38;5;251m%[0m[38;5;251m%[0m[38;5;251m#[0m[38;5;251m*[0m[38;5;46m#[0m.................
.....................................................[38;5;251m*[0m[38;5;251m#[0m[38;5;251m#[0m[38;5;251m%[0m[38;5;251m%[0m[38;5;251m%[0m[38;5;251m#[0m[38;5;251m*[0m[38;5;251m*[0m..................
.......................................................[38;5;251m+[0m[38;5;251m*[0m[38;5;251m*[0m[38;5;251m*[0m[38;5;251m+[0m....................
................................................................................
[2J[H................................................................................
................................................................................
................................................................................
......[38;5;46m#[0m.........[38;5;46m#[0m...............................................................
......[38;5;46m#[0m..[38;5;251m+[0m[38;5;251m+[0m[38;5;251m*[0m[38;5;251m+[0m[38;5;251m+[0m..[38;5;46m#[0m...............................................................
......[38;5;46m#[0m[38;5;251m+[0m[38;5;251m*[0m[38;5;251m#[0m[38;5;251m#[0m[38;5;251m#[0m[38;5;251m#[0m[38;5;251m#[0m[38;5;251m*[0m[38;5;251m+[0m[38;5;46m#[0m...............................................................
......[38;5;46m#[0m[38;5;251m+[0m[38;5;251m*[0m[38;5;251m#[0m[38;5;251m%[0m[38;5;251m%[0m[38;5;251m%[0m[38;5;251m#[0m[38;5;251m*[0m[38;5;251m+[0m[38;5;46m#[0m...............................................................
......[38;5;46m#[0m[38;5;251m+[0m[38;5;251m*[0m[38;5;251m*[0m[38;5;251m#[0m[38;5;251m#[0m[38;5;251m#[0m[38;5;251m*[0m[38;5;251m*[0m.[38;5;46m#[0m...............................................................
......[38;5;46m#[0m...[38;5;251m+[0m[38;5;251m+[0m[38;5;251m+[0m...[38;5;46m#[0m...............................................................
......[38;5;46m#[0m.........[38;5;46m#[0m...............................................................
................................................................................
..................................................................[38;5;46m#[0m.......[38;5;46m#[0m.....
..................................................................[38;5;46m#[0m[38;5;251m+[0m[38;5;251m+[0m[38;5;251m*[0m[38;5;251m+[0m[38;5;251m+[0m..[38;5;46m#[0m.....
..................................................................[38;5;46m#[0m[38;5;251m*[0m[38;5;251m*[0m[38;5;251m#[0m[38;5;251m*[0m[38;5;251m*[0m[38;5;251m+[0m.[38;5;46m#[0m.....
..................................................................[38;5;46m#[0m[38;5;251m+[0m[38;5;251m*[0m[38;5;251m*[0m[38;5;251m*[0m[38;5;251m+[0m[38;5;251m=[0m.[38;5;46m#[0m.....
..................................................................[38;5;46m#[0m.......[38;5;46m#[0m.....
......................................................[38;5;46m#[0m..[38;5;251m+[0m[38;5;251m+[0m...[38;5;46m#[0m...[38;5;46m#[0m.......[38;5;46m#[0m.....
......................................................[38;5;46m#[0m[38;5;251m#[0m[38;5;251m#[0m[38;5;251m#[0m[38;5;251m#[0m[38;5;251m#[0m[38;5;251m#[0m[38;5;251m*[0m[38;5;46m#[0m.................
.....................................................[38;5;251m*[0m[38;5;46m#[0m[38;5;251m%[0m[38;5;251m%[0m[38;5;251m%[0m[38;5;251m%[0m[38;5;251m%[0m[38;5;251m%[0m[38;5;251m#[0m[38;5;46m#[0m.................
.....................................................[38;5;251m*[0m[38;5;46m#[0m[38;5;251m%[0m[38;5;251m%[0m[38;5;251m@[0m[38;5;251m@[0m[38;5;251m%[0m[38;5;251m%[0m[38;5;251m#[0m[38;5;46m#[0m.................
......................................................[38;5;251m*[0m[38;5;251m#[0m[38;5;251m#[0m[38;5;251m%[0m[38;5;251m%[0m[38;5;251m#[0m[38;5;251m#[0m[38;5;251m*[0m[38;5;251m+[0m.................
........................................................[38;5;251m+[0m[38;5;251m*[0m[38;5;251m*[0m[38;5;251m+[0m....................
................................................................................
[2J[H................................................................................
................................................................................
................................................................................
......[38;5;46m#[0m.........[38;5;46m#[0m...............................................................
......[38;5;46m#[0m..[38;5;251m+[0m[38;5;251m+[0m[38;5;251m+[0m[38;5;251m+[0m[38;5;251m+[0m..[38;5;46m#[0m...............................................................
......[38;5;46m#[0m[38;5;251m+[0m[38;5;251m*[0m[38;5;251m#[0m[38;5;251m#[0m[38;5;251m#[0m[38;5;251m#[0m[38;5;251m*[0m[38;5;251m+[0m.[38;5;46m#[0m...............................................................
......[38;5;46m#[0m[38;5;251m*[0m[38;5;251m#[0m[38;5;251m#[0m[38;5;251m%[0m[38;5;251m%[0m[38;5;251m#[0m[38;5;251m#[0m[38;5;251m*[0m[38;5;251m+[0m[38;5;46m#[0m...............................................................
......[38;5;46m#[0m[38;5;251m+[0m[38;5;251m*[0m[38;5;251m#[0m[38;5;251m#[0m[38;5;251m#[0m[38;5;251m#[0m[38;5;251m*[0m[38;5;251m+[0m.[38;5;46m#[0m...............................................................
......[38;5;46m#[0m..[38;5;251m+[0m[38;5;251m+[0m[38;5;251m+[0m[38;5;251m+[0m[38;5;251m+[0m..[38;5;46m#[0m...............................................................
......[38;5;46m#[0m.........[38;5;46m#[0m...............................................................
......[38;5;46m#[0m.........[38;5;46m#[0m...............................................................
..................................................................[38;5;46m#[0m.[38;5;251m=[0m[38;5;251m=[0m[38;5;251m=[0m...[38;5;46m#[0m.....
..................................................................[38;5;46m#[0m[38;5;251m+[0m[38;5;251m*[0m[38;5;251m*[0m[38;5;251m*[0m[38;5;251m+[0m..[38;5;46m#[0m.....
..................................................................[38;5;46m#[0m[38;5;251m*[0m[38;5;251m#[0m[38;5;251m#[0m[38;5;251m*[0m[38;5;251m*[0m[38;5;251m+[0m.[38;5;46m#[0m.....
..................................................................[38;5;46m#[0m[38;5;251m+[0m[38;5;251m*[0m[38;5;251m*[0m[38;5;251m*[0m[38;5;251m+[0m..[38;5;46m#[0m.....
..................................................................[38;5;46m#[0m.......[38;5;46m#[0m.....
......................................................[38;5;46m#[0m..[38;5;251m+[0m[38;5;251m+[0m[38;5;251m+[0m[38;5;251m+[0m...[38;5;46m#[0m.[38;5;46m#[0m.......[38;5;46m#[0m.....
......................................................[38;5;46m#[0m[38;5;251m*[0m[38;5;251m#[0m[38;5;251m#[0m[38;5;251m%[0m[38;5;251m#[0m[38;5;251m#[0m[38;5;251m#[0m[38;5;251m*[0m.[38;5;46m#[0m...............
.....................................................[38;5;251m+[0m[38;5;46m#[0m[38;5;251m#[0m[38;5;251m%[0m[38;5;251m%[0m[38;5;251m@[0m[38;5;251m%[0m[38;5;251m%[0m[38;5;251m%[0m[38;5;251m#[0m[38;5;251m*[0m[38;5;46m#[0m...............
.....................................................[38;5;251m+[0m[38;5;46m#[0m[38;5;251m#[0m[38;5;251m%[0m[38;5;251m%[0m[38;5;251m@[0m[38;5;251m%[0m[38;5;251m%[0m[38;5;251m%[0m[38;5;251m#[0m[38;5;251m*[0m[38;5;46m#[0m...............
......................................................[38;5;251m+[0m[38;5;251m*[0m[38;5;251m#[0m[38;5;251m#[0m[38;5;251m%[0m[38;5;251m#[0m[38;5;251m#[0m[38;5;251m#[0m[38;5;251m*[0m.................
.........................................................[38;5;251m+[0m[38;5;251m*[0m[38;5;251m+[0m[38;5;251m+[0m...................
................................................................................
[2J[H................................................................................
................................................................................
................................................................................
................................................................................
......[38;5;46m#[0m..[38;5;251m+[0m[38;5;251m+[0m[38;5;251m+[0m[38;5;251m+[0m...[38;5;46m#[0m...............................................................
......[38;5;46m#[0m[38;5;251m+[0m[38;5;251m*[0m[38;5;251m#[0m[38;5;251m#[0m[38;5;251m#[0m[38;5;251m#[0m[38;5;251m*[0m[38;5;251m+[0m.[38;5;46m#[0m...............................................................
......[38;5;46m#[0m[38;5;251m*[0m[38;5;251m#[0m[38;5;251m#[0m[38;5;251m%[0m[38;5;251m%[0m[38;5;251m#[0m[38;5;251m#[0m[38;5;251m*[0m[38;5;251m+[0m[38;5;46m#[0m...............................................................
......[38;5;46m#[0m[38;5;251m*[0m[38;5;251m*[0m[38;5;251m#[0m[38;5;251m#[0m[38;5;251m#[0m[38;5;251m#[0m[38;5;251m*[0m[38;5;251m+[0m.[38;5;46m#[0m...............................................................
......[38;5;46m#[0m.[38;5;251m+[0m[38;5;251m+[0m[38;5;251m*[0m[38;5;251m*[0m[38;5;251m+[0m[38;5;251m+[0m..[38;5;46m#[0m...............................................................
......[38;5;46m#[0m.........[38;5;46m#[0m...............................................................
......[38;5;46m#[0m.........[38;5;46m#[0m...............................................................
..................................................................[38;5;46m#[0m[38;5;251m=[0m[38;5;251m+[0m[38;5;251m+[0m[38;5;251m=[0m.[38;5;46m#[0m.......
..................................................................[38;5;46m#[0m[38;5;251m*[0m[38;5;251m*[0m[38;5;251m*[0m[38;5;251m*[0m[38;5;251m+[0m[38;5;46m#[0m.......
.................................................................[38;5;251m=[0m[38;5;46m#[0m[38;5;251m*[0m[38;5;251m#[0m[38;5;251m#[0m[38;5;251m*[0m[38;5;251m*[0m[38;5;46m#[0m.......
..................................................................[38;5;46m#[0m[38;5;251m+[0m[38;5;251m*[0m[38;5;251m*[0m[38;5;251m+[0m[38;5;251m+[0m[38;5;46m#[0m.......
..................................................................[38;5;46m#[0m.....[38;5;46m#[0m.......
......................................................[38;5;46m#[0m..[38;5;251m+[0m[38;5;251m*[0m[38;5;251m*[0m[38;5;251m*[0m[38;5;251m+[0m..[38;5;46m#[0m.[38;5;46m#[0m.....[38;5;46m#[0m.......
......................................................[38;5;46m#[0m[38;5;251m*[0m[38;5;251m#[0m[38;5;251m#[0m[38;5;251m%[0m[38;5;251m%[0m[38;5;251m#[0m[38;5;251m#[0m[38;5;251m*[0m[38;5;251m+[0m[38;5;46m#[0m...............
......................................................[38;5;46m#[0m[38;5;251m#[0m[38;5;251m%[0m[38;5;251m%[0m[38;5;251m%[0m[38;5;251m@[0m[38;5;251m%[0m[38;5;251m%[0m[38;5;251m#[0m[38;5;251m*[0m[38;5;46m#[0m...............
......................................................[38;5;46m#[0m[38;5;251m#[0m[38;5;251m%[0m[38;5;251m%[0m[38;5;251m%[0m[38;5;251m%[0m[38;5;251m%[0m[38;5;251m%[0m[38;5;251m#[0m[38;5;251m*[0m[38;5;46m#[0m...............
.......................................................[38;5;251m*[0m[38;5;251m*[0m[38;5;251m#[0m[38;5;251m#[0m[38;5;251m#[0m[38;5;251m#[0m[38;5;251m#[0m[38;5;251m*[0m[38;5;251m+[0m................
..........................................................[38;5;251m+[0m[38;5;251m+[0m[38;5;251m+[0m...................
................................................................................
[2J[H................................................................................
................................................................................
................................................................................
................................................................................
......[38;5;46m#[0m..[38;5;251m+[0m[38;5;251m+[0m[38;5;251m+[0m....[38;5;46m#[0m...............................................................
......[38;5;46m#[0m[38;5;251m+[0m[38;5;251m*[0m[38;5;251m#[0m[38;5;251m#[0m[38;5;251m#[0m[38;5;251m*[0m[38;5;251m*[0m[38;5;251m+[0m.[38;5;46m#[0m...............................................................
......[38;5;46m#[0m[38;5;251m*[0m[38;5;251m#[0m[38;5;251m#[0m[38;5;251m%[0m[38;5;251m%[0m[38;5;251m#[0m[38;5;251m#[0m[38;5;251m*[0m.[38;5;46m#[0m...............................................................
......[38;5;46m#[0m[38;5;251m*[0m[38;5;251m#[0m[38;5;251m#[0m[38;5;251m#[0m[38;5;251m#[0m[38;5;251m#[0m[38;5;251m*[0m[38;5;251m+[0m.[38;5;46m#[0m...............................................................
......[38;5;46m#[0m[38;5;251m+[0m[38;5;251m+[0m[38;5;251m*[0m[38;5;251m*[0m[38;5;251m*[0m[38;5;251m*[0m[38;5;251m+[0m..[38;5;46m#[0m...............................................................
......[38;5;46m#[0m.........[38;5;46m#[0m...............................................................
......[38;5;46m#[0m.........[38;5;46m#[0m...............................................................
..................................................................[38;5;46m#[0m[38;5;251m+[0m[38;5;251m+[0m[38;5;251m+[0m[38;5;251m+[0m.[38;5;46m#[0m.......
.................................................................[38;5;251m=[0m[38;5;46m#[0m[38;5;251m*[0m[38;5;251m*[0m[38;5;251m*[0m[38;5;251m*[0m[38;5;251m+[0m[38;5;46m#[0m.......
.................................................................[38;5;251m+[0m[38;5;46m#[0m[38;5;251m*[0m[38;5;251m#[0m[38;5;251m#[0m[38;5;251m*[0m[38;5;251m+[0m[38;5;46m#[0m.......
..................................................................[38;5;46m#[0m[38;5;251m+[0m[38;5;251m+[0m[38;5;251m+[0m[38;5;251m+[0m[38;5;251m=[0m[38;5;46m#[0m.......
..................................................................[38;5;46m#[0m.....[38;5;46m#[0m.......
......................................................[38;5;46m#[0m..[38;5;251m+[0m[38;5;251m*[0m[38;5;251m*[0m[38;5;251m*[0m[38;5;251m*[0m....[38;5;46m#[0m.....[38;5;46m#[0m.......
......................................................[38;5;46m#[0m[38;5;251m+[0m[38;5;251m*[0m[38;5;251m#[0m[38;5;251m#[0m[38;5;251m%[0m[38;5;251m%[0m[38;5;251m#[0m[38;5;251m#[0m[38;5;251m*[0m[38;5;251m+[0m.[38;5;46m#[0m.............
......................................................[38;5;46m#[0m[38;5;251m*[0m[38;5;251m#[0m[38;5;251m%[0m[38;5;251m%[0m[38;5;251m@[0m[38;5;251m@[0m[38;5;251m%[0m[38;5;251m%[0m[38;5;251m#[0m[38;5;251m*[0m.[38;5;46m#[0m.............
......................................................[38;5;46m#[0m[38;5;251m*[0m[38;5;251m#[0m[38;5;251m%[0m[38;5;251m%[0m[38;5;251m%[0m[38;5;251m%[0m[38;5;251m%[0m[38;5;251m%[0m[38;5;251m#[0m[38;5;251m*[0m.[38;5;46m#[0m.............
........................................................[38;5;251m*[0m[38;5;251m#[0m[38;5;251m#[0m[38;5;251m#[0m[38;5;251m#[0m[38;5;251m#[0m[38;5;251m#[0m[38;5;251m*[0m................
...........................................................[38;5;251m+[0m[38;5;251m+[0m...................
................................................................................
[2J[H................................................................................
................................................................................
................................................................................
................................................................................
......[38;5;46m#[0m..[38;5;251m+[0m[38;5;251m+[0m[38;5;251m+[0m....[38;5;46m#[0m...............................................................
......[38;5;46m#[0m[38;5;251m+[0m[38;5;251m*[0m[38;5;251m#[0m[38;5;251m#[0m[38;5;251m#[0m[38;5;251m*[0m[38;5;251m+[0m..[38;5;46m#[0m...............................................................
......[38;5;46m#[0m[38;5;251m*[0m[38;5;251m#[0m[38;5;251m#[0m[38;5;251m%[0m[38;5;251m#[0m[38;5;251m#[0m[38;5;251m*[0m[38;5;251m+[0m.[38;5;46m#[0m...............................................................
......[38;5;46m#[0m[38;5;251m*[0m[38;5;251m#[0m[38;5;251m#[0m[38;5;251m#[0m[38;5;251m#[0m[38;5;251m#[0m[38;5;251m*[0m[38;5;251m+[0m.[38;5;46m#[0m...............................................................
......[38;5;46m#[0m[38;5;251m+[0m[38;5;251m*[0m[38;5;251m*[0m[38;5;251m*[0m[38;5;251m*[0m[38;5;251m*[0m[38;5;251m+[0m..[38;5;46m#[0m...............................................................
......[38;5;46m#[0m.........[38;5;46m#[0m...............................................................
......[38;5;46m#[0m.........[38;5;46m#[0m...............................................[38;5;46m#[0m.......[38;5;46m#[0m.......
................................................................[38;5;46m#[0m.[38;5;251m+[0m[38;5;251m+[0m[38;5;251m+[0m[38;5;251m+[0m[38;5;251m+[0m.[38;5;46m#[0m.......
................................................................[38;5;46m#[0m[38;5;251m+[0m[38;5;251m*[0m[38;5;251m*[0m[38;5;251m*[0m[38;5;251m*[0m[38;5;251m*[0m[38;5;251m+[0m[38;5;46m#[0m.......
................................................................[38;5;46m#[0m[38;5;251m+[0m[38;5;251m*[0m[38;5;251m*[0m[38;5;251m#[0m[38;5;251m*[0m[38;5;251m*[0m[38;5;251m+[0m[38;5;46m#[0m.......
................................................................[38;5;46m#[0m.[38;5;251m=[0m[38;5;251m+[0m[38;5;251m+[0m[38;5;251m+[0m[38;5;251m+[0m.[38;5;46m#[0m.......
................................................................[38;5;46m#[0m.......[38;5;46m#[0m.......
........................................................[38;5;46m#[0m.[38;5;251m*[0m[38;5;251m*[0m[38;5;251m*[0m[38;5;251m*[0m[38;5;251m*[0m...[38;5;46m#[0m.............
........................................................[38;5;46m#[0m[38;5;251m#[0m[38;5;251m#[0m[38;5;251m%[0m[38;5;251m%[0m[38;5;251m%[0m[38;5;251m#[0m[38;5;251m#[0m[38;5;251m*[0m.[38;5;46m#[0m.............
.......................................................[38;5;251m*[0m[38;5;46m#[0m[38;5;251m%[0m[38;5;251m%[0m[38;5;251m%[0m[38;5;251m@[0m[38;5;251m%[0m[38;5;251m%[0m[38;5;251m%[0m[38;5;251m#[0m[38;5;251m*[0m[38;5;46m#[0m.............
.......................................................[38;5;251m+[0m[38;5;46m#[0m[38;5;251m#[0m[38;5;251m%[0m[38;5;251m%[0m[38;5;251m%[0m[38;5;251m%[0m[38;5;251m%[0m[38;5;251m#[0m[38;5;251m*[0m[38;5;251m+[0m[38;5;46m#[0m.............
........................................................[38;5;251m+[0m[38;5;251m*[0m[38;5;251m#[0m[38;5;251m#[0m[38;5;251m#[0m[38;5;251m#[0m[38;5;251m#[0m[38;5;251m*[0m[38;5;251m+[0m...............
............................................................[38;5;251m+[0m...................
................................................................................
weft-tensor flight | 1.0s | seq 118 | render 111 | stalls 11 | infer 13.7us | boxes 3 | gc 9[2J[H................................................................................
................................................................................
................................................................................
................................................................................
......[38;5;46m#[0m.........[38;5;46m#[0m...............................................................
......[38;5;46m#[0m[38;5;251m+[0m[38;5;251m*[0m[38;5;251m*[0m[38;5;251m#[0m[38;5;251m*[0m[38;5;251m*[0m[38;5;251m+[0m..[38;5;46m#[0m...............................................................
......[38;5;46m#[0m[38;5;251m#[0m[38;5;251m#[0m[38;5;251m#[0m[38;5;251m%[0m[38;5;251m#[0m[38;5;251m#[0m[38;5;251m*[0m[38;5;251m+[0m.[38;5;46m#[0m...............................................................
......[38;5;46m#[0m[38;5;251m*[0m[38;5;251m#[0m[38;5;251m#[0m[38;5;251m%[0m[38;5;251m#[0m[38;5;251m#[0m[38;5;251m*[0m[38;5;251m+[0m.[38;5;46m#[0m...............................................................
......[38;5;46m#[0m[38;5;251m+[0m[38;5;251m*[0m[38;5;251m*[0m[38;5;251m*[0m[38;5;251m*[0m[38;5;251m*[0m[38;5;251m+[0m..[38;5;46m#[0m...............................................................
......[38;5;46m#[0m.........[38;5;46m#[0m...............................................................
......[38;5;46m#[0m.........[38;5;46m#[0m...............................................[38;5;46m#[0m.......[38;5;46m#[0m.......
................................................................[38;5;46m#[0m[38;5;251m=[0m[38;5;251m+[0m[38;5;251m*[0m[38;5;251m*[0m[38;5;251m*[0m[38;5;251m+[0m[38;5;251m=[0m[38;5;46m#[0m.......
................................................................[38;5;46m#[0m[38;5;251m+[0m[38;5;251m*[0m[38;5;251m*[0m[38;5;251m#[0m[38;5;251m*[0m[38;5;251m*[0m[38;5;251m+[0m[38;5;46m#[0m.......
................................................................[38;5;46m#[0m[38;5;251m+[0m[38;5;251m*[0m[38;5;251m*[0m[38;5;251m*[0m[38;5;251m*[0m[38;5;251m*[0m[38;5;251m+[0m[38;5;46m#[0m.......
................................................................[38;5;46m#[0m.[38;5;251m=[0m[38;5;251m+[0m[38;5;251m+[0m[38;5;251m+[0m[38;5;251m=[0m.[38;5;46m#[0m.......
................................................................[38;5;46m#[0m.......[38;5;46m#[0m.......
........................................................[38;5;46m#[0m.[38;5;251m+[0m[38;5;251m*[0m[38;5;251m*[0m[38;5;251m*[0m[38;5;251m*[0m[38;5;251m+[0m..[38;5;46m#[0m.............
........................................................[38;5;46m#[0m[38;5;251m*[0m[38;5;251m#[0m[38;5;251m%[0m[38;5;251m%[0m[38;5;251m%[0m[38;5;251m%[0m[38;5;251m#[0m[38;5;251m*[0m[38;5;251m*[0m[38;5;46m#[0m.............
........................................................[38;5;46m#[0m[38;5;251m#[0m[38;5;251m%[0m[38;5;251m%[0m[38;5;251m@[0m[38;5;251m@[0m[38;5;251m%[0m[38;5;251m%[0m[38;5;251m#[0m[38;5;251m*[0m[38;5;46m#[0m.............
........................................................[38;5;46m#[0m[38;5;251m#[0m[38;5;251m%[0m[38;5;251m%[0m[38;5;251m%[0m[38;5;251m%[0m[38;5;251m%[0m[38;5;251m%[0m[38;5;251m#[0m[38;5;251m*[0m[38;5;46m#[0m.............
.........................................................[38;5;251m*[0m[38;5;251m*[0m[38;5;251m#[0m[38;5;251m#[0m[38;5;251m#[0m[38;5;251m#[0m[38;5;251m*[0m[38;5;251m*[0m...............
................................................................................
................................................................................
[2J[H................................................................................
................................................................................
................................................................................
................................................................................
......[38;5;46m#[0m.........[38;5;46m#[0m...............................................................
......[38;5;46m#[0m[38;5;251m+[0m[38;5;251m*[0m[38;5;251m*[0m[38;5;251m*[0m[38;5;251m*[0m[38;5;251m*[0m[38;5;251m+[0m..[38;5;46m#[0m...............................................................
.....[38;5;251m+[0m[38;5;46m#[0m[38;5;251m#[0m[38;5;251m#[0m[38;5;251m#[0m[38;5;251m#[0m[38;5;251m#[0m[38;5;251m#[0m[38;5;251m*[0m[38;5;251m+[0m.[38;5;46m#[0m...............................................................
.....[38;5;251m+[0m[38;5;46m#[0m[38;5;251m#[0m[38;5;251m#[0m[38;5;251m%[0m[38;5;251m%[0m[38;5;251m#[0m[38;5;251m#[0m[38;5;251m*[0m[38;5;251m+[0m.[38;5;46m#[0m...............................................................
......[38;5;46m#[0m[38;5;251m*[0m[38;5;251m*[0m[38;5;251m#[0m[38;5;251m#[0m[38;5;251m*[0m[38;5;251m*[0m[38;5;251m+[0m..[38;5;46m#[0m...............................................................
......[38;5;46m#[0m..[38;5;251m+[0m[38;5;251m+[0m.....[38;5;46m#[0m...............................................................
......[38;5;46m#[0m.........[38;5;46m#[0m...............................................[38;5;46m#[0m.......[38;5;46m#[0m.......
................................................................[38;5;46m#[0m[38;5;251m+[0m[38;5;251m*[0m[38;5;251m*[0m[38;5;251m*[0m[38;5;251m*[0m[38;5;251m+[0m.[38;5;46m#[0m.......
................................................................[38;5;46m#[0m[38;5;251m*[0m[38;5;251m*[0m[38;5;251m#[0m[38;5;251m#[0m[38;5;251m*[0m[38;5;251m*[0m[38;5;251m+[0m[38;5;46m#[0m.......
................................................................[38;5;46m#[0m[38;5;251m+[0m[38;5;251m*[0m[38;5;251m*[0m[38;5;251m*[0m[38;5;251m*[0m[38;5;251m+[0m[38;5;251m=[0m[38;5;46m#[0m.......
................................................................[38;5;46m#[0m.[38;5;251m=[0m[38;5;251m+[0m[38;5;251m+[0m[38;5;251m=[0m..[38;5;46m#[0m.......
................................................................[38;5;46m#[0m.......[38;5;46m#[0m.......
........................................................[38;5;46m#[0m.[38;5;251m+[0m[38;5;251m*[0m[38;5;251m*[0m[38;5;251m*[0m[38;5;251m*[0m[38;5;251m*[0m[38;5;251m+[0m.[38;5;46m#[0m.............
........................................................[38;5;46m#[0m[38;5;251m*[0m[38;5;251m#[0m[38;5;251m#[0m[38;5;251m%[0m[38;5;251m%[0m[38;5;251m%[0m[38;5;251m%[0m[38;5;251m#[0m[38;5;251m*[0m[38;5;46m#[0m.............
........................................................[38;5;46m#[0m[38;5;251m#[0m[38;5;251m#[0m[38;5;251m%[0m[38;5;251m%[0m[38;5;251m@[0m[38;5;251m@[0m[38;5;251m%[0m[38;5;251m%[0m[38;5;251m#[0m[38;5;46m#[0m.............
........................................................[38;5;46m#[0m[38;5;251m*[0m[38;5;251m#[0m[38;5;251m%[0m[38;5;251m%[0m[38;5;251m%[0m[38;5;251m%[0m[38;5;251m%[0m[38;5;251m#[0m[38;5;251m*[0m[38;5;46m#[0m.............
..........................................................[38;5;251m*[0m[38;5;251m*[0m[38;5;251m#[0m[38;5;251m#[0m[38;5;251m#[0m[38;5;251m#[0m[38;5;251m*[0m[38;5;251m+[0m..............
................................................................................
................................................................................
[2J[H................................................................................
................................................................................
................................................................................
................................................................................
......[38;5;46m#[0m.........[38;5;46m#[0m...............................................................
......[38;5;46m#[0m[38;5;251m+[0m[38;5;251m*[0m[38;5;251m*[0m[38;5;251m*[0m[38;5;251m*[0m[38;5;251m+[0m[38;5;251m+[0m..[38;5;46m#[0m...............................................................
.....[38;5;251m+[0m[38;5;46m#[0m[38;5;251m#[0m[38;5;251m#[0m[38;5;251m#[0m[38;5;251m#[0m[38;5;251m#[0m[38;5;251m#[0m[38;5;251m*[0m[38;5;251m+[0m.[38;5;46m#[0m...............................................................
.....[38;5;251m+[0m[38;5;46m#[0m[38;5;251m#[0m[38;5;251m#[0m[38;5;251m%[0m[38;5;251m%[0m[38;5;251m#[0m[38;5;251m#[0m[38;5;251m*[0m[38;5;251m+[0m.[38;5;46m#[0m...............................................................
......[38;5;46m#[0m[38;5;251m*[0m[38;5;251m#[0m[38;5;251m#[0m[38;5;251m#[0m[38;5;251m#[0m[38;5;251m*[0m[38;5;251m+[0m..[38;5;46m#[0m...............................................................
......[38;5;46m#[0m.[38;5;251m+[0m[38;5;251m+[0m[38;5;251m+[0m[38;5;251m+[0m....[38;5;46m#[0m...............................................................
......[38;5;46m#[0m.........[38;5;46m#[0m...............................................[38;5;46m#[0m.[38;5;251m=[0m[38;5;251m=[0m[38;5;251m=[0m...[38;5;46m#[0m.......
................................................................[38;5;46m#[0m[38;5;251m+[0m[38;5;251m*[0m[38;5;251m*[0m[38;5;251m*[0m[38;5;251m*[0m[38;5;251m+[0m.[38;5;46m#[0m.......
................................................................[38;5;46m#[0m[38;5;251m*[0m[38;5;251m*[0m[38;5;251m#[0m[38;5;251m#[0m[38;5;251m*[0m[38;5;251m+[0m[38;5;251m=[0m[38;5;46m#[0m.......
................................................................[38;5;46m#[0m[38;5;251m+[0m[38;5;251m*[0m[38;5;251m*[0m[38;5;251m*[0m[38;5;251m*[0m[38;5;251m+[0m.[38;5;46m#[0m.......
................................................................[38;5;46m#[0m.[38;5;251m=[0m[38;5;251m=[0m[38;5;251m=[0m...[38;5;46m#[0m.......
................................................................[38;5;46m#[0m.......[38;5;46m#[0m.......
........................................................[38;5;46m#[0m..[38;5;251m*[0m[38;5;251m*[0m[38;5;251m*[0m[38;5;251m#[0m[38;5;251m*[0m[38;5;251m*[0m[38;5;251m+[0m..[38;5;46m#[0m...........
........................................................[38;5;46m#[0m[38;5;251m*[0m[38;5;251m*[0m[38;5;251m#[0m[38;5;251m%[0m[38;5;251m%[0m[38;5;251m%[0m[38;5;251m%[0m[38;5;251m#[0m[38;5;251m#[0m[38;5;251m*[0m.[38;5;46m#[0m...........
........................................................[38;5;46m#[0m[38;5;251m*[0m[38;5;251m#[0m[38;5;251m%[0m[38;5;251m%[0m[38;5;251m@[0m[38;5;251m@[0m[38;5;251m%[0m[38;5;251m%[0m[38;5;251m#[0m[38;5;251m*[0m[38;5;251m+[0m[38;5;46m#[0m...........
........................................................[38;5;46m#[0m[38;5;251m*[0m[38;5;251m#[0m[38;5;251m#[0m[38;5;251m%[0m[38;5;251m%[0m[38;5;251m%[0m[38;5;251m%[0m[38;5;251m%[0m[38;5;251m#[0m[38;5;251m*[0m.[38;5;46m#[0m...........
..........................................................[38;5;251m+[0m[38;5;251m*[0m[38;5;251m#[0m[38;5;251m#[0m[38;5;251m#[0m[38;5;251m#[0m[38;5;251m*[0m[38;5;251m*[0m..............
................................................................................
................................................................................
[2J[H................................................................................
................................................................................
................................................................................
................................................................................
....[38;5;46m#[0m.........[38;5;46m#[0m.................................................................
....[38;5;46m#[0m.[38;5;251m+[0m[38;5;251m+[0m[38;5;251m*[0m[38;5;251m*[0m[38;5;251m*[0m[38;5;251m*[0m[38;5;251m+[0m.[38;5;46m#[0m.................................................................
....[38;5;46m#[0m[38;5;251m+[0m[38;5;251m*[0m[38;5;251m#[0m[38;5;251m#[0m[38;5;251m#[0m[38;5;251m#[0m[38;5;251m#[0m[38;5;251m*[0m[38;5;251m*[0m[38;5;46m#[0m.................................................................
....[38;5;46m#[0m[38;5;251m+[0m[38;5;251m*[0m[38;5;251m#[0m[38;5;251m#[0m[38;5;251m%[0m[38;5;251m%[0m[38;5;251m#[0m[38;5;251m#[0m[38;5;251m*[0m[38;5;46m#[0m.................................................................
....[38;5;46m#[0m[38;5;251m+[0m[38;5;251m*[0m[38;5;251m*[0m[38;5;251m#[0m[38;5;251m#[0m[38;5;251m#[0m[38;5;251m#[0m[38;5;251m*[0m[38;5;251m+[0m[38;5;46m#[0m.................................................................
....[38;5;46m#[0m..[38;5;251m+[0m[38;5;251m+[0m[38;5;251m+[0m[38;5;251m+[0m[38;5;251m+[0m..[38;5;46m#[0m.................................................[38;5;46m#[0m.......[38;5;46m#[0m.......
....[38;5;46m#[0m.........[38;5;46m#[0m.................................................[38;5;46m#[0m[38;5;251m=[0m[38;5;251m+[0m[38;5;251m+[0m[38;5;251m+[0m[38;5;251m=[0m..[38;5;46m#[0m.......
................................................................[38;5;46m#[0m[38;5;251m*[0m[38;5;251m*[0m[38;5;251m*[0m[38;5;251m*[0m[38;5;251m*[0m[38;5;251m+[0m.[38;5;46m#[0m.......
...............................................................[38;5;251m=[0m[38;5;46m#[0m[38;5;251m*[0m[38;5;251m#[0m[38;5;251m#[0m[38;5;251m#[0m[38;5;251m*[0m[38;5;251m+[0m[38;5;251m=[0m[38;5;46m#[0m.......
................................................................[38;5;46m#[0m[38;5;251m+[0m[38;5;251m*[0m[38;5;251m*[0m[38;5;251m*[0m[38;5;251m+[0m[38;5;251m+[0m.[38;5;46m#[0m.......
................................................................[38;5;46m#[0m.[38;5;251m=[0m[38;5;251m=[0m....[38;5;46m#[0m.......
................................................................[38;5;46m#[0m.......[38;5;46m#[0m.......
..........................................................[38;5;46m#[0m[38;5;251m*[0m[38;5;251m*[0m[38;5;251m#[0m[38;5;251m#[0m[38;5;251m#[0m[38;5;251m*[0m[38;5;251m*[0m..[38;5;46m#[0m...........
..........................................................[38;5;46m#[0m[38;5;251m#[0m[38;5;251m%[0m[38;5;251m%[0m[38;5;251m%[0m[38;5;251m%[0m[38;5;251m%[0m[38;5;251m#[0m[38;5;251m*[0m[38;5;251m+[0m[38;5;46m#[0m...........
.........................................................[38;5;251m+[0m[38;5;46m#[0m[38;5;251m#[0m[38;5;251m%[0m[38;5;251m%[0m[38;5;251m@[0m[38;5;251m@[0m[38;5;251m%[0m[38;5;251m%[0m[38;5;251m#[0m[38;5;251m*[0m[38;5;46m#[0m...........
..........................................................[38;5;46m#[0m[38;5;251m#[0m[38;5;251m%[0m[38;5;251m%[0m[38;5;251m%[0m[38;5;251m%[0m[38;5;251m%[0m[38;5;251m#[0m[38;5;251m*[0m[38;5;251m+[0m[38;5;46m#[0m...........
...........................................................[38;5;251m*[0m[38;5;251m*[0m[38;5;251m#[0m[38;5;251m#[0m[38;5;251m#[0m[38;5;251m*[0m[38;5;251m*[0m..............
................................................................................
................................................................................
[2J[H................................................................................
................................................................................
................................................................................
................................................................................
....[38;5;46m#[0m.........[38;5;46m#[0m.................................................................
....[38;5;46m#[0m..[38;5;251m+[0m[38;5;251m*[0m[38;5;251m*[0m[38;5;251m*[0m[38;5;251m+[0m[38;5;251m+[0m.[38;5;46m#[0m.................................................................
....[38;5;46m#[0m[38;5;251m+[0m[38;5;251m*[0m[38;5;251m#[0m[38;5;251m#[0m[38;5;251m#[0m[38;5;251m#[0m[38;5;251m#[0m[38;5;251m*[0m[38;5;251m*[0m[38;5;46m#[0m.................................................................
....[38;5;46m#[0m[38;5;251m+[0m[38;5;251m*[0m[38;5;251m#[0m[38;5;251m#[0m[38;5;251m%[0m[38;5;251m%[0m[38;5;251m#[0m[38;5;251m#[0m[38;5;251m*[0m[38;5;46m#[0m.................................................................
....[38;5;46m#[0m[38;5;251m+[0m[38;5;251m*[0m[38;5;251m*[0m[38;5;251m#[0m[38;5;251m#[0m[38;5;251m#[0m[38;5;251m#[0m[38;5;251m*[0m[38;5;251m+[0m[38;5;46m#[0m.................................................................
....[38;5;46m#[0m..[38;5;251m+[0m[38;5;251m+[0m[38;5;251m*[0m[38;5;251m*[0m[38;5;251m+[0m[38;5;251m+[0m.[38;5;46m#[0m...............................................[38;5;46m#[0m.........[38;5;46m#[0m.......
....[38;5;46m#[0m.........[38;5;46m#[0m...............................................[38;5;46m#[0m.[38;5;251m=[0m[38;5;251m+[0m[38;5;251m+[0m[38;5;251m+[0m[38;5;251m+[0m[38;5;251m=[0m..[38;5;46m#[0m.......
..............................................................[38;5;46m#[0m[38;5;251m+[0m[38;5;251m+[0m[38;5;251m*[0m[38;5;251m*[0m[38;5;251m*[0m[38;5;251m*[0m[38;5;251m*[0m[38;5;251m+[0m.[38;5;46m#[0m.......
..............................................................[38;5;46m#[0m[38;5;251m+[0m[38;5;251m*[0m[38;5;251m*[0m[38;5;251m#[0m[38;5;251m#[0m[38;5;251m*[0m[38;5;251m*[0m[38;5;251m+[0m.[38;5;46m#[0m.......
..............................................................[38;5;46m#[0m.[38;5;251m+[0m[38;5;251m*[0m[38;5;251m*[0m[38;5;251m*[0m[38;5;251m*[0m[38;5;251m+[0m[38;5;251m=[0m.[38;5;46m#[0m.......
..............................................................[38;5;46m#[0m.........[38;5;46m#[0m.......
..........................................................[38;5;46m#[0m...[38;5;46m#[0m.....[38;5;46m#[0m...[38;5;46m#[0m.......
..........................................................[38;5;46m#[0m[38;5;251m+[0m[38;5;251m*[0m[38;5;251m#[0m[38;5;251m#[0m[38;5;251m#[0m[38;5;251m#[0m[38;5;251m*[0m[38;5;251m*[0m.[38;5;46m#[0m...........
..........................................................[38;5;46m#[0m[38;5;251m#[0m[38;5;251m#[0m[38;5;251m%[0m[38;5;251m%[0m[38;5;251m%[0m[38;5;251m%[0m[38;5;251m%[0m[38;5;251m#[0m[38;5;251m*[0m[38;5;46m#[0m...........
..........................................................[38;5;46m#[0m[38;5;251m#[0m[38;5;251m%[0m[38;5;251m%[0m[38;5;251m@[0m[38;5;251m@[0m[38;5;251m%[0m[38;5;251m%[0m[38;5;251m#[0m[38;5;251m*[0m[38;5;46m#[0m...........
..........................................................[38;5;46m#[0m[38;5;251m*[0m[38;5;251m#[0m[38;5;251m%[0m[38;5;251m%[0m[38;5;251m%[0m[38;5;251m%[0m[38;5;251m#[0m[38;5;251m#[0m[38;5;251m*[0m[38;5;46m#[0m...........
............................................................[38;5;251m*[0m[38;5;251m*[0m[38;5;251m#[0m[38;5;251m#[0m[38;5;251m*[0m[38;5;251m*[0m[38;5;251m+[0m.............
................................................................................
................................................................................
[2J[H................................................................................
................................................................................
................................................................................
................................................................................
................................................................................
....[38;5;46m#[0m..[38;5;251m+[0m[38;5;251m+[0m[38;5;251m*[0m[38;5;251m*[0m[38;5;251m+[0m[38;5;251m+[0m.[38;5;46m#[0m.................................................................
....[38;5;46m#[0m[38;5;251m+[0m[38;5;251m*[0m[38;5;251m#[0m[38;5;251m#[0m[38;5;251m#[0m[38;5;251m#[0m[38;5;251m#[0m[38;5;251m*[0m[38;5;251m+[0m[38;5;46m#[0m.................................................................
....[38;5;46m#[0m[38;5;251m*[0m[38;5;251m*[0m[38;5;251m#[0m[38;5;251m%[0m[38;5;251m%[0m[38;5;251m%[0m[38;5;251m#[0m[38;5;251m#[0m[38;5;251m*[0m[38;5;46m#[0m.................................................................
....[38;5;46m#[0m[38;5;251m+[0m[38;5;251m*[0m[38;5;251m#[0m[38;5;251m#[0m[38;5;251m#[0m[38;5;251m#[0m[38;5;251m#[0m[38;5;251m*[0m[38;5;251m*[0m[38;5;46m#[0m.................................................................
....[38;5;46m#[0m.[38;5;251m+[0m[38;5;251m+[0m[38;5;251m*[0m[38;5;251m*[0m[38;5;251m*[0m[38;5;251m*[0m[38;5;251m+[0m.[38;5;46m#[0m...............................................[38;5;46m#[0m.......[38;5;46m#[0m.........
....[38;5;46m#[0m.........[38;5;46m#[0m...............................................[38;5;46m#[0m.[38;5;251m+[0m[38;5;251m+[0m[38;5;251m+[0m[38;5;251m+[0m[38;5;251m+[0m[38;5;251m=[0m[38;5;46m#[0m.........
..............................................................[38;5;46m#[0m[38;5;251m+[0m[38;5;251m*[0m[38;5;251m*[0m[38;5;251m#[0m[38;5;251m*[0m[38;5;251m*[0m[38;5;251m+[0m[38;5;46m#[0m.........
..............................................................[38;5;46m#[0m[38;5;251m+[0m[38;5;251m*[0m[38;5;251m*[0m[38;5;251m#[0m[38;5;251m#[0m[38;5;251m*[0m[38;5;251m+[0m[38;5;46m#[0m.........
..............................................................[38;5;46m#[0m[38;5;251m=[0m[38;5;251m+[0m[38;5;251m+[0m[38;5;251m*[0m[38;5;251m*[0m[38;5;251m+[0m[38;5;251m+[0m[38;5;46m#[0m.........
..............................................................[38;5;46m#[0m.......[38;5;46m#[0m.........
..........................................................[38;5;46m#[0m...[38;5;46m#[0m.......[38;5;46m#[0m.........
..........................................................[38;5;46m#[0m.[38;5;251m*[0m[38;5;251m*[0m[38;5;251m#[0m[38;5;251m#[0m[38;5;251m#[0m[38;5;251m#[0m[38;5;251m*[0m[38;5;251m+[0m..[38;5;46m#[0m.........
..........................................................[38;5;46m#[0m[38;5;251m*[0m[38;5;251m#[0m[38;5;251m%[0m[38;5;251m%[0m[38;5;251m%[0m[38;5;251m%[0m[38;5;251m%[0m[38;5;251m#[0m[38;5;251m#[0m[38;5;251m*[0m.[38;5;46m#[0m.........
..........................................................[38;5;46m#[0m[38;5;251m#[0m[38;5;251m#[0m[38;5;251m%[0m[38;5;251m%[0m[38;5;251m@[0m[38;5;251m@[0m[38;5;251m%[0m[38;5;251m%[0m[38;5;251m#[0m[38;5;251m*[0m.[38;5;46m#[0m.........
..........................................................[38;5;46m#[0m[38;5;251m*[0m[38;5;251m#[0m[38;5;251m#[0m[38;5;251m%[0m[38;5;251m%[0m[38;5;251m%[0m[38;5;251m%[0m[38;5;251m#[0m[38;5;251m*[0m[38;5;251m+[0m.[38;5;46m#[0m.........
............................................................[38;5;251m+[0m[38;5;251m*[0m[38;5;251m*[0m[38;5;251m*[0m[38;5;251m*[0m[38;5;251m*[0m[38;5;251m*[0m.............
................................................................................
................................................................................
[2J[H................................................................................
................................................................................
................................................................................
................................................................................
................................................................................
....[38;5;46m#[0m..[38;5;251m+[0m[38;5;251m+[0m[38;5;251m+[0m[38;5;251m+[0m[38;5;251m+[0m..[38;5;46m#[0m.................................................................
....[38;5;46m#[0m[38;5;251m+[0m[38;5;251m*[0m[38;5;251m*[0m[38;5;251m#[0m[38;5;251m#[0m[38;5;251m#[0m[38;5;251m#[0m[38;5;251m*[0m[38;5;251m+[0m[38;5;46m#[0m.................................................................
....[38;5;46m#[0m[38;5;251m*[0m[38;5;251m*[0m[38;5;251m#[0m[38;5;251m%[0m[38;5;251m%[0m[38;5;251m%[0m[38;5;251m#[0m[38;5;251m#[0m[38;5;251m*[0m[38;5;46m#[0m.................................................................
....[38;5;46m#[0m[38;5;251m+[0m[38;5;251m*[0m[38;5;251m#[0m[38;5;251m#[0m[38;5;251m#[0m[38;5;251m#[0m[38;5;251m#[0m[38;5;251m*[0m[38;5;251m*[0m[38;5;46m#[0m.................................................................
....[38;5;46m#[0m.[38;5;251m+[0m[38;5;251m*[0m[38;5;251m*[0m[38;5;251m*[0m[38;5;251m*[0m[38;5;251m*[0m[38;5;251m+[0m.[38;5;46m#[0m...............................................[38;5;46m#[0m.......[38;5;46m#[0m.........
....[38;5;46m#[0m.........[38;5;46m#[0m...............................................[38;5;46m#[0m[38;5;251m+[0m[38;5;251m+[0m[38;5;251m*[0m[38;5;251m*[0m[38;5;251m*[0m[38;5;251m+[0m[38;5;251m=[0m[38;5;46m#[0m.........
....[38;5;46m#[0m.........[38;5;46m#[0m...............................................[38;5;46m#[0m[38;5;251m*[0m[38;5;251m*[0m[38;5;251m#[0m[38;5;251m#[0m[38;5;251m*[0m[38;5;251m*[0m[38;5;251m+[0m[38;5;46m#[0m.........
..............................................................[38;5;46m#[0m[38;5;251m*[0m[38;5;251m*[0m[38;5;251m*[0m[38;5;251m#[0m[38;5;251m*[0m[38;5;251m*[0m[38;5;251m+[0m[38;5;46m#[0m.........
..............................................................[38;5;46m#[0m[38;5;251m=[0m[38;5;251m+[0m[38;5;251m+[0m[38;5;251m+[0m[38;5;251m+[0m[38;5;251m+[0m.[38;5;46m#[0m.........
..............................................................[38;5;46m#[0m.......[38;5;46m#[0m.........
..........................................................[38;5;46m#[0m...........[38;5;46m#[0m.........
..........................................................[38;5;46m#[0m.[38;5;251m*[0m[38;5;251m*[0m[38;5;251m#[0m[38;5;251m#[0m[38;5;251m#[0m[38;5;251m#[0m[38;5;251m#[0m[38;5;251m*[0m[38;5;251m+[0m.[38;5;46m#[0m.........
..........................................................[38;5;46m#[0m[38;5;251m*[0m[38;5;251m#[0m[38;5;251m#[0m[38;5;251m%[0m[38;5;251m%[0m[38;5;251m%[0m[38;5;251m%[0m[38;5;251m%[0m[38;5;251m#[0m[38;5;251m*[0m[38;5;251m+[0m[38;5;46m#[0m.........
..........................................................[38;5;46m#[0m[38;5;251m*[0m[38;5;251m#[0m[38;5;251m%[0m[38;5;251m%[0m[38;5;251m@[0m[38;5;251m@[0m[38;5;251m%[0m[38;5;251m%[0m[38;5;251m#[0m[38;5;251m*[0m[38;5;251m+[0m[38;5;46m#[0m.........
..........................................................[38;5;46m#[0m[38;5;251m+[0m[38;5;251m*[0m[38;5;251m#[0m[38;5;251m%[0m[38;5;251m%[0m[38;5;251m%[0m[38;5;251m%[0m[38;5;251m#[0m[38;5;251m#[0m[38;5;251m*[0m.[38;5;46m#[0m.........
.............................................................[38;5;251m+[0m[38;5;251m*[0m[38;5;251m*[0m[38;5;251m*[0m[38;5;251m*[0m[38;5;251m*[0m.............
................................................................................
................................................................................
weft-tensor flight | 1.3s | seq 148 | render 140 | stalls 13 | infer 10.4us | boxes 3 | gc 10[2J[H................................................................................
................................................................................
................................................................................
................................................................................
................................................................................
....[38;5;46m#[0m..[38;5;251m+[0m[38;5;251m+[0m[38;5;251m+[0m[38;5;251m+[0m[38;5;251m+[0m..[38;5;46m#[0m.................................................................
....[38;5;46m#[0m[38;5;251m+[0m[38;5;251m*[0m[38;5;251m*[0m[38;5;251m#[0m[38;5;251m#[0m[38;5;251m#[0m[38;5;251m*[0m[38;5;251m*[0m[38;5;251m+[0m[38;5;46m#[0m.................................................................
....[38;5;46m#[0m[38;5;251m*[0m[38;5;251m*[0m[38;5;251m#[0m[38;5;251m#[0m[38;5;251m%[0m[38;5;251m%[0m[38;5;251m#[0m[38;5;251m#[0m[38;5;251m*[0m[38;5;46m#[0m.................................................................
....[38;5;46m#[0m[38;5;251m*[0m[38;5;251m*[0m[38;5;251m#[0m[38;5;251m#[0m[38;5;251m%[0m[38;5;251m#[0m[38;5;251m#[0m[38;5;251m#[0m[38;5;251m*[0m[38;5;46m#[0m.................................................................
....[38;5;46m#[0m.[38;5;251m+[0m[38;5;251m*[0m[38;5;251m*[0m[38;5;251m*[0m[38;5;251m*[0m[38;5;251m*[0m[38;5;251m+[0m[38;5;251m+[0m[38;5;46m#[0m...............................................[38;5;46m#[0m..[38;5;251m=[0m[38;5;251m=[0m...[38;5;46m#[0m.........
....[38;5;46m#[0m.........[38;5;46m#[0m...............................................[38;5;46m#[0m[38;5;251m+[0m[38;5;251m*[0m[38;5;251m*[0m[38;5;251m*[0m[38;5;251m*[0m[38;5;251m+[0m[38;5;251m=[0m[38;5;46m#[0m.........
....[38;5;46m#[0m.........[38;5;46m#[0m..............................................[38;5;251m=[0m[38;5;46m#[0m[38;5;251m*[0m[38;5;251m*[0m[38;5;251m#[0m[38;5;251m#[0m[38;5;251m*[0m[38;5;251m*[0m[38;5;251m+[0m[38;5;46m#[0m.........
..............................................................[38;5;46m#[0m[38;5;251m*[0m[38;5;251m*[0m[38;5;251m*[0m[38;5;251m*[0m[38;5;251m*[0m[38;5;251m*[0m[38;5;251m+[0m[38;5;46m#[0m.........
..............................................................[38;5;46m#[0m[38;5;251m+[0m[38;5;251m+[0m[38;5;251m+[0m[38;5;251m+[0m[38;5;251m+[0m[38;5;251m=[0m.[38;5;46m#[0m.........
..............................................................[38;5;46m#[0m.......[38;5;46m#[0m.........
............................................................[38;5;46m#[0m..[38;5;251m+[0m[38;5;251m+[0m[38;5;251m+[0m....[38;5;46m#[0m.........
............................................................[38;5;46m#[0m[38;5;251m*[0m[38;5;251m#[0m[38;5;251m#[0m[38;5;251m#[0m[38;5;251m#[0m[38;5;251m#[0m[38;5;251m*[0m[38;5;251m*[0m.[38;5;46m#[0m.........
...........................................................[38;5;251m+[0m[38;5;46m#[0m[38;5;251m#[0m[38;5;251m%[0m[38;5;251m%[0m[38;5;251m%[0m[38;5;251m%[0m[38;5;251m%[0m[38;5;251m%[0m[38;5;251m#[0m[38;5;251m*[0m[38;5;46m#[0m.........
...........................................................[38;5;251m+[0m[38;5;46m#[0m[38;5;251m#[0m[38;5;251m%[0m[38;5;251m%[0m[38;5;251m@[0m[38;5;251m@[0m[38;5;251m%[0m[38;5;251m%[0m[38;5;251m#[0m[38;5;251m*[0m[38;5;46m#[0m.........
............................................................[38;5;46m#[0m[38;5;251m#[0m[38;5;251m#[0m[38;5;251m%[0m[38;5;251m%[0m[38;5;251m%[0m[38;5;251m#[0m[38;5;251m#[0m[38;5;251m*[0m[38;5;251m+[0m[38;5;46m#[0m.........
..............................................................[38;5;251m+[0m[38;5;251m*[0m[38;5;251m*[0m[38;5;251m*[0m[38;5;251m*[0m[38;5;251m+[0m............
................................................................................
................................................................................
[2J[H................................................................................
................................................................................
................................................................................
................................................................................
................................................................................
....[38;5;46m#[0m...[38;5;251m+[0m[38;5;251m+[0m[38;5;251m+[0m...[38;5;46m#[0m.................................................................
....[38;5;46m#[0m[38;5;251m+[0m[38;5;251m*[0m[38;5;251m*[0m[38;5;251m#[0m[38;5;251m#[0m[38;5;251m#[0m[38;5;251m*[0m[38;5;251m*[0m[38;5;251m+[0m[38;5;46m#[0m.................................................................
....[38;5;46m#[0m[38;5;251m*[0m[38;5;251m*[0m[38;5;251m#[0m[38;5;251m#[0m[38;5;251m%[0m[38;5;251m#[0m[38;5;251m#[0m[38;5;251m#[0m[38;5;251m*[0m[38;5;46m#[0m.................................................................
....[38;5;46m#[0m[38;5;251m*[0m[38;5;251m*[0m[38;5;251m#[0m[38;5;251m#[0m[38;5;251m%[0m[38;5;251m#[0m[38;5;251m#[0m[38;5;251m#[0m[38;5;251m*[0m[38;5;46m#[0m.................................................................
....[38;5;46m#[0m[38;5;251m+[0m[38;5;251m*[0m[38;5;251m*[0m[38;5;251m*[0m[38;5;251m#[0m[38;5;251m#[0m[38;5;251m*[0m[38;5;251m*[0m[38;5;251m+[0m[38;5;46m#[0m.............................................[38;5;46m#[0m..[38;5;251m=[0m[38;5;251m=[0m[38;5;251m+[0m[38;5;251m=[0m...[38;5;46m#[0m.........
....[38;5;46m#[0m...[38;5;251m+[0m[38;5;251m+[0m[38;5;251m+[0m...[38;5;46m#[0m.............................................[38;5;46m#[0m[38;5;251m=[0m[38;5;251m+[0m[38;5;251m*[0m[38;5;251m*[0m[38;5;251m*[0m[38;5;251m*[0m[38;5;251m*[0m[38;5;251m+[0m.[38;5;46m#[0m.........
....[38;5;46m#[0m.........[38;5;46m#[0m.............................................[38;5;46m#[0m[38;5;251m+[0m[38;5;251m*[0m[38;5;251m*[0m[38;5;251m#[0m[38;5;251m#[0m[38;5;251m#[0m[38;5;251m*[0m[38;5;251m+[0m[38;5;251m=[0m[38;5;46m#[0m.........
............................................................[38;5;46m#[0m[38;5;251m=[0m[38;5;251m+[0m[38;5;251m*[0m[38;5;251m*[0m[38;5;251m*[0m[38;5;251m*[0m[38;5;251m*[0m[38;5;251m+[0m[38;5;251m=[0m[38;5;46m#[0m.........
............................................................[38;5;46m#[0m..[38;5;251m+[0m[38;5;251m+[0m[38;5;251m+[0m[38;5;251m+[0m[38;5;251m=[0m..[38;5;46m#[0m.........
............................................................[38;5;46m#[0m.........[38;5;46m#[0m.........
............................................................[38;5;46m#[0m..[38;5;251m+[0m[38;5;251m+[0m[38;5;251m+[0m[38;5;251m+[0m...[38;5;46m#[0m.........
............................................................[38;5;46m#[0m[38;5;251m*[0m[38;5;251m#[0m[38;5;251m#[0m[38;5;251m#[0m[38;5;251m#[0m[38;5;251m#[0m[38;5;251m#[0m[38;5;251m*[0m[38;5;251m+[0m[38;5;46m#[0m.........
............................................................[38;5;46m#[0m[38;5;251m#[0m[38;5;251m%[0m[38;5;251m%[0m[38;5;251m%[0m[38;5;251m%[0m[38;5;251m%[0m[38;5;251m%[0m[38;5;251m#[0m[38;5;251m*[0m[38;5;46m#[0m.........
............................................................[38;5;46m#[0m[38;5;251m#[0m[38;5;251m%[0m[38;5;251m%[0m[38;5;251m@[0m[38;5;251m@[0m[38;5;251m%[0m[38;5;251m%[0m[38;5;251m#[0m[38;5;251m*[0m[38;5;46m#[0m.........
............................................................[38;5;46m#[0m[38;5;251m*[0m[38;5;251m#[0m[38;5;251m#[0m[38;5;251m%[0m[38;5;251m%[0m[38;5;251m#[0m[38;5;251m#[0m[38;5;251m*[0m[38;5;251m+[0m[38;5;46m#[0m.........
...............................................................[38;5;251m*[0m[38;5;251m*[0m[38;5;251m*[0m[38;5;251m*[0m[38;5;251m+[0m............
................................................................................
................................................................................
[2J[H................................................................................
................................................................................
................................................................................
................................................................................
................................................................................
....[38;5;46m#[0m....[38;5;251m+[0m....[38;5;46m#[0m.................................................................
....[38;5;46m#[0m[38;5;251m+[0m[38;5;251m+[0m[38;5;251m*[0m[38;5;251m*[0m[38;5;251m*[0m[38;5;251m*[0m[38;5;251m*[0m[38;5;251m*[0m[38;5;251m+[0m[38;5;46m#[0m.................................................................
....[38;5;46m#[0m[38;5;251m*[0m[38;5;251m*[0m[38;5;251m#[0m[38;5;251m#[0m[38;5;251m%[0m[38;5;251m#[0m[38;5;251m#[0m[38;5;251m#[0m[38;5;251m*[0m[38;5;46m#[0m.................................................................
....[38;5;46m#[0m[38;5;251m*[0m[38;5;251m#[0m[38;5;251m#[0m[38;5;251m#[0m[38;5;251m%[0m[38;5;251m%[0m[38;5;251m#[0m[38;5;251m#[0m[38;5;251m*[0m[38;5;46m#[0m.................................................................
....[38;5;46m#[0m[38;5;251m+[0m[38;5;251m*[0m[38;5;251m*[0m[38;5;251m#[0m[38;5;251m#[0m[38;5;251m#[0m[38;5;251m*[0m[38;5;251m*[0m[38;5;251m+[0m[38;5;46m#[0m.............................................[38;5;46m#[0m.[38;5;251m=[0m[38;5;251m+[0m[38;5;251m+[0m[38;5;251m+[0m[38;5;251m+[0m[38;5;251m=[0m..[38;5;46m#[0m.........
....[38;5;46m#[0m..[38;5;251m+[0m[38;5;251m+[0m[38;5;251m+[0m[38;5;251m+[0m[38;5;251m+[0m..[38;5;46m#[0m.............................................[38;5;46m#[0m[38;5;251m+[0m[38;5;251m*[0m[38;5;251m*[0m[38;5;251m*[0m[38;5;251m*[0m[38;5;251m*[0m[38;5;251m+[0m[38;5;251m+[0m.[38;5;46m#[0m.........
....[38;5;46m#[0m.........[38;5;46m#[0m.............................................[38;5;46m#[0m[38;5;251m+[0m[38;5;251m*[0m[38;5;251m*[0m[38;5;251m#[0m[38;5;251m#[0m[38;5;251m*[0m[38;5;251m*[0m[38;5;251m+[0m[38;5;251m=[0m[38;5;46m#[0m.........
............................................................[38;5;46m#[0m[38;5;251m+[0m[38;5;251m+[0m[38;5;251m*[0m[38;5;251m*[0m[38;5;251m*[0m[38;5;251m*[0m[38;5;251m+[0m[38;5;251m+[0m.[38;5;46m#[0m.........
............................................................[38;5;46m#[0m..[38;5;251m+[0m[38;5;251m+[0m[38;5;251m+[0m[38;5;251m+[0m...[38;5;46m#[0m.........
............................................................[38;5;46m#[0m.........[38;5;46m#[0m.........
............................................................[38;5;46m#[0m..[38;5;251m+[0m[38;5;251m*[0m[38;5;251m*[0m[38;5;251m*[0m[38;5;251m+[0m....[38;5;46m#[0m.......
............................................................[38;5;46m#[0m[38;5;251m*[0m[38;5;251m*[0m[38;5;251m#[0m[38;5;251m#[0m[38;5;251m%[0m[38;5;251m%[0m[38;5;251m#[0m[38;5;251m#[0m[38;5;251m*[0m..[38;5;46m#[0m.......
............................................................[38;5;46m#[0m[38;5;251m#[0m[38;5;251m#[0m[38;5;251m%[0m[38;5;251m%[0m[38;5;251m@[0m[38;5;251m%[0m[38;5;251m%[0m[38;5;251m%[0m[38;5;251m#[0m[38;5;251m*[0m.[38;5;46m#[0m.......
............................................................[38;5;46m#[0m[38;5;251m#[0m[38;5;251m#[0m[38;5;251m%[0m[38;5;251m%[0m[38;5;251m@[0m[38;5;251m%[0m[38;5;251m%[0m[38;5;251m%[0m[38;5;251m#[0m[38;5;251m*[0m.[38;5;46m#[0m.......
............................................................[38;5;46m#[0m[38;5;251m*[0m[38;5;251m*[0m[38;5;251m#[0m[38;5;251m#[0m[38;5;251m%[0m[38;5;251m#[0m[38;5;251m#[0m[38;5;251m#[0m[38;5;251m*[0m..[38;5;46m#[0m.......
...............................................................[38;5;251m+[0m[38;5;251m+[0m[38;5;251m*[0m[38;5;251m*[0m[38;5;251m+[0m............
................................................................................
................................................................................
[2J[H................................................................................
................................................................................
................................................................................
................................................................................
................................................................................
....[38;5;46m#[0m.........[38;5;46m#[0m.................................................................
....[38;5;46m#[0m.[38;5;251m+[0m[38;5;251m*[0m[38;5;251m*[0m[38;5;251m*[0m[38;5;251m*[0m[38;5;251m*[0m[38;5;251m+[0m[38;5;251m+[0m[38;5;46m#[0m.................................................................
....[38;5;46m#[0m[38;5;251m*[0m[38;5;251m*[0m[38;5;251m#[0m[38;5;251m#[0m[38;5;251m#[0m[38;5;251m#[0m[38;5;251m#[0m[38;5;251m*[0m[38;5;251m*[0m[38;5;46m#[0m.................................................................
....[38;5;46m#[0m[38;5;251m*[0m[38;5;251m#[0m[38;5;251m#[0m[38;5;251m%[0m[38;5;251m%[0m[38;5;251m%[0m[38;5;251m#[0m[38;5;251m#[0m[38;5;251m*[0m[38;5;46m#[0m.................................................................
....[38;5;46m#[0m[38;5;251m+[0m[38;5;251m*[0m[38;5;251m*[0m[38;5;251m#[0m[38;5;251m#[0m[38;5;251m#[0m[38;5;251m#[0m[38;5;251m*[0m[38;5;251m+[0m[38;5;46m#[0m.............................................[38;5;46m#[0m[38;5;251m=[0m[38;5;251m+[0m[38;5;251m+[0m[38;5;251m+[0m[38;5;251m+[0m[38;5;251m+[0m[38;5;251m=[0m..[38;5;46m#[0m.........
....[38;5;46m#[0m..[38;5;251m+[0m[38;5;251m+[0m[38;5;251m+[0m[38;5;251m+[0m[38;5;251m+[0m..[38;5;46m#[0m.............................................[38;5;46m#[0m[38;5;251m+[0m[38;5;251m*[0m[38;5;251m*[0m[38;5;251m*[0m[38;5;251m*[0m[38;5;251m*[0m[38;5;251m+[0m[38;5;251m=[0m.[38;5;46m#[0m.........
....[38;5;46m#[0m.........[38;5;46m#[0m.............................................[38;5;46m#[0m[38;5;251m+[0m[38;5;251m*[0m[38;5;251m#[0m[38;5;251m#[0m[38;5;251m#[0m[38;5;251m*[0m[38;5;251m*[0m[38;5;251m+[0m.[38;5;46m#[0m.........
............................................................[38;5;46m#[0m[38;5;251m+[0m[38;5;251m*[0m[38;5;251m*[0m[38;5;251m*[0m[38;5;251m*[0m[38;5;251m*[0m[38;5;251m+[0m[38;5;251m=[0m.[38;5;46m#[0m.........
............................................................[38;5;46m#[0m.[38;5;251m=[0m[38;5;251m=[0m[38;5;251m+[0m[38;5;251m=[0m[38;5;251m=[0m...[38;5;46m#[0m.........
............................................................[38;5;46m#[0m.........[38;5;46m#[0m.........
............................................................[38;5;46m#[0m..[38;5;251m+[0m[38;5;251m*[0m[38;5;251m*[0m[38;5;251m*[0m[38;5;251m*[0m[38;5;251m+[0m...[38;5;46m#[0m.......
............................................................[38;5;46m#[0m[38;5;251m+[0m[38;5;251m*[0m[38;5;251m#[0m[38;5;251m#[0m[38;5;251m%[0m[38;5;251m%[0m[38;5;251m#[0m[38;5;251m#[0m[38;5;251m*[0m[38;5;251m+[0m.[38;5;46m#[0m.......
............................................................[38;5;46m#[0m[38;5;251m*[0m[38;5;251m#[0m[38;5;251m%[0m[38;5;251m%[0m[38;5;251m@[0m[38;5;251m@[0m[38;5;251m%[0m[38;5;251m%[0m[38;5;251m#[0m[38;5;251m*[0m.[38;5;46m#[0m.......
............................................................[38;5;46m#[0m[38;5;251m*[0m[38;5;251m#[0m[38;5;251m%[0m[38;5;251m%[0m[38;5;251m%[0m[38;5;251m%[0m[38;5;251m%[0m[38;5;251m%[0m[38;5;251m#[0m[38;5;251m*[0m.[38;5;46m#[0m.......
............................................................[38;5;46m#[0m.[38;5;251m*[0m[38;5;251m#[0m[38;5;251m#[0m[38;5;251m#[0m[38;5;251m#[0m[38;5;251m#[0m[38;5;251m#[0m[38;5;251m*[0m..[38;5;46m#[0m.......
................................................................[38;5;251m+[0m[38;5;251m+[0m[38;5;251m+[0m[38;5;251m+[0m............
................................................................................
................................................................................
[2J[H................................................................................
................................................................................
................................................................................
................................................................................
................................................................................
....[38;5;46m#[0m.........[38;5;46m#[0m.................................................................
....[38;5;46m#[0m.[38;5;251m+[0m[38;5;251m*[0m[38;5;251m*[0m[38;5;251m*[0m[38;5;251m*[0m[38;5;251m*[0m[38;5;251m+[0m.[38;5;46m#[0m.................................................................
....[38;5;46m#[0m[38;5;251m+[0m[38;5;251m*[0m[38;5;251m#[0m[38;5;251m#[0m[38;5;251m#[0m[38;5;251m#[0m[38;5;251m#[0m[38;5;251m*[0m[38;5;251m*[0m[38;5;46m#[0m.................................................................
....[38;5;46m#[0m[38;5;251m*[0m[38;5;251m#[0m[38;5;251m#[0m[38;5;251m%[0m[38;5;251m%[0m[38;5;251m%[0m[38;5;251m#[0m[38;5;251m#[0m[38;5;251m*[0m[38;5;46m#[0m.................................................................
....[38;5;46m#[0m[38;5;251m+[0m[38;5;251m*[0m[38;5;251m#[0m[38;5;251m#[0m[38;5;251m#[0m[38;5;251m#[0m[38;5;251m#[0m[38;5;251m*[0m[38;5;251m*[0m[38;5;46m#[0m.............................................[38;5;46m#[0m[38;5;251m+[0m[38;5;251m+[0m[38;5;251m+[0m[38;5;251m+[0m[38;5;251m+[0m[38;5;251m+[0m[38;5;251m=[0m[38;5;46m#[0m...........
....[38;5;46m#[0m.[38;5;251m+[0m[38;5;251m+[0m[38;5;251m*[0m[38;5;251m*[0m[38;5;251m*[0m[38;5;251m+[0m[38;5;251m+[0m.[38;5;46m#[0m.............................................[38;5;46m#[0m[38;5;251m*[0m[38;5;251m*[0m[38;5;251m*[0m[38;5;251m#[0m[38;5;251m*[0m[38;5;251m*[0m[38;5;251m+[0m[38;5;46m#[0m...........
....[38;5;46m#[0m.........[38;5;46m#[0m............................................[38;5;251m=[0m[38;5;46m#[0m[38;5;251m*[0m[38;5;251m*[0m[38;5;251m#[0m[38;5;251m#[0m[38;5;251m*[0m[38;5;251m*[0m[38;5;251m+[0m[38;5;46m#[0m...........
....[38;5;46m#[0m.........[38;5;46m#[0m.............................................[38;5;46m#[0m[38;5;251m+[0m[38;5;251m*[0m[38;5;251m*[0m[38;5;251m*[0m[38;5;251m*[0m[38;5;251m+[0m[38;5;251m+[0m[38;5;46m#[0m...........
............................................................[38;5;46m#[0m.[38;5;251m=[0m[38;5;251m=[0m[38;5;251m=[0m[38;5;251m=[0m..[38;5;46m#[0m...........
............................................................[38;5;46m#[0m.......[38;5;46m#[0m...........
............................................................[38;5;46m#[0m..[38;5;251m+[0m[38;5;251m*[0m[38;5;251m*[0m[38;5;251m*[0m[38;5;251m*[0m[38;5;251m*[0m...[38;5;46m#[0m.......
............................................................[38;5;46m#[0m.[38;5;251m*[0m[38;5;251m#[0m[38;5;251m#[0m[38;5;251m%[0m[38;5;251m%[0m[38;5;251m%[0m[38;5;251m#[0m[38;5;251m#[0m[38;5;251m*[0m.[38;5;46m#[0m.......
............................................................[38;5;46m#[0m[38;5;251m*[0m[38;5;251m#[0m[38;5;251m%[0m[38;5;251m%[0m[38;5;251m@[0m[38;5;251m@[0m[38;5;251m%[0m[38;5;251m%[0m[38;5;251m#[0m[38;5;251m#[0m[38;5;251m+[0m[38;5;46m#[0m.......
............................................................[38;5;46m#[0m[38;5;251m*[0m[38;5;251m#[0m[38;5;251m#[0m[38;5;251m%[0m[38;5;251m%[0m[38;5;251m%[0m[38;5;251m%[0m[38;5;251m%[0m[38;5;251m#[0m[38;5;251m*[0m[38;5;251m+[0m[38;5;46m#[0m.......
............................................................[38;5;46m#[0m.[38;5;251m+[0m[38;5;251m*[0m[38;5;251m#[0m[38;5;251m#[0m[38;5;251m#[0m[38;5;251m#[0m[38;5;251m#[0m[38;5;251m*[0m[38;5;251m+[0m.[38;5;46m#[0m.......
..................................................................[38;5;251m+[0m.............
................................................................................
................................................................................
[2J[H................................................................................
................................................................................
................................................................................
................................................................................
................................................................................
................................................................................
....[38;5;46m#[0m.[38;5;251m+[0m[38;5;251m+[0m[38;5;251m*[0m[38;5;251m*[0m[38;5;251m*[0m[38;5;251m*[0m[38;5;251m+[0m...[38;5;46m#[0m...............................................................
....[38;5;46m#[0m[38;5;251m+[0m[38;5;251m*[0m[38;5;251m#[0m[38;5;251m#[0m[38;5;251m#[0m[38;5;251m#[0m[38;5;251m#[0m[38;5;251m*[0m[38;5;251m*[0m[38;5;251m+[0m.[38;5;46m#[0m...............................................................
....[38;5;46m#[0m[38;5;251m*[0m[38;5;251m#[0m[38;5;251m#[0m[38;5;251m%[0m[38;5;251m%[0m[38;5;251m%[0m[38;5;251m#[0m[38;5;251m#[0m[38;5;251m*[0m[38;5;251m+[0m.[38;5;46m#[0m.........................................[38;5;46m#[0m.........[38;5;46m#[0m...........
....[38;5;46m#[0m[38;5;251m+[0m[38;5;251m*[0m[38;5;251m#[0m[38;5;251m#[0m[38;5;251m#[0m[38;5;251m#[0m[38;5;251m#[0m[38;5;251m*[0m[38;5;251m*[0m[38;5;251m+[0m.[38;5;46m#[0m.........................................[38;5;46m#[0m.[38;5;251m+[0m[38;5;251m+[0m[38;5;251m*[0m[38;5;251m*[0m[38;5;251m*[0m[38;5;251m+[0m[38;5;251m+[0m.[38;5;46m#[0m...........
....[38;5;46m#[0m.[38;5;251m+[0m[38;5;251m+[0m[38;5;251m*[0m[38;5;251m*[0m[38;5;251m*[0m[38;5;251m*[0m[38;5;251m+[0m...[38;5;46m#[0m.........................................[38;5;46m#[0m[38;5;251m+[0m[38;5;251m+[0m[38;5;251m*[0m[38;5;251m*[0m[38;5;251m#[0m[38;5;251m#[0m[38;5;251m*[0m[38;5;251m*[0m[38;5;251m+[0m[38;5;46m#[0m...........
....[38;5;46m#[0m...........[38;5;46m#[0m.........................................[38;5;46m#[0m[38;5;251m+[0m[38;5;251m+[0m[38;5;251m*[0m[38;5;251m*[0m[38;5;251m#[0m[38;5;251m*[0m[38;5;251m*[0m[38;5;251m*[0m[38;5;251m+[0m[38;5;46m#[0m...........
....[38;5;46m#[0m...........[38;5;46m#[0m.........................................[38;5;46m#[0m.[38;5;251m+[0m[38;5;251m+[0m[38;5;251m*[0m[38;5;251m*[0m[38;5;251m*[0m[38;5;251m+[0m[38;5;251m+[0m.[38;5;46m#[0m...........
..........................................................[38;5;46m#[0m....[38;5;251m=[0m....[38;5;46m#[0m...........
..........................................................[38;5;46m#[0m...[38;5;46m#[0m.....[38;5;46m#[0m...[38;5;46m#[0m.......
..............................................................[38;5;46m#[0m.[38;5;251m*[0m[38;5;251m*[0m[38;5;251m*[0m[38;5;251m*[0m[38;5;251m*[0m[38;5;251m+[0m..[38;5;46m#[0m.......
..............................................................[38;5;46m#[0m[38;5;251m#[0m[38;5;251m#[0m[38;5;251m%[0m[38;5;251m%[0m[38;5;251m%[0m[38;5;251m%[0m[38;5;251m#[0m[38;5;251m*[0m[38;5;251m+[0m[38;5;46m#[0m.......
.............................................................[38;5;251m+[0m[38;5;46m#[0m[38;5;251m#[0m[38;5;251m%[0m[38;5;251m%[0m[38;5;251m@[0m[38;5;251m@[0m[38;5;251m%[0m[38;5;251m%[0m[38;5;251m#[0m[38;5;251m*[0m[38;5;46m#[0m.......
..............................................................[38;5;46m#[0m[38;5;251m#[0m[38;5;251m%[0m[38;5;251m%[0m[38;5;251m%[0m[38;5;251m%[0m[38;5;251m%[0m[38;5;251m#[0m[38;5;251m#[0m[38;5;251m*[0m[38;5;46m#[0m.......
..............................................................[38;5;46m#[0m[38;5;251m*[0m[38;5;251m*[0m[38;5;251m#[0m[38;5;251m#[0m[38;5;251m#[0m[38;5;251m#[0m[38;5;251m*[0m[38;5;251m+[0m.[38;5;46m#[0m.......
................................................................................
................................................................................
................................................................................
[2J[H................................................................................
................................................................................
................................................................................
................................................................................
................................................................................
................................................................................
....[38;5;46m#[0m..[38;5;251m+[0m[38;5;251m+[0m[38;5;251m*[0m[38;5;251m*[0m[38;5;251m+[0m[38;5;251m+[0m...[38;5;46m#[0m...............................................................
....[38;5;46m#[0m[38;5;251m+[0m[38;5;251m*[0m[38;5;251m#[0m[38;5;251m#[0m[38;5;251m#[0m[38;5;251m#[0m[38;5;251m#[0m[38;5;251m*[0m[38;5;251m*[0m[38;5;251m+[0m.[38;5;46m#[0m...............................................................
....[38;5;46m#[0m[38;5;251m*[0m[38;5;251m*[0m[38;5;251m#[0m[38;5;251m#[0m[38;5;251m%[0m[38;5;251m%[0m[38;5;251m#[0m[38;5;251m#[0m[38;5;251m*[0m[38;5;251m+[0m.[38;5;46m#[0m.........................................[38;5;46m#[0m...[38;5;251m=[0m[38;5;251m=[0m....[38;5;46m#[0m...........
....[38;5;46m#[0m[38;5;251m+[0m[38;5;251m*[0m[38;5;251m#[0m[38;5;251m#[0m[38;5;251m#[0m[38;5;251m#[0m[38;5;251m#[0m[38;5;251m#[0m[38;5;251m*[0m[38;5;251m+[0m.[38;5;46m#[0m.........................................[38;5;46m#[0m[38;5;251m=[0m[38;5;251m+[0m[38;5;251m*[0m[38;5;251m*[0m[38;5;251m*[0m[38;5;251m*[0m[38;5;251m+[0m[38;5;251m+[0m.[38;5;46m#[0m...........
....[38;5;46m#[0m.[38;5;251m+[0m[38;5;251m*[0m[38;5;251m*[0m[38;5;251m*[0m[38;5;251m*[0m[38;5;251m*[0m[38;5;251m+[0m[38;5;251m+[0m..[38;5;46m#[0m.........................................[38;5;46m#[0m[38;5;251m+[0m[38;5;251m*[0m[38;5;251m*[0m[38;5;251m#[0m[38;5;251m#[0m[38;5;251m*[0m[38;5;251m*[0m[38;5;251m+[0m[38;5;251m=[0m[38;5;46m#[0m...........
....[38;5;46m#[0m...........[38;5;46m#[0m.........................................[38;5;46m#[0m[38;5;251m+[0m[38;5;251m*[0m[38;5;251m*[0m[38;5;251m*[0m[38;5;251m*[0m[38;5;251m*[0m[38;5;251m*[0m[38;5;251m+[0m[38;5;251m=[0m[38;5;46m#[0m...........
....[38;5;46m#[0m...........[38;5;46m#[0m.........................................[38;5;46m#[0m[38;5;251m=[0m[38;5;251m+[0m[38;5;251m+[0m[38;5;251m*[0m[38;5;251m*[0m[38;5;251m+[0m[38;5;251m+[0m[38;5;251m=[0m.[38;5;46m#[0m...........
..........................................................[38;5;46m#[0m.........[38;5;46m#[0m...........
..........................................................[38;5;46m#[0m...[38;5;46m#[0m.....[38;5;46m#[0m...[38;5;46m#[0m.......
..............................................................[38;5;46m#[0m.[38;5;251m*[0m[38;5;251m*[0m[38;5;251m*[0m[38;5;251m*[0m[38;5;251m*[0m[38;5;251m*[0m[38;5;251m+[0m.[38;5;46m#[0m.......
..............................................................[38;5;46m#[0m[38;5;251m*[0m[38;5;251m#[0m[38;5;251m%[0m[38;5;251m%[0m[38;5;251m%[0m[38;5;251m%[0m[38;5;251m#[0m[38;5;251m#[0m[38;5;251m*[0m[38;5;46m#[0m.......
..............................................................[38;5;46m#[0m[38;5;251m#[0m[38;5;251m%[0m[38;5;251m%[0m[38;5;251m@[0m[38;5;251m@[0m[38;5;251m%[0m[38;5;251m%[0m[38;5;251m#[0m[38;5;251m*[0m[38;5;46m#[0m.......
..............................................................[38;5;46m#[0m[38;5;251m#[0m[38;5;251m#[0m[38;5;251m%[0m[38;5;251m%[0m[38;5;251m%[0m[38;5;251m%[0m[38;5;251m%[0m[38;5;251m#[0m[38;5;251m*[0m[38;5;46m#[0m.......
..............................................................[38;5;46m#[0m[38;5;251m+[0m[38;5;251m*[0m[38;5;251m#[0m[38;5;251m#[0m[38;5;251m#[0m[38;5;251m#[0m[38;5;251m*[0m[38;5;251m*[0m.[38;5;46m#[0m.......
................................................................................
................................................................................
................................................................................
[2J[H................................................................................
................................................................................
................................................................................
................................................................................
................................................................................
................................................................................
....[38;5;46m#[0m..[38;5;251m+[0m[38;5;251m+[0m[38;5;251m+[0m[38;5;251m+[0m[38;5;251m+[0m[38;5;251m+[0m...[38;5;46m#[0m...............................................................
....[38;5;46m#[0m[38;5;251m+[0m[38;5;251m*[0m[38;5;251m*[0m[38;5;251m#[0m[38;5;251m#[0m[38;5;251m#[0m[38;5;251m#[0m[38;5;251m*[0m[38;5;251m*[0m[38;5;251m+[0m.[38;5;46m#[0m...............................................................
....[38;5;46m#[0m[38;5;251m*[0m[38;5;251m*[0m[38;5;251m#[0m[38;5;251m#[0m[38;5;251m%[0m[38;5;251m%[0m[38;5;251m#[0m[38;5;251m#[0m[38;5;251m*[0m[38;5;251m+[0m.[38;5;46m#[0m.........................................[38;5;46m#[0m.[38;5;251m=[0m[38;5;251m+[0m[38;5;251m+[0m[38;5;251m+[0m[38;5;251m=[0m...[38;5;46m#[0m...........
....[38;5;46m#[0m[38;5;251m+[0m[38;5;251m*[0m[38;5;251m#[0m[38;5;251m#[0m[38;5;251m#[0m[38;5;251m#[0m[38;5;251m#[0m[38;5;251m#[0m[38;5;251m*[0m[38;5;251m+[0m.[38;5;46m#[0m.........................................[38;5;46m#[0m[38;5;251m+[0m[38;5;251m*[0m[38;5;251m*[0m[38;5;251m*[0m[38;5;251m*[0m[38;5;251m*[0m[38;5;251m+[0m[38;5;251m=[0m.[38;5;46m#[0m...........
....[38;5;46m#[0m.[38;5;251m+[0m[38;5;251m*[0m[38;5;251m*[0m[38;5;251m*[0m[38;5;251m*[0m[38;5;251m*[0m[38;5;251m*[0m[38;5;251m+[0m..[38;5;46m#[0m.........................................[38;5;46m#[0m[38;5;251m*[0m[38;5;251m*[0m[38;5;251m#[0m[38;5;251m#[0m[38;5;251m#[0m[38;5;251m*[0m[38;5;251m*[0m[38;5;251m+[0m.[38;5;46m#[0m...........
....[38;5;46m#[0m....[38;5;251m+[0m[38;5;251m+[0m.....[38;5;46m#[0m.........................................[38;5;46m#[0m[38;5;251m+[0m[38;5;251m*[0m[38;5;251m*[0m[38;5;251m*[0m[38;5;251m*[0m[38;5;251m*[0m[38;5;251m+[0m[38;5;251m=[0m.[38;5;46m#[0m...........
....[38;5;46m#[0m...........[38;5;46m#[0m.........................................[38;5;46m#[0m[38;5;251m=[0m[38;5;251m+[0m[38;5;251m+[0m[38;5;251m+[0m[38;5;251m+[0m[38;5;251m+[0m[38;5;251m=[0m..[38;5;46m#[0m...........
..........................................................[38;5;46m#[0m.........[38;5;46m#[0m...........
..........................................................[38;5;46m#[0m...[38;5;46m#[0m.....[38;5;46m#[0m...[38;5;46m#[0m.......
..............................................................[38;5;46m#[0m.[38;5;251m*[0m[38;5;251m*[0m[38;5;251m#[0m[38;5;251m#[0m[38;5;251m#[0m[38;5;251m*[0m[38;5;251m*[0m.[38;5;46m#[0m.......
..............................................................[38;5;46m#[0m[38;5;251m*[0m[38;5;251m#[0m[38;5;251m%[0m[38;5;251m%[0m[38;5;251m%[0m[38;5;251m%[0m[38;5;251m%[0m[38;5;251m#[0m[38;5;251m*[0m[38;5;46m#[0m.......
..............................................................[38;5;46m#[0m[38;5;251m#[0m[38;5;251m%[0m[38;5;251m%[0m[38;5;251m@[0m[38;5;251m@[0m[38;5;251m@[0m[38;5;251m%[0m[38;5;251m%[0m[38;5;251m#[0m[38;5;46m#[0m.......
..............................................................[38;5;46m#[0m[38;5;251m*[0m[38;5;251m#[0m[38;5;251m%[0m[38;5;251m%[0m[38;5;251m%[0m[38;5;251m%[0m[38;5;251m%[0m[38;5;251m#[0m[38;5;251m*[0m[38;5;46m#[0m.......
..............................................................[38;5;46m#[0m.[38;5;251m*[0m[38;5;251m*[0m[38;5;251m*[0m[38;5;251m#[0m[38;5;251m#[0m[38;5;251m*[0m[38;5;251m*[0m.[38;5;46m#[0m.......
................................................................................
................................................................................
................................................................................
weft-tensor flight | 1.5s | seq 179 | render 170 | stalls 14 | infer 13.5us | boxes 3 | gc 11[2J[H................................................................................
................................................................................
................................................................................
................................................................................
................................................................................
................................................................................
....[38;5;46m#[0m...[38;5;251m+[0m[38;5;251m+[0m[38;5;251m+[0m[38;5;251m+[0m....[38;5;46m#[0m...............................................................
....[38;5;46m#[0m.[38;5;251m+[0m[38;5;251m*[0m[38;5;251m*[0m[38;5;251m#[0m[38;5;251m#[0m[38;5;251m#[0m[38;5;251m*[0m[38;5;251m*[0m[38;5;251m+[0m.[38;5;46m#[0m...............................................................
....[38;5;46m#[0m[38;5;251m+[0m[38;5;251m*[0m[38;5;251m#[0m[38;5;251m#[0m[38;5;251m%[0m[38;5;251m%[0m[38;5;251m#[0m[38;5;251m#[0m[38;5;251m*[0m[38;5;251m*[0m.[38;5;46m#[0m.......................................[38;5;46m#[0m..[38;5;251m=[0m[38;5;251m+[0m[38;5;251m+[0m[38;5;251m+[0m[38;5;251m+[0m[38;5;251m=[0m.[38;5;46m#[0m.............
....[38;5;46m#[0m[38;5;251m+[0m[38;5;251m*[0m[38;5;251m#[0m[38;5;251m#[0m[38;5;251m%[0m[38;5;251m%[0m[38;5;251m#[0m[38;5;251m#[0m[38;5;251m*[0m[38;5;251m*[0m.[38;5;46m#[0m.......................................[38;5;46m#[0m[38;5;251m=[0m[38;5;251m+[0m[38;5;251m*[0m[38;5;251m*[0m[38;5;251m*[0m[38;5;251m*[0m[38;5;251m*[0m[38;5;251m+[0m[38;5;251m+[0m[38;5;46m#[0m.............
....[38;5;46m#[0m.[38;5;251m+[0m[38;5;251m*[0m[38;5;251m*[0m[38;5;251m#[0m[38;5;251m#[0m[38;5;251m*[0m[38;5;251m*[0m[38;5;251m+[0m[38;5;251m+[0m.[38;5;46m#[0m.......................................[38;5;46m#[0m[38;5;251m+[0m[38;5;251m+[0m[38;5;251m*[0m[38;5;251m#[0m[38;5;251m#[0m[38;5;251m#[0m[38;5;251m*[0m[38;5;251m*[0m[38;5;251m+[0m[38;5;46m#[0m.............
....[38;5;46m#[0m...[38;5;251m+[0m[38;5;251m+[0m[38;5;251m+[0m[38;5;251m+[0m....[38;5;46m#[0m.......................................[38;5;46m#[0m[38;5;251m=[0m[38;5;251m+[0m[38;5;251m*[0m[38;5;251m*[0m[38;5;251m*[0m[38;5;251m*[0m[38;5;251m*[0m[38;5;251m+[0m[38;5;251m+[0m[38;5;46m#[0m.............
....[38;5;46m#[0m...........[38;5;46m#[0m.......................................[38;5;46m#[0m..[38;5;251m+[0m[38;5;251m+[0m[38;5;251m+[0m[38;5;251m+[0m[38;5;251m+[0m[38;5;251m=[0m.[38;5;46m#[0m.............
........................................................[38;5;46m#[0m.........[38;5;46m#[0m.............
........................................................[38;5;46m#[0m.....[38;5;46m#[0m...[38;5;46m#[0m.......[38;5;46m#[0m.....
..............................................................[38;5;46m#[0m.[38;5;251m+[0m[38;5;251m*[0m[38;5;251m#[0m[38;5;251m#[0m[38;5;251m#[0m[38;5;251m#[0m[38;5;251m*[0m[38;5;251m+[0m..[38;5;46m#[0m.....
..............................................................[38;5;46m#[0m[38;5;251m*[0m[38;5;251m#[0m[38;5;251m%[0m[38;5;251m%[0m[38;5;251m%[0m[38;5;251m%[0m[38;5;251m%[0m[38;5;251m#[0m[38;5;251m#[0m[38;5;251m*[0m.[38;5;46m#[0m.....
..............................................................[38;5;46m#[0m[38;5;251m*[0m[38;5;251m#[0m[38;5;251m%[0m[38;5;251m%[0m[38;5;251m@[0m[38;5;251m@[0m[38;5;251m%[0m[38;5;251m%[0m[38;5;251m#[0m[38;5;251m*[0m.[38;5;46m#[0m.....
..............................................................[38;5;46m#[0m[38;5;251m*[0m[38;5;251m#[0m[38;5;251m#[0m[38;5;251m%[0m[38;5;251m%[0m[38;5;251m%[0m[38;5;251m%[0m[38;5;251m#[0m[38;5;251m*[0m[38;5;251m+[0m.[38;5;46m#[0m.....
..............................................................[38;5;46m#[0m..[38;5;251m*[0m[38;5;251m*[0m[38;5;251m*[0m[38;5;251m*[0m[38;5;251m*[0m[38;5;251m*[0m...[38;5;46m#[0m.....
................................................................................
................................................................................
................................................................................
[2J[H................................................................................
................................................................................
................................................................................
................................................................................
................................................................................
................................................................................
....[38;5;46m#[0m....[38;5;251m+[0m[38;5;251m+[0m[38;5;251m+[0m....[38;5;46m#[0m...............................................................
....[38;5;46m#[0m.[38;5;251m+[0m[38;5;251m*[0m[38;5;251m*[0m[38;5;251m*[0m[38;5;251m#[0m[38;5;251m*[0m[38;5;251m*[0m[38;5;251m+[0m[38;5;251m+[0m.[38;5;46m#[0m.......................................[38;5;46m#[0m.........[38;5;46m#[0m.............
....[38;5;46m#[0m[38;5;251m+[0m[38;5;251m*[0m[38;5;251m#[0m[38;5;251m#[0m[38;5;251m#[0m[38;5;251m%[0m[38;5;251m#[0m[38;5;251m#[0m[38;5;251m*[0m[38;5;251m*[0m[38;5;251m+[0m[38;5;46m#[0m.......................................[38;5;46m#[0m.[38;5;251m=[0m[38;5;251m+[0m[38;5;251m+[0m[38;5;251m+[0m[38;5;251m+[0m[38;5;251m+[0m[38;5;251m=[0m.[38;5;46m#[0m.............
....[38;5;46m#[0m[38;5;251m+[0m[38;5;251m*[0m[38;5;251m#[0m[38;5;251m#[0m[38;5;251m%[0m[38;5;251m%[0m[38;5;251m#[0m[38;5;251m#[0m[38;5;251m#[0m[38;5;251m*[0m[38;5;251m+[0m[38;5;46m#[0m.......................................[38;5;46m#[0m[38;5;251m+[0m[38;5;251m*[0m[38;5;251m*[0m[38;5;251m*[0m[38;5;251m*[0m[38;5;251m*[0m[38;5;251m*[0m[38;5;251m+[0m[38;5;251m=[0m[38;5;46m#[0m.............
....[38;5;46m#[0m.[38;5;251m+[0m[38;5;251m*[0m[38;5;251m#[0m[38;5;251m#[0m[38;5;251m#[0m[38;5;251m#[0m[38;5;251m*[0m[38;5;251m*[0m[38;5;251m+[0m.[38;5;46m#[0m.......................................[38;5;46m#[0m[38;5;251m+[0m[38;5;251m*[0m[38;5;251m*[0m[38;5;251m#[0m[38;5;251m#[0m[38;5;251m*[0m[38;5;251m*[0m[38;5;251m*[0m[38;5;251m+[0m[38;5;46m#[0m.............
....[38;5;46m#[0m...[38;5;251m+[0m[38;5;251m+[0m[38;5;251m+[0m[38;5;251m+[0m[38;5;251m+[0m...[38;5;46m#[0m.......................................[38;5;46m#[0m[38;5;251m+[0m[38;5;251m+[0m[38;5;251m*[0m[38;5;251m*[0m[38;5;251m*[0m[38;5;251m*[0m[38;5;251m+[0m[38;5;251m+[0m[38;5;251m=[0m[38;5;46m#[0m.............
....[38;5;46m#[0m...........[38;5;46m#[0m.......................................[38;5;46m#[0m.[38;5;251m=[0m[38;5;251m+[0m[38;5;251m+[0m[38;5;251m+[0m[38;5;251m+[0m[38;5;251m=[0m..[38;5;46m#[0m.............
....[38;5;46m#[0m...........[38;5;46m#[0m.......................................[38;5;46m#[0m.........[38;5;46m#[0m.............
........................................................[38;5;46m#[0m.....[38;5;46m#[0m...[38;5;46m#[0m.......[38;5;46m#[0m.....
..............................................................[38;5;46m#[0m.[38;5;251m+[0m[38;5;251m*[0m[38;5;251m#[0m[38;5;251m#[0m[38;5;251m#[0m[38;5;251m#[0m[38;5;251m*[0m[38;5;251m*[0m..[38;5;46m#[0m.....
..............................................................[38;5;46m#[0m[38;5;251m*[0m[38;5;251m#[0m[38;5;251m#[0m[38;5;251m%[0m[38;5;251m%[0m[38;5;251m%[0m[38;5;251m%[0m[38;5;251m%[0m[38;5;251m#[0m[38;5;251m*[0m.[38;5;46m#[0m.....
..............................................................[38;5;46m#[0m[38;5;251m*[0m[38;5;251m#[0m[38;5;251m%[0m[38;5;251m%[0m[38;5;251m@[0m[38;5;251m@[0m[38;5;251m%[0m[38;5;251m%[0m[38;5;251m#[0m[38;5;251m*[0m[38;5;251m+[0m[38;5;46m#[0m.....
..............................................................[38;5;46m#[0m.[38;5;251m*[0m[38;5;251m#[0m[38;5;251m%[0m[38;5;251m%[0m[38;5;251m%[0m[38;5;251m%[0m[38;5;251m#[0m[38;5;251m#[0m[38;5;251m*[0m.[38;5;46m#[0m.....
..............................................................[38;5;46m#[0m..[38;5;251m+[0m[38;5;251m*[0m[38;5;251m*[0m[38;5;251m*[0m[38;5;251m*[0m[38;5;251m+[0m...[38;5;46m#[0m.....
................................................................................
................................................................................
................................................................................
[2J[H................................................................................
................................................................................
................................................................................
................................................................................
................................................................................
................................................................................
....[38;5;46m#[0m...........[38;5;46m#[0m...............................................................
....[38;5;46m#[0m.[38;5;251m+[0m[38;5;251m+[0m[38;5;251m*[0m[38;5;251m*[0m[38;5;251m*[0m[38;5;251m*[0m[38;5;251m*[0m[38;5;251m+[0m[38;5;251m+[0m.[38;5;46m#[0m.......................................[38;5;46m#[0m.........[38;5;46m#[0m.............
....[38;5;46m#[0m[38;5;251m+[0m[38;5;251m*[0m[38;5;251m#[0m[38;5;251m#[0m[38;5;251m#[0m[38;5;251m#[0m[38;5;251m#[0m[38;5;251m#[0m[38;5;251m*[0m[38;5;251m*[0m[38;5;251m+[0m[38;5;46m#[0m.......................................[38;5;46m#[0m[38;5;251m=[0m[38;5;251m+[0m[38;5;251m+[0m[38;5;251m*[0m[38;5;251m+[0m[38;5;251m+[0m[38;5;251m+[0m..[38;5;46m#[0m.............
....[38;5;46m#[0m[38;5;251m+[0m[38;5;251m*[0m[38;5;251m#[0m[38;5;251m#[0m[38;5;251m%[0m[38;5;251m%[0m[38;5;251m%[0m[38;5;251m#[0m[38;5;251m#[0m[38;5;251m*[0m[38;5;251m+[0m[38;5;46m#[0m.......................................[38;5;46m#[0m[38;5;251m+[0m[38;5;251m*[0m[38;5;251m*[0m[38;5;251m#[0m[38;5;251m*[0m[38;5;251m*[0m[38;5;251m*[0m[38;5;251m+[0m[38;5;251m=[0m[38;5;46m#[0m.............
....[38;5;46m#[0m.[38;5;251m+[0m[38;5;251m*[0m[38;5;251m#[0m[38;5;251m#[0m[38;5;251m#[0m[38;5;251m#[0m[38;5;251m#[0m[38;5;251m*[0m[38;5;251m+[0m.[38;5;46m#[0m.......................................[38;5;46m#[0m[38;5;251m*[0m[38;5;251m*[0m[38;5;251m*[0m[38;5;251m#[0m[38;5;251m#[0m[38;5;251m*[0m[38;5;251m*[0m[38;5;251m+[0m[38;5;251m=[0m[38;5;46m#[0m.............
....[38;5;46m#[0m..[38;5;251m+[0m[38;5;251m+[0m[38;5;251m+[0m[38;5;251m*[0m[38;5;251m+[0m[38;5;251m+[0m[38;5;251m+[0m..[38;5;46m#[0m.......................................[38;5;46m#[0m[38;5;251m+[0m[38;5;251m+[0m[38;5;251m*[0m[38;5;251m*[0m[38;5;251m*[0m[38;5;251m*[0m[38;5;251m+[0m[38;5;251m=[0m.[38;5;46m#[0m.............
....[38;5;46m#[0m...........[38;5;46m#[0m.......................................[38;5;46m#[0m.[38;5;251m=[0m[38;5;251m+[0m[38;5;251m+[0m[38;5;251m+[0m[38;5;251m=[0m...[38;5;46m#[0m.............
....[38;5;46m#[0m...........[38;5;46m#[0m.......................................[38;5;46m#[0m.........[38;5;46m#[0m.............
........................................................[38;5;46m#[0m.......[38;5;46m#[0m.[38;5;46m#[0m.[38;5;251m+[0m.....[38;5;46m#[0m.....
................................................................[38;5;46m#[0m[38;5;251m*[0m[38;5;251m#[0m[38;5;251m#[0m[38;5;251m#[0m[38;5;251m#[0m[38;5;251m#[0m[38;5;251m*[0m[38;5;251m+[0m.[38;5;46m#[0m.....
...............................................................[38;5;251m+[0m[38;5;46m#[0m[38;5;251m#[0m[38;5;251m%[0m[38;5;251m%[0m[38;5;251m%[0m[38;5;251m%[0m[38;5;251m%[0m[38;5;251m#[0m[38;5;251m*[0m[38;5;251m+[0m[38;5;46m#[0m.....
...............................................................[38;5;251m+[0m[38;5;46m#[0m[38;5;251m#[0m[38;5;251m%[0m[38;5;251m%[0m[38;5;251m@[0m[38;5;251m%[0m[38;5;251m%[0m[38;5;251m#[0m[38;5;251m#[0m[38;5;251m+[0m[38;5;46m#[0m.....
................................................................[38;5;46m#[0m[38;5;251m#[0m[38;5;251m#[0m[38;5;251m%[0m[38;5;251m%[0m[38;5;251m%[0m[38;5;251m#[0m[38;5;251m#[0m[38;5;251m*[0m.[38;5;46m#[0m.....
................................................................[38;5;46m#[0m.[38;5;251m+[0m[38;5;251m*[0m[38;5;251m*[0m[38;5;251m*[0m[38;5;251m+[0m...[38;5;46m#[0m.....
................................................................................
................................................................................
................................................................................
[2J[H................................................................................
................................................................................
................................................................................
................................................................................
................................................................................
................................................................................
......[38;5;46m#[0m.........[38;5;46m#[0m...............................................................
......[38;5;46m#[0m[38;5;251m+[0m[38;5;251m*[0m[38;5;251m*[0m[38;5;251m*[0m[38;5;251m*[0m[38;5;251m*[0m[38;5;251m+[0m[38;5;251m+[0m.[38;5;46m#[0m.......................................[38;5;46m#[0m..[38;5;251m=[0m[38;5;251m=[0m.....[38;5;46m#[0m.............
.....[38;5;251m+[0m[38;5;46m#[0m[38;5;251m*[0m[38;5;251m#[0m[38;5;251m#[0m[38;5;251m#[0m[38;5;251m#[0m[38;5;251m#[0m[38;5;251m*[0m[38;5;251m*[0m[38;5;251m+[0m[38;5;46m#[0m.......................................[38;5;46m#[0m[38;5;251m+[0m[38;5;251m+[0m[38;5;251m*[0m[38;5;251m*[0m[38;5;251m*[0m[38;5;251m+[0m[38;5;251m+[0m..[38;5;46m#[0m.............
.....[38;5;251m+[0m[38;5;46m#[0m[38;5;251m#[0m[38;5;251m#[0m[38;5;251m%[0m[38;5;251m%[0m[38;5;251m%[0m[38;5;251m#[0m[38;5;251m#[0m[38;5;251m*[0m[38;5;251m+[0m[38;5;46m#[0m......................................[38;5;251m=[0m[38;5;46m#[0m[38;5;251m*[0m[38;5;251m*[0m[38;5;251m#[0m[38;5;251m#[0m[38;5;251m*[0m[38;5;251m*[0m[38;5;251m+[0m[38;5;251m+[0m.[38;5;46m#[0m.............
......[38;5;46m#[0m[38;5;251m*[0m[38;5;251m#[0m[38;5;251m#[0m[38;5;251m#[0m[38;5;251m#[0m[38;5;251m#[0m[38;5;251m*[0m[38;5;251m*[0m[38;5;251m+[0m[38;5;46m#[0m......................................[38;5;251m=[0m[38;5;46m#[0m[38;5;251m*[0m[38;5;251m*[0m[38;5;251m#[0m[38;5;251m#[0m[38;5;251m*[0m[38;5;251m*[0m[38;5;251m+[0m[38;5;251m+[0m.[38;5;46m#[0m.............
......[38;5;46m#[0m[38;5;251m+[0m[38;5;251m+[0m[38;5;251m*[0m[38;5;251m*[0m[38;5;251m*[0m[38;5;251m+[0m[38;5;251m+[0m..[38;5;46m#[0m.......................................[38;5;46m#[0m[38;5;251m+[0m[38;5;251m+[0m[38;5;251m*[0m[38;5;251m*[0m[38;5;251m*[0m[38;5;251m+[0m[38;5;251m+[0m..[38;5;46m#[0m.............
......[38;5;46m#[0m.........[38;5;46m#[0m.......................................[38;5;46m#[0m.[38;5;251m=[0m[38;5;251m+[0m[38;5;251m+[0m[38;5;251m=[0m....[38;5;46m#[0m.............
......[38;5;46m#[0m.........[38;5;46m#[0m.......................................[38;5;46m#[0m.........[38;5;46m#[0m.............
................................................................[38;5;46m#[0m..[38;5;251m+[0m[38;5;251m+[0m[38;5;251m+[0m....[38;5;46m#[0m.....
................................................................[38;5;46m#[0m[38;5;251m*[0m[38;5;251m#[0m[38;5;251m#[0m[38;5;251m#[0m[38;5;251m#[0m[38;5;251m#[0m[38;5;251m*[0m[38;5;251m*[0m.[38;5;46m#[0m.....
................................................................[38;5;46m#[0m[38;5;251m#[0m[38;5;251m%[0m[38;5;251m%[0m[38;5;251m@[0m[38;5;251m%[0m[38;5;251m%[0m[38;5;251m%[0m[38;5;251m#[0m[38;5;251m*[0m[38;5;46m#[0m.....
................................................................[38;5;46m#[0m[38;5;251m#[0m[38;5;251m%[0m[38;5;251m%[0m[38;5;251m@[0m[38;5;251m%[0m[38;5;251m%[0m[38;5;251m%[0m[38;5;251m#[0m[38;5;251m*[0m[38;5;46m#[0m.....
................................................................[38;5;46m#[0m[38;5;251m*[0m[38;5;251m#[0m[38;5;251m#[0m[38;5;251m%[0m[38;5;251m#[0m[38;5;251m#[0m[38;5;251m#[0m[38;5;251m*[0m.[38;5;46m#[0m.....
................................................................[38;5;46m#[0m..[38;5;251m+[0m[38;5;251m*[0m[38;5;251m+[0m[38;5;251m+[0m...[38;5;46m#[0m.....
................................................................................
................................................................................
................................................................................
[2J[H................................................................................
................................................................................
................................................................................
................................................................................
................................................................................
................................................................................
......[38;5;46m#[0m.........[38;5;46m#[0m...............................................................
......[38;5;46m#[0m[38;5;251m+[0m[38;5;251m+[0m[38;5;251m*[0m[38;5;251m*[0m[38;5;251m*[0m[38;5;251m*[0m[38;5;251m+[0m[38;5;251m+[0m.[38;5;46m#[0m.....................................[38;5;46m#[0m...[38;5;251m=[0m[38;5;251m=[0m[38;5;251m=[0m...[38;5;46m#[0m...............
......[38;5;46m#[0m[38;5;251m*[0m[38;5;251m#[0m[38;5;251m#[0m[38;5;251m#[0m[38;5;251m#[0m[38;5;251m#[0m[38;5;251m*[0m[38;5;251m*[0m[38;5;251m+[0m[38;5;46m#[0m.....................................[38;5;46m#[0m[38;5;251m=[0m[38;5;251m+[0m[38;5;251m*[0m[38;5;251m*[0m[38;5;251m*[0m[38;5;251m*[0m[38;5;251m*[0m[38;5;251m+[0m[38;5;251m=[0m[38;5;46m#[0m...............
.....[38;5;251m+[0m[38;5;46m#[0m[38;5;251m#[0m[38;5;251m#[0m[38;5;251m%[0m[38;5;251m%[0m[38;5;251m%[0m[38;5;251m#[0m[38;5;251m#[0m[38;5;251m*[0m[38;5;251m+[0m[38;5;46m#[0m.....................................[38;5;46m#[0m[38;5;251m+[0m[38;5;251m*[0m[38;5;251m*[0m[38;5;251m#[0m[38;5;251m#[0m[38;5;251m#[0m[38;5;251m*[0m[38;5;251m*[0m[38;5;251m+[0m[38;5;46m#[0m...............
......[38;5;46m#[0m[38;5;251m*[0m[38;5;251m#[0m[38;5;251m#[0m[38;5;251m#[0m[38;5;251m#[0m[38;5;251m#[0m[38;5;251m#[0m[38;5;251m*[0m[38;5;251m+[0m[38;5;46m#[0m.....................................[38;5;46m#[0m[38;5;251m+[0m[38;5;251m*[0m[38;5;251m*[0m[38;5;251m*[0m[38;5;251m#[0m[38;5;251m*[0m[38;5;251m*[0m[38;5;251m*[0m[38;5;251m+[0m[38;5;46m#[0m...............
......[38;5;46m#[0m[38;5;251m+[0m[38;5;251m*[0m[38;5;251m*[0m[38;5;251m*[0m[38;5;251m*[0m[38;5;251m*[0m[38;5;251m+[0m[38;5;251m+[0m.[38;5;46m#[0m.....................................[38;5;46m#[0m.[38;5;251m+[0m[38;5;251m+[0m[38;5;251m+[0m[38;5;251m*[0m[38;5;251m+[0m[38;5;251m+[0m[38;5;251m+[0m.[38;5;46m#[0m...............
......[38;5;46m#[0m...[38;5;251m+[0m[38;5;251m+[0m....[38;5;46m#[0m.....................................[38;5;46m#[0m...[38;5;251m=[0m[38;5;251m=[0m[38;5;251m=[0m...[38;5;46m#[0m...............
......[38;5;46m#[0m.........[38;5;46m#[0m.....................................[38;5;46m#[0m.........[38;5;46m#[0m...............
................................................................[38;5;46m#[0m..[38;5;251m+[0m[38;5;251m*[0m[38;5;251m*[0m[38;5;251m+[0m...[38;5;46m#[0m.....
................................................................[38;5;46m#[0m[38;5;251m*[0m[38;5;251m#[0m[38;5;251m#[0m[38;5;251m%[0m[38;5;251m%[0m[38;5;251m#[0m[38;5;251m#[0m[38;5;251m*[0m.[38;5;46m#[0m.....
................................................................[38;5;46m#[0m[38;5;251m#[0m[38;5;251m%[0m[38;5;251m%[0m[38;5;251m@[0m[38;5;251m@[0m[38;5;251m%[0m[38;5;251m%[0m[38;5;251m#[0m[38;5;251m*[0m[38;5;46m#[0m.....
................................................................[38;5;46m#[0m[38;5;251m#[0m[38;5;251m%[0m[38;5;251m%[0m[38;5;251m%[0m[38;5;251m%[0m[38;5;251m%[0m[38;5;251m%[0m[38;5;251m#[0m[38;5;251m*[0m[38;5;46m#[0m.....
................................................................[38;5;46m#[0m[38;5;251m*[0m[38;5;251m#[0m[38;5;251m#[0m[38;5;251m#[0m[38;5;251m#[0m[38;5;251m#[0m[38;5;251m#[0m[38;5;251m*[0m.[38;5;46m#[0m.....
................................................................[38;5;46m#[0m...[38;5;251m+[0m[38;5;251m+[0m....[38;5;46m#[0m.....
................................................................................
................................................................................
................................................................................
[2J[H................................................................................
................................................................................
................................................................................
................................................................................
................................................................................
................................................................................
......[38;5;46m#[0m.........[38;5;46m#[0m.....................................[38;5;46m#[0m.........[38;5;46m#[0m...............
......[38;5;46m#[0m.[38;5;251m+[0m[38;5;251m+[0m[38;5;251m*[0m[38;5;251m*[0m[38;5;251m+[0m[38;5;251m+[0m..[38;5;46m#[0m.....................................[38;5;46m#[0m.[38;5;251m=[0m[38;5;251m=[0m[38;5;251m+[0m[38;5;251m+[0m[38;5;251m=[0m...[38;5;46m#[0m...............
......[38;5;46m#[0m[38;5;251m*[0m[38;5;251m*[0m[38;5;251m#[0m[38;5;251m#[0m[38;5;251m#[0m[38;5;251m#[0m[38;5;251m*[0m[38;5;251m*[0m[38;5;251m+[0m[38;5;46m#[0m.....................................[38;5;46m#[0m[38;5;251m+[0m[38;5;251m*[0m[38;5;251m*[0m[38;5;251m*[0m[38;5;251m*[0m[38;5;251m*[0m[38;5;251m+[0m[38;5;251m+[0m.[38;5;46m#[0m...............
......[38;5;46m#[0m[38;5;251m*[0m[38;5;251m#[0m[38;5;251m#[0m[38;5;251m%[0m[38;5;251m%[0m[38;5;251m#[0m[38;5;251m#[0m[38;5;251m*[0m[38;5;251m*[0m[38;5;46m#[0m.....................................[38;5;46m#[0m[38;5;251m+[0m[38;5;251m*[0m[38;5;251m*[0m[38;5;251m#[0m[38;5;251m#[0m[38;5;251m*[0m[38;5;251m*[0m[38;5;251m+[0m[38;5;251m+[0m[38;5;46m#[0m...............
......[38;5;46m#[0m[38;5;251m*[0m[38;5;251m#[0m[38;5;251m#[0m[38;5;251m#[0m[38;5;251m#[0m[38;5;251m#[0m[38;5;251m#[0m[38;5;251m*[0m[38;5;251m+[0m[38;5;46m#[0m.....................................[38;5;46m#[0m[38;5;251m+[0m[38;5;251m*[0m[38;5;251m*[0m[38;5;251m*[0m[38;5;251m*[0m[38;5;251m*[0m[38;5;251m*[0m[38;5;251m+[0m[38;5;251m=[0m[38;5;46m#[0m...............
......[38;5;46m#[0m[38;5;251m+[0m[38;5;251m*[0m[38;5;251m*[0m[38;5;251m*[0m[38;5;251m*[0m[38;5;251m*[0m[38;5;251m*[0m[38;5;251m+[0m.[38;5;46m#[0m.....................................[38;5;46m#[0m[38;5;251m=[0m[38;5;251m+[0m[38;5;251m+[0m[38;5;251m+[0m[38;5;251m+[0m[38;5;251m+[0m[38;5;251m+[0m[38;5;251m=[0m.[38;5;46m#[0m...............
......[38;5;46m#[0m..[38;5;251m+[0m[38;5;251m+[0m[38;5;251m+[0m[38;5;251m+[0m...[38;5;46m#[0m.....................................[38;5;46m#[0m...[38;5;251m=[0m[38;5;251m=[0m....[38;5;46m#[0m...............
......[38;5;46m#[0m.........[38;5;46m#[0m.....................................[38;5;46m#[0m.........[38;5;46m#[0m.........[38;5;46m#[0m.....
................................................................[38;5;46m#[0m..[38;5;251m+[0m[38;5;251m*[0m[38;5;251m*[0m[38;5;251m*[0m[38;5;251m+[0m..[38;5;46m#[0m.....
................................................................[38;5;46m#[0m[38;5;251m*[0m[38;5;251m#[0m[38;5;251m#[0m[38;5;251m%[0m[38;5;251m%[0m[38;5;251m%[0m[38;5;251m#[0m[38;5;251m*[0m[38;5;251m+[0m[38;5;46m#[0m.....
................................................................[38;5;46m#[0m[38;5;251m#[0m[38;5;251m%[0m[38;5;251m%[0m[38;5;251m@[0m[38;5;251m@[0m[38;5;251m%[0m[38;5;251m%[0m[38;5;251m#[0m[38;5;251m*[0m[38;5;46m#[0m.....
................................................................[38;5;46m#[0m[38;5;251m#[0m[38;5;251m#[0m[38;5;251m%[0m[38;5;251m%[0m[38;5;251m%[0m[38;5;251m%[0m[38;5;251m%[0m[38;5;251m#[0m[38;5;251m*[0m[38;5;46m#[0m.....
................................................................[38;5;46m#[0m[38;5;251m+[0m[38;5;251m*[0m[38;5;251m#[0m[38;5;251m#[0m[38;5;251m#[0m[38;5;251m#[0m[38;5;251m*[0m[38;5;251m*[0m.[38;5;46m#[0m.....
................................................................[38;5;46m#[0m.........[38;5;46m#[0m.....
................................................................................
................................................................................
................................................................................
[2J[H................................................................................
................................................................................
................................................................................
................................................................................
................................................................................
................................................................................
......[38;5;46m#[0m.........[38;5;46m#[0m.....................................[38;5;46m#[0m.........[38;5;46m#[0m...............
......[38;5;46m#[0m.[38;5;251m+[0m[38;5;251m+[0m[38;5;251m+[0m[38;5;251m+[0m[38;5;251m+[0m[38;5;251m+[0m..[38;5;46m#[0m.....................................[38;5;46m#[0m[38;5;251m=[0m[38;5;251m+[0m[38;5;251m+[0m[38;5;251m+[0m[38;5;251m+[0m[38;5;251m=[0m...[38;5;46m#[0m...............
......[38;5;46m#[0m[38;5;251m+[0m[38;5;251m*[0m[38;5;251m#[0m[38;5;251m#[0m[38;5;251m#[0m[38;5;251m#[0m[38;5;251m*[0m[38;5;251m*[0m[38;5;251m+[0m[38;5;46m#[0m.....................................[38;5;46m#[0m[38;5;251m+[0m[38;5;251m*[0m[38;5;251m*[0m[38;5;251m*[0m[38;5;251m*[0m[38;5;251m*[0m[38;5;251m+[0m[38;5;251m=[0m.[38;5;46m#[0m...............
......[38;5;46m#[0m[38;5;251m*[0m[38;5;251m#[0m[38;5;251m#[0m[38;5;251m%[0m[38;5;251m%[0m[38;5;251m%[0m[38;5;251m#[0m[38;5;251m#[0m[38;5;251m*[0m[38;5;46m#[0m....................................[38;5;251m=[0m[38;5;46m#[0m[38;5;251m*[0m[38;5;251m*[0m[38;5;251m#[0m[38;5;251m#[0m[38;5;251m#[0m[38;5;251m*[0m[38;5;251m*[0m[38;5;251m+[0m.[38;5;46m#[0m...............
......[38;5;46m#[0m[38;5;251m*[0m[38;5;251m#[0m[38;5;251m#[0m[38;5;251m#[0m[38;5;251m#[0m[38;5;251m#[0m[38;5;251m#[0m[38;5;251m*[0m[38;5;251m*[0m[38;5;46m#[0m....................................[38;5;251m=[0m[38;5;46m#[0m[38;5;251m*[0m[38;5;251m*[0m[38;5;251m*[0m[38;5;251m*[0m[38;5;251m*[0m[38;5;251m*[0m[38;5;251m+[0m[38;5;251m+[0m.[38;5;46m#[0m...............
......[38;5;46m#[0m[38;5;251m+[0m[38;5;251m*[0m[38;5;251m*[0m[38;5;251m*[0m[38;5;251m*[0m[38;5;251m*[0m[38;5;251m*[0m[38;5;251m+[0m[38;5;251m+[0m[38;5;46m#[0m.....................................[38;5;46m#[0m[38;5;251m=[0m[38;5;251m+[0m[38;5;251m+[0m[38;5;251m+[0m[38;5;251m+[0m[38;5;251m+[0m[38;5;251m=[0m..[38;5;46m#[0m...............
......[38;5;46m#[0m..[38;5;251m+[0m[38;5;251m+[0m[38;5;251m+[0m[38;5;251m+[0m[38;5;251m+[0m..[38;5;46m#[0m.....................................[38;5;46m#[0m.........[38;5;46m#[0m...............
......[38;5;46m#[0m.........[38;5;46m#[0m.....................................[38;5;46m#[0m.........[38;5;46m#[0m.........[38;5;46m#[0m.....
......[38;5;46m#[0m.........[38;5;46m#[0m...............................................[38;5;46m#[0m..[38;5;251m*[0m[38;5;251m*[0m[38;5;251m*[0m[38;5;251m*[0m[38;5;251m+[0m..[38;5;46m#[0m.....
................................................................[38;5;46m#[0m[38;5;251m*[0m[38;5;251m#[0m[38;5;251m#[0m[38;5;251m%[0m[38;5;251m%[0m[38;5;251m%[0m[38;5;251m#[0m[38;5;251m#[0m[38;5;251m*[0m[38;5;46m#[0m.....
................................................................[38;5;46m#[0m[38;5;251m#[0m[38;5;251m#[0m[38;5;251m%[0m[38;5;251m@[0m[38;5;251m@[0m[38;5;251m%[0m[38;5;251m%[0m[38;5;251m#[0m[38;5;251m*[0m[38;5;46m#[0m.....
................................................................[38;5;46m#[0m[38;5;251m*[0m[38;5;251m#[0m[38;5;251m%[0m[38;5;251m%[0m[38;5;251m%[0m[38;5;251m%[0m[38;5;251m%[0m[38;5;251m#[0m[38;5;251m*[0m[38;5;46m#[0m.....
................................................................[38;5;46m#[0m.[38;5;251m*[0m[38;5;251m*[0m[38;5;251m#[0m[38;5;251m#[0m[38;5;251m#[0m[38;5;251m*[0m[38;5;251m*[0m.[38;5;46m#[0m.....
................................................................[38;5;46m#[0m.........[38;5;46m#[0m.....
................................................................................
................................................................................
................................................................................
weft-tensor flight | 1.8s | seq 209 | render 199 | stalls 16 | infer 11.5us | boxes 3 | gc 12[2J[H................................................................................
................................................................................
................................................................................
................................................................................
................................................................................
................................................................................
......[38;5;46m#[0m...........[38;5;46m#[0m.................................[38;5;46m#[0m.........[38;5;46m#[0m.................
......[38;5;46m#[0m..[38;5;251m+[0m[38;5;251m+[0m[38;5;251m+[0m[38;5;251m+[0m[38;5;251m+[0m....[38;5;46m#[0m.................................[38;5;46m#[0m.[38;5;251m=[0m[38;5;251m+[0m[38;5;251m+[0m[38;5;251m+[0m[38;5;251m+[0m[38;5;251m+[0m[38;5;251m=[0m.[38;5;46m#[0m.................
......[38;5;46m#[0m[38;5;251m+[0m[38;5;251m*[0m[38;5;251m*[0m[38;5;251m#[0m[38;5;251m#[0m[38;5;251m#[0m[38;5;251m*[0m[38;5;251m*[0m[38;5;251m+[0m..[38;5;46m#[0m.................................[38;5;46m#[0m[38;5;251m+[0m[38;5;251m+[0m[38;5;251m*[0m[38;5;251m*[0m[38;5;251m*[0m[38;5;251m*[0m[38;5;251m*[0m[38;5;251m*[0m[38;5;251m+[0m[38;5;46m#[0m.................
......[38;5;46m#[0m[38;5;251m*[0m[38;5;251m#[0m[38;5;251m#[0m[38;5;251m#[0m[38;5;251m%[0m[38;5;251m%[0m[38;5;251m#[0m[38;5;251m#[0m[38;5;251m*[0m[38;5;251m+[0m.[38;5;46m#[0m.................................[38;5;46m#[0m[38;5;251m+[0m[38;5;251m*[0m[38;5;251m*[0m[38;5;251m#[0m[38;5;251m#[0m[38;5;251m#[0m[38;5;251m*[0m[38;5;251m*[0m[38;5;251m+[0m[38;5;46m#[0m.................
......[38;5;46m#[0m[38;5;251m*[0m[38;5;251m#[0m[38;5;251m#[0m[38;5;251m#[0m[38;5;251m%[0m[38;5;251m#[0m[38;5;251m#[0m[38;5;251m#[0m[38;5;251m*[0m[38;5;251m+[0m.[38;5;46m#[0m.................................[38;5;46m#[0m[38;5;251m+[0m[38;5;251m+[0m[38;5;251m*[0m[38;5;251m*[0m[38;5;251m*[0m[38;5;251m*[0m[38;5;251m*[0m[38;5;251m+[0m[38;5;251m+[0m[38;5;46m#[0m.................
......[38;5;46m#[0m[38;5;251m+[0m[38;5;251m*[0m[38;5;251m*[0m[38;5;251m#[0m[38;5;251m#[0m[38;5;251m#[0m[38;5;251m*[0m[38;5;251m*[0m[38;5;251m+[0m..[38;5;46m#[0m.................................[38;5;46m#[0m.[38;5;251m=[0m[38;5;251m+[0m[38;5;251m+[0m[38;5;251m+[0m[38;5;251m+[0m[38;5;251m+[0m[38;5;251m=[0m.[38;5;46m#[0m.................
......[38;5;46m#[0m..[38;5;251m+[0m[38;5;251m+[0m[38;5;251m+[0m[38;5;251m+[0m[38;5;251m+[0m[38;5;251m+[0m...[38;5;46m#[0m.................................[38;5;46m#[0m.........[38;5;46m#[0m.................
......[38;5;46m#[0m...........[38;5;46m#[0m.................................[38;5;46m#[0m.........[38;5;46m#[0m.[38;5;46m#[0m.........[38;5;46m#[0m.....
......[38;5;46m#[0m...........[38;5;46m#[0m.............................................[38;5;46m#[0m..[38;5;251m*[0m[38;5;251m*[0m[38;5;251m*[0m[38;5;251m*[0m[38;5;251m*[0m[38;5;251m+[0m.[38;5;46m#[0m.....
................................................................[38;5;46m#[0m[38;5;251m*[0m[38;5;251m#[0m[38;5;251m#[0m[38;5;251m%[0m[38;5;251m%[0m[38;5;251m%[0m[38;5;251m%[0m[38;5;251m#[0m[38;5;251m*[0m[38;5;46m#[0m.....
................................................................[38;5;46m#[0m[38;5;251m*[0m[38;5;251m#[0m[38;5;251m%[0m[38;5;251m%[0m[38;5;251m@[0m[38;5;251m@[0m[38;5;251m%[0m[38;5;251m%[0m[38;5;251m#[0m[38;5;46m#[0m.....
................................................................[38;5;46m#[0m[38;5;251m*[0m[38;5;251m#[0m[38;5;251m%[0m[38;5;251m%[0m[38;5;251m%[0m[38;5;251m%[0m[38;5;251m%[0m[38;5;251m#[0m[38;5;251m*[0m[38;5;46m#[0m.....
................................................................[38;5;46m#[0m.[38;5;251m+[0m[38;5;251m*[0m[38;5;251m*[0m[38;5;251m#[0m[38;5;251m#[0m[38;5;251m*[0m[38;5;251m*[0m.[38;5;46m#[0m.....
................................................................[38;5;46m#[0m.........[38;5;46m#[0m.....
................................................................................
................................................................................
................................................................................
[2J[H................................................................................
................................................................................
................................................................................
................................................................................
................................................................................
................................................................................
....................................................[38;5;46m#[0m.........[38;5;46m#[0m.................
......[38;5;46m#[0m...[38;5;251m+[0m[38;5;251m+[0m[38;5;251m+[0m[38;5;251m+[0m....[38;5;46m#[0m.................................[38;5;46m#[0m[38;5;251m=[0m[38;5;251m+[0m[38;5;251m+[0m[38;5;251m+[0m[38;5;251m+[0m[38;5;251m+[0m[38;5;251m+[0m[38;5;251m=[0m.[38;5;46m#[0m.................
......[38;5;46m#[0m[38;5;251m+[0m[38;5;251m+[0m[38;5;251m*[0m[38;5;251m*[0m[38;5;251m#[0m[38;5;251m#[0m[38;5;251m*[0m[38;5;251m*[0m[38;5;251m+[0m..[38;5;46m#[0m.................................[38;5;46m#[0m[38;5;251m+[0m[38;5;251m*[0m[38;5;251m*[0m[38;5;251m*[0m[38;5;251m*[0m[38;5;251m*[0m[38;5;251m*[0m[38;5;251m+[0m[38;5;251m+[0m[38;5;46m#[0m.................
......[38;5;46m#[0m[38;5;251m*[0m[38;5;251m*[0m[38;5;251m#[0m[38;5;251m#[0m[38;5;251m%[0m[38;5;251m%[0m[38;5;251m#[0m[38;5;251m#[0m[38;5;251m*[0m[38;5;251m+[0m.[38;5;46m#[0m.................................[38;5;46m#[0m[38;5;251m+[0m[38;5;251m*[0m[38;5;251m*[0m[38;5;251m#[0m[38;5;251m#[0m[38;5;251m*[0m[38;5;251m*[0m[38;5;251m*[0m[38;5;251m+[0m[38;5;46m#[0m.................
......[38;5;46m#[0m[38;5;251m*[0m[38;5;251m*[0m[38;5;251m#[0m[38;5;251m#[0m[38;5;251m%[0m[38;5;251m%[0m[38;5;251m#[0m[38;5;251m#[0m[38;5;251m*[0m[38;5;251m+[0m.[38;5;46m#[0m.................................[38;5;46m#[0m[38;5;251m+[0m[38;5;251m*[0m[38;5;251m*[0m[38;5;251m*[0m[38;5;251m*[0m[38;5;251m*[0m[38;5;251m*[0m[38;5;251m+[0m[38;5;251m=[0m[38;5;46m#[0m.................
......[38;5;46m#[0m[38;5;251m+[0m[38;5;251m*[0m[38;5;251m*[0m[38;5;251m#[0m[38;5;251m#[0m[38;5;251m#[0m[38;5;251m#[0m[38;5;251m*[0m[38;5;251m+[0m[38;5;251m+[0m.[38;5;46m#[0m.................................[38;5;46m#[0m.[38;5;251m=[0m[38;5;251m+[0m[38;5;251m+[0m[38;5;251m+[0m[38;5;251m+[0m[38;5;251m=[0m..[38;5;46m#[0m.................
......[38;5;46m#[0m.[38;5;251m+[0m[38;5;251m+[0m[38;5;251m*[0m[38;5;251m*[0m[38;5;251m*[0m[38;5;251m+[0m[38;5;251m+[0m...[38;5;46m#[0m.................................[38;5;46m#[0m.........[38;5;46m#[0m.................
......[38;5;46m#[0m...........[38;5;46m#[0m.................................[38;5;46m#[0m.........[38;5;46m#[0m.[38;5;46m#[0m.........[38;5;46m#[0m.....
......[38;5;46m#[0m...........[38;5;46m#[0m.............................................[38;5;46m#[0m..[38;5;251m*[0m[38;5;251m*[0m[38;5;251m*[0m[38;5;251m*[0m[38;5;251m*[0m[38;5;251m+[0m.[38;5;46m#[0m.....
................................................................[38;5;46m#[0m[38;5;251m*[0m[38;5;251m#[0m[38;5;251m#[0m[38;5;251m%[0m[38;5;251m%[0m[38;5;251m%[0m[38;5;251m%[0m[38;5;251m#[0m[38;5;251m*[0m[38;5;46m#[0m.....
................................................................[38;5;46m#[0m[38;5;251m*[0m[38;5;251m#[0m[38;5;251m%[0m[38;5;251m%[0m[38;5;251m@[0m[38;5;251m@[0m[38;5;251m%[0m[38;5;251m%[0m[38;5;251m#[0m[38;5;46m#[0m.....
................................................................[38;5;46m#[0m[38;5;251m*[0m[38;5;251m#[0m[38;5;251m#[0m[38;5;251m%[0m[38;5;251m%[0m[38;5;251m%[0m[38;5;251m%[0m[38;5;251m#[0m[38;5;251m*[0m[38;5;46m#[0m.....
................................................................[38;5;46m#[0m..[38;5;251m*[0m[38;5;251m*[0m[38;5;251m*[0m[38;5;251m*[0m[38;5;251m*[0m[38;5;251m+[0m.[38;5;46m#[0m.....
................................................................[38;5;46m#[0m.........[38;5;46m#[0m.....
................................................................................
................................................................................
................................................................................
[2J[H................................................................................
................................................................................
................................................................................
................................................................................
................................................................................
................................................................................
....................................................[38;5;46m#[0m.........[38;5;46m#[0m.................
......[38;5;46m#[0m...........[38;5;46m#[0m.................................[38;5;46m#[0m[38;5;251m+[0m[38;5;251m+[0m[38;5;251m*[0m[38;5;251m*[0m[38;5;251m*[0m[38;5;251m+[0m[38;5;251m+[0m..[38;5;46m#[0m.................
......[38;5;46m#[0m.[38;5;251m+[0m[38;5;251m*[0m[38;5;251m*[0m[38;5;251m*[0m[38;5;251m*[0m[38;5;251m*[0m[38;5;251m*[0m[38;5;251m+[0m..[38;5;46m#[0m................................[38;5;251m=[0m[38;5;46m#[0m[38;5;251m*[0m[38;5;251m*[0m[38;5;251m*[0m[38;5;251m#[0m[38;5;251m*[0m[38;5;251m*[0m[38;5;251m*[0m[38;5;251m+[0m[38;5;251m=[0m[38;5;46m#[0m.................
......[38;5;46m#[0m[38;5;251m+[0m[38;5;251m*[0m[38;5;251m#[0m[38;5;251m#[0m[38;5;251m#[0m[38;5;251m#[0m[38;5;251m#[0m[38;5;251m#[0m[38;5;251m*[0m[38;5;251m+[0m.[38;5;46m#[0m................................[38;5;251m=[0m[38;5;46m#[0m[38;5;251m*[0m[38;5;251m*[0m[38;5;251m#[0m[38;5;251m#[0m[38;5;251m#[0m[38;5;251m*[0m[38;5;251m*[0m[38;5;251m+[0m[38;5;251m=[0m[38;5;46m#[0m.................
......[38;5;46m#[0m[38;5;251m+[0m[38;5;251m*[0m[38;5;251m#[0m[38;5;251m#[0m[38;5;251m%[0m[38;5;251m%[0m[38;5;251m#[0m[38;5;251m#[0m[38;5;251m*[0m[38;5;251m*[0m[38;5;251m+[0m[38;5;46m#[0m.................................[38;5;46m#[0m[38;5;251m+[0m[38;5;251m*[0m[38;5;251m*[0m[38;5;251m*[0m[38;5;251m*[0m[38;5;251m*[0m[38;5;251m+[0m[38;5;251m=[0m.[38;5;46m#[0m.................
......[38;5;46m#[0m[38;5;251m+[0m[38;5;251m*[0m[38;5;251m*[0m[38;5;251m#[0m[38;5;251m#[0m[38;5;251m#[0m[38;5;251m#[0m[38;5;251m*[0m[38;5;251m*[0m[38;5;251m+[0m.[38;5;46m#[0m.................................[38;5;46m#[0m.[38;5;251m=[0m[38;5;251m+[0m[38;5;251m+[0m[38;5;251m=[0m[38;5;251m=[0m...[38;5;46m#[0m.................
......[38;5;46m#[0m.[38;5;251m+[0m[38;5;251m+[0m[38;5;251m*[0m[38;5;251m*[0m[38;5;251m*[0m[38;5;251m*[0m[38;5;251m+[0m[38;5;251m+[0m..[38;5;46m#[0m.................................[38;5;46m#[0m.........[38;5;46m#[0m.................
......[38;5;46m#[0m...........[38;5;46m#[0m.................................[38;5;46m#[0m.........[38;5;46m#[0m.[38;5;46m#[0m.........[38;5;46m#[0m.....
......[38;5;46m#[0m...........[38;5;46m#[0m.............................................[38;5;46m#[0m..[38;5;251m*[0m[38;5;251m*[0m[38;5;251m#[0m[38;5;251m#[0m[38;5;251m*[0m[38;5;251m*[0m.[38;5;46m#[0m.....
................................................................[38;5;46m#[0m[38;5;251m+[0m[38;5;251m#[0m[38;5;251m#[0m[38;5;251m%[0m[38;5;251m%[0m[38;5;251m%[0m[38;5;251m%[0m[38;5;251m#[0m[38;5;251m*[0m[38;5;46m#[0m.....
................................................................[38;5;46m#[0m[38;5;251m*[0m[38;5;251m#[0m[38;5;251m%[0m[38;5;251m%[0m[38;5;251m@[0m[38;5;251m@[0m[38;5;251m%[0m[38;5;251m%[0m[38;5;251m#[0m[38;5;46m#[0m.....
................................................................[38;5;46m#[0m[38;5;251m+[0m[38;5;251m*[0m[38;5;251m#[0m[38;5;251m%[0m[38;5;251m%[0m[38;5;251m%[0m[38;5;251m%[0m[38;5;251m#[0m[38;5;251m*[0m[38;5;46m#[0m.....
................................................................[38;5;46m#[0m..[38;5;251m+[0m[38;5;251m*[0m[38;5;251m*[0m[38;5;251m*[0m[38;5;251m*[0m[38;5;251m+[0m.[38;5;46m#[0m.....
................................................................[38;5;46m#[0m.........[38;5;46m#[0m.....
................................................................................
................................................................................
................................................................................
[2J[H................................................................................
................................................................................
................................................................................
................................................................................
................................................................................
................................................................................
..................................................[38;5;46m#[0m...[38;5;251m=[0m[38;5;251m=[0m[38;5;251m=[0m.....[38;5;46m#[0m.................
........[38;5;46m#[0m.........[38;5;46m#[0m...............................[38;5;46m#[0m[38;5;251m=[0m[38;5;251m+[0m[38;5;251m+[0m[38;5;251m*[0m[38;5;251m*[0m[38;5;251m*[0m[38;5;251m*[0m[38;5;251m+[0m[38;5;251m=[0m..[38;5;46m#[0m.................
........[38;5;46m#[0m[38;5;251m+[0m[38;5;251m*[0m[38;5;251m*[0m[38;5;251m*[0m[38;5;251m*[0m[38;5;251m*[0m[38;5;251m+[0m..[38;5;46m#[0m...............................[38;5;46m#[0m[38;5;251m+[0m[38;5;251m*[0m[38;5;251m*[0m[38;5;251m*[0m[38;5;251m#[0m[38;5;251m#[0m[38;5;251m*[0m[38;5;251m*[0m[38;5;251m+[0m[38;5;251m=[0m.[38;5;46m#[0m.................
.......[38;5;251m+[0m[38;5;46m#[0m[38;5;251m*[0m[38;5;251m#[0m[38;5;251m#[0m[38;5;251m#[0m[38;5;251m#[0m[38;5;251m#[0m[38;5;251m*[0m[38;5;251m*[0m[38;5;251m+[0m[38;5;46m#[0m...............................[38;5;46m#[0m[38;5;251m+[0m[38;5;251m*[0m[38;5;251m*[0m[38;5;251m*[0m[38;5;251m#[0m[38;5;251m#[0m[38;5;251m*[0m[38;5;251m*[0m[38;5;251m+[0m[38;5;251m=[0m.[38;5;46m#[0m.................
.......[38;5;251m+[0m[38;5;46m#[0m[38;5;251m#[0m[38;5;251m#[0m[38;5;251m%[0m[38;5;251m%[0m[38;5;251m%[0m[38;5;251m#[0m[38;5;251m#[0m[38;5;251m*[0m[38;5;251m+[0m[38;5;46m#[0m...............................[38;5;46m#[0m[38;5;251m=[0m[38;5;251m+[0m[38;5;251m+[0m[38;5;251m*[0m[38;5;251m*[0m[38;5;251m*[0m[38;5;251m*[0m[38;5;251m+[0m[38;5;251m+[0m..[38;5;46m#[0m.................
.......[38;5;251m+[0m[38;5;46m#[0m[38;5;251m*[0m[38;5;251m#[0m[38;5;251m#[0m[38;5;251m#[0m[38;5;251m#[0m[38;5;251m#[0m[38;5;251m*[0m[38;5;251m+[0m.[38;5;46m#[0m...............................[38;5;46m#[0m...[38;5;251m=[0m[38;5;251m=[0m[38;5;251m=[0m[38;5;251m=[0m....[38;5;46m#[0m.................
........[38;5;46m#[0m[38;5;251m+[0m[38;5;251m*[0m[38;5;251m*[0m[38;5;251m*[0m[38;5;251m*[0m[38;5;251m*[0m[38;5;251m+[0m..[38;5;46m#[0m...............................[38;5;46m#[0m...........[38;5;46m#[0m.................
........[38;5;46m#[0m.........[38;5;46m#[0m...............................................[38;5;46m#[0m.........[38;5;46m#[0m...
........[38;5;46m#[0m.........[38;5;46m#[0m...............................................[38;5;46m#[0m[38;5;251m*[0m[38;5;251m#[0m[38;5;251m#[0m[38;5;251m#[0m[38;5;251m#[0m[38;5;251m*[0m[38;5;251m+[0m..[38;5;46m#[0m...
.................................................................[38;5;251m+[0m[38;5;46m#[0m[38;5;251m#[0m[38;5;251m%[0m[38;5;251m%[0m[38;5;251m%[0m[38;5;251m%[0m[38;5;251m%[0m[38;5;251m#[0m[38;5;251m*[0m.[38;5;46m#[0m...
.................................................................[38;5;251m*[0m[38;5;46m#[0m[38;5;251m%[0m[38;5;251m%[0m[38;5;251m@[0m[38;5;251m@[0m[38;5;251m%[0m[38;5;251m%[0m[38;5;251m#[0m[38;5;251m*[0m.[38;5;46m#[0m...
..................................................................[38;5;46m#[0m[38;5;251m#[0m[38;5;251m#[0m[38;5;251m%[0m[38;5;251m%[0m[38;5;251m#[0m[38;5;251m#[0m[38;5;251m*[0m..[38;5;46m#[0m...
..................................................................[38;5;46m#[0m.[38;5;251m+[0m[38;5;251m*[0m[38;5;251m*[0m[38;5;251m+[0m....[38;5;46m#[0m...
..................................................................[38;5;46m#[0m.........[38;5;46m#[0m...
................................................................................
................................................................................
................................................................................
[2J[H................................................................................
................................................................................
................................................................................
................................................................................
................................................................................
................................................................................
..................................................[38;5;46m#[0m..[38;5;251m=[0m[38;5;251m+[0m[38;5;251m+[0m[38;5;251m=[0m...[38;5;46m#[0m...................
........[38;5;46m#[0m.........[38;5;46m#[0m...............................[38;5;46m#[0m[38;5;251m+[0m[38;5;251m+[0m[38;5;251m*[0m[38;5;251m*[0m[38;5;251m*[0m[38;5;251m*[0m[38;5;251m+[0m[38;5;251m+[0m[38;5;251m=[0m[38;5;46m#[0m...................
........[38;5;46m#[0m[38;5;251m+[0m[38;5;251m+[0m[38;5;251m*[0m[38;5;251m*[0m[38;5;251m*[0m[38;5;251m*[0m[38;5;251m+[0m..[38;5;46m#[0m...............................[38;5;46m#[0m[38;5;251m+[0m[38;5;251m*[0m[38;5;251m*[0m[38;5;251m#[0m[38;5;251m#[0m[38;5;251m*[0m[38;5;251m*[0m[38;5;251m*[0m[38;5;251m+[0m[38;5;46m#[0m...................
........[38;5;46m#[0m[38;5;251m*[0m[38;5;251m#[0m[38;5;251m#[0m[38;5;251m#[0m[38;5;251m#[0m[38;5;251m#[0m[38;5;251m*[0m[38;5;251m*[0m[38;5;251m+[0m[38;5;46m#[0m...............................[38;5;46m#[0m[38;5;251m+[0m[38;5;251m*[0m[38;5;251m*[0m[38;5;251m#[0m[38;5;251m#[0m[38;5;251m*[0m[38;5;251m*[0m[38;5;251m+[0m[38;5;251m+[0m[38;5;46m#[0m...................
.......[38;5;251m+[0m[38;5;46m#[0m[38;5;251m#[0m[38;5;251m#[0m[38;5;251m%[0m[38;5;251m%[0m[38;5;251m%[0m[38;5;251m#[0m[38;5;251m#[0m[38;5;251m*[0m[38;5;251m+[0m[38;5;46m#[0m...............................[38;5;46m#[0m[38;5;251m+[0m[38;5;251m+[0m[38;5;251m+[0m[38;5;251m*[0m[38;5;251m*[0m[38;5;251m*[0m[38;5;251m+[0m[38;5;251m+[0m.[38;5;46m#[0m...................
........[38;5;46m#[0m[38;5;251m*[0m[38;5;251m#[0m[38;5;251m#[0m[38;5;251m#[0m[38;5;251m#[0m[38;5;251m#[0m[38;5;251m#[0m[38;5;251m*[0m[38;5;251m+[0m[38;5;46m#[0m...............................[38;5;46m#[0m...[38;5;251m=[0m[38;5;251m=[0m....[38;5;46m#[0m...................
........[38;5;46m#[0m[38;5;251m+[0m[38;5;251m*[0m[38;5;251m*[0m[38;5;251m*[0m[38;5;251m*[0m[38;5;251m*[0m[38;5;251m*[0m[38;5;251m+[0m.[38;5;46m#[0m...............................[38;5;46m#[0m.........[38;5;46m#[0m...................
........[38;5;46m#[0m...[38;5;251m+[0m.....[38;5;46m#[0m...............................................[38;5;46m#[0m.........[38;5;46m#[0m...
........[38;5;46m#[0m.........[38;5;46m#[0m...............................................[38;5;46m#[0m[38;5;251m*[0m[38;5;251m#[0m[38;5;251m#[0m[38;5;251m#[0m[38;5;251m#[0m[38;5;251m*[0m[38;5;251m*[0m..[38;5;46m#[0m...
.................................................................[38;5;251m+[0m[38;5;46m#[0m[38;5;251m#[0m[38;5;251m%[0m[38;5;251m%[0m[38;5;251m%[0m[38;5;251m%[0m[38;5;251m%[0m[38;5;251m#[0m[38;5;251m*[0m.[38;5;46m#[0m...
.................................................................[38;5;251m+[0m[38;5;46m#[0m[38;5;251m%[0m[38;5;251m%[0m[38;5;251m@[0m[38;5;251m@[0m[38;5;251m%[0m[38;5;251m%[0m[38;5;251m#[0m[38;5;251m*[0m.[38;5;46m#[0m...
..................................................................[38;5;46m#[0m[38;5;251m*[0m[38;5;251m#[0m[38;5;251m#[0m[38;5;251m%[0m[38;5;251m#[0m[38;5;251m#[0m[38;5;251m*[0m..[38;5;46m#[0m...
..................................................................[38;5;46m#[0m..[38;5;251m+[0m[38;5;251m+[0m[38;5;251m+[0m....[38;5;46m#[0m...
..................................................................[38;5;46m#[0m.........[38;5;46m#[0m...
................................................................................
................................................................................
................................................................................
[2J[H................................................................................
................................................................................
................................................................................
................................................................................
................................................................................
................................................................................
..................................................[38;5;46m#[0m[38;5;251m=[0m[38;5;251m=[0m[38;5;251m+[0m[38;5;251m+[0m[38;5;251m+[0m[38;5;251m=[0m...[38;5;46m#[0m...................
........[38;5;46m#[0m.........[38;5;46m#[0m...............................[38;5;46m#[0m[38;5;251m+[0m[38;5;251m*[0m[38;5;251m*[0m[38;5;251m*[0m[38;5;251m*[0m[38;5;251m*[0m[38;5;251m+[0m[38;5;251m+[0m.[38;5;46m#[0m...................
........[38;5;46m#[0m.[38;5;251m+[0m[38;5;251m+[0m[38;5;251m*[0m[38;5;251m*[0m[38;5;251m*[0m[38;5;251m+[0m..[38;5;46m#[0m..............................[38;5;251m=[0m[38;5;46m#[0m[38;5;251m*[0m[38;5;251m*[0m[38;5;251m#[0m[38;5;251m#[0m[38;5;251m#[0m[38;5;251m*[0m[38;5;251m*[0m[38;5;251m+[0m[38;5;251m=[0m[38;5;46m#[0m...................
........[38;5;46m#[0m[38;5;251m*[0m[38;5;251m*[0m[38;5;251m#[0m[38;5;251m#[0m[38;5;251m#[0m[38;5;251m#[0m[38;5;251m#[0m[38;5;251m*[0m[38;5;251m+[0m[38;5;46m#[0m..............................[38;5;251m=[0m[38;5;46m#[0m[38;5;251m*[0m[38;5;251m*[0m[38;5;251m*[0m[38;5;251m*[0m[38;5;251m*[0m[38;5;251m*[0m[38;5;251m*[0m[38;5;251m+[0m[38;5;251m=[0m[38;5;46m#[0m...................
........[38;5;46m#[0m[38;5;251m*[0m[38;5;251m#[0m[38;5;251m#[0m[38;5;251m%[0m[38;5;251m%[0m[38;5;251m#[0m[38;5;251m#[0m[38;5;251m*[0m[38;5;251m*[0m[38;5;46m#[0m...............................[38;5;46m#[0m[38;5;251m+[0m[38;5;251m+[0m[38;5;251m+[0m[38;5;251m*[0m[38;5;251m+[0m[38;5;251m+[0m[38;5;251m+[0m..[38;5;46m#[0m...................
........[38;5;46m#[0m[38;5;251m*[0m[38;5;251m#[0m[38;5;251m#[0m[38;5;251m#[0m[38;5;251m#[0m[38;5;251m#[0m[38;5;251m#[0m[38;5;251m*[0m[38;5;251m+[0m[38;5;46m#[0m...............................[38;5;46m#[0m.........[38;5;46m#[0m...................
........[38;5;46m#[0m[38;5;251m+[0m[38;5;251m*[0m[38;5;251m*[0m[38;5;251m#[0m[38;5;251m#[0m[38;5;251m*[0m[38;5;251m*[0m[38;5;251m+[0m[38;5;251m+[0m[38;5;46m#[0m...............................[38;5;46m#[0m.........[38;5;46m#[0m...................
........[38;5;46m#[0m..[38;5;251m+[0m[38;5;251m+[0m[38;5;251m+[0m[38;5;251m+[0m...[38;5;46m#[0m...............................................[38;5;46m#[0m.........[38;5;46m#[0m...
........[38;5;46m#[0m.........[38;5;46m#[0m...............................................[38;5;46m#[0m[38;5;251m*[0m[38;5;251m#[0m[38;5;251m#[0m[38;5;251m#[0m[38;5;251m#[0m[38;5;251m#[0m[38;5;251m*[0m..[38;5;46m#[0m...
.................................................................[38;5;251m+[0m[38;5;46m#[0m[38;5;251m#[0m[38;5;251m%[0m[38;5;251m%[0m[38;5;251m@[0m[38;5;251m%[0m[38;5;251m%[0m[38;5;251m#[0m[38;5;251m*[0m.[38;5;46m#[0m...
.................................................................[38;5;251m+[0m[38;5;46m#[0m[38;5;251m#[0m[38;5;251m%[0m[38;5;251m%[0m[38;5;251m%[0m[38;5;251m%[0m[38;5;251m%[0m[38;5;251m#[0m[38;5;251m*[0m.[38;5;46m#[0m...
..................................................................[38;5;46m#[0m[38;5;251m*[0m[38;5;251m#[0m[38;5;251m#[0m[38;5;251m#[0m[38;5;251m#[0m[38;5;251m#[0m[38;5;251m*[0m..[38;5;46m#[0m...
..................................................................[38;5;46m#[0m.........[38;5;46m#[0m...
..................................................................[38;5;46m#[0m.........[38;5;46m#[0m...
................................................................................
................................................................................
................................................................................
[2J[H................................................................................
................................................................................
................................................................................
................................................................................
................................................................................
................................................................................
................................................[38;5;46m#[0m.[38;5;251m=[0m[38;5;251m+[0m[38;5;251m+[0m[38;5;251m+[0m[38;5;251m+[0m[38;5;251m+[0m[38;5;251m=[0m...[38;5;46m#[0m...................
................................................[38;5;46m#[0m[38;5;251m+[0m[38;5;251m+[0m[38;5;251m*[0m[38;5;251m*[0m[38;5;251m*[0m[38;5;251m*[0m[38;5;251m*[0m[38;5;251m*[0m[38;5;251m+[0m[38;5;251m=[0m.[38;5;46m#[0m...................
........[38;5;46m#[0m..[38;5;251m+[0m[38;5;251m+[0m[38;5;251m+[0m[38;5;251m+[0m[38;5;251m+[0m..[38;5;46m#[0m.............................[38;5;46m#[0m[38;5;251m+[0m[38;5;251m*[0m[38;5;251m*[0m[38;5;251m#[0m[38;5;251m#[0m[38;5;251m#[0m[38;5;251m*[0m[38;5;251m*[0m[38;5;251m+[0m[38;5;251m+[0m.[38;5;46m#[0m...................
........[38;5;46m#[0m[38;5;251m+[0m[38;5;251m*[0m[38;5;251m*[0m[38;5;251m#[0m[38;5;251m#[0m[38;5;251m#[0m[38;5;251m#[0m[38;5;251m*[0m[38;5;251m+[0m[38;5;46m#[0m.............................[38;5;46m#[0m[38;5;251m+[0m[38;5;251m+[0m[38;5;251m*[0m[38;5;251m*[0m[38;5;251m*[0m[38;5;251m*[0m[38;5;251m*[0m[38;5;251m*[0m[38;5;251m+[0m[38;5;251m=[0m.[38;5;46m#[0m...................
........[38;5;46m#[0m[38;5;251m*[0m[38;5;251m#[0m[38;5;251m#[0m[38;5;251m%[0m[38;5;251m%[0m[38;5;251m%[0m[38;5;251m#[0m[38;5;251m#[0m[38;5;251m*[0m[38;5;46m#[0m.............................[38;5;46m#[0m.[38;5;251m=[0m[38;5;251m+[0m[38;5;251m+[0m[38;5;251m+[0m[38;5;251m+[0m[38;5;251m+[0m[38;5;251m+[0m[38;5;251m=[0m..[38;5;46m#[0m...................
........[38;5;46m#[0m[38;5;251m*[0m[38;5;251m*[0m[38;5;251m#[0m[38;5;251m#[0m[38;5;251m#[0m[38;5;251m#[0m[38;5;251m#[0m[38;5;251m#[0m[38;5;251m*[0m[38;5;46m#[0m.............................[38;5;46m#[0m...........[38;5;46m#[0m...................
........[38;5;46m#[0m[38;5;251m+[0m[38;5;251m*[0m[38;5;251m*[0m[38;5;251m#[0m[38;5;251m#[0m[38;5;251m#[0m[38;5;251m*[0m[38;5;251m*[0m[38;5;251m+[0m[38;5;46m#[0m.............................[38;5;46m#[0m...........[38;5;46m#[0m...................
........[38;5;46m#[0m..[38;5;251m+[0m[38;5;251m+[0m[38;5;251m+[0m[38;5;251m+[0m[38;5;251m+[0m..[38;5;46m#[0m...............................................[38;5;46m#[0m..[38;5;251m+[0m[38;5;251m+[0m.....[38;5;46m#[0m...
........[38;5;46m#[0m.........[38;5;46m#[0m...............................................[38;5;46m#[0m[38;5;251m*[0m[38;5;251m#[0m[38;5;251m#[0m[38;5;251m%[0m[38;5;251m#[0m[38;5;251m#[0m[38;5;251m*[0m..[38;5;46m#[0m...
..................................................................[38;5;46m#[0m[38;5;251m#[0m[38;5;251m%[0m[38;5;251m%[0m[38;5;251m@[0m[38;5;251m%[0m[38;5;251m%[0m[38;5;251m#[0m[38;5;251m*[0m.[38;5;46m#[0m...
..................................................................[38;5;46m#[0m[38;5;251m#[0m[38;5;251m%[0m[38;5;251m%[0m[38;5;251m%[0m[38;5;251m%[0m[38;5;251m%[0m[38;5;251m#[0m[38;5;251m*[0m.[38;5;46m#[0m...
..................................................................[38;5;46m#[0m[38;5;251m*[0m[38;5;251m#[0m[38;5;251m#[0m[38;5;251m#[0m[38;5;251m#[0m[38;5;251m*[0m[38;5;251m+[0m..[38;5;46m#[0m...
..................................................................[38;5;46m#[0m.........[38;5;46m#[0m...
..................................................................[38;5;46m#[0m.........[38;5;46m#[0m...
................................................................................
................................................................................
................................................................................
[2J[H................................................................................
................................................................................
................................................................................
................................................................................
................................................................................
................................................................................
................................................[38;5;46m#[0m[38;5;251m=[0m[38;5;251m+[0m[38;5;251m+[0m[38;5;251m+[0m[38;5;251m+[0m[38;5;251m+[0m[38;5;251m+[0m[38;5;251m=[0m.[38;5;46m#[0m.....................
................................................[38;5;46m#[0m[38;5;251m+[0m[38;5;251m*[0m[38;5;251m*[0m[38;5;251m*[0m[38;5;251m*[0m[38;5;251m*[0m[38;5;251m*[0m[38;5;251m+[0m[38;5;251m=[0m[38;5;46m#[0m.....................
........[38;5;46m#[0m...[38;5;251m+[0m[38;5;251m+[0m[38;5;251m+[0m[38;5;251m+[0m....[38;5;46m#[0m...........................[38;5;46m#[0m[38;5;251m*[0m[38;5;251m*[0m[38;5;251m*[0m[38;5;251m#[0m[38;5;251m#[0m[38;5;251m*[0m[38;5;251m*[0m[38;5;251m*[0m[38;5;251m+[0m[38;5;46m#[0m.....................
........[38;5;46m#[0m[38;5;251m+[0m[38;5;251m*[0m[38;5;251m*[0m[38;5;251m#[0m[38;5;251m#[0m[38;5;251m#[0m[38;5;251m*[0m[38;5;251m*[0m[38;5;251m+[0m[38;5;251m+[0m.[38;5;46m#[0m...........................[38;5;46m#[0m[38;5;251m+[0m[38;5;251m*[0m[38;5;251m*[0m[38;5;251m*[0m[38;5;251m*[0m[38;5;251m*[0m[38;5;251m*[0m[38;5;251m+[0m[38;5;251m=[0m[38;5;46m#[0m.....................
........[38;5;46m#[0m[38;5;251m+[0m[38;5;251m*[0m[38;5;251m#[0m[38;5;251m#[0m[38;5;251m%[0m[38;5;251m%[0m[38;5;251m#[0m[38;5;251m#[0m[38;5;251m*[0m[38;5;251m+[0m.[38;5;46m#[0m...........................[38;5;46m#[0m[38;5;251m=[0m[38;5;251m+[0m[38;5;251m+[0m[38;5;251m+[0m[38;5;251m+[0m[38;5;251m+[0m[38;5;251m+[0m[38;5;251m=[0m.[38;5;46m#[0m.....................
........[38;5;46m#[0m[38;5;251m+[0m[38;5;251m*[0m[38;5;251m#[0m[38;5;251m#[0m[38;5;251m%[0m[38;5;251m%[0m[38;5;251m#[0m[38;5;251m#[0m[38;5;251m*[0m[38;5;251m+[0m.[38;5;46m#[0m...........................[38;5;46m#[0m.........[38;5;46m#[0m.....................
........[38;5;46m#[0m[38;5;251m+[0m[38;5;251m*[0m[38;5;251m*[0m[38;5;251m#[0m[38;5;251m#[0m[38;5;251m#[0m[38;5;251m#[0m[38;5;251m*[0m[38;5;251m*[0m[38;5;251m+[0m.[38;5;46m#[0m...........................[38;5;46m#[0m.........[38;5;46m#[0m.....................
........[38;5;46m#[0m..[38;5;251m+[0m[38;5;251m+[0m[38;5;251m+[0m[38;5;251m+[0m[38;5;251m+[0m[38;5;251m+[0m...[38;5;46m#[0m.............................................[38;5;46m#[0m..[38;5;251m+[0m[38;5;251m+[0m[38;5;251m+[0m....[38;5;46m#[0m...
........[38;5;46m#[0m...........[38;5;46m#[0m.............................................[38;5;46m#[0m[38;5;251m*[0m[38;5;251m#[0m[38;5;251m%[0m[38;5;251m%[0m[38;5;251m#[0m[38;5;251m#[0m[38;5;251m*[0m..[38;5;46m#[0m...
..................................................................[38;5;46m#[0m[38;5;251m#[0m[38;5;251m%[0m[38;5;251m@[0m[38;5;251m@[0m[38;5;251m%[0m[38;5;251m%[0m[38;5;251m#[0m[38;5;251m*[0m.[38;5;46m#[0m...
..................................................................[38;5;46m#[0m[38;5;251m#[0m[38;5;251m%[0m[38;5;251m%[0m[38;5;251m%[0m[38;5;251m%[0m[38;5;251m%[0m[38;5;251m#[0m[38;5;251m*[0m.[38;5;46m#[0m...
..................................................................[38;5;46m#[0m[38;5;251m+[0m[38;5;251m*[0m[38;5;251m#[0m[38;5;251m#[0m[38;5;251m#[0m[38;5;251m*[0m[38;5;251m+[0m..[38;5;46m#[0m...
..................................................................[38;5;46m#[0m.........[38;5;46m#[0m...
..................................................................[38;5;46m#[0m.........[38;5;46m#[0m...
................................................................................
................................................................................
................................................................................
weft-tensor flight | 2.0s | seq 239 | render 229 | stalls 17 | infer 11.4us | boxes 3 | gc 14[2J[H................................................................................
................................................................................
................................................................................
................................................................................
................................................................................
..............................................[38;5;46m#[0m...........[38;5;46m#[0m.....................
..............................................[38;5;46m#[0m.[38;5;251m=[0m[38;5;251m+[0m[38;5;251m+[0m[38;5;251m+[0m[38;5;251m+[0m[38;5;251m+[0m[38;5;251m+[0m[38;5;251m+[0m..[38;5;46m#[0m.....................
..............................................[38;5;46m#[0m[38;5;251m=[0m[38;5;251m+[0m[38;5;251m*[0m[38;5;251m*[0m[38;5;251m*[0m[38;5;251m*[0m[38;5;251m*[0m[38;5;251m*[0m[38;5;251m+[0m[38;5;251m+[0m.[38;5;46m#[0m.....................
........[38;5;46m#[0m....[38;5;251m+[0m[38;5;251m+[0m[38;5;251m+[0m....[38;5;46m#[0m.........................[38;5;46m#[0m[38;5;251m+[0m[38;5;251m+[0m[38;5;251m*[0m[38;5;251m*[0m[38;5;251m#[0m[38;5;251m#[0m[38;5;251m#[0m[38;5;251m*[0m[38;5;251m*[0m[38;5;251m+[0m[38;5;251m=[0m[38;5;46m#[0m.....................
........[38;5;46m#[0m.[38;5;251m+[0m[38;5;251m*[0m[38;5;251m*[0m[38;5;251m*[0m[38;5;251m#[0m[38;5;251m*[0m[38;5;251m*[0m[38;5;251m+[0m[38;5;251m+[0m.[38;5;46m#[0m.........................[38;5;46m#[0m[38;5;251m=[0m[38;5;251m+[0m[38;5;251m*[0m[38;5;251m*[0m[38;5;251m*[0m[38;5;251m*[0m[38;5;251m*[0m[38;5;251m*[0m[38;5;251m+[0m[38;5;251m+[0m.[38;5;46m#[0m.....................
........[38;5;46m#[0m[38;5;251m+[0m[38;5;251m*[0m[38;5;251m#[0m[38;5;251m#[0m[38;5;251m#[0m[38;5;251m%[0m[38;5;251m#[0m[38;5;251m#[0m[38;5;251m*[0m[38;5;251m*[0m[38;5;251m+[0m[38;5;46m#[0m.........................[38;5;46m#[0m..[38;5;251m=[0m[38;5;251m+[0m[38;5;251m+[0m[38;5;251m+[0m[38;5;251m+[0m[38;5;251m+[0m[38;5;251m=[0m..[38;5;46m#[0m.....................
........[38;5;46m#[0m[38;5;251m+[0m[38;5;251m*[0m[38;5;251m#[0m[38;5;251m#[0m[38;5;251m%[0m[38;5;251m%[0m[38;5;251m#[0m[38;5;251m#[0m[38;5;251m#[0m[38;5;251m*[0m[38;5;251m+[0m[38;5;46m#[0m.........................[38;5;46m#[0m...........[38;5;46m#[0m.....................
........[38;5;46m#[0m[38;5;251m+[0m[38;5;251m+[0m[38;5;251m*[0m[38;5;251m#[0m[38;5;251m#[0m[38;5;251m#[0m[38;5;251m#[0m[38;5;251m#[0m[38;5;251m*[0m[38;5;251m+[0m.[38;5;46m#[0m.........................[38;5;46m#[0m...........[38;5;46m#[0m.....................
........[38;5;46m#[0m..[38;5;251m+[0m[38;5;251m+[0m[38;5;251m*[0m[38;5;251m*[0m[38;5;251m*[0m[38;5;251m+[0m[38;5;251m+[0m..[38;5;46m#[0m.............................................[38;5;46m#[0m.[38;5;251m+[0m[38;5;251m*[0m[38;5;251m*[0m[38;5;251m*[0m[38;5;251m+[0m...[38;5;46m#[0m...
........[38;5;46m#[0m...........[38;5;46m#[0m.............................................[38;5;46m#[0m[38;5;251m#[0m[38;5;251m#[0m[38;5;251m%[0m[38;5;251m%[0m[38;5;251m%[0m[38;5;251m#[0m[38;5;251m*[0m[38;5;251m+[0m.[38;5;46m#[0m...
..................................................................[38;5;46m#[0m[38;5;251m#[0m[38;5;251m%[0m[38;5;251m@[0m[38;5;251m@[0m[38;5;251m%[0m[38;5;251m%[0m[38;5;251m#[0m[38;5;251m*[0m.[38;5;46m#[0m...
..................................................................[38;5;46m#[0m[38;5;251m#[0m[38;5;251m%[0m[38;5;251m%[0m[38;5;251m%[0m[38;5;251m%[0m[38;5;251m#[0m[38;5;251m#[0m[38;5;251m+[0m.[38;5;46m#[0m...
..................................................................[38;5;46m#[0m[38;5;251m+[0m[38;5;251m*[0m[38;5;251m*[0m[38;5;251m*[0m[38;5;251m*[0m[38;5;251m*[0m...[38;5;46m#[0m...
..................................................................[38;5;46m#[0m.........[38;5;46m#[0m...
................................................................................
................................................................................
................................................................................
................................................................................
[2J[H................................................................................
................................................................................
................................................................................
................................................................................
................................................................................
..............................................[38;5;46m#[0m....[38;5;251m=[0m....[38;5;46m#[0m.......................
..............................................[38;5;46m#[0m[38;5;251m=[0m[38;5;251m+[0m[38;5;251m+[0m[38;5;251m*[0m[38;5;251m*[0m[38;5;251m*[0m[38;5;251m+[0m[38;5;251m+[0m[38;5;251m=[0m[38;5;46m#[0m.......................
..............................................[38;5;46m#[0m[38;5;251m+[0m[38;5;251m*[0m[38;5;251m*[0m[38;5;251m*[0m[38;5;251m#[0m[38;5;251m*[0m[38;5;251m*[0m[38;5;251m*[0m[38;5;251m+[0m[38;5;46m#[0m.......................
..........[38;5;46m#[0m.........[38;5;46m#[0m.........................[38;5;46m#[0m[38;5;251m+[0m[38;5;251m*[0m[38;5;251m*[0m[38;5;251m#[0m[38;5;251m#[0m[38;5;251m#[0m[38;5;251m*[0m[38;5;251m*[0m[38;5;251m+[0m[38;5;46m#[0m.......................
..........[38;5;46m#[0m[38;5;251m+[0m[38;5;251m*[0m[38;5;251m*[0m[38;5;251m*[0m[38;5;251m*[0m[38;5;251m*[0m[38;5;251m*[0m[38;5;251m+[0m.[38;5;46m#[0m.........................[38;5;46m#[0m[38;5;251m+[0m[38;5;251m+[0m[38;5;251m*[0m[38;5;251m*[0m[38;5;251m*[0m[38;5;251m*[0m[38;5;251m*[0m[38;5;251m+[0m[38;5;251m+[0m[38;5;46m#[0m.......................
..........[38;5;46m#[0m[38;5;251m*[0m[38;5;251m#[0m[38;5;251m#[0m[38;5;251m#[0m[38;5;251m#[0m[38;5;251m#[0m[38;5;251m#[0m[38;5;251m*[0m[38;5;251m+[0m[38;5;46m#[0m.........................[38;5;46m#[0m.[38;5;251m=[0m[38;5;251m=[0m[38;5;251m+[0m[38;5;251m+[0m[38;5;251m+[0m[38;5;251m=[0m..[38;5;46m#[0m.......................
..........[38;5;46m#[0m[38;5;251m*[0m[38;5;251m#[0m[38;5;251m#[0m[38;5;251m%[0m[38;5;251m%[0m[38;5;251m#[0m[38;5;251m#[0m[38;5;251m*[0m[38;5;251m+[0m[38;5;46m#[0m.........................[38;5;46m#[0m.........[38;5;46m#[0m.......................
..........[38;5;46m#[0m[38;5;251m*[0m[38;5;251m#[0m[38;5;251m#[0m[38;5;251m#[0m[38;5;251m#[0m[38;5;251m#[0m[38;5;251m*[0m[38;5;251m*[0m[38;5;251m+[0m[38;5;46m#[0m...........................................................
..........[38;5;46m#[0m[38;5;251m+[0m[38;5;251m+[0m[38;5;251m*[0m[38;5;251m*[0m[38;5;251m*[0m[38;5;251m*[0m[38;5;251m+[0m..[38;5;46m#[0m.............................................[38;5;46m#[0m.[38;5;251m*[0m[38;5;251m*[0m[38;5;251m*[0m[38;5;251m*[0m[38;5;251m+[0m...[38;5;46m#[0m...
..........[38;5;46m#[0m.........[38;5;46m#[0m.............................................[38;5;46m#[0m[38;5;251m#[0m[38;5;251m#[0m[38;5;251m%[0m[38;5;251m%[0m[38;5;251m%[0m[38;5;251m#[0m[38;5;251m*[0m[38;5;251m+[0m.[38;5;46m#[0m...
..................................................................[38;5;46m#[0m[38;5;251m#[0m[38;5;251m%[0m[38;5;251m@[0m[38;5;251m@[0m[38;5;251m%[0m[38;5;251m%[0m[38;5;251m#[0m[38;5;251m*[0m.[38;5;46m#[0m...
..................................................................[38;5;46m#[0m[38;5;251m#[0m[38;5;251m#[0m[38;5;251m%[0m[38;5;251m%[0m[38;5;251m%[0m[38;5;251m#[0m[38;5;251m*[0m[38;5;251m+[0m.[38;5;46m#[0m...
..................................................................[38;5;46m#[0m.[38;5;251m+[0m[38;5;251m*[0m[38;5;251m*[0m[38;5;251m*[0m[38;5;251m+[0m...[38;5;46m#[0m...
..................................................................[38;5;46m#[0m.........[38;5;46m#[0m...
................................................................................
................................................................................
................................................................................
................................................................................
[2J[H................................................................................
................................................................................
................................................................................
................................................................................
................................................................................
..............................................[38;5;46m#[0m..[38;5;251m=[0m[38;5;251m=[0m[38;5;251m=[0m[38;5;251m=[0m...[38;5;46m#[0m.......................
..............................................[38;5;46m#[0m[38;5;251m+[0m[38;5;251m+[0m[38;5;251m*[0m[38;5;251m*[0m[38;5;251m*[0m[38;5;251m*[0m[38;5;251m+[0m[38;5;251m+[0m.[38;5;46m#[0m.......................
.............................................[38;5;251m=[0m[38;5;46m#[0m[38;5;251m*[0m[38;5;251m*[0m[38;5;251m*[0m[38;5;251m#[0m[38;5;251m#[0m[38;5;251m*[0m[38;5;251m*[0m[38;5;251m+[0m[38;5;251m=[0m[38;5;46m#[0m.......................
.............................................[38;5;251m=[0m[38;5;46m#[0m[38;5;251m*[0m[38;5;251m*[0m[38;5;251m#[0m[38;5;251m#[0m[38;5;251m#[0m[38;5;251m*[0m[38;5;251m*[0m[38;5;251m+[0m[38;5;251m+[0m[38;5;46m#[0m.......................
..........[38;5;46m#[0m.[38;5;251m+[0m[38;5;251m*[0m[38;5;251m*[0m[38;5;251m*[0m[38;5;251m*[0m[38;5;251m*[0m[38;5;251m+[0m.[38;5;46m#[0m.........................[38;5;46m#[0m[38;5;251m+[0m[38;5;251m*[0m[38;5;251m*[0m[38;5;251m*[0m[38;5;251m*[0m[38;5;251m*[0m[38;5;251m+[0m[38;5;251m+[0m.[38;5;46m#[0m.......................
..........[38;5;46m#[0m[38;5;251m*[0m[38;5;251m*[0m[38;5;251m#[0m[38;5;251m#[0m[38;5;251m#[0m[38;5;251m#[0m[38;5;251m#[0m[38;5;251m*[0m[38;5;251m+[0m[38;5;46m#[0m.........................[38;5;46m#[0m.[38;5;251m=[0m[38;5;251m=[0m[38;5;251m+[0m[38;5;251m+[0m[38;5;251m=[0m...[38;5;46m#[0m.......................
..........[38;5;46m#[0m[38;5;251m*[0m[38;5;251m#[0m[38;5;251m#[0m[38;5;251m%[0m[38;5;251m%[0m[38;5;251m%[0m[38;5;251m#[0m[38;5;251m#[0m[38;5;251m*[0m[38;5;46m#[0m.........................[38;5;46m#[0m.........[38;5;46m#[0m.......................
..........[38;5;46m#[0m[38;5;251m*[0m[38;5;251m*[0m[38;5;251m#[0m[38;5;251m#[0m[38;5;251m#[0m[38;5;251m#[0m[38;5;251m#[0m[38;5;251m*[0m[38;5;251m+[0m[38;5;46m#[0m...........................................................
..........[38;5;46m#[0m[38;5;251m+[0m[38;5;251m+[0m[38;5;251m*[0m[38;5;251m*[0m[38;5;251m*[0m[38;5;251m*[0m[38;5;251m*[0m[38;5;251m+[0m.[38;5;46m#[0m.............................................[38;5;46m#[0m.[38;5;251m*[0m[38;5;251m*[0m[38;5;251m*[0m[38;5;251m*[0m[38;5;251m*[0m.[38;5;46m#[0m.....
..........[38;5;46m#[0m.........[38;5;46m#[0m.............................................[38;5;46m#[0m[38;5;251m#[0m[38;5;251m%[0m[38;5;251m%[0m[38;5;251m%[0m[38;5;251m%[0m[38;5;251m#[0m[38;5;251m#[0m[38;5;46m#[0m.....
..........[38;5;46m#[0m.........[38;5;46m#[0m.............................................[38;5;46m#[0m[38;5;251m#[0m[38;5;251m%[0m[38;5;251m@[0m[38;5;251m@[0m[38;5;251m%[0m[38;5;251m%[0m[38;5;251m#[0m[38;5;46m#[0m.....
..................................................................[38;5;46m#[0m[38;5;251m*[0m[38;5;251m#[0m[38;5;251m%[0m[38;5;251m%[0m[38;5;251m%[0m[38;5;251m#[0m[38;5;251m*[0m[38;5;46m#[0m.....
..................................................................[38;5;46m#[0m..[38;5;251m+[0m[38;5;251m*[0m[38;5;251m+[0m..[38;5;46m#[0m.....
..................................................................[38;5;46m#[0m.......[38;5;46m#[0m.....
................................................................................
................................................................................
................................................................................
................................................................................
[2J[H................................................................................
................................................................................
................................................................................
................................................................................
................................................................................
............................................[38;5;46m#[0m..[38;5;251m=[0m[38;5;251m=[0m[38;5;251m+[0m[38;5;251m+[0m[38;5;251m=[0m....[38;5;46m#[0m.......................
............................................[38;5;46m#[0m[38;5;251m=[0m[38;5;251m+[0m[38;5;251m+[0m[38;5;251m*[0m[38;5;251m*[0m[38;5;251m*[0m[38;5;251m*[0m[38;5;251m+[0m[38;5;251m+[0m[38;5;251m=[0m.[38;5;46m#[0m.......................
............................................[38;5;46m#[0m[38;5;251m+[0m[38;5;251m*[0m[38;5;251m*[0m[38;5;251m*[0m[38;5;251m#[0m[38;5;251m#[0m[38;5;251m*[0m[38;5;251m*[0m[38;5;251m*[0m[38;5;251m+[0m.[38;5;46m#[0m.......................
............................................[38;5;46m#[0m[38;5;251m+[0m[38;5;251m*[0m[38;5;251m*[0m[38;5;251m*[0m[38;5;251m#[0m[38;5;251m#[0m[38;5;251m*[0m[38;5;251m*[0m[38;5;251m+[0m[38;5;251m+[0m.[38;5;46m#[0m.......................
..........[38;5;46m#[0m.[38;5;251m+[0m[38;5;251m+[0m[38;5;251m*[0m[38;5;251m*[0m[38;5;251m*[0m[38;5;251m+[0m[38;5;251m+[0m...[38;5;46m#[0m.....................[38;5;46m#[0m[38;5;251m=[0m[38;5;251m+[0m[38;5;251m+[0m[38;5;251m*[0m[38;5;251m*[0m[38;5;251m*[0m[38;5;251m*[0m[38;5;251m+[0m[38;5;251m+[0m..[38;5;46m#[0m.......................
..........[38;5;46m#[0m[38;5;251m+[0m[38;5;251m*[0m[38;5;251m#[0m[38;5;251m#[0m[38;5;251m#[0m[38;5;251m#[0m[38;5;251m#[0m[38;5;251m*[0m[38;5;251m*[0m[38;5;251m+[0m.[38;5;46m#[0m.....................[38;5;46m#[0m...[38;5;251m=[0m[38;5;251m=[0m[38;5;251m=[0m[38;5;251m=[0m....[38;5;46m#[0m.......................
..........[38;5;46m#[0m[38;5;251m*[0m[38;5;251m*[0m[38;5;251m#[0m[38;5;251m%[0m[38;5;251m%[0m[38;5;251m%[0m[38;5;251m#[0m[38;5;251m#[0m[38;5;251m*[0m[38;5;251m+[0m.[38;5;46m#[0m.....................[38;5;46m#[0m...........[38;5;46m#[0m.......................
..........[38;5;46m#[0m[38;5;251m+[0m[38;5;251m*[0m[38;5;251m#[0m[38;5;251m#[0m[38;5;251m#[0m[38;5;251m#[0m[38;5;251m#[0m[38;5;251m#[0m[38;5;251m*[0m[38;5;251m+[0m.[38;5;46m#[0m.........................................................
..........[38;5;46m#[0m.[38;5;251m+[0m[38;5;251m*[0m[38;5;251m*[0m[38;5;251m*[0m[38;5;251m*[0m[38;5;251m*[0m[38;5;251m*[0m[38;5;251m+[0m..[38;5;46m#[0m...........................................[38;5;46m#[0m[38;5;251m+[0m[38;5;251m*[0m[38;5;251m*[0m[38;5;251m#[0m[38;5;251m*[0m[38;5;251m*[0m.[38;5;46m#[0m.....
..........[38;5;46m#[0m...........[38;5;46m#[0m...........................................[38;5;46m#[0m[38;5;251m#[0m[38;5;251m%[0m[38;5;251m%[0m[38;5;251m%[0m[38;5;251m%[0m[38;5;251m%[0m[38;5;251m#[0m[38;5;46m#[0m.....
..........[38;5;46m#[0m...........[38;5;46m#[0m...........................................[38;5;46m#[0m[38;5;251m#[0m[38;5;251m%[0m[38;5;251m%[0m[38;5;251m@[0m[38;5;251m%[0m[38;5;251m%[0m[38;5;251m#[0m[38;5;46m#[0m.....
..................................................................[38;5;46m#[0m[38;5;251m*[0m[38;5;251m#[0m[38;5;251m#[0m[38;5;251m%[0m[38;5;251m#[0m[38;5;251m#[0m[38;5;251m*[0m[38;5;46m#[0m.....
..................................................................[38;5;46m#[0m.......[38;5;46m#[0m.....
..................................................................[38;5;46m#[0m.......[38;5;46m#[0m.....
................................................................................
................................................................................
................................................................................
................................................................................
[2J[H................................................................................
................................................................................
................................................................................
................................................................................
................................................................................
............................................[38;5;46m#[0m.[38;5;251m=[0m[38;5;251m+[0m[38;5;251m+[0m[38;5;251m+[0m[38;5;251m+[0m[38;5;251m=[0m..[38;5;46m#[0m.........................
............................................[38;5;46m#[0m[38;5;251m+[0m[38;5;251m+[0m[38;5;251m*[0m[38;5;251m*[0m[38;5;251m*[0m[38;5;251m*[0m[38;5;251m*[0m[38;5;251m+[0m[38;5;251m=[0m[38;5;46m#[0m.........................
............................................[38;5;46m#[0m[38;5;251m+[0m[38;5;251m*[0m[38;5;251m*[0m[38;5;251m#[0m[38;5;251m#[0m[38;5;251m#[0m[38;5;251m*[0m[38;5;251m*[0m[38;5;251m+[0m[38;5;46m#[0m.........................
............................................[38;5;46m#[0m[38;5;251m+[0m[38;5;251m*[0m[38;5;251m*[0m[38;5;251m*[0m[38;5;251m#[0m[38;5;251m*[0m[38;5;251m*[0m[38;5;251m*[0m[38;5;251m+[0m[38;5;46m#[0m.........................
..........[38;5;46m#[0m..[38;5;251m+[0m[38;5;251m+[0m[38;5;251m+[0m[38;5;251m+[0m[38;5;251m+[0m[38;5;251m+[0m...[38;5;46m#[0m.....................[38;5;46m#[0m[38;5;251m=[0m[38;5;251m+[0m[38;5;251m+[0m[38;5;251m*[0m[38;5;251m*[0m[38;5;251m*[0m[38;5;251m+[0m[38;5;251m+[0m[38;5;251m=[0m[38;5;46m#[0m.........................
..........[38;5;46m#[0m.[38;5;251m+[0m[38;5;251m*[0m[38;5;251m#[0m[38;5;251m#[0m[38;5;251m#[0m[38;5;251m#[0m[38;5;251m*[0m[38;5;251m*[0m[38;5;251m+[0m.[38;5;46m#[0m.....................[38;5;46m#[0m...[38;5;251m=[0m[38;5;251m=[0m....[38;5;46m#[0m.........................
..........[38;5;46m#[0m[38;5;251m+[0m[38;5;251m*[0m[38;5;251m#[0m[38;5;251m#[0m[38;5;251m%[0m[38;5;251m%[0m[38;5;251m%[0m[38;5;251m#[0m[38;5;251m*[0m[38;5;251m*[0m[38;5;251m+[0m[38;5;46m#[0m.....................[38;5;46m#[0m.........[38;5;46m#[0m.........................
..........[38;5;46m#[0m[38;5;251m+[0m[38;5;251m*[0m[38;5;251m#[0m[38;5;251m#[0m[38;5;251m#[0m[38;5;251m%[0m[38;5;251m#[0m[38;5;251m#[0m[38;5;251m*[0m[38;5;251m+[0m.[38;5;46m#[0m.........................................................
..........[38;5;46m#[0m.[38;5;251m+[0m[38;5;251m*[0m[38;5;251m*[0m[38;5;251m#[0m[38;5;251m#[0m[38;5;251m*[0m[38;5;251m*[0m[38;5;251m+[0m[38;5;251m+[0m.[38;5;46m#[0m...........................................[38;5;46m#[0m[38;5;251m+[0m[38;5;251m*[0m[38;5;251m#[0m[38;5;251m#[0m[38;5;251m#[0m[38;5;251m*[0m.[38;5;46m#[0m.....
..........[38;5;46m#[0m....[38;5;251m+[0m[38;5;251m+[0m[38;5;251m+[0m....[38;5;46m#[0m...........................................[38;5;46m#[0m[38;5;251m#[0m[38;5;251m%[0m[38;5;251m%[0m[38;5;251m%[0m[38;5;251m%[0m[38;5;251m%[0m[38;5;251m#[0m[38;5;46m#[0m.....
..........[38;5;46m#[0m...........[38;5;46m#[0m...........................................[38;5;46m#[0m[38;5;251m#[0m[38;5;251m%[0m[38;5;251m%[0m[38;5;251m@[0m[38;5;251m%[0m[38;5;251m%[0m[38;5;251m#[0m[38;5;46m#[0m.....
..................................................................[38;5;46m#[0m[38;5;251m*[0m[38;5;251m#[0m[38;5;251m#[0m[38;5;251m#[0m[38;5;251m#[0m[38;5;251m*[0m[38;5;251m+[0m[38;5;46m#[0m.....
..................................................................[38;5;46m#[0m.......[38;5;46m#[0m.....
..................................................................[38;5;46m#[0m.......[38;5;46m#[0m.....
................................................................................
................................................................................
................................................................................
................................................................................
[2J[H................................................................................
................................................................................
................................................................................
................................................................................
............................................[38;5;46m#[0m.........[38;5;46m#[0m.........................
............................................[38;5;46m#[0m[38;5;251m=[0m[38;5;251m+[0m[38;5;251m+[0m[38;5;251m+[0m[38;5;251m+[0m[38;5;251m+[0m[38;5;251m=[0m..[38;5;46m#[0m.........................
............................................[38;5;46m#[0m[38;5;251m+[0m[38;5;251m*[0m[38;5;251m*[0m[38;5;251m*[0m[38;5;251m*[0m[38;5;251m*[0m[38;5;251m+[0m[38;5;251m+[0m.[38;5;46m#[0m.........................
...........................................[38;5;251m=[0m[38;5;46m#[0m[38;5;251m*[0m[38;5;251m*[0m[38;5;251m#[0m[38;5;251m#[0m[38;5;251m#[0m[38;5;251m*[0m[38;5;251m*[0m[38;5;251m+[0m[38;5;251m=[0m[38;5;46m#[0m.........................
...........................................[38;5;251m=[0m[38;5;46m#[0m[38;5;251m*[0m[38;5;251m*[0m[38;5;251m*[0m[38;5;251m*[0m[38;5;251m*[0m[38;5;251m*[0m[38;5;251m*[0m[38;5;251m+[0m[38;5;251m=[0m[38;5;46m#[0m.........................
............[38;5;46m#[0m.[38;5;251m+[0m[38;5;251m+[0m[38;5;251m+[0m[38;5;251m+[0m[38;5;251m+[0m...[38;5;46m#[0m.....................[38;5;46m#[0m[38;5;251m+[0m[38;5;251m+[0m[38;5;251m+[0m[38;5;251m*[0m[38;5;251m+[0m[38;5;251m+[0m[38;5;251m+[0m[38;5;251m=[0m.[38;5;46m#[0m.........................
............[38;5;46m#[0m[38;5;251m*[0m[38;5;251m*[0m[38;5;251m#[0m[38;5;251m#[0m[38;5;251m#[0m[38;5;251m*[0m[38;5;251m*[0m[38;5;251m+[0m.[38;5;46m#[0m.....................[38;5;46m#[0m.........[38;5;46m#[0m.........................
............[38;5;46m#[0m[38;5;251m*[0m[38;5;251m#[0m[38;5;251m#[0m[38;5;251m%[0m[38;5;251m%[0m[38;5;251m#[0m[38;5;251m#[0m[38;5;251m*[0m[38;5;251m+[0m[38;5;46m#[0m.....................[38;5;46m#[0m.........[38;5;46m#[0m.........................
............[38;5;46m#[0m[38;5;251m*[0m[38;5;251m#[0m[38;5;251m#[0m[38;5;251m%[0m[38;5;251m%[0m[38;5;251m#[0m[38;5;251m#[0m[38;5;251m*[0m[38;5;251m+[0m[38;5;46m#[0m.........................................................
............[38;5;46m#[0m[38;5;251m*[0m[38;5;251m*[0m[38;5;251m#[0m[38;5;251m#[0m[38;5;251m#[0m[38;5;251m*[0m[38;5;251m*[0m[38;5;251m+[0m.[38;5;46m#[0m...........................................[38;5;46m#[0m[38;5;251m*[0m[38;5;251m#[0m[38;5;251m#[0m[38;5;251m#[0m[38;5;251m#[0m[38;5;251m*[0m[38;5;251m+[0m[38;5;46m#[0m.....
............[38;5;46m#[0m..[38;5;251m+[0m[38;5;251m+[0m[38;5;251m+[0m[38;5;251m+[0m...[38;5;46m#[0m...........................................[38;5;46m#[0m[38;5;251m#[0m[38;5;251m%[0m[38;5;251m%[0m[38;5;251m%[0m[38;5;251m%[0m[38;5;251m%[0m[38;5;251m#[0m[38;5;46m#[0m.....
............[38;5;46m#[0m.........[38;5;46m#[0m...........................................[38;5;46m#[0m[38;5;251m#[0m[38;5;251m%[0m[38;5;251m%[0m[38;5;251m%[0m[38;5;251m%[0m[38;5;251m#[0m[38;5;251m*[0m[38;5;46m#[0m.....
..................................................................[38;5;46m#[0m[38;5;251m*[0m[38;5;251m*[0m[38;5;251m#[0m[38;5;251m#[0m[38;5;251m#[0m[38;5;251m*[0m.[38;5;46m#[0m.....
..................................................................[38;5;46m#[0m.......[38;5;46m#[0m.....
................................................................................
................................................................................
................................................................................
................................................................................
................................................................................
[2J[H................................................................................
................................................................................
................................................................................
................................................................................
..........................................[38;5;46m#[0m...........[38;5;46m#[0m.........................
..........................................[38;5;46m#[0m.[38;5;251m=[0m[38;5;251m+[0m[38;5;251m+[0m[38;5;251m+[0m[38;5;251m+[0m[38;5;251m+[0m[38;5;251m+[0m...[38;5;46m#[0m.........................
..........................................[38;5;46m#[0m[38;5;251m+[0m[38;5;251m+[0m[38;5;251m*[0m[38;5;251m*[0m[38;5;251m*[0m[38;5;251m*[0m[38;5;251m*[0m[38;5;251m*[0m[38;5;251m+[0m[38;5;251m=[0m.[38;5;46m#[0m.........................
..........................................[38;5;46m#[0m[38;5;251m+[0m[38;5;251m*[0m[38;5;251m*[0m[38;5;251m#[0m[38;5;251m#[0m[38;5;251m#[0m[38;5;251m*[0m[38;5;251m*[0m[38;5;251m+[0m[38;5;251m+[0m.[38;5;46m#[0m.........................
..........................................[38;5;46m#[0m[38;5;251m+[0m[38;5;251m+[0m[38;5;251m*[0m[38;5;251m*[0m[38;5;251m*[0m[38;5;251m*[0m[38;5;251m*[0m[38;5;251m*[0m[38;5;251m+[0m[38;5;251m=[0m.[38;5;46m#[0m.........................
............[38;5;46m#[0m...[38;5;251m+[0m[38;5;251m+[0m[38;5;251m+[0m...[38;5;46m#[0m...................[38;5;46m#[0m.[38;5;251m=[0m[38;5;251m+[0m[38;5;251m+[0m[38;5;251m+[0m[38;5;251m+[0m[38;5;251m+[0m[38;5;251m+[0m[38;5;251m=[0m..[38;5;46m#[0m.........................
............[38;5;46m#[0m[38;5;251m+[0m[38;5;251m*[0m[38;5;251m*[0m[38;5;251m#[0m[38;5;251m#[0m[38;5;251m*[0m[38;5;251m*[0m[38;5;251m+[0m[38;5;251m+[0m[38;5;46m#[0m...................[38;5;46m#[0m...........[38;5;46m#[0m.........................
............[38;5;46m#[0m[38;5;251m*[0m[38;5;251m#[0m[38;5;251m#[0m[38;5;251m%[0m[38;5;251m%[0m[38;5;251m#[0m[38;5;251m#[0m[38;5;251m*[0m[38;5;251m+[0m[38;5;46m#[0m...................[38;5;46m#[0m...........[38;5;46m#[0m.........................
............[38;5;46m#[0m[38;5;251m*[0m[38;5;251m#[0m[38;5;251m#[0m[38;5;251m%[0m[38;5;251m%[0m[38;5;251m#[0m[38;5;251m#[0m[38;5;251m*[0m[38;5;251m*[0m[38;5;46m#[0m...........................................[38;5;46m#[0m.......[38;5;46m#[0m.....
............[38;5;46m#[0m[38;5;251m+[0m[38;5;251m*[0m[38;5;251m#[0m[38;5;251m#[0m[38;5;251m#[0m[38;5;251m#[0m[38;5;251m*[0m[38;5;251m*[0m[38;5;251m+[0m[38;5;46m#[0m...........................................[38;5;46m#[0m[38;5;251m*[0m[38;5;251m#[0m[38;5;251m#[0m[38;5;251m#[0m[38;5;251m#[0m[38;5;251m*[0m[38;5;251m+[0m[38;5;46m#[0m.....
............[38;5;46m#[0m..[38;5;251m+[0m[38;5;251m+[0m[38;5;251m+[0m[38;5;251m+[0m[38;5;251m+[0m..[38;5;46m#[0m...........................................[38;5;46m#[0m[38;5;251m#[0m[38;5;251m%[0m[38;5;251m@[0m[38;5;251m@[0m[38;5;251m%[0m[38;5;251m%[0m[38;5;251m*[0m[38;5;46m#[0m.....
............[38;5;46m#[0m.........[38;5;46m#[0m...........................................[38;5;46m#[0m[38;5;251m#[0m[38;5;251m%[0m[38;5;251m%[0m[38;5;251m%[0m[38;5;251m%[0m[38;5;251m#[0m[38;5;251m*[0m[38;5;46m#[0m.....
..................................................................[38;5;46m#[0m[38;5;251m+[0m[38;5;251m*[0m[38;5;251m*[0m[38;5;251m*[0m[38;5;251m*[0m[38;5;251m+[0m.[38;5;46m#[0m.....
..................................................................[38;5;46m#[0m.......[38;5;46m#[0m.....
................................................................................
................................................................................
................................................................................
................................................................................
................................................................................
weft-tensor flight | 2.3s | seq 269 | render 258 | stalls 19 | infer 13.1us | boxes 3 | gc 15[2J[H................................................................................
................................................................................
................................................................................
................................................................................
..........................................[38;5;46m#[0m.........[38;5;46m#[0m...........................
..........................................[38;5;46m#[0m[38;5;251m=[0m[38;5;251m+[0m[38;5;251m+[0m[38;5;251m+[0m[38;5;251m+[0m[38;5;251m+[0m[38;5;251m+[0m[38;5;251m=[0m.[38;5;46m#[0m...........................
..........................................[38;5;46m#[0m[38;5;251m+[0m[38;5;251m*[0m[38;5;251m*[0m[38;5;251m*[0m[38;5;251m*[0m[38;5;251m*[0m[38;5;251m*[0m[38;5;251m+[0m[38;5;251m+[0m[38;5;46m#[0m...........................
.........................................[38;5;251m=[0m[38;5;46m#[0m[38;5;251m*[0m[38;5;251m*[0m[38;5;251m*[0m[38;5;251m#[0m[38;5;251m#[0m[38;5;251m*[0m[38;5;251m*[0m[38;5;251m*[0m[38;5;251m+[0m[38;5;46m#[0m...........................
..........................................[38;5;46m#[0m[38;5;251m+[0m[38;5;251m*[0m[38;5;251m*[0m[38;5;251m*[0m[38;5;251m*[0m[38;5;251m*[0m[38;5;251m*[0m[38;5;251m+[0m[38;5;251m=[0m[38;5;46m#[0m...........................
............[38;5;46m#[0m.........[38;5;46m#[0m...................[38;5;46m#[0m[38;5;251m=[0m[38;5;251m+[0m[38;5;251m+[0m[38;5;251m+[0m[38;5;251m+[0m[38;5;251m+[0m[38;5;251m+[0m[38;5;251m=[0m.[38;5;46m#[0m...........................
............[38;5;46m#[0m.[38;5;251m+[0m[38;5;251m*[0m[38;5;251m*[0m[38;5;251m*[0m[38;5;251m*[0m[38;5;251m*[0m[38;5;251m*[0m[38;5;251m+[0m[38;5;46m#[0m...................[38;5;46m#[0m.........[38;5;46m#[0m...........................
............[38;5;46m#[0m[38;5;251m+[0m[38;5;251m*[0m[38;5;251m#[0m[38;5;251m#[0m[38;5;251m#[0m[38;5;251m#[0m[38;5;251m#[0m[38;5;251m#[0m[38;5;251m*[0m[38;5;46m#[0m.........................................................
............[38;5;46m#[0m[38;5;251m+[0m[38;5;251m*[0m[38;5;251m#[0m[38;5;251m#[0m[38;5;251m%[0m[38;5;251m%[0m[38;5;251m#[0m[38;5;251m#[0m[38;5;251m*[0m[38;5;46m#[0m...........................................[38;5;46m#[0m.......[38;5;46m#[0m.....
............[38;5;46m#[0m[38;5;251m+[0m[38;5;251m*[0m[38;5;251m*[0m[38;5;251m#[0m[38;5;251m#[0m[38;5;251m#[0m[38;5;251m#[0m[38;5;251m*[0m[38;5;251m+[0m[38;5;46m#[0m...........................................[38;5;46m#[0m[38;5;251m*[0m[38;5;251m#[0m[38;5;251m%[0m[38;5;251m%[0m[38;5;251m#[0m[38;5;251m*[0m[38;5;251m+[0m[38;5;46m#[0m.....
............[38;5;46m#[0m..[38;5;251m+[0m[38;5;251m+[0m[38;5;251m*[0m[38;5;251m+[0m[38;5;251m+[0m[38;5;251m+[0m.[38;5;46m#[0m...........................................[38;5;46m#[0m[38;5;251m#[0m[38;5;251m%[0m[38;5;251m@[0m[38;5;251m@[0m[38;5;251m%[0m[38;5;251m#[0m[38;5;251m*[0m[38;5;46m#[0m.....
............[38;5;46m#[0m.........[38;5;46m#[0m...........................................[38;5;46m#[0m[38;5;251m#[0m[38;5;251m%[0m[38;5;251m%[0m[38;5;251m%[0m[38;5;251m%[0m[38;5;251m#[0m[38;5;251m*[0m[38;5;46m#[0m.....
..................................................................[38;5;46m#[0m.[38;5;251m*[0m[38;5;251m*[0m[38;5;251m*[0m[38;5;251m*[0m..[38;5;46m#[0m.....
..................................................................[38;5;46m#[0m.......[38;5;46m#[0m.....
................................................................................
................................................................................
................................................................................
................................................................................
................................................................................
[2J[H................................................................................
................................................................................
................................................................................
................................................................................
........................................[38;5;46m#[0m...........[38;5;46m#[0m...........................
........................................[38;5;46m#[0m.[38;5;251m=[0m[38;5;251m+[0m[38;5;251m+[0m[38;5;251m+[0m[38;5;251m*[0m[38;5;251m+[0m[38;5;251m+[0m[38;5;251m+[0m..[38;5;46m#[0m...........................
........................................[38;5;46m#[0m[38;5;251m=[0m[38;5;251m+[0m[38;5;251m*[0m[38;5;251m*[0m[38;5;251m*[0m[38;5;251m*[0m[38;5;251m*[0m[38;5;251m*[0m[38;5;251m*[0m[38;5;251m+[0m.[38;5;46m#[0m...........................
........................................[38;5;46m#[0m[38;5;251m+[0m[38;5;251m+[0m[38;5;251m*[0m[38;5;251m*[0m[38;5;251m#[0m[38;5;251m#[0m[38;5;251m#[0m[38;5;251m*[0m[38;5;251m*[0m[38;5;251m+[0m[38;5;251m=[0m[38;5;46m#[0m...........................
........................................[38;5;46m#[0m[38;5;251m=[0m[38;5;251m+[0m[38;5;251m*[0m[38;5;251m*[0m[38;5;251m*[0m[38;5;251m*[0m[38;5;251m*[0m[38;5;251m*[0m[38;5;251m+[0m[38;5;251m+[0m.[38;5;46m#[0m...........................
..............[38;5;46m#[0m.........[38;5;46m#[0m...............[38;5;46m#[0m..[38;5;251m=[0m[38;5;251m+[0m[38;5;251m+[0m[38;5;251m+[0m[38;5;251m+[0m[38;5;251m+[0m[38;5;251m=[0m..[38;5;46m#[0m...........................
..............[38;5;46m#[0m[38;5;251m+[0m[38;5;251m*[0m[38;5;251m*[0m[38;5;251m*[0m[38;5;251m*[0m[38;5;251m*[0m[38;5;251m+[0m..[38;5;46m#[0m...............[38;5;46m#[0m...........[38;5;46m#[0m...........................
.............[38;5;251m+[0m[38;5;46m#[0m[38;5;251m*[0m[38;5;251m#[0m[38;5;251m#[0m[38;5;251m#[0m[38;5;251m#[0m[38;5;251m#[0m[38;5;251m*[0m[38;5;251m+[0m.[38;5;46m#[0m.......................................................
.............[38;5;251m+[0m[38;5;46m#[0m[38;5;251m#[0m[38;5;251m#[0m[38;5;251m%[0m[38;5;251m%[0m[38;5;251m%[0m[38;5;251m#[0m[38;5;251m*[0m[38;5;251m*[0m.[38;5;46m#[0m.........................................[38;5;46m#[0m..[38;5;251m+[0m[38;5;251m+[0m...[38;5;46m#[0m.....
..............[38;5;46m#[0m[38;5;251m*[0m[38;5;251m#[0m[38;5;251m#[0m[38;5;251m#[0m[38;5;251m#[0m[38;5;251m#[0m[38;5;251m*[0m[38;5;251m+[0m.[38;5;46m#[0m.........................................[38;5;46m#[0m[38;5;251m#[0m[38;5;251m#[0m[38;5;251m%[0m[38;5;251m%[0m[38;5;251m#[0m[38;5;251m*[0m[38;5;251m+[0m[38;5;46m#[0m.....
..............[38;5;46m#[0m[38;5;251m+[0m[38;5;251m+[0m[38;5;251m*[0m[38;5;251m*[0m[38;5;251m*[0m[38;5;251m+[0m[38;5;251m+[0m..[38;5;46m#[0m.........................................[38;5;46m#[0m[38;5;251m%[0m[38;5;251m%[0m[38;5;251m@[0m[38;5;251m@[0m[38;5;251m%[0m[38;5;251m#[0m[38;5;251m*[0m[38;5;46m#[0m.....
..............[38;5;46m#[0m.........[38;5;46m#[0m.........................................[38;5;46m#[0m[38;5;251m#[0m[38;5;251m%[0m[38;5;251m%[0m[38;5;251m%[0m[38;5;251m#[0m[38;5;251m#[0m[38;5;251m+[0m[38;5;46m#[0m.....
..............[38;5;46m#[0m.........[38;5;46m#[0m.........................................[38;5;46m#[0m.[38;5;251m+[0m[38;5;251m*[0m[38;5;251m*[0m[38;5;251m+[0m..[38;5;46m#[0m.....
..................................................................[38;5;46m#[0m.......[38;5;46m#[0m.....
................................................................................
................................................................................
................................................................................
................................................................................
................................................................................
[2J[H................................................................................
................................................................................
................................................................................
................................................................................
........................................[38;5;46m#[0m...[38;5;251m=[0m[38;5;251m=[0m[38;5;251m=[0m...[38;5;46m#[0m.............................
........................................[38;5;46m#[0m[38;5;251m=[0m[38;5;251m+[0m[38;5;251m+[0m[38;5;251m*[0m[38;5;251m*[0m[38;5;251m*[0m[38;5;251m+[0m[38;5;251m+[0m[38;5;251m=[0m[38;5;46m#[0m.............................
........................................[38;5;46m#[0m[38;5;251m+[0m[38;5;251m*[0m[38;5;251m*[0m[38;5;251m*[0m[38;5;251m#[0m[38;5;251m*[0m[38;5;251m*[0m[38;5;251m*[0m[38;5;251m+[0m[38;5;46m#[0m.............................
........................................[38;5;46m#[0m[38;5;251m+[0m[38;5;251m*[0m[38;5;251m*[0m[38;5;251m#[0m[38;5;251m#[0m[38;5;251m#[0m[38;5;251m*[0m[38;5;251m*[0m[38;5;251m+[0m[38;5;46m#[0m.............................
........................................[38;5;46m#[0m[38;5;251m+[0m[38;5;251m+[0m[38;5;251m*[0m[38;5;251m*[0m[38;5;251m*[0m[38;5;251m*[0m[38;5;251m*[0m[38;5;251m+[0m[38;5;251m+[0m[38;5;46m#[0m.............................
..............[38;5;46m#[0m.........[38;5;46m#[0m...............[38;5;46m#[0m.[38;5;251m=[0m[38;5;251m=[0m[38;5;251m+[0m[38;5;251m+[0m[38;5;251m+[0m[38;5;251m=[0m..[38;5;46m#[0m.............................
..............[38;5;46m#[0m.[38;5;251m+[0m[38;5;251m*[0m[38;5;251m*[0m[38;5;251m*[0m[38;5;251m*[0m[38;5;251m+[0m..[38;5;46m#[0m...............[38;5;46m#[0m.........[38;5;46m#[0m.............................
..............[38;5;46m#[0m[38;5;251m*[0m[38;5;251m#[0m[38;5;251m#[0m[38;5;251m#[0m[38;5;251m#[0m[38;5;251m#[0m[38;5;251m*[0m[38;5;251m*[0m[38;5;251m+[0m[38;5;46m#[0m.......................................................
..............[38;5;46m#[0m[38;5;251m*[0m[38;5;251m#[0m[38;5;251m#[0m[38;5;251m%[0m[38;5;251m%[0m[38;5;251m#[0m[38;5;251m#[0m[38;5;251m*[0m[38;5;251m+[0m[38;5;46m#[0m.........................................[38;5;46m#[0m.[38;5;251m+[0m[38;5;251m*[0m[38;5;251m*[0m...[38;5;46m#[0m.....
..............[38;5;46m#[0m[38;5;251m*[0m[38;5;251m#[0m[38;5;251m#[0m[38;5;251m#[0m[38;5;251m#[0m[38;5;251m#[0m[38;5;251m*[0m[38;5;251m*[0m[38;5;251m+[0m[38;5;46m#[0m.........................................[38;5;46m#[0m[38;5;251m#[0m[38;5;251m%[0m[38;5;251m%[0m[38;5;251m%[0m[38;5;251m#[0m[38;5;251m*[0m.[38;5;46m#[0m.....
..............[38;5;46m#[0m[38;5;251m+[0m[38;5;251m+[0m[38;5;251m*[0m[38;5;251m*[0m[38;5;251m*[0m[38;5;251m*[0m[38;5;251m+[0m..[38;5;46m#[0m.........................................[38;5;46m#[0m[38;5;251m%[0m[38;5;251m%[0m[38;5;251m@[0m[38;5;251m@[0m[38;5;251m%[0m[38;5;251m#[0m[38;5;251m*[0m[38;5;46m#[0m.....
..............[38;5;46m#[0m.........[38;5;46m#[0m.........................................[38;5;46m#[0m[38;5;251m#[0m[38;5;251m#[0m[38;5;251m%[0m[38;5;251m%[0m[38;5;251m#[0m[38;5;251m*[0m.[38;5;46m#[0m.....
..............[38;5;46m#[0m.........[38;5;46m#[0m.........................................[38;5;46m#[0m..[38;5;251m+[0m....[38;5;46m#[0m.....
..................................................................[38;5;46m#[0m.......[38;5;46m#[0m.....
................................................................................
................................................................................
................................................................................
................................................................................
................................................................................
[2J[H................................................................................
................................................................................
................................................................................
................................................................................
........................................[38;5;46m#[0m..[38;5;251m=[0m[38;5;251m=[0m[38;5;251m=[0m[38;5;251m=[0m...[38;5;46m#[0m.............................
........................................[38;5;46m#[0m[38;5;251m+[0m[38;5;251m+[0m[38;5;251m*[0m[38;5;251m*[0m[38;5;251m*[0m[38;5;251m*[0m[38;5;251m+[0m[38;5;251m+[0m.[38;5;46m#[0m.............................
.......................................[38;5;251m=[0m[38;5;46m#[0m[38;5;251m*[0m[38;5;251m*[0m[38;5;251m*[0m[38;5;251m#[0m[38;5;251m#[0m[38;5;251m*[0m[38;5;251m*[0m[38;5;251m+[0m[38;5;251m+[0m[38;5;46m#[0m.............................
.......................................[38;5;251m=[0m[38;5;46m#[0m[38;5;251m*[0m[38;5;251m*[0m[38;5;251m*[0m[38;5;251m#[0m[38;5;251m#[0m[38;5;251m*[0m[38;5;251m*[0m[38;5;251m+[0m[38;5;251m+[0m[38;5;46m#[0m.............................
........................................[38;5;46m#[0m[38;5;251m+[0m[38;5;251m*[0m[38;5;251m*[0m[38;5;251m*[0m[38;5;251m*[0m[38;5;251m*[0m[38;5;251m+[0m[38;5;251m+[0m.[38;5;46m#[0m.............................
..............[38;5;46m#[0m.........[38;5;46m#[0m...............[38;5;46m#[0m.[38;5;251m=[0m[38;5;251m=[0m[38;5;251m+[0m[38;5;251m+[0m[38;5;251m=[0m...[38;5;46m#[0m.............................
..............[38;5;46m#[0m..[38;5;251m+[0m[38;5;251m+[0m[38;5;251m*[0m[38;5;251m+[0m[38;5;251m+[0m..[38;5;46m#[0m...............[38;5;46m#[0m.........[38;5;46m#[0m.............................
..............[38;5;46m#[0m[38;5;251m+[0m[38;5;251m*[0m[38;5;251m#[0m[38;5;251m#[0m[38;5;251m#[0m[38;5;251m#[0m[38;5;251m#[0m[38;5;251m*[0m[38;5;251m+[0m[38;5;46m#[0m.......................................................
..............[38;5;46m#[0m[38;5;251m*[0m[38;5;251m#[0m[38;5;251m#[0m[38;5;251m%[0m[38;5;251m%[0m[38;5;251m%[0m[38;5;251m#[0m[38;5;251m*[0m[38;5;251m*[0m[38;5;46m#[0m.........................................[38;5;46m#[0m[38;5;251m+[0m[38;5;251m*[0m[38;5;251m*[0m[38;5;251m*[0m[38;5;251m+[0m..[38;5;46m#[0m.....
..............[38;5;46m#[0m[38;5;251m*[0m[38;5;251m*[0m[38;5;251m#[0m[38;5;251m#[0m[38;5;251m#[0m[38;5;251m#[0m[38;5;251m#[0m[38;5;251m*[0m[38;5;251m+[0m[38;5;46m#[0m.........................................[38;5;46m#[0m[38;5;251m#[0m[38;5;251m%[0m[38;5;251m%[0m[38;5;251m%[0m[38;5;251m#[0m[38;5;251m*[0m.[38;5;46m#[0m.....
..............[38;5;46m#[0m.[38;5;251m+[0m[38;5;251m*[0m[38;5;251m*[0m[38;5;251m*[0m[38;5;251m*[0m[38;5;251m*[0m[38;5;251m+[0m.[38;5;46m#[0m........................................[38;5;251m+[0m[38;5;46m#[0m[38;5;251m%[0m[38;5;251m%[0m[38;5;251m@[0m[38;5;251m%[0m[38;5;251m%[0m[38;5;251m#[0m[38;5;251m+[0m[38;5;46m#[0m.....
..............[38;5;46m#[0m.........[38;5;46m#[0m.........................................[38;5;46m#[0m[38;5;251m#[0m[38;5;251m#[0m[38;5;251m#[0m[38;5;251m#[0m[38;5;251m#[0m[38;5;251m*[0m.[38;5;46m#[0m.....
..............[38;5;46m#[0m.........[38;5;46m#[0m.........................................[38;5;46m#[0m.......[38;5;46m#[0m.....
..................................................................[38;5;46m#[0m.......[38;5;46m#[0m.....
................................................................................
................................................................................
................................................................................
................................................................................
................................................................................
[2J[H................................................................................
................................................................................
................................................................................
................................................................................
......................................[38;5;46m#[0m..[38;5;251m=[0m[38;5;251m=[0m[38;5;251m+[0m[38;5;251m+[0m[38;5;251m=[0m....[38;5;46m#[0m.............................
......................................[38;5;46m#[0m[38;5;251m=[0m[38;5;251m+[0m[38;5;251m+[0m[38;5;251m*[0m[38;5;251m*[0m[38;5;251m*[0m[38;5;251m*[0m[38;5;251m+[0m[38;5;251m+[0m[38;5;251m=[0m.[38;5;46m#[0m.............................
......................................[38;5;46m#[0m[38;5;251m+[0m[38;5;251m*[0m[38;5;251m*[0m[38;5;251m*[0m[38;5;251m#[0m[38;5;251m#[0m[38;5;251m*[0m[38;5;251m*[0m[38;5;251m+[0m[38;5;251m+[0m.[38;5;46m#[0m.............................
......................................[38;5;46m#[0m[38;5;251m+[0m[38;5;251m*[0m[38;5;251m*[0m[38;5;251m*[0m[38;5;251m#[0m[38;5;251m#[0m[38;5;251m*[0m[38;5;251m*[0m[38;5;251m+[0m[38;5;251m+[0m.[38;5;46m#[0m.............................
......................................[38;5;46m#[0m[38;5;251m=[0m[38;5;251m+[0m[38;5;251m+[0m[38;5;251m*[0m[38;5;251m*[0m[38;5;251m*[0m[38;5;251m*[0m[38;5;251m+[0m[38;5;251m+[0m..[38;5;46m#[0m.............................
......................................[38;5;46m#[0m...[38;5;251m=[0m[38;5;251m=[0m[38;5;251m=[0m[38;5;251m=[0m....[38;5;46m#[0m.............................
................[38;5;46m#[0m.[38;5;251m+[0m[38;5;251m+[0m[38;5;251m+[0m[38;5;251m+[0m..[38;5;46m#[0m.............[38;5;46m#[0m...........[38;5;46m#[0m.............................
................[38;5;46m#[0m[38;5;251m*[0m[38;5;251m#[0m[38;5;251m#[0m[38;5;251m#[0m[38;5;251m#[0m[38;5;251m*[0m[38;5;251m+[0m[38;5;46m#[0m.......................................................
...............[38;5;251m+[0m[38;5;46m#[0m[38;5;251m#[0m[38;5;251m#[0m[38;5;251m%[0m[38;5;251m%[0m[38;5;251m#[0m[38;5;251m#[0m[38;5;251m*[0m[38;5;46m#[0m.........................................[38;5;46m#[0m[38;5;251m*[0m[38;5;251m*[0m[38;5;251m*[0m[38;5;251m*[0m[38;5;251m+[0m..[38;5;46m#[0m.....
...............[38;5;251m+[0m[38;5;46m#[0m[38;5;251m#[0m[38;5;251m#[0m[38;5;251m%[0m[38;5;251m%[0m[38;5;251m#[0m[38;5;251m#[0m[38;5;251m*[0m[38;5;46m#[0m.........................................[38;5;46m#[0m[38;5;251m%[0m[38;5;251m%[0m[38;5;251m%[0m[38;5;251m%[0m[38;5;251m#[0m[38;5;251m*[0m.[38;5;46m#[0m.....
................[38;5;46m#[0m[38;5;251m*[0m[38;5;251m*[0m[38;5;251m*[0m[38;5;251m*[0m[38;5;251m*[0m[38;5;251m*[0m[38;5;251m+[0m[38;5;46m#[0m........................................[38;5;251m+[0m[38;5;46m#[0m[38;5;251m%[0m[38;5;251m%[0m[38;5;251m@[0m[38;5;251m%[0m[38;5;251m%[0m[38;5;251m*[0m.[38;5;46m#[0m.....
................[38;5;46m#[0m.......[38;5;46m#[0m.........................................[38;5;46m#[0m[38;5;251m*[0m[38;5;251m#[0m[38;5;251m#[0m[38;5;251m#[0m[38;5;251m*[0m..[38;5;46m#[0m.....
................[38;5;46m#[0m.......[38;5;46m#[0m.........................................[38;5;46m#[0m.......[38;5;46m#[0m.....
..................................................................[38;5;46m#[0m.......[38;5;46m#[0m.....
................................................................................
................................................................................
................................................................................
................................................................................
................................................................................
[2J[H................................................................................
................................................................................
................................................................................
......................................[38;5;46m#[0m.........[38;5;46m#[0m...............................
......................................[38;5;46m#[0m.[38;5;251m=[0m[38;5;251m=[0m[38;5;251m+[0m[38;5;251m+[0m[38;5;251m+[0m[38;5;251m=[0m..[38;5;46m#[0m...............................
......................................[38;5;46m#[0m[38;5;251m+[0m[38;5;251m+[0m[38;5;251m*[0m[38;5;251m*[0m[38;5;251m*[0m[38;5;251m*[0m[38;5;251m*[0m[38;5;251m+[0m[38;5;251m=[0m[38;5;46m#[0m...............................
......................................[38;5;46m#[0m[38;5;251m+[0m[38;5;251m*[0m[38;5;251m*[0m[38;5;251m#[0m[38;5;251m#[0m[38;5;251m*[0m[38;5;251m*[0m[38;5;251m*[0m[38;5;251m+[0m[38;5;46m#[0m...............................
......................................[38;5;46m#[0m[38;5;251m+[0m[38;5;251m*[0m[38;5;251m*[0m[38;5;251m*[0m[38;5;251m#[0m[38;5;251m*[0m[38;5;251m*[0m[38;5;251m*[0m[38;5;251m+[0m[38;5;46m#[0m...............................
......................................[38;5;46m#[0m[38;5;251m=[0m[38;5;251m+[0m[38;5;251m+[0m[38;5;251m*[0m[38;5;251m*[0m[38;5;251m*[0m[38;5;251m+[0m[38;5;251m+[0m.[38;5;46m#[0m...............................
......................................[38;5;46m#[0m...[38;5;251m=[0m[38;5;251m=[0m....[38;5;46m#[0m...............................
................[38;5;46m#[0m..[38;5;251m+[0m[38;5;251m+[0m[38;5;251m+[0m....[38;5;46m#[0m...........[38;5;46m#[0m.........[38;5;46m#[0m...............................
................[38;5;46m#[0m[38;5;251m+[0m[38;5;251m*[0m[38;5;251m#[0m[38;5;251m#[0m[38;5;251m#[0m[38;5;251m*[0m[38;5;251m*[0m[38;5;251m+[0m.[38;5;46m#[0m.....................................................
................[38;5;46m#[0m[38;5;251m*[0m[38;5;251m#[0m[38;5;251m#[0m[38;5;251m%[0m[38;5;251m#[0m[38;5;251m#[0m[38;5;251m*[0m[38;5;251m*[0m.[38;5;46m#[0m.......................................[38;5;46m#[0m[38;5;251m*[0m[38;5;251m*[0m[38;5;251m#[0m[38;5;251m*[0m[38;5;251m+[0m..[38;5;46m#[0m.....
................[38;5;46m#[0m[38;5;251m*[0m[38;5;251m#[0m[38;5;251m#[0m[38;5;251m%[0m[38;5;251m#[0m[38;5;251m#[0m[38;5;251m*[0m[38;5;251m*[0m.[38;5;46m#[0m......................................[38;5;251m+[0m[38;5;46m#[0m[38;5;251m%[0m[38;5;251m%[0m[38;5;251m%[0m[38;5;251m%[0m[38;5;251m#[0m[38;5;251m*[0m.[38;5;46m#[0m.....
................[38;5;46m#[0m[38;5;251m+[0m[38;5;251m*[0m[38;5;251m*[0m[38;5;251m#[0m[38;5;251m#[0m[38;5;251m*[0m[38;5;251m*[0m[38;5;251m+[0m.[38;5;46m#[0m......................................[38;5;251m+[0m[38;5;46m#[0m[38;5;251m%[0m[38;5;251m%[0m[38;5;251m%[0m[38;5;251m%[0m[38;5;251m#[0m[38;5;251m*[0m.[38;5;46m#[0m.....
................[38;5;46m#[0m...[38;5;251m+[0m[38;5;251m+[0m....[38;5;46m#[0m.......................................[38;5;46m#[0m[38;5;251m*[0m[38;5;251m#[0m[38;5;251m#[0m[38;5;251m*[0m[38;5;251m+[0m..[38;5;46m#[0m.....
................[38;5;46m#[0m.........[38;5;46m#[0m.......................................[38;5;46m#[0m.......[38;5;46m#[0m.....
..................................................................[38;5;46m#[0m.......[38;5;46m#[0m.....
................................................................................
................................................................................
................................................................................
................................................................................
................................................................................
[2J[H................................................................................
................................................................................
................................................................................
....................................[38;5;46m#[0m...........[38;5;46m#[0m...............................
....................................[38;5;46m#[0m..[38;5;251m=[0m[38;5;251m+[0m[38;5;251m+[0m[38;5;251m+[0m[38;5;251m+[0m[38;5;251m+[0m[38;5;251m=[0m..[38;5;46m#[0m...............................
....................................[38;5;46m#[0m.[38;5;251m+[0m[38;5;251m+[0m[38;5;251m*[0m[38;5;251m*[0m[38;5;251m*[0m[38;5;251m*[0m[38;5;251m*[0m[38;5;251m+[0m[38;5;251m+[0m.[38;5;46m#[0m...............................
....................................[38;5;46m#[0m[38;5;251m+[0m[38;5;251m+[0m[38;5;251m*[0m[38;5;251m*[0m[38;5;251m#[0m[38;5;251m#[0m[38;5;251m#[0m[38;5;251m*[0m[38;5;251m*[0m[38;5;251m+[0m[38;5;251m=[0m[38;5;46m#[0m...............................
....................................[38;5;46m#[0m[38;5;251m=[0m[38;5;251m+[0m[38;5;251m*[0m[38;5;251m*[0m[38;5;251m*[0m[38;5;251m*[0m[38;5;251m*[0m[38;5;251m*[0m[38;5;251m*[0m[38;5;251m+[0m[38;5;251m=[0m[38;5;46m#[0m...............................
....................................[38;5;46m#[0m.[38;5;251m=[0m[38;5;251m+[0m[38;5;251m+[0m[38;5;251m+[0m[38;5;251m*[0m[38;5;251m+[0m[38;5;251m+[0m[38;5;251m+[0m..[38;5;46m#[0m...............................
....................................[38;5;46m#[0m...........[38;5;46m#[0m...............................
................[38;5;46m#[0m.........[38;5;46m#[0m.........[38;5;46m#[0m...........[38;5;46m#[0m...............................
................[38;5;46m#[0m[38;5;251m+[0m[38;5;251m*[0m[38;5;251m*[0m[38;5;251m*[0m[38;5;251m*[0m[38;5;251m*[0m[38;5;251m*[0m[38;5;251m+[0m.[38;5;46m#[0m.......................................[38;5;46m#[0m.....[38;5;46m#[0m.......
................[38;5;46m#[0m[38;5;251m*[0m[38;5;251m*[0m[38;5;251m#[0m[38;5;251m#[0m[38;5;251m#[0m[38;5;251m#[0m[38;5;251m#[0m[38;5;251m*[0m[38;5;251m+[0m[38;5;46m#[0m.......................................[38;5;46m#[0m[38;5;251m*[0m[38;5;251m#[0m[38;5;251m#[0m[38;5;251m*[0m[38;5;251m+[0m[38;5;46m#[0m.......
................[38;5;46m#[0m[38;5;251m*[0m[38;5;251m#[0m[38;5;251m#[0m[38;5;251m%[0m[38;5;251m%[0m[38;5;251m#[0m[38;5;251m#[0m[38;5;251m*[0m[38;5;251m+[0m[38;5;46m#[0m......................................[38;5;251m*[0m[38;5;46m#[0m[38;5;251m%[0m[38;5;251m%[0m[38;5;251m%[0m[38;5;251m%[0m[38;5;251m#[0m[38;5;46m#[0m.......
................[38;5;46m#[0m[38;5;251m+[0m[38;5;251m*[0m[38;5;251m*[0m[38;5;251m#[0m[38;5;251m#[0m[38;5;251m#[0m[38;5;251m*[0m[38;5;251m+[0m.[38;5;46m#[0m......................................[38;5;251m*[0m[38;5;46m#[0m[38;5;251m%[0m[38;5;251m%[0m[38;5;251m%[0m[38;5;251m%[0m[38;5;251m#[0m[38;5;46m#[0m.......
................[38;5;46m#[0m..[38;5;251m+[0m[38;5;251m+[0m[38;5;251m+[0m[38;5;251m+[0m...[38;5;46m#[0m.......................................[38;5;46m#[0m[38;5;251m*[0m[38;5;251m*[0m[38;5;251m*[0m[38;5;251m*[0m.[38;5;46m#[0m.......
................[38;5;46m#[0m.........[38;5;46m#[0m.......................................[38;5;46m#[0m.....[38;5;46m#[0m.......
..................................................................[38;5;46m#[0m.....[38;5;46m#[0m.......
................................................................................
................................................................................
................................................................................
................................................................................
................................................................................
weft-tensor flight | 2.5s | seq 299 | render 288 | stalls 20 | infer 12.7us | boxes 3 | gc 17[2J[H................................................................................
................................................................................
................................................................................
....................................[38;5;46m#[0m...........[38;5;46m#[0m...............................
....................................[38;5;46m#[0m.[38;5;251m=[0m[38;5;251m+[0m[38;5;251m+[0m[38;5;251m+[0m[38;5;251m+[0m[38;5;251m+[0m[38;5;251m=[0m...[38;5;46m#[0m...............................
....................................[38;5;46m#[0m[38;5;251m+[0m[38;5;251m+[0m[38;5;251m*[0m[38;5;251m*[0m[38;5;251m*[0m[38;5;251m*[0m[38;5;251m*[0m[38;5;251m+[0m[38;5;251m+[0m[38;5;251m=[0m.[38;5;46m#[0m...............................
....................................[38;5;46m#[0m[38;5;251m+[0m[38;5;251m*[0m[38;5;251m*[0m[38;5;251m#[0m[38;5;251m#[0m[38;5;251m#[0m[38;5;251m*[0m[38;5;251m*[0m[38;5;251m+[0m[38;5;251m+[0m.[38;5;46m#[0m...............................
....................................[38;5;46m#[0m[38;5;251m+[0m[38;5;251m*[0m[38;5;251m*[0m[38;5;251m*[0m[38;5;251m*[0m[38;5;251m*[0m[38;5;251m*[0m[38;5;251m*[0m[38;5;251m+[0m[38;5;251m=[0m.[38;5;46m#[0m...............................
....................................[38;5;46m#[0m.[38;5;251m=[0m[38;5;251m+[0m[38;5;251m+[0m[38;5;251m+[0m[38;5;251m+[0m[38;5;251m+[0m[38;5;251m+[0m...[38;5;46m#[0m...............................
....................................[38;5;46m#[0m...........[38;5;46m#[0m...............................
..................[38;5;46m#[0m.......[38;5;46m#[0m.........[38;5;46m#[0m...........[38;5;46m#[0m...............................
..................[38;5;46m#[0m[38;5;251m*[0m[38;5;251m*[0m[38;5;251m*[0m[38;5;251m*[0m[38;5;251m*[0m[38;5;251m+[0m.[38;5;46m#[0m.....................................[38;5;46m#[0m.......[38;5;46m#[0m.......
.................[38;5;251m+[0m[38;5;46m#[0m[38;5;251m#[0m[38;5;251m#[0m[38;5;251m#[0m[38;5;251m#[0m[38;5;251m#[0m[38;5;251m*[0m[38;5;251m+[0m[38;5;46m#[0m.....................................[38;5;46m#[0m.[38;5;251m*[0m[38;5;251m#[0m[38;5;251m#[0m[38;5;251m#[0m[38;5;251m*[0m[38;5;251m+[0m[38;5;46m#[0m.......
.................[38;5;251m+[0m[38;5;46m#[0m[38;5;251m#[0m[38;5;251m#[0m[38;5;251m%[0m[38;5;251m%[0m[38;5;251m#[0m[38;5;251m#[0m[38;5;251m*[0m[38;5;46m#[0m.....................................[38;5;46m#[0m[38;5;251m*[0m[38;5;251m%[0m[38;5;251m%[0m[38;5;251m@[0m[38;5;251m%[0m[38;5;251m%[0m[38;5;251m#[0m[38;5;46m#[0m.......
..................[38;5;46m#[0m[38;5;251m*[0m[38;5;251m#[0m[38;5;251m#[0m[38;5;251m#[0m[38;5;251m#[0m[38;5;251m*[0m[38;5;251m+[0m[38;5;46m#[0m.....................................[38;5;46m#[0m[38;5;251m*[0m[38;5;251m#[0m[38;5;251m%[0m[38;5;251m%[0m[38;5;251m%[0m[38;5;251m#[0m[38;5;251m*[0m[38;5;46m#[0m.......
..................[38;5;46m#[0m.[38;5;251m+[0m[38;5;251m+[0m[38;5;251m+[0m[38;5;251m+[0m..[38;5;46m#[0m.....................................[38;5;46m#[0m..[38;5;251m+[0m[38;5;251m*[0m[38;5;251m+[0m..[38;5;46m#[0m.......
..................[38;5;46m#[0m.......[38;5;46m#[0m.....................................[38;5;46m#[0m.......[38;5;46m#[0m.......
................................................................................
................................................................................
................................................................................
................................................................................
................................................................................
................................................................................
[2J[H................................................................................
................................................................................
................................................................................
....................................[38;5;46m#[0m.........[38;5;46m#[0m.................................
....................................[38;5;46m#[0m[38;5;251m=[0m[38;5;251m+[0m[38;5;251m+[0m[38;5;251m+[0m[38;5;251m+[0m[38;5;251m+[0m[38;5;251m+[0m..[38;5;46m#[0m.................................
....................................[38;5;46m#[0m[38;5;251m+[0m[38;5;251m*[0m[38;5;251m*[0m[38;5;251m*[0m[38;5;251m*[0m[38;5;251m*[0m[38;5;251m*[0m[38;5;251m+[0m[38;5;251m=[0m[38;5;46m#[0m.................................
...................................[38;5;251m=[0m[38;5;46m#[0m[38;5;251m*[0m[38;5;251m*[0m[38;5;251m#[0m[38;5;251m#[0m[38;5;251m#[0m[38;5;251m*[0m[38;5;251m*[0m[38;5;251m+[0m[38;5;251m+[0m[38;5;46m#[0m.................................
....................................[38;5;46m#[0m[38;5;251m+[0m[38;5;251m*[0m[38;5;251m*[0m[38;5;251m*[0m[38;5;251m*[0m[38;5;251m*[0m[38;5;251m*[0m[38;5;251m+[0m[38;5;251m=[0m[38;5;46m#[0m.................................
....................................[38;5;46m#[0m[38;5;251m=[0m[38;5;251m+[0m[38;5;251m+[0m[38;5;251m+[0m[38;5;251m+[0m[38;5;251m+[0m[38;5;251m+[0m..[38;5;46m#[0m.................................
....................................[38;5;46m#[0m.........[38;5;46m#[0m.................................
..................[38;5;46m#[0m.........[38;5;46m#[0m.......[38;5;46m#[0m.........[38;5;46m#[0m.................................
..................[38;5;46m#[0m[38;5;251m+[0m[38;5;251m+[0m[38;5;251m*[0m[38;5;251m*[0m[38;5;251m*[0m[38;5;251m+[0m[38;5;251m+[0m..[38;5;46m#[0m...................................[38;5;46m#[0m..[38;5;251m+[0m[38;5;251m+[0m...[38;5;46m#[0m.......
..................[38;5;46m#[0m[38;5;251m*[0m[38;5;251m#[0m[38;5;251m#[0m[38;5;251m#[0m[38;5;251m#[0m[38;5;251m#[0m[38;5;251m*[0m[38;5;251m+[0m.[38;5;46m#[0m...................................[38;5;46m#[0m[38;5;251m+[0m[38;5;251m#[0m[38;5;251m#[0m[38;5;251m#[0m[38;5;251m#[0m[38;5;251m*[0m.[38;5;46m#[0m.......
..................[38;5;46m#[0m[38;5;251m*[0m[38;5;251m#[0m[38;5;251m%[0m[38;5;251m%[0m[38;5;251m%[0m[38;5;251m#[0m[38;5;251m*[0m[38;5;251m+[0m.[38;5;46m#[0m...................................[38;5;46m#[0m[38;5;251m#[0m[38;5;251m%[0m[38;5;251m%[0m[38;5;251m@[0m[38;5;251m%[0m[38;5;251m%[0m[38;5;251m*[0m[38;5;46m#[0m.......
..................[38;5;46m#[0m[38;5;251m*[0m[38;5;251m#[0m[38;5;251m#[0m[38;5;251m#[0m[38;5;251m#[0m[38;5;251m#[0m[38;5;251m*[0m[38;5;251m+[0m.[38;5;46m#[0m...................................[38;5;46m#[0m[38;5;251m*[0m[38;5;251m#[0m[38;5;251m%[0m[38;5;251m%[0m[38;5;251m%[0m[38;5;251m#[0m[38;5;251m+[0m[38;5;46m#[0m.......
..................[38;5;46m#[0m.[38;5;251m+[0m[38;5;251m+[0m[38;5;251m+[0m[38;5;251m+[0m[38;5;251m+[0m...[38;5;46m#[0m...................................[38;5;46m#[0m.......[38;5;46m#[0m.......
..................[38;5;46m#[0m.........[38;5;46m#[0m...................................[38;5;46m#[0m.......[38;5;46m#[0m.......
..................[38;5;46m#[0m.........[38;5;46m#[0m...................................................
................................................................................
................................................................................
................................................................................
................................................................................
................................................................................
[2J[H................................................................................
................................................................................
................................................................................
..................................[38;5;46m#[0m...........[38;5;46m#[0m.................................
..................................[38;5;46m#[0m.[38;5;251m=[0m[38;5;251m+[0m[38;5;251m+[0m[38;5;251m+[0m[38;5;251m+[0m[38;5;251m+[0m[38;5;251m+[0m[38;5;251m=[0m..[38;5;46m#[0m.................................
..................................[38;5;46m#[0m[38;5;251m=[0m[38;5;251m+[0m[38;5;251m*[0m[38;5;251m*[0m[38;5;251m*[0m[38;5;251m*[0m[38;5;251m*[0m[38;5;251m*[0m[38;5;251m+[0m[38;5;251m+[0m.[38;5;46m#[0m.................................
..................................[38;5;46m#[0m[38;5;251m+[0m[38;5;251m*[0m[38;5;251m*[0m[38;5;251m*[0m[38;5;251m#[0m[38;5;251m#[0m[38;5;251m*[0m[38;5;251m*[0m[38;5;251m*[0m[38;5;251m+[0m.[38;5;46m#[0m.................................
..................................[38;5;46m#[0m[38;5;251m=[0m[38;5;251m+[0m[38;5;251m*[0m[38;5;251m*[0m[38;5;251m*[0m[38;5;251m*[0m[38;5;251m*[0m[38;5;251m*[0m[38;5;251m+[0m[38;5;251m=[0m.[38;5;46m#[0m.................................
..................................[38;5;46m#[0m..[38;5;251m=[0m[38;5;251m+[0m[38;5;251m+[0m[38;5;251m+[0m[38;5;251m+[0m[38;5;251m=[0m...[38;5;46m#[0m.................................
..................................[38;5;46m#[0m...........[38;5;46m#[0m.................................
..................................[38;5;46m#[0m...........[38;5;46m#[0m.................................
..................[38;5;46m#[0m.[38;5;251m+[0m[38;5;251m+[0m[38;5;251m*[0m[38;5;251m*[0m[38;5;251m+[0m[38;5;251m+[0m..[38;5;46m#[0m...................................[38;5;46m#[0m..[38;5;251m*[0m[38;5;251m*[0m[38;5;251m+[0m..[38;5;46m#[0m.......
..................[38;5;46m#[0m[38;5;251m+[0m[38;5;251m*[0m[38;5;251m#[0m[38;5;251m#[0m[38;5;251m#[0m[38;5;251m#[0m[38;5;251m*[0m[38;5;251m+[0m.[38;5;46m#[0m...................................[38;5;46m#[0m[38;5;251m*[0m[38;5;251m#[0m[38;5;251m%[0m[38;5;251m%[0m[38;5;251m#[0m[38;5;251m*[0m.[38;5;46m#[0m.......
..................[38;5;46m#[0m[38;5;251m*[0m[38;5;251m#[0m[38;5;251m#[0m[38;5;251m%[0m[38;5;251m%[0m[38;5;251m#[0m[38;5;251m#[0m[38;5;251m*[0m[38;5;251m+[0m[38;5;46m#[0m...................................[38;5;46m#[0m[38;5;251m#[0m[38;5;251m%[0m[38;5;251m@[0m[38;5;251m@[0m[38;5;251m%[0m[38;5;251m#[0m[38;5;251m*[0m[38;5;46m#[0m.......
..................[38;5;46m#[0m[38;5;251m+[0m[38;5;251m*[0m[38;5;251m#[0m[38;5;251m#[0m[38;5;251m#[0m[38;5;251m#[0m[38;5;251m*[0m[38;5;251m*[0m.[38;5;46m#[0m...................................[38;5;46m#[0m[38;5;251m*[0m[38;5;251m#[0m[38;5;251m#[0m[38;5;251m#[0m[38;5;251m#[0m[38;5;251m*[0m.[38;5;46m#[0m.......
..................[38;5;46m#[0m.[38;5;251m+[0m[38;5;251m+[0m[38;5;251m*[0m[38;5;251m*[0m[38;5;251m+[0m[38;5;251m+[0m..[38;5;46m#[0m...................................[38;5;46m#[0m.......[38;5;46m#[0m.......
..................[38;5;46m#[0m.........[38;5;46m#[0m...................................[38;5;46m#[0m.......[38;5;46m#[0m.......
..................[38;5;46m#[0m.........[38;5;46m#[0m...................................................
................................................................................
................................................................................
................................................................................
................................................................................
................................................................................
[2J[H................................................................................
................................................................................
................................................................................
..................................[38;5;46m#[0m.........[38;5;46m#[0m...................................
..................................[38;5;46m#[0m[38;5;251m=[0m[38;5;251m+[0m[38;5;251m+[0m[38;5;251m+[0m[38;5;251m*[0m[38;5;251m+[0m[38;5;251m+[0m[38;5;251m+[0m.[38;5;46m#[0m...................................
..................................[38;5;46m#[0m[38;5;251m+[0m[38;5;251m*[0m[38;5;251m*[0m[38;5;251m*[0m[38;5;251m*[0m[38;5;251m*[0m[38;5;251m*[0m[38;5;251m+[0m[38;5;251m+[0m[38;5;46m#[0m...................................
..................................[38;5;46m#[0m[38;5;251m+[0m[38;5;251m*[0m[38;5;251m*[0m[38;5;251m#[0m[38;5;251m#[0m[38;5;251m#[0m[38;5;251m*[0m[38;5;251m*[0m[38;5;251m+[0m[38;5;46m#[0m...................................
..................................[38;5;46m#[0m[38;5;251m+[0m[38;5;251m+[0m[38;5;251m*[0m[38;5;251m*[0m[38;5;251m*[0m[38;5;251m*[0m[38;5;251m*[0m[38;5;251m+[0m[38;5;251m=[0m[38;5;46m#[0m...................................
..................................[38;5;46m#[0m.[38;5;251m=[0m[38;5;251m+[0m[38;5;251m+[0m[38;5;251m+[0m[38;5;251m+[0m[38;5;251m=[0m..[38;5;46m#[0m...................................
..................................[38;5;46m#[0m.........[38;5;46m#[0m...................................
..................................[38;5;46m#[0m.........[38;5;46m#[0m...................................
....................[38;5;46m#[0m.[38;5;251m+[0m[38;5;251m+[0m[38;5;251m+[0m[38;5;251m+[0m..[38;5;46m#[0m...................................[38;5;46m#[0m.[38;5;251m*[0m[38;5;251m*[0m[38;5;251m*[0m[38;5;251m+[0m..[38;5;46m#[0m.......
....................[38;5;46m#[0m[38;5;251m*[0m[38;5;251m*[0m[38;5;251m#[0m[38;5;251m#[0m[38;5;251m*[0m[38;5;251m*[0m[38;5;251m+[0m[38;5;46m#[0m...................................[38;5;46m#[0m[38;5;251m#[0m[38;5;251m%[0m[38;5;251m%[0m[38;5;251m%[0m[38;5;251m#[0m[38;5;251m*[0m.[38;5;46m#[0m.......
...................[38;5;251m+[0m[38;5;46m#[0m[38;5;251m#[0m[38;5;251m#[0m[38;5;251m%[0m[38;5;251m%[0m[38;5;251m#[0m[38;5;251m*[0m[38;5;251m*[0m[38;5;46m#[0m...................................[38;5;46m#[0m[38;5;251m#[0m[38;5;251m%[0m[38;5;251m@[0m[38;5;251m%[0m[38;5;251m%[0m[38;5;251m#[0m.[38;5;46m#[0m.......
...................[38;5;251m+[0m[38;5;46m#[0m[38;5;251m#[0m[38;5;251m#[0m[38;5;251m#[0m[38;5;251m#[0m[38;5;251m#[0m[38;5;251m*[0m[38;5;251m+[0m[38;5;46m#[0m...................................[38;5;46m#[0m[38;5;251m*[0m[38;5;251m#[0m[38;5;251m#[0m[38;5;251m#[0m[38;5;251m*[0m[38;5;251m+[0m.[38;5;46m#[0m.......
....................[38;5;46m#[0m[38;5;251m+[0m[38;5;251m*[0m[38;5;251m*[0m[38;5;251m*[0m[38;5;251m+[0m[38;5;251m+[0m.[38;5;46m#[0m...................................[38;5;46m#[0m.......[38;5;46m#[0m.......
....................[38;5;46m#[0m.......[38;5;46m#[0m...................................[38;5;46m#[0m.......[38;5;46m#[0m.......
....................[38;5;46m#[0m.......[38;5;46m#[0m...................................................
................................................................................
................................................................................
................................................................................
................................................................................
................................................................................
[2J[H................................................................................
................................................................................
................................................................................
..................................[38;5;46m#[0m.........[38;5;46m#[0m...................................
..................................[38;5;46m#[0m[38;5;251m+[0m[38;5;251m+[0m[38;5;251m*[0m[38;5;251m*[0m[38;5;251m*[0m[38;5;251m+[0m[38;5;251m+[0m[38;5;251m=[0m.[38;5;46m#[0m...................................
.................................[38;5;251m=[0m[38;5;46m#[0m[38;5;251m*[0m[38;5;251m*[0m[38;5;251m*[0m[38;5;251m#[0m[38;5;251m*[0m[38;5;251m*[0m[38;5;251m*[0m[38;5;251m+[0m[38;5;251m=[0m[38;5;46m#[0m...................................
.................................[38;5;251m=[0m[38;5;46m#[0m[38;5;251m*[0m[38;5;251m*[0m[38;5;251m#[0m[38;5;251m#[0m[38;5;251m#[0m[38;5;251m*[0m[38;5;251m*[0m[38;5;251m+[0m[38;5;251m=[0m[38;5;46m#[0m...................................
..................................[38;5;46m#[0m[38;5;251m+[0m[38;5;251m*[0m[38;5;251m*[0m[38;5;251m*[0m[38;5;251m*[0m[38;5;251m*[0m[38;5;251m+[0m[38;5;251m=[0m.[38;5;46m#[0m...................................
..................................[38;5;46m#[0m.[38;5;251m=[0m[38;5;251m+[0m[38;5;251m+[0m[38;5;251m+[0m[38;5;251m=[0m...[38;5;46m#[0m...................................
..................................[38;5;46m#[0m.........[38;5;46m#[0m...................................
..................................[38;5;46m#[0m.........[38;5;46m#[0m...................................
....................[38;5;46m#[0m..[38;5;251m+[0m[38;5;251m+[0m[38;5;251m+[0m..[38;5;46m#[0m...................................[38;5;46m#[0m[38;5;251m+[0m[38;5;251m*[0m[38;5;251m*[0m[38;5;251m*[0m[38;5;251m+[0m..[38;5;46m#[0m.......
....................[38;5;46m#[0m[38;5;251m+[0m[38;5;251m*[0m[38;5;251m*[0m[38;5;251m*[0m[38;5;251m*[0m[38;5;251m*[0m[38;5;251m+[0m[38;5;46m#[0m...................................[38;5;46m#[0m[38;5;251m#[0m[38;5;251m%[0m[38;5;251m%[0m[38;5;251m%[0m[38;5;251m#[0m[38;5;251m*[0m.[38;5;46m#[0m.......
....................[38;5;46m#[0m[38;5;251m*[0m[38;5;251m#[0m[38;5;251m#[0m[38;5;251m%[0m[38;5;251m#[0m[38;5;251m#[0m[38;5;251m*[0m[38;5;46m#[0m...................................[38;5;46m#[0m[38;5;251m#[0m[38;5;251m%[0m[38;5;251m@[0m[38;5;251m%[0m[38;5;251m#[0m[38;5;251m*[0m.[38;5;46m#[0m.......
....................[38;5;46m#[0m[38;5;251m*[0m[38;5;251m#[0m[38;5;251m#[0m[38;5;251m#[0m[38;5;251m#[0m[38;5;251m#[0m[38;5;251m*[0m[38;5;46m#[0m...................................[38;5;46m#[0m[38;5;251m*[0m[38;5;251m*[0m[38;5;251m#[0m[38;5;251m*[0m[38;5;251m*[0m..[38;5;46m#[0m.......
....................[38;5;46m#[0m[38;5;251m+[0m[38;5;251m*[0m[38;5;251m*[0m[38;5;251m*[0m[38;5;251m*[0m[38;5;251m*[0m[38;5;251m+[0m[38;5;46m#[0m...................................[38;5;46m#[0m.......[38;5;46m#[0m.......
....................[38;5;46m#[0m.......[38;5;46m#[0m...................................................
....................[38;5;46m#[0m.......[38;5;46m#[0m...................................................
................................................................................
................................................................................
................................................................................
................................................................................
................................................................................
[2J[H................................................................................
................................................................................
................................................................................
................................[38;5;46m#[0m...[38;5;251m=[0m[38;5;251m=[0m[38;5;251m=[0m...[38;5;46m#[0m.....................................
................................[38;5;46m#[0m[38;5;251m=[0m[38;5;251m+[0m[38;5;251m+[0m[38;5;251m*[0m[38;5;251m*[0m[38;5;251m*[0m[38;5;251m+[0m[38;5;251m+[0m[38;5;251m=[0m[38;5;46m#[0m.....................................
................................[38;5;46m#[0m[38;5;251m+[0m[38;5;251m*[0m[38;5;251m*[0m[38;5;251m*[0m[38;5;251m#[0m[38;5;251m#[0m[38;5;251m*[0m[38;5;251m*[0m[38;5;251m+[0m[38;5;46m#[0m.....................................
................................[38;5;46m#[0m[38;5;251m+[0m[38;5;251m*[0m[38;5;251m*[0m[38;5;251m*[0m[38;5;251m#[0m[38;5;251m#[0m[38;5;251m*[0m[38;5;251m*[0m[38;5;251m+[0m[38;5;46m#[0m.....................................
................................[38;5;46m#[0m[38;5;251m=[0m[38;5;251m+[0m[38;5;251m+[0m[38;5;251m*[0m[38;5;251m*[0m[38;5;251m*[0m[38;5;251m*[0m[38;5;251m+[0m[38;5;251m+[0m[38;5;46m#[0m.....................................
................................[38;5;46m#[0m...[38;5;251m=[0m[38;5;251m=[0m[38;5;251m=[0m[38;5;251m=[0m..[38;5;46m#[0m.....................................
................................[38;5;46m#[0m.........[38;5;46m#[0m.....................................
................................................................................
....................[38;5;46m#[0m.........[38;5;46m#[0m.................................[38;5;46m#[0m[38;5;251m*[0m[38;5;251m#[0m[38;5;251m#[0m[38;5;251m*[0m[38;5;251m+[0m[38;5;46m#[0m.........
....................[38;5;46m#[0m.[38;5;251m+[0m[38;5;251m*[0m[38;5;251m*[0m[38;5;251m*[0m[38;5;251m*[0m[38;5;251m+[0m..[38;5;46m#[0m.................................[38;5;46m#[0m[38;5;251m%[0m[38;5;251m%[0m[38;5;251m%[0m[38;5;251m%[0m[38;5;251m#[0m[38;5;46m#[0m.........
....................[38;5;46m#[0m[38;5;251m*[0m[38;5;251m*[0m[38;5;251m#[0m[38;5;251m#[0m[38;5;251m#[0m[38;5;251m#[0m[38;5;251m#[0m[38;5;251m*[0m.[38;5;46m#[0m.................................[38;5;46m#[0m[38;5;251m%[0m[38;5;251m%[0m[38;5;251m%[0m[38;5;251m%[0m[38;5;251m#[0m[38;5;46m#[0m.........
....................[38;5;46m#[0m[38;5;251m*[0m[38;5;251m#[0m[38;5;251m#[0m[38;5;251m%[0m[38;5;251m%[0m[38;5;251m#[0m[38;5;251m#[0m[38;5;251m*[0m.[38;5;46m#[0m.................................[38;5;46m#[0m[38;5;251m+[0m[38;5;251m*[0m[38;5;251m*[0m[38;5;251m*[0m.[38;5;46m#[0m.........
....................[38;5;46m#[0m.[38;5;251m+[0m[38;5;251m*[0m[38;5;251m*[0m[38;5;251m*[0m[38;5;251m*[0m[38;5;251m+[0m[38;5;251m+[0m.[38;5;46m#[0m.................................[38;5;46m#[0m.....[38;5;46m#[0m.........
....................[38;5;46m#[0m.........[38;5;46m#[0m.................................................
....................[38;5;46m#[0m.........[38;5;46m#[0m.................................................
................................................................................
................................................................................
................................................................................
................................................................................
................................................................................
[2J[H................................................................................
................................................................................
................................................................................
................................[38;5;46m#[0m..[38;5;251m=[0m[38;5;251m=[0m[38;5;251m=[0m[38;5;251m=[0m...[38;5;46m#[0m.....................................
................................[38;5;46m#[0m[38;5;251m+[0m[38;5;251m+[0m[38;5;251m*[0m[38;5;251m*[0m[38;5;251m*[0m[38;5;251m*[0m[38;5;251m+[0m[38;5;251m+[0m.[38;5;46m#[0m.....................................
................................[38;5;46m#[0m[38;5;251m+[0m[38;5;251m*[0m[38;5;251m*[0m[38;5;251m#[0m[38;5;251m#[0m[38;5;251m*[0m[38;5;251m*[0m[38;5;251m+[0m[38;5;251m+[0m[38;5;46m#[0m.....................................
................................[38;5;46m#[0m[38;5;251m+[0m[38;5;251m*[0m[38;5;251m*[0m[38;5;251m#[0m[38;5;251m#[0m[38;5;251m*[0m[38;5;251m*[0m[38;5;251m+[0m[38;5;251m+[0m[38;5;46m#[0m.....................................
................................[38;5;46m#[0m[38;5;251m+[0m[38;5;251m+[0m[38;5;251m*[0m[38;5;251m*[0m[38;5;251m*[0m[38;5;251m*[0m[38;5;251m+[0m[38;5;251m+[0m.[38;5;46m#[0m.....................................
................................[38;5;46m#[0m...[38;5;251m=[0m[38;5;251m=[0m....[38;5;46m#[0m.....................................
................................[38;5;46m#[0m.........[38;5;46m#[0m.....................................
................................................................[38;5;46m#[0m.....[38;5;46m#[0m.........
......................[38;5;46m#[0m.......[38;5;46m#[0m.................................[38;5;46m#[0m[38;5;251m#[0m[38;5;251m#[0m[38;5;251m#[0m[38;5;251m*[0m.[38;5;46m#[0m.........
......................[38;5;46m#[0m[38;5;251m+[0m[38;5;251m*[0m[38;5;251m*[0m[38;5;251m*[0m[38;5;251m+[0m[38;5;251m+[0m.[38;5;46m#[0m................................[38;5;251m+[0m[38;5;46m#[0m[38;5;251m%[0m[38;5;251m%[0m[38;5;251m%[0m[38;5;251m%[0m[38;5;251m*[0m[38;5;46m#[0m.........
.....................[38;5;251m+[0m[38;5;46m#[0m[38;5;251m#[0m[38;5;251m#[0m[38;5;251m#[0m[38;5;251m#[0m[38;5;251m#[0m[38;5;251m*[0m[38;5;251m+[0m[38;5;46m#[0m.................................[38;5;46m#[0m[38;5;251m%[0m[38;5;251m%[0m[38;5;251m%[0m[38;5;251m#[0m[38;5;251m*[0m[38;5;46m#[0m.........
.....................[38;5;251m+[0m[38;5;46m#[0m[38;5;251m#[0m[38;5;251m#[0m[38;5;251m%[0m[38;5;251m%[0m[38;5;251m#[0m[38;5;251m*[0m[38;5;251m+[0m[38;5;46m#[0m.................................[38;5;46m#[0m[38;5;251m+[0m[38;5;251m*[0m[38;5;251m+[0m..[38;5;46m#[0m.........
......................[38;5;46m#[0m[38;5;251m*[0m[38;5;251m*[0m[38;5;251m#[0m[38;5;251m*[0m[38;5;251m*[0m[38;5;251m+[0m.[38;5;46m#[0m.................................[38;5;46m#[0m.....[38;5;46m#[0m.........
......................[38;5;46m#[0m.......[38;5;46m#[0m.................................................
......................[38;5;46m#[0m.......[38;5;46m#[0m.................................................
................................................................................
................................................................................
................................................................................
................................................................................
................................................................................
[2J[H................................................................................
................................................................................
................................................................................
..............................[38;5;46m#[0m...[38;5;251m=[0m[38;5;251m=[0m[38;5;251m+[0m[38;5;251m=[0m....[38;5;46m#[0m.....................................
..............................[38;5;46m#[0m.[38;5;251m+[0m[38;5;251m+[0m[38;5;251m*[0m[38;5;251m*[0m[38;5;251m*[0m[38;5;251m*[0m[38;5;251m+[0m[38;5;251m+[0m[38;5;251m=[0m.[38;5;46m#[0m.....................................
..............................[38;5;46m#[0m[38;5;251m=[0m[38;5;251m+[0m[38;5;251m*[0m[38;5;251m*[0m[38;5;251m#[0m[38;5;251m#[0m[38;5;251m*[0m[38;5;251m*[0m[38;5;251m*[0m[38;5;251m+[0m.[38;5;46m#[0m.....................................
..............................[38;5;46m#[0m[38;5;251m=[0m[38;5;251m+[0m[38;5;251m*[0m[38;5;251m*[0m[38;5;251m*[0m[38;5;251m#[0m[38;5;251m*[0m[38;5;251m*[0m[38;5;251m+[0m[38;5;251m+[0m.[38;5;46m#[0m.....................................
..............................[38;5;46m#[0m.[38;5;251m=[0m[38;5;251m+[0m[38;5;251m+[0m[38;5;251m*[0m[38;5;251m*[0m[38;5;251m+[0m[38;5;251m+[0m[38;5;251m+[0m..[38;5;46m#[0m.....................................
..............................[38;5;46m#[0m...........[38;5;46m#[0m.....................................
..............................[38;5;46m#[0m...........[38;5;46m#[0m.....................................
..............................................................[38;5;46m#[0m.......[38;5;46m#[0m.........
..............................................................[38;5;46m#[0m.[38;5;251m*[0m[38;5;251m#[0m[38;5;251m#[0m[38;5;251m#[0m[38;5;251m*[0m.[38;5;46m#[0m.........
......................[38;5;46m#[0m.[38;5;251m+[0m[38;5;251m+[0m[38;5;251m+[0m[38;5;251m+[0m[38;5;251m+[0m.[38;5;46m#[0m...............................[38;5;46m#[0m[38;5;251m*[0m[38;5;251m#[0m[38;5;251m%[0m[38;5;251m@[0m[38;5;251m%[0m[38;5;251m#[0m[38;5;251m*[0m[38;5;46m#[0m.........
......................[38;5;46m#[0m[38;5;251m*[0m[38;5;251m#[0m[38;5;251m#[0m[38;5;251m#[0m[38;5;251m#[0m[38;5;251m#[0m[38;5;251m*[0m[38;5;46m#[0m...............................[38;5;46m#[0m[38;5;251m+[0m[38;5;251m#[0m[38;5;251m%[0m[38;5;251m%[0m[38;5;251m%[0m[38;5;251m#[0m.[38;5;46m#[0m.........
......................[38;5;46m#[0m[38;5;251m*[0m[38;5;251m#[0m[38;5;251m%[0m[38;5;251m%[0m[38;5;251m#[0m[38;5;251m#[0m[38;5;251m*[0m[38;5;46m#[0m...............................[38;5;46m#[0m.......[38;5;46m#[0m.........
......................[38;5;46m#[0m[38;5;251m+[0m[38;5;251m*[0m[38;5;251m#[0m[38;5;251m#[0m[38;5;251m#[0m[38;5;251m*[0m[38;5;251m+[0m[38;5;46m#[0m...............................[38;5;46m#[0m.......[38;5;46m#[0m.........
......................[38;5;46m#[0m...[38;5;251m+[0m...[38;5;46m#[0m.................................................
......................[38;5;46m#[0m.......[38;5;46m#[0m.................................................
................................................................................
................................................................................
................................................................................
................................................................................
................................................................................
weft-tensor flight | 2.8s | seq 329 | render 318 | stalls 21 | infer 11.6us | boxes 3 | gc 18[2J[H................................................................................
................................................................................
................................................................................
..............................[38;5;46m#[0m..[38;5;251m=[0m[38;5;251m+[0m[38;5;251m+[0m[38;5;251m+[0m[38;5;251m=[0m..[38;5;46m#[0m.......................................
..............................[38;5;46m#[0m[38;5;251m+[0m[38;5;251m+[0m[38;5;251m*[0m[38;5;251m*[0m[38;5;251m*[0m[38;5;251m*[0m[38;5;251m*[0m[38;5;251m+[0m[38;5;251m=[0m[38;5;46m#[0m.......................................
..............................[38;5;46m#[0m[38;5;251m+[0m[38;5;251m*[0m[38;5;251m*[0m[38;5;251m#[0m[38;5;251m#[0m[38;5;251m#[0m[38;5;251m*[0m[38;5;251m*[0m[38;5;251m+[0m[38;5;46m#[0m.......................................
..............................[38;5;46m#[0m[38;5;251m+[0m[38;5;251m*[0m[38;5;251m*[0m[38;5;251m*[0m[38;5;251m*[0m[38;5;251m*[0m[38;5;251m*[0m[38;5;251m*[0m[38;5;251m+[0m[38;5;46m#[0m.......................................
..............................[38;5;46m#[0m.[38;5;251m+[0m[38;5;251m+[0m[38;5;251m+[0m[38;5;251m+[0m[38;5;251m+[0m[38;5;251m+[0m[38;5;251m=[0m.[38;5;46m#[0m.......................................
..............................[38;5;46m#[0m.........[38;5;46m#[0m.......................................
..............................[38;5;46m#[0m.........[38;5;46m#[0m.......................................
..............................................................[38;5;46m#[0m.......[38;5;46m#[0m.........
..............................................................[38;5;46m#[0m[38;5;251m*[0m[38;5;251m#[0m[38;5;251m%[0m[38;5;251m%[0m[38;5;251m#[0m[38;5;251m*[0m.[38;5;46m#[0m.........
......................[38;5;46m#[0m..[38;5;251m+[0m[38;5;251m+[0m[38;5;251m+[0m[38;5;251m+[0m...[38;5;46m#[0m.............................[38;5;46m#[0m[38;5;251m#[0m[38;5;251m%[0m[38;5;251m@[0m[38;5;251m@[0m[38;5;251m%[0m[38;5;251m#[0m.[38;5;46m#[0m.........
......................[38;5;46m#[0m[38;5;251m+[0m[38;5;251m*[0m[38;5;251m#[0m[38;5;251m#[0m[38;5;251m#[0m[38;5;251m#[0m[38;5;251m*[0m[38;5;251m+[0m.[38;5;46m#[0m.............................[38;5;46m#[0m[38;5;251m*[0m[38;5;251m#[0m[38;5;251m%[0m[38;5;251m%[0m[38;5;251m#[0m[38;5;251m*[0m.[38;5;46m#[0m.........
......................[38;5;46m#[0m[38;5;251m+[0m[38;5;251m#[0m[38;5;251m#[0m[38;5;251m%[0m[38;5;251m%[0m[38;5;251m#[0m[38;5;251m#[0m[38;5;251m*[0m.[38;5;46m#[0m.............................[38;5;46m#[0m.......[38;5;46m#[0m.........
......................[38;5;46m#[0m[38;5;251m+[0m[38;5;251m*[0m[38;5;251m#[0m[38;5;251m#[0m[38;5;251m#[0m[38;5;251m#[0m[38;5;251m*[0m[38;5;251m+[0m.[38;5;46m#[0m...............................................
......................[38;5;46m#[0m...[38;5;251m+[0m[38;5;251m+[0m[38;5;251m+[0m...[38;5;46m#[0m...............................................
......................[38;5;46m#[0m.........[38;5;46m#[0m...............................................
................................................................................
................................................................................
................................................................................
................................................................................
................................................................................
[2J[H................................................................................
................................................................................
................................................................................
..............................[38;5;46m#[0m.[38;5;251m=[0m[38;5;251m+[0m[38;5;251m+[0m[38;5;251m+[0m[38;5;251m=[0m...[38;5;46m#[0m.......................................
..............................[38;5;46m#[0m[38;5;251m+[0m[38;5;251m*[0m[38;5;251m*[0m[38;5;251m*[0m[38;5;251m*[0m[38;5;251m*[0m[38;5;251m+[0m[38;5;251m+[0m.[38;5;46m#[0m.......................................
..............................[38;5;46m#[0m[38;5;251m*[0m[38;5;251m*[0m[38;5;251m#[0m[38;5;251m#[0m[38;5;251m#[0m[38;5;251m*[0m[38;5;251m*[0m[38;5;251m+[0m[38;5;251m=[0m[38;5;46m#[0m.......................................
..............................[38;5;46m#[0m[38;5;251m+[0m[38;5;251m*[0m[38;5;251m*[0m[38;5;251m*[0m[38;5;251m*[0m[38;5;251m*[0m[38;5;251m*[0m[38;5;251m+[0m.[38;5;46m#[0m.......................................
..............................[38;5;46m#[0m[38;5;251m=[0m[38;5;251m+[0m[38;5;251m+[0m[38;5;251m+[0m[38;5;251m+[0m[38;5;251m+[0m[38;5;251m=[0m..[38;5;46m#[0m.......................................
..............................[38;5;46m#[0m.........[38;5;46m#[0m.......................................
..............................[38;5;46m#[0m.........[38;5;46m#[0m.......................................
..............................................................[38;5;46m#[0m.....[38;5;46m#[0m...........
..............................................................[38;5;46m#[0m[38;5;251m#[0m[38;5;251m%[0m[38;5;251m%[0m[38;5;251m%[0m[38;5;251m#[0m[38;5;46m#[0m...........
........................[38;5;46m#[0m..[38;5;251m+[0m[38;5;251m+[0m...[38;5;46m#[0m.............................[38;5;46m#[0m[38;5;251m#[0m[38;5;251m%[0m[38;5;251m@[0m[38;5;251m%[0m[38;5;251m#[0m[38;5;46m#[0m...........
........................[38;5;46m#[0m[38;5;251m*[0m[38;5;251m#[0m[38;5;251m#[0m[38;5;251m#[0m[38;5;251m*[0m[38;5;251m*[0m.[38;5;46m#[0m.............................[38;5;46m#[0m[38;5;251m*[0m[38;5;251m#[0m[38;5;251m#[0m[38;5;251m#[0m[38;5;251m*[0m[38;5;46m#[0m...........
........................[38;5;46m#[0m[38;5;251m#[0m[38;5;251m#[0m[38;5;251m%[0m[38;5;251m%[0m[38;5;251m#[0m[38;5;251m*[0m[38;5;251m+[0m[38;5;46m#[0m.............................[38;5;46m#[0m.....[38;5;46m#[0m...........
........................[38;5;46m#[0m[38;5;251m*[0m[38;5;251m#[0m[38;5;251m#[0m[38;5;251m#[0m[38;5;251m#[0m[38;5;251m*[0m[38;5;251m+[0m[38;5;46m#[0m...............................................
........................[38;5;46m#[0m.[38;5;251m+[0m[38;5;251m+[0m[38;5;251m+[0m[38;5;251m+[0m..[38;5;46m#[0m...............................................
........................[38;5;46m#[0m.......[38;5;46m#[0m...............................................
................................................................................
................................................................................
................................................................................
................................................................................
................................................................................
[2J[H................................................................................
................................................................................
................................................................................
............................[38;5;46m#[0m..[38;5;251m=[0m[38;5;251m+[0m[38;5;251m+[0m[38;5;251m+[0m[38;5;251m+[0m[38;5;251m=[0m.[38;5;46m#[0m.........................................
............................[38;5;46m#[0m[38;5;251m=[0m[38;5;251m+[0m[38;5;251m*[0m[38;5;251m*[0m[38;5;251m*[0m[38;5;251m*[0m[38;5;251m*[0m[38;5;251m*[0m[38;5;251m+[0m[38;5;46m#[0m.........................................
............................[38;5;46m#[0m[38;5;251m+[0m[38;5;251m+[0m[38;5;251m*[0m[38;5;251m*[0m[38;5;251m#[0m[38;5;251m#[0m[38;5;251m*[0m[38;5;251m*[0m[38;5;251m+[0m[38;5;46m#[0m.........................................
............................[38;5;46m#[0m[38;5;251m=[0m[38;5;251m+[0m[38;5;251m*[0m[38;5;251m*[0m[38;5;251m*[0m[38;5;251m*[0m[38;5;251m*[0m[38;5;251m*[0m[38;5;251m+[0m[38;5;46m#[0m.........................................
............................[38;5;46m#[0m..[38;5;251m=[0m[38;5;251m+[0m[38;5;251m+[0m[38;5;251m+[0m[38;5;251m+[0m[38;5;251m=[0m.[38;5;46m#[0m.........................................
............................[38;5;46m#[0m.........[38;5;46m#[0m.........................................
............................[38;5;46m#[0m.........[38;5;46m#[0m.........................................
..............................................................[38;5;46m#[0m.[38;5;251m+[0m[38;5;251m+[0m..[38;5;46m#[0m...........
..............................................................[38;5;46m#[0m[38;5;251m#[0m[38;5;251m%[0m[38;5;251m%[0m[38;5;251m%[0m[38;5;251m*[0m[38;5;46m#[0m...........
........................[38;5;46m#[0m.......[38;5;46m#[0m.............................[38;5;46m#[0m[38;5;251m%[0m[38;5;251m%[0m[38;5;251m@[0m[38;5;251m%[0m[38;5;251m#[0m[38;5;46m#[0m...........
........................[38;5;46m#[0m[38;5;251m+[0m[38;5;251m*[0m[38;5;251m*[0m[38;5;251m#[0m[38;5;251m*[0m[38;5;251m*[0m[38;5;251m+[0m[38;5;46m#[0m.............................[38;5;46m#[0m[38;5;251m*[0m[38;5;251m#[0m[38;5;251m#[0m[38;5;251m*[0m.[38;5;46m#[0m...........
........................[38;5;46m#[0m[38;5;251m*[0m[38;5;251m#[0m[38;5;251m#[0m[38;5;251m%[0m[38;5;251m#[0m[38;5;251m#[0m[38;5;251m*[0m[38;5;46m#[0m.............................[38;5;46m#[0m.....[38;5;46m#[0m...........
........................[38;5;46m#[0m[38;5;251m*[0m[38;5;251m#[0m[38;5;251m#[0m[38;5;251m#[0m[38;5;251m#[0m[38;5;251m#[0m[38;5;251m*[0m[38;5;46m#[0m...............................................
........................[38;5;46m#[0m.[38;5;251m+[0m[38;5;251m+[0m[38;5;251m+[0m[38;5;251m+[0m[38;5;251m+[0m.[38;5;46m#[0m...............................................
........................[38;5;46m#[0m.......[38;5;46m#[0m...............................................
................................................................................
................................................................................
................................................................................
................................................................................
................................................................................
[2J[H................................................................................
................................................................................
................................................................................
............................[38;5;46m#[0m.[38;5;251m=[0m[38;5;251m+[0m[38;5;251m+[0m[38;5;251m+[0m[38;5;251m+[0m[38;5;251m=[0m..[38;5;46m#[0m.........................................
............................[38;5;46m#[0m[38;5;251m+[0m[38;5;251m*[0m[38;5;251m*[0m[38;5;251m*[0m[38;5;251m*[0m[38;5;251m*[0m[38;5;251m*[0m[38;5;251m+[0m[38;5;251m=[0m[38;5;46m#[0m.........................................
............................[38;5;46m#[0m[38;5;251m+[0m[38;5;251m*[0m[38;5;251m*[0m[38;5;251m#[0m[38;5;251m#[0m[38;5;251m*[0m[38;5;251m*[0m[38;5;251m+[0m[38;5;251m+[0m[38;5;46m#[0m.........................................
............................[38;5;46m#[0m[38;5;251m+[0m[38;5;251m+[0m[38;5;251m*[0m[38;5;251m*[0m[38;5;251m*[0m[38;5;251m*[0m[38;5;251m*[0m[38;5;251m+[0m[38;5;251m=[0m[38;5;46m#[0m.........................................
............................[38;5;46m#[0m.[38;5;251m=[0m[38;5;251m+[0m[38;5;251m+[0m[38;5;251m+[0m[38;5;251m+[0m[38;5;251m=[0m..[38;5;46m#[0m.........................................
............................[38;5;46m#[0m.........[38;5;46m#[0m.........................................
................................................................................
..............................................................[38;5;46m#[0m[38;5;251m+[0m[38;5;251m*[0m[38;5;251m*[0m..[38;5;46m#[0m...........
..............................................................[38;5;46m#[0m[38;5;251m%[0m[38;5;251m%[0m[38;5;251m%[0m[38;5;251m#[0m[38;5;251m*[0m[38;5;46m#[0m...........
..............................................................[38;5;46m#[0m[38;5;251m%[0m[38;5;251m%[0m[38;5;251m%[0m[38;5;251m#[0m[38;5;251m*[0m[38;5;46m#[0m...........
..........................[38;5;46m#[0m[38;5;251m*[0m[38;5;251m*[0m[38;5;251m*[0m[38;5;251m*[0m[38;5;251m+[0m..[38;5;46m#[0m...........................[38;5;46m#[0m[38;5;251m*[0m[38;5;251m*[0m[38;5;251m*[0m[38;5;251m+[0m.[38;5;46m#[0m...........
.........................[38;5;251m+[0m[38;5;46m#[0m[38;5;251m#[0m[38;5;251m#[0m[38;5;251m%[0m[38;5;251m#[0m[38;5;251m#[0m[38;5;251m*[0m.[38;5;46m#[0m...........................[38;5;46m#[0m.....[38;5;46m#[0m...........
.........................[38;5;251m+[0m[38;5;46m#[0m[38;5;251m#[0m[38;5;251m#[0m[38;5;251m#[0m[38;5;251m#[0m[38;5;251m*[0m[38;5;251m+[0m.[38;5;46m#[0m.............................................
..........................[38;5;46m#[0m[38;5;251m+[0m[38;5;251m*[0m[38;5;251m*[0m[38;5;251m+[0m[38;5;251m+[0m..[38;5;46m#[0m.............................................
..........................[38;5;46m#[0m.......[38;5;46m#[0m.............................................
................................................................................
................................................................................
................................................................................
................................................................................
................................................................................
[2J[H................................................................................
................................................................................
................................................................................
............................[38;5;46m#[0m[38;5;251m=[0m[38;5;251m+[0m[38;5;251m+[0m[38;5;251m+[0m[38;5;251m+[0m[38;5;251m+[0m[38;5;251m=[0m..[38;5;46m#[0m.........................................
............................[38;5;46m#[0m[38;5;251m+[0m[38;5;251m*[0m[38;5;251m*[0m[38;5;251m*[0m[38;5;251m*[0m[38;5;251m*[0m[38;5;251m+[0m[38;5;251m+[0m.[38;5;46m#[0m.........................................
...........................[38;5;251m=[0m[38;5;46m#[0m[38;5;251m*[0m[38;5;251m*[0m[38;5;251m#[0m[38;5;251m#[0m[38;5;251m#[0m[38;5;251m*[0m[38;5;251m*[0m[38;5;251m+[0m.[38;5;46m#[0m.........................................
............................[38;5;46m#[0m[38;5;251m+[0m[38;5;251m*[0m[38;5;251m*[0m[38;5;251m*[0m[38;5;251m*[0m[38;5;251m*[0m[38;5;251m+[0m[38;5;251m=[0m.[38;5;46m#[0m.........................................
............................[38;5;46m#[0m.[38;5;251m=[0m[38;5;251m+[0m[38;5;251m+[0m[38;5;251m+[0m[38;5;251m=[0m...[38;5;46m#[0m.........................................
............................[38;5;46m#[0m.........[38;5;46m#[0m.........................................
................................................................................
..............................................................[38;5;46m#[0m[38;5;251m*[0m[38;5;251m*[0m[38;5;251m*[0m..[38;5;46m#[0m...........
.............................................................[38;5;251m*[0m[38;5;46m#[0m[38;5;251m%[0m[38;5;251m@[0m[38;5;251m%[0m[38;5;251m#[0m.[38;5;46m#[0m...........
.............................................................[38;5;251m*[0m[38;5;46m#[0m[38;5;251m%[0m[38;5;251m%[0m[38;5;251m%[0m[38;5;251m*[0m.[38;5;46m#[0m...........
..........................[38;5;46m#[0m[38;5;251m+[0m[38;5;251m*[0m[38;5;251m*[0m[38;5;251m*[0m[38;5;251m*[0m[38;5;251m+[0m.[38;5;46m#[0m...........................[38;5;46m#[0m[38;5;251m+[0m[38;5;251m*[0m...[38;5;46m#[0m...........
..........................[38;5;46m#[0m[38;5;251m*[0m[38;5;251m#[0m[38;5;251m#[0m[38;5;251m#[0m[38;5;251m#[0m[38;5;251m*[0m[38;5;251m+[0m[38;5;46m#[0m...........................[38;5;46m#[0m.....[38;5;46m#[0m...........
..........................[38;5;46m#[0m[38;5;251m*[0m[38;5;251m#[0m[38;5;251m#[0m[38;5;251m#[0m[38;5;251m#[0m[38;5;251m*[0m[38;5;251m+[0m[38;5;46m#[0m.............................................
..........................[38;5;46m#[0m[38;5;251m+[0m[38;5;251m*[0m[38;5;251m*[0m[38;5;251m*[0m[38;5;251m*[0m[38;5;251m+[0m.[38;5;46m#[0m.............................................
..........................[38;5;46m#[0m.......[38;5;46m#[0m.............................................
................................................................................
................................................................................
................................................................................
................................................................................
................................................................................
[2J[H................................................................................
................................................................................
................................................................................
..........................[38;5;46m#[0m.[38;5;251m=[0m[38;5;251m+[0m[38;5;251m+[0m[38;5;251m+[0m[38;5;251m+[0m[38;5;251m+[0m[38;5;251m=[0m.[38;5;46m#[0m...........................................
..........................[38;5;46m#[0m[38;5;251m+[0m[38;5;251m+[0m[38;5;251m*[0m[38;5;251m*[0m[38;5;251m*[0m[38;5;251m*[0m[38;5;251m*[0m[38;5;251m*[0m[38;5;251m+[0m[38;5;46m#[0m...........................................
..........................[38;5;46m#[0m[38;5;251m+[0m[38;5;251m*[0m[38;5;251m*[0m[38;5;251m#[0m[38;5;251m#[0m[38;5;251m#[0m[38;5;251m*[0m[38;5;251m*[0m[38;5;251m+[0m[38;5;46m#[0m...........................................
..........................[38;5;46m#[0m[38;5;251m=[0m[38;5;251m+[0m[38;5;251m*[0m[38;5;251m*[0m[38;5;251m*[0m[38;5;251m*[0m[38;5;251m*[0m[38;5;251m+[0m[38;5;251m=[0m[38;5;46m#[0m...........................................
..........................[38;5;46m#[0m...[38;5;251m=[0m[38;5;251m=[0m[38;5;251m=[0m[38;5;251m=[0m..[38;5;46m#[0m...........................................
..........................[38;5;46m#[0m.........[38;5;46m#[0m...........................................
............................................................[38;5;46m#[0m.....[38;5;46m#[0m.............
............................................................[38;5;46m#[0m.[38;5;251m*[0m[38;5;251m#[0m[38;5;251m*[0m[38;5;251m*[0m[38;5;46m#[0m.............
............................................................[38;5;46m#[0m[38;5;251m#[0m[38;5;251m%[0m[38;5;251m@[0m[38;5;251m%[0m[38;5;251m%[0m[38;5;46m#[0m.............
............................................................[38;5;46m#[0m[38;5;251m*[0m[38;5;251m#[0m[38;5;251m%[0m[38;5;251m%[0m[38;5;251m#[0m[38;5;46m#[0m.............
..........................[38;5;46m#[0m.[38;5;251m+[0m[38;5;251m+[0m[38;5;251m*[0m[38;5;251m+[0m[38;5;251m+[0m.[38;5;46m#[0m.........................[38;5;46m#[0m.....[38;5;46m#[0m.............
..........................[38;5;46m#[0m[38;5;251m+[0m[38;5;251m*[0m[38;5;251m#[0m[38;5;251m#[0m[38;5;251m#[0m[38;5;251m#[0m[38;5;251m*[0m[38;5;46m#[0m.........................[38;5;46m#[0m.....[38;5;46m#[0m.............
..........................[38;5;46m#[0m[38;5;251m*[0m[38;5;251m#[0m[38;5;251m#[0m[38;5;251m%[0m[38;5;251m#[0m[38;5;251m#[0m[38;5;251m*[0m[38;5;46m#[0m.............................................
..........................[38;5;46m#[0m.[38;5;251m+[0m[38;5;251m*[0m[38;5;251m*[0m[38;5;251m*[0m[38;5;251m*[0m[38;5;251m+[0m[38;5;46m#[0m.............................................
..........................[38;5;46m#[0m.......[38;5;46m#[0m.............................................
................................................................................
................................................................................
................................................................................
................................................................................
................................................................................
[2J[H................................................................................
................................................................................
..........................[38;5;46m#[0m.........[38;5;46m#[0m...........................................
..........................[38;5;46m#[0m[38;5;251m=[0m[38;5;251m+[0m[38;5;251m+[0m[38;5;251m+[0m[38;5;251m+[0m[38;5;251m+[0m[38;5;251m+[0m..[38;5;46m#[0m...........................................
..........................[38;5;46m#[0m[38;5;251m+[0m[38;5;251m*[0m[38;5;251m*[0m[38;5;251m*[0m[38;5;251m*[0m[38;5;251m*[0m[38;5;251m*[0m[38;5;251m+[0m[38;5;251m=[0m[38;5;46m#[0m...........................................
..........................[38;5;46m#[0m[38;5;251m+[0m[38;5;251m*[0m[38;5;251m*[0m[38;5;251m#[0m[38;5;251m#[0m[38;5;251m*[0m[38;5;251m*[0m[38;5;251m+[0m[38;5;251m=[0m[38;5;46m#[0m...........................................
..........................[38;5;46m#[0m[38;5;251m+[0m[38;5;251m+[0m[38;5;251m*[0m[38;5;251m*[0m[38;5;251m*[0m[38;5;251m*[0m[38;5;251m+[0m[38;5;251m=[0m.[38;5;46m#[0m...........................................
..........................[38;5;46m#[0m..[38;5;251m=[0m[38;5;251m=[0m[38;5;251m=[0m....[38;5;46m#[0m...........................................
..........................[38;5;46m#[0m.........[38;5;46m#[0m...........................................
............................................................[38;5;46m#[0m.....[38;5;46m#[0m.............
............................................................[38;5;46m#[0m[38;5;251m*[0m[38;5;251m#[0m[38;5;251m#[0m[38;5;251m#[0m[38;5;251m+[0m[38;5;46m#[0m.............
............................................................[38;5;46m#[0m[38;5;251m#[0m[38;5;251m%[0m[38;5;251m@[0m[38;5;251m%[0m[38;5;251m#[0m[38;5;46m#[0m.............
............................................................[38;5;46m#[0m[38;5;251m#[0m[38;5;251m%[0m[38;5;251m%[0m[38;5;251m#[0m[38;5;251m*[0m[38;5;46m#[0m.............
............................[38;5;46m#[0m.[38;5;251m+[0m[38;5;251m+[0m[38;5;251m+[0m...[38;5;46m#[0m.......................[38;5;46m#[0m.....[38;5;46m#[0m.............
............................[38;5;46m#[0m[38;5;251m*[0m[38;5;251m#[0m[38;5;251m#[0m[38;5;251m#[0m[38;5;251m*[0m[38;5;251m+[0m.[38;5;46m#[0m.......................[38;5;46m#[0m.....[38;5;46m#[0m.............
............................[38;5;46m#[0m[38;5;251m#[0m[38;5;251m#[0m[38;5;251m%[0m[38;5;251m#[0m[38;5;251m#[0m[38;5;251m*[0m.[38;5;46m#[0m...........................................
............................[38;5;46m#[0m[38;5;251m*[0m[38;5;251m*[0m[38;5;251m*[0m[38;5;251m*[0m[38;5;251m*[0m[38;5;251m+[0m.[38;5;46m#[0m...........................................
............................[38;5;46m#[0m.......[38;5;46m#[0m...........................................
................................................................................
................................................................................
................................................................................
................................................................................
................................................................................
weft-tensor flight | 3.0s | seq 359 | render 348 | stalls 22 | infer 11.9us | boxes 3 | gc 19[2J[H................................................................................
................................................................................
..........................[38;5;46m#[0m.......[38;5;46m#[0m.............................................
..........................[38;5;46m#[0m[38;5;251m+[0m[38;5;251m+[0m[38;5;251m+[0m[38;5;251m*[0m[38;5;251m+[0m[38;5;251m+[0m[38;5;251m=[0m[38;5;46m#[0m.............................................
.........................[38;5;251m=[0m[38;5;46m#[0m[38;5;251m*[0m[38;5;251m*[0m[38;5;251m*[0m[38;5;251m#[0m[38;5;251m*[0m[38;5;251m*[0m[38;5;251m+[0m[38;5;46m#[0m.............................................
.........................[38;5;251m=[0m[38;5;46m#[0m[38;5;251m*[0m[38;5;251m*[0m[38;5;251m#[0m[38;5;251m#[0m[38;5;251m*[0m[38;5;251m*[0m[38;5;251m+[0m[38;5;46m#[0m.............................................
..........................[38;5;46m#[0m[38;5;251m+[0m[38;5;251m+[0m[38;5;251m*[0m[38;5;251m*[0m[38;5;251m*[0m[38;5;251m+[0m[38;5;251m=[0m[38;5;46m#[0m.............................................
..........................[38;5;46m#[0m.......[38;5;46m#[0m.............................................
..........................[38;5;46m#[0m.......[38;5;46m#[0m.............................................
............................................................[38;5;46m#[0m.....[38;5;46m#[0m.............
............................................................[38;5;46m#[0m[38;5;251m#[0m[38;5;251m#[0m[38;5;251m#[0m[38;5;251m*[0m.[38;5;46m#[0m.............
............................................................[38;5;46m#[0m[38;5;251m%[0m[38;5;251m@[0m[38;5;251m%[0m[38;5;251m#[0m[38;5;251m*[0m[38;5;46m#[0m.............
............................................................[38;5;46m#[0m[38;5;251m#[0m[38;5;251m#[0m[38;5;251m#[0m[38;5;251m*[0m.[38;5;46m#[0m.............
............................[38;5;46m#[0m..[38;5;251m+[0m[38;5;251m+[0m...[38;5;46m#[0m.......................[38;5;46m#[0m.....[38;5;46m#[0m.............
............................[38;5;46m#[0m[38;5;251m+[0m[38;5;251m*[0m[38;5;251m#[0m[38;5;251m#[0m[38;5;251m#[0m[38;5;251m*[0m[38;5;251m+[0m[38;5;46m#[0m.......................[38;5;46m#[0m.....[38;5;46m#[0m.............
............................[38;5;46m#[0m[38;5;251m*[0m[38;5;251m#[0m[38;5;251m%[0m[38;5;251m%[0m[38;5;251m#[0m[38;5;251m#[0m[38;5;251m+[0m[38;5;46m#[0m...........................................
............................[38;5;46m#[0m[38;5;251m+[0m[38;5;251m*[0m[38;5;251m#[0m[38;5;251m#[0m[38;5;251m*[0m[38;5;251m*[0m.[38;5;46m#[0m...........................................
............................[38;5;46m#[0m.......[38;5;46m#[0m...........................................
............................[38;5;46m#[0m.......[38;5;46m#[0m...........................................
................................................................................
................................................................................
................................................................................
................................................................................
[2J[H................................................................................
................................................................................
........................[38;5;46m#[0m.........[38;5;46m#[0m.............................................
........................[38;5;46m#[0m.[38;5;251m+[0m[38;5;251m+[0m[38;5;251m*[0m[38;5;251m*[0m[38;5;251m*[0m[38;5;251m+[0m[38;5;251m+[0m.[38;5;46m#[0m.............................................
........................[38;5;46m#[0m[38;5;251m+[0m[38;5;251m*[0m[38;5;251m*[0m[38;5;251m*[0m[38;5;251m#[0m[38;5;251m*[0m[38;5;251m*[0m[38;5;251m+[0m[38;5;251m+[0m[38;5;46m#[0m.............................................
........................[38;5;46m#[0m[38;5;251m+[0m[38;5;251m*[0m[38;5;251m*[0m[38;5;251m*[0m[38;5;251m#[0m[38;5;251m*[0m[38;5;251m*[0m[38;5;251m+[0m[38;5;251m+[0m[38;5;46m#[0m.............................................
........................[38;5;46m#[0m.[38;5;251m+[0m[38;5;251m+[0m[38;5;251m*[0m[38;5;251m*[0m[38;5;251m+[0m[38;5;251m+[0m[38;5;251m+[0m.[38;5;46m#[0m.............................................
........................[38;5;46m#[0m.........[38;5;46m#[0m.............................................
........................[38;5;46m#[0m.........[38;5;46m#[0m.............................................
............................................................[38;5;46m#[0m.....[38;5;46m#[0m.............
............................................................[38;5;46m#[0m[38;5;251m%[0m[38;5;251m%[0m[38;5;251m#[0m[38;5;251m*[0m.[38;5;46m#[0m.............
...........................................................[38;5;251m+[0m[38;5;46m#[0m[38;5;251m%[0m[38;5;251m%[0m[38;5;251m%[0m[38;5;251m*[0m.[38;5;46m#[0m.............
............................................................[38;5;46m#[0m[38;5;251m#[0m[38;5;251m#[0m[38;5;251m*[0m..[38;5;46m#[0m.............
..............................[38;5;46m#[0m.....[38;5;46m#[0m.......................[38;5;46m#[0m.....[38;5;46m#[0m.............
..............................[38;5;46m#[0m[38;5;251m*[0m[38;5;251m#[0m[38;5;251m#[0m[38;5;251m*[0m[38;5;251m+[0m[38;5;46m#[0m.......................[38;5;46m#[0m.....[38;5;46m#[0m.............
.............................[38;5;251m+[0m[38;5;46m#[0m[38;5;251m#[0m[38;5;251m%[0m[38;5;251m%[0m[38;5;251m#[0m[38;5;251m*[0m[38;5;46m#[0m...........................................
..............................[38;5;46m#[0m[38;5;251m*[0m[38;5;251m#[0m[38;5;251m#[0m[38;5;251m*[0m[38;5;251m+[0m[38;5;46m#[0m...........................................
..............................[38;5;46m#[0m.....[38;5;46m#[0m...........................................
..............................[38;5;46m#[0m.....[38;5;46m#[0m...........................................
................................................................................
................................................................................
................................................................................
................................................................................
[2J[H................................................................................
................................................................................
........................[38;5;46m#[0m.........[38;5;46m#[0m.............................................
........................[38;5;46m#[0m[38;5;251m=[0m[38;5;251m+[0m[38;5;251m*[0m[38;5;251m*[0m[38;5;251m*[0m[38;5;251m+[0m[38;5;251m+[0m..[38;5;46m#[0m.............................................
........................[38;5;46m#[0m[38;5;251m+[0m[38;5;251m*[0m[38;5;251m*[0m[38;5;251m#[0m[38;5;251m#[0m[38;5;251m*[0m[38;5;251m*[0m[38;5;251m+[0m.[38;5;46m#[0m.............................................
........................[38;5;46m#[0m[38;5;251m+[0m[38;5;251m*[0m[38;5;251m*[0m[38;5;251m#[0m[38;5;251m*[0m[38;5;251m*[0m[38;5;251m*[0m[38;5;251m+[0m.[38;5;46m#[0m.............................................
........................[38;5;46m#[0m[38;5;251m=[0m[38;5;251m+[0m[38;5;251m+[0m[38;5;251m+[0m[38;5;251m+[0m[38;5;251m+[0m[38;5;251m+[0m..[38;5;46m#[0m.............................................
........................[38;5;46m#[0m.........[38;5;46m#[0m.............................................
........................[38;5;46m#[0m.........[38;5;46m#[0m.............................................
..........................................................[38;5;46m#[0m.....[38;5;46m#[0m...............
..........................................................[38;5;46m#[0m[38;5;251m*[0m[38;5;251m#[0m[38;5;251m%[0m[38;5;251m%[0m[38;5;251m#[0m[38;5;46m#[0m...............
..........................................................[38;5;46m#[0m[38;5;251m*[0m[38;5;251m%[0m[38;5;251m%[0m[38;5;251m%[0m[38;5;251m#[0m[38;5;46m#[0m...............
..........................................................[38;5;46m#[0m.[38;5;251m*[0m[38;5;251m*[0m[38;5;251m*[0m.[38;5;46m#[0m...............
..............................[38;5;46m#[0m.......[38;5;46m#[0m...................[38;5;46m#[0m.....[38;5;46m#[0m...............
..............................[38;5;46m#[0m[38;5;251m+[0m[38;5;251m*[0m[38;5;251m*[0m[38;5;251m*[0m[38;5;251m*[0m[38;5;251m+[0m.[38;5;46m#[0m.........................................
..............................[38;5;46m#[0m[38;5;251m#[0m[38;5;251m#[0m[38;5;251m%[0m[38;5;251m%[0m[38;5;251m#[0m[38;5;251m*[0m.[38;5;46m#[0m.........................................
..............................[38;5;46m#[0m[38;5;251m*[0m[38;5;251m#[0m[38;5;251m#[0m[38;5;251m#[0m[38;5;251m*[0m[38;5;251m+[0m.[38;5;46m#[0m.........................................
..............................[38;5;46m#[0m..[38;5;251m+[0m....[38;5;46m#[0m.........................................
..............................[38;5;46m#[0m.......[38;5;46m#[0m.........................................
................................................................................
................................................................................
................................................................................
................................................................................
[2J[H................................................................................
................................................................................
........................[38;5;46m#[0m.......[38;5;46m#[0m...............................................
........................[38;5;46m#[0m[38;5;251m+[0m[38;5;251m*[0m[38;5;251m*[0m[38;5;251m*[0m[38;5;251m*[0m[38;5;251m+[0m[38;5;251m=[0m[38;5;46m#[0m...............................................
.......................[38;5;251m=[0m[38;5;46m#[0m[38;5;251m*[0m[38;5;251m*[0m[38;5;251m#[0m[38;5;251m#[0m[38;5;251m*[0m[38;5;251m*[0m[38;5;251m+[0m[38;5;46m#[0m...............................................
........................[38;5;46m#[0m[38;5;251m*[0m[38;5;251m*[0m[38;5;251m*[0m[38;5;251m*[0m[38;5;251m*[0m[38;5;251m*[0m[38;5;251m+[0m[38;5;46m#[0m...............................................
........................[38;5;46m#[0m[38;5;251m+[0m[38;5;251m+[0m[38;5;251m+[0m[38;5;251m+[0m[38;5;251m+[0m[38;5;251m+[0m.[38;5;46m#[0m...............................................
........................[38;5;46m#[0m.......[38;5;46m#[0m...............................................
................................................................................
..........................................................[38;5;46m#[0m.....[38;5;46m#[0m...............
..........................................................[38;5;46m#[0m[38;5;251m#[0m[38;5;251m%[0m[38;5;251m%[0m[38;5;251m%[0m[38;5;251m*[0m[38;5;46m#[0m...............
..........................................................[38;5;46m#[0m[38;5;251m#[0m[38;5;251m%[0m[38;5;251m%[0m[38;5;251m#[0m[38;5;251m*[0m[38;5;46m#[0m...............
..........................................................[38;5;46m#[0m.[38;5;251m+[0m[38;5;251m*[0m..[38;5;46m#[0m...............
..............................[38;5;46m#[0m.......[38;5;46m#[0m...................[38;5;46m#[0m.....[38;5;46m#[0m...............
..............................[38;5;46m#[0m.[38;5;251m+[0m[38;5;251m*[0m[38;5;251m*[0m[38;5;251m*[0m[38;5;251m+[0m.[38;5;46m#[0m.........................................
..............................[38;5;46m#[0m[38;5;251m*[0m[38;5;251m#[0m[38;5;251m#[0m[38;5;251m%[0m[38;5;251m#[0m[38;5;251m#[0m[38;5;251m*[0m[38;5;46m#[0m.........................................
..............................[38;5;46m#[0m[38;5;251m+[0m[38;5;251m*[0m[38;5;251m#[0m[38;5;251m#[0m[38;5;251m#[0m[38;5;251m*[0m[38;5;251m+[0m[38;5;46m#[0m.........................................
..............................[38;5;46m#[0m..[38;5;251m+[0m[38;5;251m+[0m[38;5;251m+[0m..[38;5;46m#[0m.........................................
..............................[38;5;46m#[0m.......[38;5;46m#[0m.........................................
................................................................................
................................................................................
................................................................................
................................................................................
[2J[H................................................................................
................................................................................
......................[38;5;46m#[0m...[38;5;251m=[0m[38;5;251m=[0m....[38;5;46m#[0m...............................................
......................[38;5;46m#[0m[38;5;251m=[0m[38;5;251m+[0m[38;5;251m+[0m[38;5;251m*[0m[38;5;251m*[0m[38;5;251m*[0m[38;5;251m+[0m[38;5;251m+[0m.[38;5;46m#[0m...............................................
......................[38;5;46m#[0m[38;5;251m+[0m[38;5;251m*[0m[38;5;251m*[0m[38;5;251m#[0m[38;5;251m#[0m[38;5;251m*[0m[38;5;251m*[0m[38;5;251m+[0m[38;5;251m=[0m[38;5;46m#[0m...............................................
......................[38;5;46m#[0m[38;5;251m+[0m[38;5;251m+[0m[38;5;251m*[0m[38;5;251m*[0m[38;5;251m*[0m[38;5;251m*[0m[38;5;251m*[0m[38;5;251m+[0m[38;5;251m=[0m[38;5;46m#[0m...............................................
......................[38;5;46m#[0m.[38;5;251m=[0m[38;5;251m+[0m[38;5;251m+[0m[38;5;251m+[0m[38;5;251m+[0m[38;5;251m+[0m..[38;5;46m#[0m...............................................
......................[38;5;46m#[0m.........[38;5;46m#[0m...............................................
................................................................................
..........................................................[38;5;46m#[0m[38;5;251m+[0m[38;5;251m*[0m[38;5;251m+[0m..[38;5;46m#[0m...............
..........................................................[38;5;46m#[0m[38;5;251m%[0m[38;5;251m%[0m[38;5;251m%[0m[38;5;251m#[0m.[38;5;46m#[0m...............
..........................................................[38;5;46m#[0m[38;5;251m#[0m[38;5;251m%[0m[38;5;251m#[0m[38;5;251m*[0m.[38;5;46m#[0m...............
..........................................................[38;5;46m#[0m.....[38;5;46m#[0m...............
................................[38;5;46m#[0m.....[38;5;46m#[0m...................[38;5;46m#[0m.....[38;5;46m#[0m...............
................................[38;5;46m#[0m[38;5;251m+[0m[38;5;251m*[0m[38;5;251m*[0m[38;5;251m+[0m[38;5;251m+[0m[38;5;46m#[0m.........................................
................................[38;5;46m#[0m[38;5;251m#[0m[38;5;251m#[0m[38;5;251m%[0m[38;5;251m#[0m[38;5;251m*[0m[38;5;46m#[0m.........................................
................................[38;5;46m#[0m[38;5;251m#[0m[38;5;251m#[0m[38;5;251m#[0m[38;5;251m#[0m[38;5;251m*[0m[38;5;46m#[0m.........................................
................................[38;5;46m#[0m.[38;5;251m+[0m[38;5;251m+[0m[38;5;251m+[0m.[38;5;46m#[0m.........................................
................................[38;5;46m#[0m.....[38;5;46m#[0m.........................................
................................................................................
................................................................................
................................................................................
................................................................................
[2J[H................................................................................
................................................................................
......................[38;5;46m#[0m..[38;5;251m=[0m[38;5;251m=[0m[38;5;251m=[0m....[38;5;46m#[0m...............................................
......................[38;5;46m#[0m[38;5;251m+[0m[38;5;251m+[0m[38;5;251m*[0m[38;5;251m*[0m[38;5;251m*[0m[38;5;251m*[0m[38;5;251m+[0m..[38;5;46m#[0m...............................................
......................[38;5;46m#[0m[38;5;251m+[0m[38;5;251m*[0m[38;5;251m#[0m[38;5;251m#[0m[38;5;251m#[0m[38;5;251m*[0m[38;5;251m*[0m[38;5;251m+[0m.[38;5;46m#[0m...............................................
......................[38;5;46m#[0m[38;5;251m+[0m[38;5;251m*[0m[38;5;251m*[0m[38;5;251m*[0m[38;5;251m*[0m[38;5;251m*[0m[38;5;251m+[0m[38;5;251m=[0m.[38;5;46m#[0m...............................................
......................[38;5;46m#[0m.[38;5;251m=[0m[38;5;251m+[0m[38;5;251m+[0m[38;5;251m+[0m[38;5;251m=[0m...[38;5;46m#[0m...............................................
......................[38;5;46m#[0m.........[38;5;46m#[0m...............................................
................................................................................
..........................................................[38;5;46m#[0m[38;5;251m*[0m[38;5;251m*[0m[38;5;251m+[0m[38;5;46m#[0m.................
.........................................................[38;5;251m*[0m[38;5;46m#[0m[38;5;251m%[0m[38;5;251m@[0m[38;5;251m%[0m[38;5;46m#[0m.................
..........................................................[38;5;46m#[0m[38;5;251m#[0m[38;5;251m#[0m[38;5;251m*[0m[38;5;46m#[0m.................
..........................................................[38;5;46m#[0m...[38;5;46m#[0m.................
..........................................................[38;5;46m#[0m...[38;5;46m#[0m.................
................................[38;5;46m#[0m.[38;5;251m+[0m[38;5;251m+[0m[38;5;251m+[0m[38;5;251m+[0m..[38;5;46m#[0m.......................................
................................[38;5;46m#[0m[38;5;251m*[0m[38;5;251m#[0m[38;5;251m#[0m[38;5;251m#[0m[38;5;251m#[0m[38;5;251m*[0m.[38;5;46m#[0m.......................................
................................[38;5;46m#[0m[38;5;251m*[0m[38;5;251m#[0m[38;5;251m#[0m[38;5;251m#[0m[38;5;251m#[0m[38;5;251m*[0m.[38;5;46m#[0m.......................................
................................[38;5;46m#[0m.[38;5;251m+[0m[38;5;251m+[0m[38;5;251m+[0m[38;5;251m+[0m..[38;5;46m#[0m.......................................
................................[38;5;46m#[0m.......[38;5;46m#[0m.......................................
................................................................................
................................................................................
................................................................................
................................................................................
[2J[H................................................................................
................................................................................
......................[38;5;46m#[0m.[38;5;251m=[0m[38;5;251m=[0m[38;5;251m=[0m...[38;5;46m#[0m.................................................
......................[38;5;46m#[0m[38;5;251m+[0m[38;5;251m*[0m[38;5;251m*[0m[38;5;251m*[0m[38;5;251m*[0m[38;5;251m+[0m[38;5;251m=[0m[38;5;46m#[0m.................................................
.....................[38;5;251m=[0m[38;5;46m#[0m[38;5;251m*[0m[38;5;251m*[0m[38;5;251m#[0m[38;5;251m#[0m[38;5;251m*[0m[38;5;251m*[0m[38;5;251m+[0m[38;5;46m#[0m.................................................
......................[38;5;46m#[0m[38;5;251m*[0m[38;5;251m*[0m[38;5;251m*[0m[38;5;251m*[0m[38;5;251m*[0m[38;5;251m+[0m[38;5;251m=[0m[38;5;46m#[0m.................................................
......................[38;5;46m#[0m[38;5;251m=[0m[38;5;251m+[0m[38;5;251m+[0m[38;5;251m+[0m[38;5;251m=[0m..[38;5;46m#[0m.................................................
......................[38;5;46m#[0m.......[38;5;46m#[0m.................................................
................................................................................
........................................................[38;5;46m#[0m[38;5;251m+[0m[38;5;251m#[0m[38;5;251m#[0m[38;5;251m*[0m.[38;5;46m#[0m.................
........................................................[38;5;46m#[0m[38;5;251m#[0m[38;5;251m%[0m[38;5;251m@[0m[38;5;251m%[0m[38;5;251m*[0m[38;5;46m#[0m.................
........................................................[38;5;46m#[0m.[38;5;251m*[0m[38;5;251m#[0m[38;5;251m*[0m.[38;5;46m#[0m.................
........................................................[38;5;46m#[0m.....[38;5;46m#[0m.................
........................................................[38;5;46m#[0m.....[38;5;46m#[0m.................
..................................[38;5;46m#[0m.[38;5;251m+[0m[38;5;251m+[0m..[38;5;46m#[0m.......................................
..................................[38;5;46m#[0m[38;5;251m#[0m[38;5;251m#[0m[38;5;251m#[0m[38;5;251m#[0m[38;5;251m*[0m[38;5;46m#[0m.......................................
..................................[38;5;46m#[0m[38;5;251m#[0m[38;5;251m%[0m[38;5;251m%[0m[38;5;251m#[0m[38;5;251m*[0m[38;5;46m#[0m.......................................
..................................[38;5;46m#[0m[38;5;251m+[0m[38;5;251m*[0m[38;5;251m*[0m[38;5;251m+[0m.[38;5;46m#[0m.......................................
..................................[38;5;46m#[0m.....[38;5;46m#[0m.......................................
................................................................................
................................................................................
................................................................................
................................................................................
[2J[H................................................................................
................................................................................
....................[38;5;46m#[0m..[38;5;251m=[0m[38;5;251m=[0m[38;5;251m=[0m[38;5;251m=[0m...[38;5;46m#[0m.................................................
....................[38;5;46m#[0m[38;5;251m=[0m[38;5;251m+[0m[38;5;251m*[0m[38;5;251m*[0m[38;5;251m*[0m[38;5;251m*[0m[38;5;251m+[0m[38;5;251m=[0m.[38;5;46m#[0m.................................................
....................[38;5;46m#[0m[38;5;251m+[0m[38;5;251m*[0m[38;5;251m*[0m[38;5;251m#[0m[38;5;251m#[0m[38;5;251m*[0m[38;5;251m*[0m[38;5;251m+[0m.[38;5;46m#[0m.................................................
....................[38;5;46m#[0m[38;5;251m=[0m[38;5;251m+[0m[38;5;251m*[0m[38;5;251m*[0m[38;5;251m*[0m[38;5;251m*[0m[38;5;251m+[0m[38;5;251m=[0m.[38;5;46m#[0m.................................................
....................[38;5;46m#[0m..[38;5;251m=[0m[38;5;251m=[0m[38;5;251m=[0m[38;5;251m=[0m...[38;5;46m#[0m.................................................
....................[38;5;46m#[0m.........[38;5;46m#[0m.................................................
................................................................................
........................................................[38;5;46m#[0m[38;5;251m#[0m[38;5;251m#[0m[38;5;251m#[0m[38;5;251m*[0m.[38;5;46m#[0m.................
........................................................[38;5;46m#[0m[38;5;251m%[0m[38;5;251m@[0m[38;5;251m%[0m[38;5;251m#[0m.[38;5;46m#[0m.................
........................................................[38;5;46m#[0m[38;5;251m+[0m[38;5;251m*[0m[38;5;251m*[0m..[38;5;46m#[0m.................
........................................................[38;5;46m#[0m.....[38;5;46m#[0m.................
................................................................................
..................................[38;5;46m#[0m.......[38;5;46m#[0m.....................................
..................................[38;5;46m#[0m[38;5;251m*[0m[38;5;251m#[0m[38;5;251m#[0m[38;5;251m#[0m[38;5;251m*[0m[38;5;251m+[0m.[38;5;46m#[0m.....................................
..................................[38;5;46m#[0m[38;5;251m*[0m[38;5;251m#[0m[38;5;251m%[0m[38;5;251m#[0m[38;5;251m#[0m[38;5;251m*[0m.[38;5;46m#[0m.....................................
..................................[38;5;46m#[0m[38;5;251m+[0m[38;5;251m*[0m[38;5;251m*[0m[38;5;251m*[0m[38;5;251m+[0m..[38;5;46m#[0m.....................................
..................................[38;5;46m#[0m.......[38;5;46m#[0m.....................................
................................................................................
................................................................................
................................................................................
................................................................................
weft-tensor flight | 3.3s | seq 389 | render 377 | stalls 24 | infer 10.6us | boxes 3 | gc 20[2J[H................................................................................
................................................................................
....................[38;5;46m#[0m.[38;5;251m=[0m[38;5;251m=[0m[38;5;251m+[0m[38;5;251m=[0m..[38;5;46m#[0m...................................................
....................[38;5;46m#[0m[38;5;251m+[0m[38;5;251m*[0m[38;5;251m*[0m[38;5;251m*[0m[38;5;251m*[0m[38;5;251m*[0m[38;5;251m+[0m[38;5;46m#[0m...................................................
....................[38;5;46m#[0m[38;5;251m*[0m[38;5;251m*[0m[38;5;251m#[0m[38;5;251m#[0m[38;5;251m#[0m[38;5;251m*[0m[38;5;251m+[0m[38;5;46m#[0m...................................................
....................[38;5;46m#[0m[38;5;251m+[0m[38;5;251m*[0m[38;5;251m*[0m[38;5;251m*[0m[38;5;251m*[0m[38;5;251m+[0m[38;5;251m+[0m[38;5;46m#[0m...................................................
....................[38;5;46m#[0m..[38;5;251m=[0m[38;5;251m=[0m[38;5;251m=[0m..[38;5;46m#[0m...................................................
....................[38;5;46m#[0m.......[38;5;46m#[0m...................................................
................................................................................
........................................................[38;5;46m#[0m[38;5;251m%[0m[38;5;251m%[0m[38;5;251m#[0m[38;5;46m#[0m...................
.......................................................[38;5;251m+[0m[38;5;46m#[0m[38;5;251m%[0m[38;5;251m%[0m[38;5;251m#[0m[38;5;46m#[0m...................
........................................................[38;5;46m#[0m.[38;5;251m+[0m.[38;5;46m#[0m...................
........................................................[38;5;46m#[0m...[38;5;46m#[0m...................
................................................................................
....................................[38;5;46m#[0m.....[38;5;46m#[0m.....................................
....................................[38;5;46m#[0m[38;5;251m*[0m[38;5;251m#[0m[38;5;251m#[0m[38;5;251m*[0m.[38;5;46m#[0m.....................................
...................................[38;5;251m+[0m[38;5;46m#[0m[38;5;251m#[0m[38;5;251m%[0m[38;5;251m#[0m[38;5;251m#[0m[38;5;251m+[0m[38;5;46m#[0m.....................................
....................................[38;5;46m#[0m[38;5;251m*[0m[38;5;251m*[0m[38;5;251m*[0m[38;5;251m+[0m.[38;5;46m#[0m.....................................
....................................[38;5;46m#[0m.....[38;5;46m#[0m.....................................
....................................[38;5;46m#[0m.....[38;5;46m#[0m.....................................
................................................................................
................................................................................
................................................................................
[2J[H................................................................................
................................................................................
....................[38;5;46m#[0m.[38;5;251m=[0m[38;5;251m+[0m[38;5;251m+[0m[38;5;251m=[0m..[38;5;46m#[0m...................................................
....................[38;5;46m#[0m[38;5;251m*[0m[38;5;251m*[0m[38;5;251m*[0m[38;5;251m*[0m[38;5;251m*[0m[38;5;251m+[0m[38;5;251m=[0m[38;5;46m#[0m...................................................
...................[38;5;251m=[0m[38;5;46m#[0m[38;5;251m*[0m[38;5;251m*[0m[38;5;251m#[0m[38;5;251m#[0m[38;5;251m*[0m[38;5;251m*[0m[38;5;251m+[0m[38;5;46m#[0m...................................................
....................[38;5;46m#[0m[38;5;251m+[0m[38;5;251m*[0m[38;5;251m*[0m[38;5;251m*[0m[38;5;251m+[0m[38;5;251m+[0m.[38;5;46m#[0m...................................................
....................[38;5;46m#[0m..[38;5;251m=[0m....[38;5;46m#[0m...................................................
....................[38;5;46m#[0m.......[38;5;46m#[0m...................................................
......................................................[38;5;46m#[0m.....[38;5;46m#[0m...................
......................................................[38;5;46m#[0m[38;5;251m*[0m[38;5;251m%[0m[38;5;251m%[0m[38;5;251m#[0m[38;5;251m*[0m[38;5;46m#[0m...................
......................................................[38;5;46m#[0m[38;5;251m*[0m[38;5;251m%[0m[38;5;251m%[0m[38;5;251m%[0m[38;5;251m*[0m[38;5;46m#[0m...................
......................................................[38;5;46m#[0m.....[38;5;46m#[0m...................
......................................................[38;5;46m#[0m.....[38;5;46m#[0m...................
................................................................................
....................................[38;5;46m#[0m.....[38;5;46m#[0m.....................................
....................................[38;5;46m#[0m[38;5;251m*[0m[38;5;251m*[0m[38;5;251m*[0m[38;5;251m*[0m[38;5;251m+[0m[38;5;46m#[0m.....................................
....................................[38;5;46m#[0m[38;5;251m#[0m[38;5;251m%[0m[38;5;251m%[0m[38;5;251m#[0m[38;5;251m*[0m[38;5;46m#[0m.....................................
....................................[38;5;46m#[0m[38;5;251m*[0m[38;5;251m*[0m[38;5;251m#[0m[38;5;251m*[0m[38;5;251m+[0m[38;5;46m#[0m.....................................
....................................[38;5;46m#[0m.....[38;5;46m#[0m.....................................
....................................[38;5;46m#[0m.....[38;5;46m#[0m.....................................
................................................................................
................................................................................
................................................................................
[2J[H................................................................................
................................................................................
..................[38;5;46m#[0m..[38;5;251m=[0m[38;5;251m+[0m[38;5;251m+[0m[38;5;251m=[0m...[38;5;46m#[0m...................................................
..................[38;5;46m#[0m[38;5;251m=[0m[38;5;251m+[0m[38;5;251m*[0m[38;5;251m*[0m[38;5;251m*[0m[38;5;251m*[0m[38;5;251m+[0m[38;5;251m+[0m.[38;5;46m#[0m...................................................
..................[38;5;46m#[0m[38;5;251m+[0m[38;5;251m*[0m[38;5;251m*[0m[38;5;251m#[0m[38;5;251m#[0m[38;5;251m*[0m[38;5;251m*[0m[38;5;251m+[0m.[38;5;46m#[0m...................................................
..................[38;5;46m#[0m.[38;5;251m+[0m[38;5;251m+[0m[38;5;251m*[0m[38;5;251m*[0m[38;5;251m*[0m[38;5;251m+[0m[38;5;251m=[0m.[38;5;46m#[0m...................................................
..................[38;5;46m#[0m.........[38;5;46m#[0m...................................................
..................[38;5;46m#[0m.........[38;5;46m#[0m...................................................
......................................................[38;5;46m#[0m.....[38;5;46m#[0m...................
......................................................[38;5;46m#[0m[38;5;251m#[0m[38;5;251m%[0m[38;5;251m%[0m[38;5;251m#[0m.[38;5;46m#[0m...................
......................................................[38;5;46m#[0m[38;5;251m#[0m[38;5;251m%[0m[38;5;251m%[0m[38;5;251m*[0m.[38;5;46m#[0m...................
......................................................[38;5;46m#[0m.....[38;5;46m#[0m...................
......................................................[38;5;46m#[0m.....[38;5;46m#[0m...................
................................................................................
................................................................................
....................................[38;5;46m#[0m.[38;5;251m+[0m[38;5;251m*[0m[38;5;251m*[0m[38;5;251m*[0m..[38;5;46m#[0m...................................
....................................[38;5;46m#[0m[38;5;251m*[0m[38;5;251m#[0m[38;5;251m%[0m[38;5;251m%[0m[38;5;251m#[0m[38;5;251m*[0m.[38;5;46m#[0m...................................
....................................[38;5;46m#[0m[38;5;251m+[0m[38;5;251m*[0m[38;5;251m#[0m[38;5;251m#[0m[38;5;251m*[0m[38;5;251m+[0m.[38;5;46m#[0m...................................
....................................[38;5;46m#[0m.......[38;5;46m#[0m...................................
....................................[38;5;46m#[0m.......[38;5;46m#[0m...................................
................................................................................
................................................................................
................................................................................
[2J[H................................................................................
................................................................................
..................[38;5;46m#[0m.[38;5;251m=[0m[38;5;251m+[0m[38;5;251m+[0m[38;5;251m+[0m[38;5;251m=[0m.[38;5;46m#[0m.....................................................
..................[38;5;46m#[0m[38;5;251m+[0m[38;5;251m*[0m[38;5;251m*[0m[38;5;251m*[0m[38;5;251m*[0m[38;5;251m*[0m[38;5;251m+[0m[38;5;46m#[0m.....................................................
..................[38;5;46m#[0m[38;5;251m+[0m[38;5;251m*[0m[38;5;251m#[0m[38;5;251m#[0m[38;5;251m*[0m[38;5;251m*[0m[38;5;251m+[0m[38;5;46m#[0m.....................................................
..................[38;5;46m#[0m[38;5;251m=[0m[38;5;251m+[0m[38;5;251m*[0m[38;5;251m*[0m[38;5;251m*[0m[38;5;251m+[0m[38;5;251m=[0m[38;5;46m#[0m.....................................................
..................[38;5;46m#[0m.......[38;5;46m#[0m.....................................................
..................[38;5;46m#[0m.......[38;5;46m#[0m.....................................................
......................................................[38;5;46m#[0m.[38;5;251m+[0m.[38;5;46m#[0m.....................
......................................................[38;5;46m#[0m[38;5;251m%[0m[38;5;251m%[0m[38;5;251m%[0m[38;5;46m#[0m.....................
......................................................[38;5;46m#[0m[38;5;251m#[0m[38;5;251m#[0m[38;5;251m#[0m[38;5;46m#[0m.....................
......................................................[38;5;46m#[0m...[38;5;46m#[0m.....................
................................................................................
................................................................................
................................................................................
......................................[38;5;46m#[0m[38;5;251m+[0m[38;5;251m*[0m[38;5;251m*[0m[38;5;251m+[0m.[38;5;46m#[0m...................................
......................................[38;5;46m#[0m[38;5;251m#[0m[38;5;251m%[0m[38;5;251m#[0m[38;5;251m#[0m[38;5;251m+[0m[38;5;46m#[0m...................................
......................................[38;5;46m#[0m[38;5;251m*[0m[38;5;251m#[0m[38;5;251m#[0m[38;5;251m*[0m[38;5;251m+[0m[38;5;46m#[0m...................................
......................................[38;5;46m#[0m.....[38;5;46m#[0m...................................
......................................[38;5;46m#[0m.....[38;5;46m#[0m...................................
................................................................................
................................................................................
................................................................................
[2J[H................................................................................
................................................................................
..................[38;5;46m#[0m[38;5;251m=[0m[38;5;251m+[0m[38;5;251m+[0m[38;5;251m+[0m[38;5;251m=[0m..[38;5;46m#[0m.....................................................
..................[38;5;46m#[0m[38;5;251m*[0m[38;5;251m*[0m[38;5;251m*[0m[38;5;251m*[0m[38;5;251m*[0m[38;5;251m+[0m[38;5;251m=[0m[38;5;46m#[0m.....................................................
..................[38;5;46m#[0m[38;5;251m*[0m[38;5;251m*[0m[38;5;251m#[0m[38;5;251m#[0m[38;5;251m*[0m[38;5;251m+[0m[38;5;251m=[0m[38;5;46m#[0m.....................................................
..................[38;5;46m#[0m[38;5;251m+[0m[38;5;251m+[0m[38;5;251m*[0m[38;5;251m+[0m[38;5;251m+[0m[38;5;251m=[0m.[38;5;46m#[0m.....................................................
..................[38;5;46m#[0m.......[38;5;46m#[0m.....................................................
..................[38;5;46m#[0m.......[38;5;46m#[0m.....................................................
....................................................[38;5;46m#[0m.[38;5;251m+[0m[38;5;251m*[0m[38;5;251m+[0m.[38;5;46m#[0m.....................
....................................................[38;5;46m#[0m[38;5;251m*[0m[38;5;251m%[0m[38;5;251m@[0m[38;5;251m%[0m[38;5;251m*[0m[38;5;46m#[0m.....................
....................................................[38;5;46m#[0m.[38;5;251m*[0m[38;5;251m#[0m[38;5;251m*[0m.[38;5;46m#[0m.....................
....................................................[38;5;46m#[0m.....[38;5;46m#[0m.....................
................................................................................
................................................................................
................................................................................
......................................[38;5;46m#[0m.[38;5;251m+[0m[38;5;251m+[0m[38;5;251m+[0m.[38;5;46m#[0m...................................
......................................[38;5;46m#[0m[38;5;251m*[0m[38;5;251m#[0m[38;5;251m%[0m[38;5;251m#[0m[38;5;251m*[0m[38;5;46m#[0m...................................
......................................[38;5;46m#[0m[38;5;251m*[0m[38;5;251m#[0m[38;5;251m#[0m[38;5;251m#[0m[38;5;251m*[0m[38;5;46m#[0m...................................
......................................[38;5;46m#[0m.....[38;5;46m#[0m...................................
......................................[38;5;46m#[0m.....[38;5;46m#[0m...................................
................................................................................
................................................................................
................................................................................
[2J[H................................................................................
................................................................................
..................[38;5;46m#[0m[38;5;251m=[0m[38;5;251m+[0m[38;5;251m+[0m[38;5;251m+[0m[38;5;251m=[0m..[38;5;46m#[0m.....................................................
.................[38;5;251m=[0m[38;5;46m#[0m[38;5;251m*[0m[38;5;251m*[0m[38;5;251m*[0m[38;5;251m*[0m[38;5;251m*[0m[38;5;251m+[0m.[38;5;46m#[0m.....................................................
.................[38;5;251m=[0m[38;5;46m#[0m[38;5;251m*[0m[38;5;251m#[0m[38;5;251m#[0m[38;5;251m*[0m[38;5;251m*[0m[38;5;251m+[0m.[38;5;46m#[0m.....................................................
..................[38;5;46m#[0m[38;5;251m+[0m[38;5;251m+[0m[38;5;251m+[0m[38;5;251m+[0m[38;5;251m+[0m..[38;5;46m#[0m.....................................................
..................[38;5;46m#[0m.......[38;5;46m#[0m.....................................................
..................[38;5;46m#[0m.......[38;5;46m#[0m.....................................................
....................................................[38;5;46m#[0m[38;5;251m*[0m[38;5;251m*[0m[38;5;251m*[0m..[38;5;46m#[0m.....................
....................................................[38;5;46m#[0m[38;5;251m%[0m[38;5;251m@[0m[38;5;251m%[0m[38;5;251m#[0m.[38;5;46m#[0m.....................
....................................................[38;5;46m#[0m[38;5;251m+[0m[38;5;251m*[0m[38;5;251m*[0m..[38;5;46m#[0m.....................
....................................................[38;5;46m#[0m.....[38;5;46m#[0m.....................
................................................................................
................................................................................
................................................................................
........................................[38;5;46m#[0m[38;5;251m+[0m[38;5;251m+[0m...[38;5;46m#[0m.................................
.......................................[38;5;251m+[0m[38;5;46m#[0m[38;5;251m#[0m[38;5;251m#[0m[38;5;251m#[0m[38;5;251m*[0m.[38;5;46m#[0m.................................
.......................................[38;5;251m+[0m[38;5;46m#[0m[38;5;251m#[0m[38;5;251m#[0m[38;5;251m#[0m[38;5;251m*[0m.[38;5;46m#[0m.................................
........................................[38;5;46m#[0m.[38;5;251m+[0m...[38;5;46m#[0m.................................
........................................[38;5;46m#[0m.....[38;5;46m#[0m.................................
................................................................................
................................................................................
................................................................................
[2J[H................................................................................
................................................................................
................[38;5;46m#[0m.[38;5;251m=[0m[38;5;251m+[0m[38;5;251m+[0m[38;5;251m+[0m[38;5;251m=[0m.[38;5;46m#[0m.......................................................
................[38;5;46m#[0m[38;5;251m+[0m[38;5;251m*[0m[38;5;251m*[0m[38;5;251m*[0m[38;5;251m*[0m[38;5;251m*[0m[38;5;251m+[0m[38;5;46m#[0m.......................................................
................[38;5;46m#[0m[38;5;251m+[0m[38;5;251m*[0m[38;5;251m*[0m[38;5;251m#[0m[38;5;251m*[0m[38;5;251m*[0m[38;5;251m+[0m[38;5;46m#[0m.......................................................
................[38;5;46m#[0m.[38;5;251m+[0m[38;5;251m+[0m[38;5;251m+[0m[38;5;251m+[0m[38;5;251m+[0m.[38;5;46m#[0m.......................................................
................[38;5;46m#[0m.......[38;5;46m#[0m.......................................................
................[38;5;46m#[0m.......[38;5;46m#[0m.......................................................
....................................................[38;5;46m#[0m[38;5;251m#[0m[38;5;251m#[0m[38;5;251m*[0m[38;5;46m#[0m.......................
....................................................[38;5;46m#[0m[38;5;251m%[0m[38;5;251m@[0m[38;5;251m%[0m[38;5;46m#[0m.......................
....................................................[38;5;46m#[0m[38;5;251m+[0m[38;5;251m*[0m.[38;5;46m#[0m.......................
....................................................[38;5;46m#[0m...[38;5;46m#[0m.......................
................................................................................
................................................................................
................................................................................
........................................[38;5;46m#[0m.....[38;5;46m#[0m.................................
........................................[38;5;46m#[0m[38;5;251m*[0m[38;5;251m#[0m[38;5;251m#[0m[38;5;251m#[0m[38;5;251m+[0m[38;5;46m#[0m.................................
........................................[38;5;46m#[0m[38;5;251m*[0m[38;5;251m#[0m[38;5;251m#[0m[38;5;251m#[0m[38;5;251m*[0m[38;5;46m#[0m.................................
........................................[38;5;46m#[0m.[38;5;251m+[0m[38;5;251m+[0m..[38;5;46m#[0m.................................
........................................[38;5;46m#[0m.....[38;5;46m#[0m.................................
................................................................................
................................................................................
................................................................................
weft-tensor flight | 3.5s | seq 419 | render 407 | stalls 24 | infer 10.3us | boxes 3 | gc 22[2J[H................................................................................
................................................................................
................[38;5;46m#[0m.[38;5;251m+[0m[38;5;251m+[0m[38;5;251m+[0m[38;5;251m+[0m..[38;5;46m#[0m.......................................................
................[38;5;46m#[0m[38;5;251m+[0m[38;5;251m*[0m[38;5;251m*[0m[38;5;251m*[0m[38;5;251m*[0m[38;5;251m+[0m[38;5;251m=[0m[38;5;46m#[0m.......................................................
................[38;5;46m#[0m[38;5;251m+[0m[38;5;251m*[0m[38;5;251m*[0m[38;5;251m*[0m[38;5;251m*[0m[38;5;251m+[0m[38;5;251m=[0m[38;5;46m#[0m.......................................................
................[38;5;46m#[0m.[38;5;251m+[0m[38;5;251m+[0m[38;5;251m+[0m[38;5;251m+[0m..[38;5;46m#[0m.......................................................
................[38;5;46m#[0m.......[38;5;46m#[0m.......................................................
................[38;5;46m#[0m.......[38;5;46m#[0m...........................[38;5;46m#[0m...[38;5;46m#[0m.......................
...................................................[38;5;251m+[0m[38;5;46m#[0m[38;5;251m%[0m[38;5;251m#[0m[38;5;251m+[0m[38;5;46m#[0m.......................
...................................................[38;5;251m*[0m[38;5;46m#[0m[38;5;251m%[0m[38;5;251m%[0m[38;5;251m*[0m[38;5;46m#[0m.......................
....................................................[38;5;46m#[0m...[38;5;46m#[0m.......................
....................................................[38;5;46m#[0m...[38;5;46m#[0m.......................
................................................................................
................................................................................
................................................................................
................................................................................
........................................[38;5;46m#[0m[38;5;251m+[0m[38;5;251m*[0m[38;5;251m#[0m[38;5;251m#[0m[38;5;251m*[0m[38;5;46m#[0m.................................
........................................[38;5;46m#[0m[38;5;251m+[0m[38;5;251m#[0m[38;5;251m#[0m[38;5;251m#[0m[38;5;251m#[0m[38;5;46m#[0m.................................
........................................[38;5;46m#[0m..[38;5;251m+[0m[38;5;251m+[0m.[38;5;46m#[0m.................................
........................................[38;5;46m#[0m.....[38;5;46m#[0m.................................
................................................................................
................................................................................
................................................................................
[2J[H................................................................................
................................................................................
................[38;5;46m#[0m[38;5;251m=[0m[38;5;251m+[0m[38;5;251m+[0m[38;5;251m+[0m[38;5;251m=[0m..[38;5;46m#[0m.......................................................
................[38;5;46m#[0m[38;5;251m*[0m[38;5;251m*[0m[38;5;251m#[0m[38;5;251m*[0m[38;5;251m*[0m[38;5;251m+[0m.[38;5;46m#[0m.......................................................
................[38;5;46m#[0m[38;5;251m*[0m[38;5;251m*[0m[38;5;251m*[0m[38;5;251m*[0m[38;5;251m*[0m[38;5;251m+[0m.[38;5;46m#[0m.......................................................
................[38;5;46m#[0m[38;5;251m=[0m[38;5;251m+[0m[38;5;251m+[0m[38;5;251m+[0m[38;5;251m=[0m..[38;5;46m#[0m.......................................................
................[38;5;46m#[0m.......[38;5;46m#[0m.......................................................
................[38;5;46m#[0m.......[38;5;46m#[0m.........................[38;5;46m#[0m.....[38;5;46m#[0m.......................
..................................................[38;5;46m#[0m[38;5;251m#[0m[38;5;251m%[0m[38;5;251m%[0m[38;5;251m*[0m.[38;5;46m#[0m.......................
..................................................[38;5;46m#[0m[38;5;251m#[0m[38;5;251m%[0m[38;5;251m%[0m[38;5;251m#[0m.[38;5;46m#[0m.......................
..................................................[38;5;46m#[0m.....[38;5;46m#[0m.......................
..................................................[38;5;46m#[0m.....[38;5;46m#[0m.......................
................................................................................
................................................................................
................................................................................
................................................................................
..........................................[38;5;46m#[0m[38;5;251m*[0m[38;5;251m#[0m[38;5;251m#[0m[38;5;251m*[0m.[38;5;46m#[0m...............................
..........................................[38;5;46m#[0m[38;5;251m#[0m[38;5;251m%[0m[38;5;251m#[0m[38;5;251m*[0m[38;5;251m+[0m[38;5;46m#[0m...............................
..........................................[38;5;46m#[0m[38;5;251m+[0m[38;5;251m*[0m[38;5;251m+[0m..[38;5;46m#[0m...............................
..........................................[38;5;46m#[0m.....[38;5;46m#[0m...............................
................................................................................
................................................................................
................................................................................
[2J[H................................................................................
................................................................................
................[38;5;46m#[0m[38;5;251m+[0m[38;5;251m+[0m[38;5;251m+[0m[38;5;251m+[0m.[38;5;46m#[0m.........................................................
...............[38;5;251m+[0m[38;5;46m#[0m[38;5;251m*[0m[38;5;251m#[0m[38;5;251m*[0m[38;5;251m*[0m[38;5;251m+[0m[38;5;46m#[0m.........................................................
...............[38;5;251m=[0m[38;5;46m#[0m[38;5;251m*[0m[38;5;251m*[0m[38;5;251m*[0m[38;5;251m*[0m[38;5;251m+[0m[38;5;46m#[0m.........................................................
................[38;5;46m#[0m[38;5;251m=[0m[38;5;251m+[0m[38;5;251m+[0m[38;5;251m=[0m.[38;5;46m#[0m.........................................................
................[38;5;46m#[0m.....[38;5;46m#[0m.........................................................
................[38;5;46m#[0m.....[38;5;46m#[0m...........................[38;5;46m#[0m...[38;5;46m#[0m.........................
..................................................[38;5;46m#[0m[38;5;251m%[0m[38;5;251m%[0m[38;5;251m#[0m[38;5;46m#[0m.........................
..................................................[38;5;46m#[0m[38;5;251m%[0m[38;5;251m%[0m[38;5;251m*[0m[38;5;46m#[0m.........................
..................................................[38;5;46m#[0m...[38;5;46m#[0m.........................
................................................................................
................................................................................
................................................................................
................................................................................
................................................................................
..........................................[38;5;46m#[0m[38;5;251m+[0m[38;5;251m*[0m[38;5;251m*[0m[38;5;251m*[0m[38;5;251m+[0m[38;5;46m#[0m...............................
..........................................[38;5;46m#[0m[38;5;251m*[0m[38;5;251m#[0m[38;5;251m%[0m[38;5;251m#[0m[38;5;251m*[0m[38;5;46m#[0m...............................
..........................................[38;5;46m#[0m.[38;5;251m+[0m[38;5;251m*[0m[38;5;251m*[0m[38;5;251m+[0m[38;5;46m#[0m...............................
..........................................[38;5;46m#[0m.....[38;5;46m#[0m...............................
................................................................................
................................................................................
................................................................................
[2J[H................................................................................
................................................................................
..............[38;5;46m#[0m.[38;5;251m+[0m[38;5;251m+[0m[38;5;251m+[0m[38;5;251m+[0m[38;5;251m=[0m.[38;5;46m#[0m.........................................................
..............[38;5;46m#[0m[38;5;251m+[0m[38;5;251m*[0m[38;5;251m#[0m[38;5;251m#[0m[38;5;251m*[0m[38;5;251m+[0m[38;5;251m=[0m[38;5;46m#[0m.........................................................
..............[38;5;46m#[0m[38;5;251m+[0m[38;5;251m*[0m[38;5;251m*[0m[38;5;251m*[0m[38;5;251m*[0m[38;5;251m+[0m.[38;5;46m#[0m.........................................................
..............[38;5;46m#[0m..[38;5;251m=[0m[38;5;251m=[0m[38;5;251m=[0m..[38;5;46m#[0m.........................................................
..............[38;5;46m#[0m.......[38;5;46m#[0m.........................................................
................................................[38;5;46m#[0m.....[38;5;46m#[0m.........................
................................................[38;5;46m#[0m[38;5;251m#[0m[38;5;251m%[0m[38;5;251m%[0m[38;5;251m#[0m.[38;5;46m#[0m.........................
................................................[38;5;46m#[0m[38;5;251m*[0m[38;5;251m#[0m[38;5;251m#[0m[38;5;251m*[0m.[38;5;46m#[0m.........................
................................................[38;5;46m#[0m.....[38;5;46m#[0m.........................
................................................................................
................................................................................
................................................................................
................................................................................
................................................................................
............................................[38;5;46m#[0m[38;5;251m*[0m[38;5;251m*[0m[38;5;251m*[0m[38;5;251m+[0m.[38;5;46m#[0m.............................
............................................[38;5;46m#[0m[38;5;251m#[0m[38;5;251m%[0m[38;5;251m#[0m[38;5;251m*[0m.[38;5;46m#[0m.............................
............................................[38;5;46m#[0m[38;5;251m*[0m[38;5;251m*[0m[38;5;251m*[0m[38;5;251m+[0m.[38;5;46m#[0m.............................
............................................[38;5;46m#[0m.....[38;5;46m#[0m.............................
................................................................................
................................................................................
................................................................................
[2J[H................................................................................
..............[38;5;46m#[0m.......[38;5;46m#[0m.........................................................
..............[38;5;46m#[0m[38;5;251m+[0m[38;5;251m+[0m[38;5;251m+[0m[38;5;251m+[0m[38;5;251m+[0m..[38;5;46m#[0m.........................................................
..............[38;5;46m#[0m[38;5;251m*[0m[38;5;251m*[0m[38;5;251m#[0m[38;5;251m*[0m[38;5;251m*[0m[38;5;251m+[0m.[38;5;46m#[0m.........................................................
..............[38;5;46m#[0m[38;5;251m+[0m[38;5;251m*[0m[38;5;251m*[0m[38;5;251m*[0m[38;5;251m+[0m[38;5;251m=[0m.[38;5;46m#[0m.........................................................
..............[38;5;46m#[0m.[38;5;251m=[0m[38;5;251m=[0m[38;5;251m=[0m...[38;5;46m#[0m.........................................................
..............[38;5;46m#[0m.......[38;5;46m#[0m.........................................................
................................................[38;5;46m#[0m[38;5;251m*[0m[38;5;251m*[0m.[38;5;46m#[0m...........................
................................................[38;5;46m#[0m[38;5;251m%[0m[38;5;251m@[0m[38;5;251m%[0m[38;5;46m#[0m...........................
................................................[38;5;46m#[0m[38;5;251m*[0m[38;5;251m#[0m[38;5;251m*[0m[38;5;46m#[0m...........................
................................................[38;5;46m#[0m...[38;5;46m#[0m...........................
................................................................................
................................................................................
................................................................................
................................................................................
................................................................................
............................................[38;5;46m#[0m.[38;5;251m+[0m[38;5;251m*[0m[38;5;251m+[0m.[38;5;46m#[0m.............................
............................................[38;5;46m#[0m[38;5;251m*[0m[38;5;251m#[0m[38;5;251m%[0m[38;5;251m#[0m[38;5;251m*[0m[38;5;46m#[0m.............................
............................................[38;5;46m#[0m[38;5;251m+[0m[38;5;251m*[0m[38;5;251m*[0m[38;5;251m*[0m[38;5;251m+[0m[38;5;46m#[0m.............................
............................................[38;5;46m#[0m.....[38;5;46m#[0m.............................
................................................................................
................................................................................
................................................................................
[2J[H................................................................................
..............[38;5;46m#[0m.....[38;5;46m#[0m...........................................................
..............[38;5;46m#[0m[38;5;251m+[0m[38;5;251m+[0m[38;5;251m+[0m[38;5;251m+[0m[38;5;251m=[0m[38;5;46m#[0m...........................................................
.............[38;5;251m=[0m[38;5;46m#[0m[38;5;251m*[0m[38;5;251m#[0m[38;5;251m#[0m[38;5;251m*[0m[38;5;251m+[0m[38;5;46m#[0m...........................................................
..............[38;5;46m#[0m[38;5;251m*[0m[38;5;251m*[0m[38;5;251m*[0m[38;5;251m*[0m[38;5;251m+[0m[38;5;46m#[0m...........................................................
..............[38;5;46m#[0m.....[38;5;46m#[0m...........................................................
..............[38;5;46m#[0m.....[38;5;46m#[0m...........................[38;5;46m#[0m...[38;5;46m#[0m...........................
................................................[38;5;46m#[0m[38;5;251m*[0m[38;5;251m*[0m.[38;5;46m#[0m...........................
...............................................[38;5;251m*[0m[38;5;46m#[0m[38;5;251m@[0m[38;5;251m%[0m[38;5;251m*[0m[38;5;46m#[0m...........................
................................................[38;5;46m#[0m[38;5;251m*[0m[38;5;251m*[0m.[38;5;46m#[0m...........................
................................................[38;5;46m#[0m...[38;5;46m#[0m...........................
................................................................................
................................................................................
................................................................................
................................................................................
................................................................................
..............................................[38;5;46m#[0m[38;5;251m+[0m[38;5;251m+[0m.[38;5;46m#[0m.............................
.............................................[38;5;251m+[0m[38;5;46m#[0m[38;5;251m#[0m[38;5;251m%[0m[38;5;251m#[0m[38;5;46m#[0m.............................
..............................................[38;5;46m#[0m[38;5;251m#[0m[38;5;251m#[0m[38;5;251m*[0m[38;5;46m#[0m.............................
..............................................[38;5;46m#[0m...[38;5;46m#[0m.............................
................................................................................
................................................................................
................................................................................
[2J[H................................................................................
..............[38;5;46m#[0m.....[38;5;46m#[0m...........................................................
..............[38;5;46m#[0m[38;5;251m+[0m[38;5;251m+[0m[38;5;251m+[0m[38;5;251m+[0m.[38;5;46m#[0m...........................................................
.............[38;5;251m+[0m[38;5;46m#[0m[38;5;251m*[0m[38;5;251m#[0m[38;5;251m*[0m[38;5;251m*[0m[38;5;251m+[0m[38;5;46m#[0m...........................................................
.............[38;5;251m=[0m[38;5;46m#[0m[38;5;251m*[0m[38;5;251m*[0m[38;5;251m*[0m[38;5;251m+[0m[38;5;251m=[0m[38;5;46m#[0m...........................................................
..............[38;5;46m#[0m.....[38;5;46m#[0m...........................................................
..............[38;5;46m#[0m.....[38;5;46m#[0m.........................[38;5;46m#[0m.....[38;5;46m#[0m...........................
..............................................[38;5;46m#[0m[38;5;251m*[0m[38;5;251m#[0m[38;5;251m#[0m[38;5;251m+[0m.[38;5;46m#[0m...........................
..............................................[38;5;46m#[0m[38;5;251m%[0m[38;5;251m@[0m[38;5;251m%[0m[38;5;251m#[0m.[38;5;46m#[0m...........................
..............................................[38;5;46m#[0m.[38;5;251m*[0m[38;5;251m+[0m..[38;5;46m#[0m...........................
..............................................[38;5;46m#[0m.....[38;5;46m#[0m...........................
................................................................................
................................................................................
................................................................................
................................................................................
................................................................................
..............................................[38;5;46m#[0m.[38;5;251m+[0m...[38;5;46m#[0m...........................
..............................................[38;5;46m#[0m[38;5;251m#[0m[38;5;251m#[0m[38;5;251m#[0m[38;5;251m*[0m.[38;5;46m#[0m...........................
..............................................[38;5;46m#[0m[38;5;251m*[0m[38;5;251m#[0m[38;5;251m#[0m[38;5;251m*[0m.[38;5;46m#[0m...........................
..............................................[38;5;46m#[0m.....[38;5;46m#[0m...........................
................................................................................
................................................................................
................................................................................
weft-tensor flight | 3.8s | seq 449 | render 435 | stalls 27 | infer 11.7us | boxes 3 | gc 23[2J[H................................................................................
................................................................................
............[38;5;46m#[0m.[38;5;251m+[0m[38;5;251m+[0m[38;5;251m+[0m[38;5;251m+[0m[38;5;251m=[0m.[38;5;46m#[0m...........................................................
............[38;5;46m#[0m[38;5;251m+[0m[38;5;251m*[0m[38;5;251m#[0m[38;5;251m#[0m[38;5;251m*[0m[38;5;251m+[0m.[38;5;46m#[0m...........................................................
............[38;5;46m#[0m[38;5;251m+[0m[38;5;251m*[0m[38;5;251m*[0m[38;5;251m*[0m[38;5;251m*[0m[38;5;251m+[0m.[38;5;46m#[0m...........................................................
............[38;5;46m#[0m.......[38;5;46m#[0m...........................................................
............[38;5;46m#[0m.......[38;5;46m#[0m.........................[38;5;46m#[0m...[38;5;46m#[0m.............................
..............................................[38;5;46m#[0m[38;5;251m#[0m[38;5;251m#[0m[38;5;251m*[0m[38;5;46m#[0m.............................
..............................................[38;5;46m#[0m[38;5;251m%[0m[38;5;251m%[0m[38;5;251m#[0m[38;5;46m#[0m.............................
..............................................[38;5;46m#[0m...[38;5;46m#[0m.............................
..............................................[38;5;46m#[0m...[38;5;46m#[0m.............................
................................................................................
................................................................................
................................................................................
................................................................................
................................................................................
..............................................[38;5;46m#[0m.....[38;5;46m#[0m...........................
..............................................[38;5;46m#[0m[38;5;251m+[0m[38;5;251m#[0m[38;5;251m#[0m[38;5;251m#[0m[38;5;251m*[0m[38;5;46m#[0m...........................
..............................................[38;5;46m#[0m[38;5;251m+[0m[38;5;251m#[0m[38;5;251m#[0m[38;5;251m#[0m[38;5;251m*[0m[38;5;46m#[0m...........................
..............................................[38;5;46m#[0m.....[38;5;46m#[0m...........................
................................................................................
................................................................................
................................................................................
[2J[H................................................................................
............[38;5;46m#[0m.....[38;5;46m#[0m.............................................................
............[38;5;46m#[0m[38;5;251m=[0m[38;5;251m+[0m[38;5;251m+[0m[38;5;251m+[0m[38;5;251m+[0m[38;5;46m#[0m.............................................................
............[38;5;46m#[0m[38;5;251m*[0m[38;5;251m*[0m[38;5;251m#[0m[38;5;251m*[0m[38;5;251m*[0m[38;5;46m#[0m.............................................................
............[38;5;46m#[0m[38;5;251m+[0m[38;5;251m*[0m[38;5;251m*[0m[38;5;251m*[0m[38;5;251m+[0m[38;5;46m#[0m.............................................................
............[38;5;46m#[0m.....[38;5;46m#[0m.............................................................
............[38;5;46m#[0m.....[38;5;46m#[0m.........................[38;5;46m#[0m.....[38;5;46m#[0m.............................
............................................[38;5;46m#[0m[38;5;251m*[0m[38;5;251m%[0m[38;5;251m%[0m[38;5;251m#[0m[38;5;251m+[0m[38;5;46m#[0m.............................
............................................[38;5;46m#[0m[38;5;251m*[0m[38;5;251m%[0m[38;5;251m%[0m[38;5;251m#[0m[38;5;251m+[0m[38;5;46m#[0m.............................
............................................[38;5;46m#[0m.....[38;5;46m#[0m.............................
............................................[38;5;46m#[0m.....[38;5;46m#[0m.............................
................................................................................
................................................................................
................................................................................
................................................................................
................................................................................
................................................[38;5;46m#[0m...[38;5;46m#[0m...........................
................................................[38;5;46m#[0m[38;5;251m#[0m[38;5;251m#[0m[38;5;251m#[0m[38;5;46m#[0m...........................
................................................[38;5;46m#[0m[38;5;251m#[0m[38;5;251m#[0m[38;5;251m#[0m[38;5;46m#[0m...........................
................................................[38;5;46m#[0m...[38;5;46m#[0m...........................
................................................................................
................................................................................
................................................................................
[2J[H................................................................................
............[38;5;46m#[0m.....[38;5;46m#[0m.............................................................
............[38;5;46m#[0m[38;5;251m+[0m[38;5;251m+[0m[38;5;251m+[0m[38;5;251m+[0m[38;5;251m=[0m[38;5;46m#[0m.............................................................
............[38;5;46m#[0m[38;5;251m*[0m[38;5;251m#[0m[38;5;251m#[0m[38;5;251m*[0m[38;5;251m+[0m[38;5;46m#[0m.............................................................
............[38;5;46m#[0m[38;5;251m+[0m[38;5;251m*[0m[38;5;251m*[0m[38;5;251m+[0m[38;5;251m=[0m[38;5;46m#[0m.............................................................
............[38;5;46m#[0m.....[38;5;46m#[0m.............................................................
............[38;5;46m#[0m.....[38;5;46m#[0m.........................[38;5;46m#[0m.....[38;5;46m#[0m.............................
............................................[38;5;46m#[0m[38;5;251m%[0m[38;5;251m%[0m[38;5;251m%[0m[38;5;251m*[0m.[38;5;46m#[0m.............................
............................................[38;5;46m#[0m[38;5;251m#[0m[38;5;251m%[0m[38;5;251m#[0m[38;5;251m*[0m.[38;5;46m#[0m.............................
............................................[38;5;46m#[0m.....[38;5;46m#[0m.............................
............................................[38;5;46m#[0m.....[38;5;46m#[0m.............................
................................................................................
................................................................................
................................................................................
................................................................................
................................................................................
................................................[38;5;46m#[0m.....[38;5;46m#[0m.........................
................................................[38;5;46m#[0m[38;5;251m*[0m[38;5;251m#[0m[38;5;251m#[0m[38;5;251m*[0m.[38;5;46m#[0m.........................
................................................[38;5;46m#[0m[38;5;251m*[0m[38;5;251m#[0m[38;5;251m#[0m[38;5;251m*[0m[38;5;251m+[0m[38;5;46m#[0m.........................
................................................[38;5;46m#[0m.....[38;5;46m#[0m.........................
................................................................................
................................................................................
................................................................................
[2J[H................................................................................
............[38;5;46m#[0m.....[38;5;46m#[0m.............................................................
............[38;5;46m#[0m[38;5;251m+[0m[38;5;251m*[0m[38;5;251m+[0m[38;5;251m+[0m.[38;5;46m#[0m.............................................................
...........[38;5;251m=[0m[38;5;46m#[0m[38;5;251m*[0m[38;5;251m#[0m[38;5;251m#[0m[38;5;251m*[0m[38;5;251m+[0m[38;5;46m#[0m.............................................................
............[38;5;46m#[0m[38;5;251m+[0m[38;5;251m*[0m[38;5;251m*[0m[38;5;251m+[0m.[38;5;46m#[0m.............................................................
............[38;5;46m#[0m.....[38;5;46m#[0m.............................................................
............[38;5;46m#[0m.....[38;5;46m#[0m.........................[38;5;46m#[0m...[38;5;46m#[0m...............................
...........................................[38;5;251m*[0m[38;5;46m#[0m[38;5;251m%[0m[38;5;251m%[0m[38;5;251m#[0m[38;5;46m#[0m...............................
............................................[38;5;46m#[0m[38;5;251m%[0m[38;5;251m#[0m[38;5;251m*[0m[38;5;46m#[0m...............................
............................................[38;5;46m#[0m...[38;5;46m#[0m...............................
............................................[38;5;46m#[0m...[38;5;46m#[0m...............................
................................................................................
................................................................................
................................................................................
................................................................................
................................................................................
..................................................[38;5;46m#[0m...[38;5;46m#[0m.........................
..................................................[38;5;46m#[0m[38;5;251m#[0m[38;5;251m#[0m[38;5;251m+[0m[38;5;46m#[0m.........................
.................................................[38;5;251m+[0m[38;5;46m#[0m[38;5;251m#[0m[38;5;251m#[0m[38;5;251m*[0m[38;5;46m#[0m.........................
..................................................[38;5;46m#[0m...[38;5;46m#[0m.........................
................................................................................
................................................................................
................................................................................
[2J[H................................................................................
............[38;5;46m#[0m.....[38;5;46m#[0m.............................................................
............[38;5;46m#[0m[38;5;251m+[0m[38;5;251m*[0m[38;5;251m+[0m[38;5;251m=[0m.[38;5;46m#[0m.............................................................
...........[38;5;251m+[0m[38;5;46m#[0m[38;5;251m#[0m[38;5;251m#[0m[38;5;251m*[0m[38;5;251m+[0m.[38;5;46m#[0m.............................................................
............[38;5;46m#[0m[38;5;251m*[0m[38;5;251m*[0m[38;5;251m+[0m[38;5;251m=[0m.[38;5;46m#[0m.............................................................
............[38;5;46m#[0m.....[38;5;46m#[0m.............................................................
............[38;5;46m#[0m.....[38;5;46m#[0m.......................[38;5;46m#[0m.[38;5;251m+[0m[38;5;251m+[0m..[38;5;46m#[0m...............................
..........................................[38;5;46m#[0m[38;5;251m#[0m[38;5;251m%[0m[38;5;251m%[0m[38;5;251m#[0m[38;5;251m+[0m[38;5;46m#[0m...............................
..........................................[38;5;46m#[0m[38;5;251m*[0m[38;5;251m#[0m[38;5;251m#[0m[38;5;251m*[0m.[38;5;46m#[0m...............................
..........................................[38;5;46m#[0m.....[38;5;46m#[0m...............................
..........................................[38;5;46m#[0m.....[38;5;46m#[0m...............................
................................................................................
................................................................................
................................................................................
................................................................................
................................................................................
..................................................[38;5;46m#[0m...[38;5;46m#[0m.........................
..................................................[38;5;46m#[0m[38;5;251m*[0m[38;5;251m#[0m[38;5;251m*[0m[38;5;46m#[0m.........................
..................................................[38;5;46m#[0m[38;5;251m#[0m[38;5;251m%[0m[38;5;251m#[0m[38;5;46m#[0m.........................
..................................................[38;5;46m#[0m.[38;5;251m+[0m.[38;5;46m#[0m.........................
................................................................................
................................................................................
................................................................................
[2J[H................................................................................
..........[38;5;46m#[0m.....[38;5;46m#[0m...............................................................
..........[38;5;46m#[0m[38;5;251m=[0m[38;5;251m+[0m[38;5;251m*[0m[38;5;251m+[0m[38;5;251m+[0m[38;5;46m#[0m...............................................................
..........[38;5;46m#[0m[38;5;251m+[0m[38;5;251m*[0m[38;5;251m#[0m[38;5;251m#[0m[38;5;251m*[0m[38;5;46m#[0m...............................................................
..........[38;5;46m#[0m[38;5;251m=[0m[38;5;251m+[0m[38;5;251m*[0m[38;5;251m*[0m[38;5;251m+[0m[38;5;46m#[0m...............................................................
..........[38;5;46m#[0m.....[38;5;46m#[0m...............................................................
..........[38;5;46m#[0m.....[38;5;46m#[0m.........................[38;5;46m#[0m[38;5;251m*[0m[38;5;251m*[0m[38;5;251m+[0m[38;5;46m#[0m.................................
..........................................[38;5;46m#[0m[38;5;251m%[0m[38;5;251m@[0m[38;5;251m%[0m[38;5;46m#[0m.................................
..........................................[38;5;46m#[0m[38;5;251m*[0m[38;5;251m#[0m[38;5;251m*[0m[38;5;46m#[0m.................................
..........................................[38;5;46m#[0m...[38;5;46m#[0m.................................
..........................................[38;5;46m#[0m...[38;5;46m#[0m.................................
................................................................................
................................................................................
................................................................................
................................................................................
................................................................................
..................................................[38;5;46m#[0m.....[38;5;46m#[0m.......................
..................................................[38;5;46m#[0m[38;5;251m+[0m[38;5;251m*[0m[38;5;251m*[0m[38;5;251m+[0m.[38;5;46m#[0m.......................
..................................................[38;5;46m#[0m[38;5;251m*[0m[38;5;251m#[0m[38;5;251m%[0m[38;5;251m#[0m[38;5;251m+[0m[38;5;46m#[0m.......................
..................................................[38;5;46m#[0m.[38;5;251m+[0m[38;5;251m+[0m..[38;5;46m#[0m.......................
................................................................................
................................................................................
................................................................................
[2J[H................................................................................
..........[38;5;46m#[0m.....[38;5;46m#[0m...............................................................
..........[38;5;46m#[0m[38;5;251m+[0m[38;5;251m+[0m[38;5;251m*[0m[38;5;251m+[0m[38;5;251m=[0m[38;5;46m#[0m...............................................................
..........[38;5;46m#[0m[38;5;251m*[0m[38;5;251m*[0m[38;5;251m#[0m[38;5;251m*[0m[38;5;251m*[0m[38;5;46m#[0m...............................................................
..........[38;5;46m#[0m[38;5;251m=[0m[38;5;251m+[0m[38;5;251m*[0m[38;5;251m+[0m[38;5;251m=[0m[38;5;46m#[0m...............................................................
..........[38;5;46m#[0m.....[38;5;46m#[0m...............................................................
..........[38;5;46m#[0m.....[38;5;46m#[0m.......................[38;5;46m#[0m.[38;5;251m*[0m[38;5;251m#[0m[38;5;251m*[0m.[38;5;46m#[0m.................................
........................................[38;5;46m#[0m[38;5;251m#[0m[38;5;251m%[0m[38;5;251m@[0m[38;5;251m%[0m[38;5;251m#[0m[38;5;46m#[0m.................................
........................................[38;5;46m#[0m.[38;5;251m*[0m[38;5;251m*[0m[38;5;251m*[0m.[38;5;46m#[0m.................................
........................................[38;5;46m#[0m.....[38;5;46m#[0m.................................
................................................................................
................................................................................
................................................................................
................................................................................
................................................................................
................................................................................
....................................................[38;5;46m#[0m...[38;5;46m#[0m.......................
....................................................[38;5;46m#[0m[38;5;251m*[0m[38;5;251m*[0m[38;5;251m+[0m[38;5;46m#[0m.......................
...................................................[38;5;251m+[0m[38;5;46m#[0m[38;5;251m%[0m[38;5;251m#[0m[38;5;251m*[0m[38;5;46m#[0m.......................
....................................................[38;5;46m#[0m[38;5;251m+[0m[38;5;251m+[0m.[38;5;46m#[0m.......................
................................................................................
................................................................................
................................................................................
[2J[H................................................................................
..........[38;5;46m#[0m.....[38;5;46m#[0m...............................................................
..........[38;5;46m#[0m[38;5;251m+[0m[38;5;251m+[0m[38;5;251m*[0m[38;5;251m+[0m.[38;5;46m#[0m...............................................................
..........[38;5;46m#[0m[38;5;251m*[0m[38;5;251m#[0m[38;5;251m#[0m[38;5;251m*[0m[38;5;251m+[0m[38;5;46m#[0m...............................................................
..........[38;5;46m#[0m[38;5;251m+[0m[38;5;251m+[0m[38;5;251m+[0m[38;5;251m+[0m.[38;5;46m#[0m...............................................................
..........[38;5;46m#[0m.....[38;5;46m#[0m...............................................................
........................................[38;5;46m#[0m[38;5;251m#[0m[38;5;251m#[0m[38;5;251m#[0m[38;5;251m*[0m.[38;5;46m#[0m.................................
........................................[38;5;46m#[0m[38;5;251m%[0m[38;5;251m@[0m[38;5;251m%[0m[38;5;251m#[0m.[38;5;46m#[0m.................................
........................................[38;5;46m#[0m.[38;5;251m*[0m[38;5;251m+[0m..[38;5;46m#[0m.................................
........................................[38;5;46m#[0m.....[38;5;46m#[0m.................................
................................................................................
................................................................................
................................................................................
................................................................................
................................................................................
................................................................................
................................................................................
.....................................................[38;5;251m+[0m[38;5;251m*[0m[38;5;251m+[0m........................
....................................................[38;5;251m*[0m[38;5;251m#[0m[38;5;251m%[0m[38;5;251m#[0m[38;5;251m*[0m.......................
.....................................................[38;5;251m+[0m[38;5;251m*[0m[38;5;251m+[0m........................
................................................................................
................................................................................
................................................................................

{
  "demo": "weft-tensor realtime-ai-vision (terminal)",
  "geometry": "160x90 RGBA",
  "targetFps": 120,
  "produced": 479,
  "rendered": 465,
  "stalls": 28,
  "producerBehind": 0,
  "detection": {
    "runs": 465,
    "p50_us": 11.5,
    "p99_us": 128.6,
    "max_us": 369,
    "under_1ms_p99": true
  },
  "gc": {
    "pauses": 24,
    "totalMs": 7.82
  },
  "heapDeltaBytes": 1235744,
  "allocationNote": "painted flight: heap delta comes from terminal ANSI string fabric (display layer only); the tensor+detector path is probe-verified zero-alloc (alloc_probe ring/render modes)",
  "laws": {
    "Law1 zero-alloc loop": "grid/labels/stack/scratch/frame preallocated; no per-frame objects",
    "Law2 LE/IEEE": "ring layer enforces LE (WTR1_BAD_CRC-guarded header, DataView explicit true)",
    "Law3 runtime": "node v24.21.0 (browser twin: web/)",
    "Law4 boundary": "ring attach validates header; detector reads only committed slots"
  }
}
