Initialized native services in: /home/runner/.gradle/native
Initialized jansi services in: /home/runner/.gradle/native
Removing 0 daemon stop events from registry
Starting a Gradle Daemon (subsequent builds will be faster)
Starting process 'Gradle build daemon'. Working directory: /home/runner/.gradle/daemon/8.11.1 Command: /usr/lib/jvm/temurin-17-jdk-amd64/bin/java --add-opens=java.base/java.lang=ALL-UNNAMED --add-opens=java.base/java.lang.invoke=ALL-UNNAMED --add-opens=java.base/java.util=ALL-UNNAMED --add-opens=java.prefs/java.util.prefs=ALL-UNNAMED --add-exports=jdk.compiler/com.sun.tools.javac.api=ALL-UNNAMED --add-exports=jdk.compiler/com.sun.tools.javac.util=ALL-UNNAMED --add-opens=java.base/java.util=ALL-UNNAMED --add-opens=java.prefs/java.util.prefs=ALL-UNNAMED --add-opens=java.base/java.nio.charset=ALL-UNNAMED --add-opens=java.base/java.net=ALL-UNNAMED --add-opens=java.base/java.util.concurrent.atomic=ALL-UNNAMED --add-opens=java.xml/javax.xml.namespace=ALL-UNNAMED -Xmx2048m -Dfile.encoding=UTF-8 -Duser.country -Duser.language=en -Duser.variant -cp /home/runner/.gradle/wrapper/dists/gradle-8.11.1-bin/bpt9gzteqjrbo1mjrsomdt32c/gradle-8.11.1/lib/gradle-daemon-main-8.11.1.jar -javaagent:/home/runner/.gradle/wrapper/dists/gradle-8.11.1-bin/bpt9gzteqjrbo1mjrsomdt32c/gradle-8.11.1/lib/agents/gradle-instrumentation-agent-8.11.1.jar org.gradle.launcher.daemon.bootstrap.GradleDaemon 8.11.1
Successfully started process 'Gradle build daemon'
An attempt to start the daemon took 0.965 secs.
The client will now receive all logging from the daemon (pid: 2650). The daemon log file: /home/runner/.gradle/daemon/8.11.1/daemon-2650.out.log
Starting build in new daemon [memory: 2 GiB]
Using 4 worker leases.
Received JVM installation metadata from '/usr/lib/jvm/temurin-17-jdk-amd64': {JAVA_HOME=/usr/lib/jvm/temurin-17-jdk-amd64, JAVA_VERSION=17.0.20.1, JAVA_VENDOR=Eclipse Adoptium, RUNTIME_NAME=OpenJDK Runtime Environment, RUNTIME_VERSION=17.0.20.1+1, VM_NAME=OpenJDK 64-Bit Server VM, VM_VERSION=17.0.20.1+1, VM_VENDOR=Eclipse Adoptium, OS_ARCH=amd64}
Watching the file system is configured to be enabled if available
Now considering [/home/runner/work/Weft/Weft/android] as hierarchies to watch
File system watching is active
Starting Build
Settings evaluated using settings file '/home/runner/work/Weft/Weft/android/settings.gradle.kts'.
Projects loaded. Root project using build file '/home/runner/work/Weft/Weft/android/build.gradle.kts'.
Included projects: [root project 'weft-android', project ':sample-app', project ':weft-bom', project ':weft-compose', project ':weft-core']

> Configure project :
Evaluating root project 'weft-android' using build file '/home/runner/work/Weft/Weft/android/build.gradle.kts'.
Transforming gradle-8.7.3.jar (com.android.tools.build:gradle:8.7.3) with InstrumentationAnalysisTransform
Transforming gradle-settings-api-8.7.3.jar (com.android.tools.build:gradle-settings-api:8.7.3) with InstrumentationAnalysisTransform
Transforming lint-model-31.7.3.jar (com.android.tools.lint:lint-model:31.7.3) with InstrumentationAnalysisTransform
Transforming builder-8.7.3.jar (com.android.tools.build:builder:8.7.3) with InstrumentationAnalysisTransform
Transforming manifest-merger-31.7.3.jar (com.android.tools.build:manifest-merger:31.7.3) with InstrumentationAnalysisTransform
Transforming sdk-common-31.7.3.jar (com.android.tools:sdk-common:31.7.3) with InstrumentationAnalysisTransform
Transforming sdklib-31.7.3.jar (com.android.tools:sdklib:31.7.3) with InstrumentationAnalysisTransform
Transforming repository-31.7.3.jar (com.android.tools:repository:31.7.3) with InstrumentationAnalysisTransform
Transforming aaptcompiler-8.7.3.jar (com.android.tools.build:aaptcompiler:8.7.3) with InstrumentationAnalysisTransform
Transforming tracker-31.7.3.jar (com.android.tools.analytics-library:tracker:31.7.3) with InstrumentationAnalysisTransform
Transforming shared-31.7.3.jar (com.android.tools.analytics-library:shared:31.7.3) with InstrumentationAnalysisTransform
Transforming databinding-compiler-common-8.7.3.jar (androidx.databinding:databinding-compiler-common:8.7.3) with InstrumentationAnalysisTransform
Transforming android-test-plugin-host-emulator-control-proto-31.7.3.jar (com.android.tools.utp:android-test-plugin-host-emulator-control-proto:31.7.3) with InstrumentationAnalysisTransform
Transforming android-test-plugin-host-retention-proto-31.7.3.jar (com.android.tools.utp:android-test-plugin-host-retention-proto:31.7.3) with InstrumentationAnalysisTransform
Transforming builder-model-8.7.3.jar (com.android.tools.build:builder-model:8.7.3) with InstrumentationAnalysisTransform
Transforming gradle-api-8.7.3.jar (com.android.tools.build:gradle-api:8.7.3) with InstrumentationAnalysisTransform
Transforming builder-test-api-8.7.3.jar (com.android.tools.build:builder-test-api:8.7.3) with InstrumentationAnalysisTransform
Transforming ddmlib-31.7.3.jar (com.android.tools.ddms:ddmlib:31.7.3) with InstrumentationAnalysisTransform
Transforming layoutlib-api-31.7.3.jar (com.android.tools.layoutlib:layoutlib-api:31.7.3) with InstrumentationAnalysisTransform
Transforming dvlib-31.7.3.jar (com.android.tools:dvlib:31.7.3) with InstrumentationAnalysisTransform
Transforming common-31.7.3.jar (com.android.tools:common:31.7.3) with InstrumentationAnalysisTransform
Transforming kotlin-stdlib-jdk8-1.9.20.jar (org.jetbrains.kotlin:kotlin-stdlib-jdk8:1.9.20) with InstrumentationAnalysisTransform
Transforming jetifier-processor-1.0.0-beta10.jar (com.android.tools.build.jetifier:jetifier-processor:1.0.0-beta10) with InstrumentationAnalysisTransform
Transforming jetifier-core-1.0.0-beta10.jar (com.android.tools.build.jetifier:jetifier-core:1.0.0-beta10) with InstrumentationAnalysisTransform
Transforming kotlin-reflect-2.0.20.jar (org.jetbrains.kotlin:kotlin-reflect:2.0.20) with InstrumentationAnalysisTransform
Transforming kotlin-stdlib-jdk7-1.9.20.jar (org.jetbrains.kotlin:kotlin-stdlib-jdk7:1.9.20) with InstrumentationAnalysisTransform
Transforming kotlin-stdlib-2.0.20.jar (org.jetbrains.kotlin:kotlin-stdlib:2.0.20) with InstrumentationAnalysisTransform
Transforming annotations-13.0.jar (org.jetbrains:annotations:13.0) with InstrumentationAnalysisTransform
Transforming kotlin-gradle-plugin-model-2.1.0.jar (org.jetbrains.kotlin:kotlin-gradle-plugin-model:2.1.0) with InstrumentationAnalysisTransform
Transforming kotlin-gradle-plugin-api-2.1.0.jar (org.jetbrains.kotlin:kotlin-gradle-plugin-api:2.1.0) with InstrumentationAnalysisTransform
Transforming kotlin-gradle-plugin-api-2.1.0-gradle85.jar (org.jetbrains.kotlin:kotlin-gradle-plugin-api:2.1.0) with InstrumentationAnalysisTransform
Transforming compose-compiler-gradle-plugin-2.1.0-gradle85.jar (org.jetbrains.kotlin:compose-compiler-gradle-plugin:2.1.0) with InstrumentationAnalysisTransform
Transforming kotlin-gradle-plugin-2.1.0-gradle85.jar (org.jetbrains.kotlin:kotlin-gradle-plugin:2.1.0) with InstrumentationAnalysisTransform
Transforming bundletool-1.17.1.jar (com.android.tools.build:bundletool:1.17.1) with InstrumentationAnalysisTransform
Transforming aapt2-proto-8.7.3-12006047.jar (com.android.tools.build:aapt2-proto:8.7.3-12006047) with InstrumentationAnalysisTransform
Transforming crash-31.7.3.jar (com.android.tools.analytics-library:crash:31.7.3) with InstrumentationAnalysisTransform
Transforming lint-typedef-remover-31.7.3.jar (com.android.tools.lint:lint-typedef-remover:31.7.3) with InstrumentationAnalysisTransform
Transforming databinding-common-8.7.3.jar (androidx.databinding:databinding-common:8.7.3) with InstrumentationAnalysisTransform
Transforming baseLibrary-8.7.3.jar (com.android.databinding:baseLibrary:8.7.3) with InstrumentationAnalysisTransform
Transforming android-device-provider-ddmlib-proto-31.7.3.jar (com.android.tools.utp:android-device-provider-ddmlib-proto:31.7.3) with InstrumentationAnalysisTransform
Transforming android-device-provider-gradle-proto-31.7.3.jar (com.android.tools.utp:android-device-provider-gradle-proto:31.7.3) with InstrumentationAnalysisTransform
Transforming android-device-provider-profile-proto-31.7.3.jar (com.android.tools.utp:android-device-provider-profile-proto:31.7.3) with InstrumentationAnalysisTransform
Transforming android-test-plugin-host-additional-test-output-proto-31.7.3.jar (com.android.tools.utp:android-test-plugin-host-additional-test-output-proto:31.7.3) with InstrumentationAnalysisTransform
Transforming android-test-plugin-host-coverage-proto-31.7.3.jar (com.android.tools.utp:android-test-plugin-host-coverage-proto:31.7.3) with InstrumentationAnalysisTransform
Transforming android-test-plugin-host-logcat-proto-31.7.3.jar (com.android.tools.utp:android-test-plugin-host-logcat-proto:31.7.3) with InstrumentationAnalysisTransform
Transforming android-test-plugin-host-apk-installer-proto-31.7.3.jar (com.android.tools.utp:android-test-plugin-host-apk-installer-proto:31.7.3) with InstrumentationAnalysisTransform
Transforming android-test-plugin-result-listener-gradle-proto-31.7.3.jar (com.android.tools.utp:android-test-plugin-result-listener-gradle-proto:31.7.3) with InstrumentationAnalysisTransform
Transforming transform-api-2.0.0-deprecated-use-gradle-api.jar (com.android.tools.build:transform-api:2.0.0-deprecated-use-gradle-api) with InstrumentationAnalysisTransform
Transforming httpmime-4.5.6.jar (org.apache.httpcomponents:httpmime:4.5.6) with InstrumentationAnalysisTransform
Transforming commons-io-2.13.0.jar (commons-io:commons-io:2.13.0) with InstrumentationAnalysisTransform
Transforming asm-commons-9.6.jar (org.ow2.asm:asm-commons:9.6) with InstrumentationAnalysisTransform
Transforming asm-util-9.6.jar (org.ow2.asm:asm-util:9.6) with InstrumentationAnalysisTransform
Transforming asm-analysis-9.6.jar (org.ow2.asm:asm-analysis:9.6) with InstrumentationAnalysisTransform
Transforming asm-tree-9.6.jar (org.ow2.asm:asm-tree:9.6) with InstrumentationAnalysisTransform
Transforming asm-9.6.jar (org.ow2.asm:asm:9.6) with InstrumentationAnalysisTransform
Transforming apkzlib-8.7.3.jar (com.android.tools.build:apkzlib:8.7.3) with InstrumentationAnalysisTransform
Transforming bcpkix-jdk18on-1.77.jar (org.bouncycastle:bcpkix-jdk18on:1.77) with InstrumentationAnalysisTransform
Transforming jaxb-runtime-2.3.2.jar (org.glassfish.jaxb:jaxb-runtime:2.3.2) with InstrumentationAnalysisTransform
Transforming jopt-simple-4.9.jar (net.sf.jopt-simple:jopt-simple:4.9) with InstrumentationAnalysisTransform
Transforming javapoet-1.10.0.jar (com.squareup:javapoet:1.10.0) with InstrumentationAnalysisTransform
Transforming protobuf-java-util-3.22.3.jar (com.google.protobuf:protobuf-java-util:3.22.3) with InstrumentationAnalysisTransform
Transforming grpc-protobuf-1.57.0.jar (io.grpc:grpc-protobuf:1.57.0) with InstrumentationAnalysisTransform
Transforming tink-1.7.0.jar (com.google.crypto.tink:tink:1.7.0) with InstrumentationAnalysisTransform
Transforming protos-31.7.3.jar (com.android.tools.analytics-library:protos:31.7.3) with InstrumentationAnalysisTransform
Transforming proto-google-common-protos-2.17.0.jar (com.google.api.grpc:proto-google-common-protos:2.17.0) with InstrumentationAnalysisTransform
Transforming protobuf-java-3.22.3.jar (com.google.protobuf:protobuf-java:3.22.3) with InstrumentationAnalysisTransform
Transforming grpc-netty-1.57.0.jar (io.grpc:grpc-netty:1.57.0) with InstrumentationAnalysisTransform
Transforming grpc-core-1.57.0.jar (io.grpc:grpc-core:1.57.0) with InstrumentationAnalysisTransform
Transforming kotlin-build-statistics-2.1.0.jar (org.jetbrains.kotlin:kotlin-build-statistics:2.1.0) with InstrumentationAnalysisTransform
Transforming gson-2.10.1.jar (com.google.code.gson:gson:2.10.1) with InstrumentationAnalysisTransform
Transforming grpc-stub-1.57.0.jar (io.grpc:grpc-stub:1.57.0) with InstrumentationAnalysisTransform
Transforming core-proto-0.0.9-alpha02.jar (com.google.testing.platform:core-proto:0.0.9-alpha02) with InstrumentationAnalysisTransform
Transforming tensorflow-lite-metadata-0.1.0-rc2.jar (org.tensorflow:tensorflow-lite-metadata:0.1.0-rc2) with InstrumentationAnalysisTransform
Transforming flatbuffers-java-1.12.0.jar (com.google.flatbuffers:flatbuffers-java:1.12.0) with InstrumentationAnalysisTransform
Transforming kotlin-gradle-plugin-idea-proto-2.1.0.jar (org.jetbrains.kotlin:kotlin-gradle-plugin-idea-proto:2.1.0) with InstrumentationAnalysisTransform
Transforming kotlin-gradle-plugin-idea-2.1.0.jar (org.jetbrains.kotlin:kotlin-gradle-plugin-idea:2.1.0) with InstrumentationAnalysisTransform
Transforming kotlin-klib-commonizer-api-2.1.0.jar (org.jetbrains.kotlin:kotlin-klib-commonizer-api:2.1.0) with InstrumentationAnalysisTransform
Transforming kotlin-util-klib-metadata-2.1.0.jar (org.jetbrains.kotlin:kotlin-util-klib-metadata:2.1.0) with InstrumentationAnalysisTransform
Transforming kotlin-compiler-runner-2.1.0.jar (org.jetbrains.kotlin:kotlin-compiler-runner:2.1.0) with InstrumentationAnalysisTransform
Transforming jimfs-1.1.jar (com.google.jimfs:jimfs:1.1) with InstrumentationAnalysisTransform
Transforming grpc-context-1.57.0.jar (io.grpc:grpc-context:1.57.0) with InstrumentationAnalysisTransform
Transforming grpc-protobuf-lite-1.57.0.jar (io.grpc:grpc-protobuf-lite:1.57.0) with InstrumentationAnalysisTransform
Transforming grpc-api-1.57.0.jar (io.grpc:grpc-api:1.57.0) with InstrumentationAnalysisTransform
Transforming guava-32.0.1-jre.jar (com.google.guava:guava:32.0.1-jre) with InstrumentationAnalysisTransform
Transforming dagger-2.28.3.jar (com.google.dagger:dagger:2.28.3) with InstrumentationAnalysisTransform
Transforming javax.inject-1.jar (javax.inject:javax.inject:1) with InstrumentationAnalysisTransform
Transforming kxml2-2.3.0.jar (net.sf.kxml:kxml2:2.3.0) with InstrumentationAnalysisTransform
Transforming bcutil-jdk18on-1.77.jar (org.bouncycastle:bcutil-jdk18on:1.77) with InstrumentationAnalysisTransform
Transforming bcprov-jdk18on-1.77.jar (org.bouncycastle:bcprov-jdk18on:1.77) with InstrumentationAnalysisTransform
Transforming trove4j-1.0.20200330.jar (org.jetbrains.intellij.deps:trove4j:1.0.20200330) with InstrumentationAnalysisTransform
Transforming commons-compress-1.21.jar (org.apache.commons:commons-compress:1.21) with InstrumentationAnalysisTransform
Transforming httpclient-4.5.14.jar (org.apache.httpcomponents:httpclient:4.5.14) with InstrumentationAnalysisTransform
Transforming httpcore-4.4.16.jar (org.apache.httpcomponents:httpcore:4.4.16) with InstrumentationAnalysisTransform
Transforming javax.activation-1.2.0.jar (com.sun.activation:javax.activation:1.2.0) with InstrumentationAnalysisTransform
Transforming signflinger-8.7.3.jar (com.android:signflinger:8.7.3) with InstrumentationAnalysisTransform
Transforming zipflinger-8.7.3.jar (com.android:zipflinger:8.7.3) with InstrumentationAnalysisTransform
Transforming annotations-31.7.3.jar (com.android.tools:annotations:31.7.3) with InstrumentationAnalysisTransform
Transforming jna-platform-5.6.0.jar (net.java.dev.jna:jna-platform:5.6.0) with InstrumentationAnalysisTransform
Transforming juniversalchardet-1.0.3.jar (com.googlecode.juniversalchardet:juniversalchardet:1.0.3) with InstrumentationAnalysisTransform
Transforming javax.annotation-api-1.3.2.jar (javax.annotation:javax.annotation-api:1.3.2) with InstrumentationAnalysisTransform
Transforming stax-ex-1.8.1.jar (org.jvnet.staxex:stax-ex:1.8.1) with InstrumentationAnalysisTransform
Transforming jakarta.xml.bind-api-2.3.2.jar (jakarta.xml.bind:jakarta.xml.bind-api:2.3.2) with InstrumentationAnalysisTransform
Transforming txw2-2.3.2.jar (org.glassfish.jaxb:txw2:2.3.2) with InstrumentationAnalysisTransform
Transforming istack-commons-runtime-3.0.8.jar (com.sun.istack:istack-commons-runtime:3.0.8) with InstrumentationAnalysisTransform
Transforming FastInfoset-1.2.16.jar (com.sun.xml.fastinfoset:FastInfoset:1.2.16) with InstrumentationAnalysisTransform
Transforming jakarta.activation-api-1.2.1.jar (jakarta.activation:jakarta.activation-api:1.2.1) with InstrumentationAnalysisTransform
Transforming auto-value-annotations-1.6.2.jar (com.google.auto.value:auto-value-annotations:1.6.2) with InstrumentationAnalysisTransform
Transforming error_prone_annotations-2.18.0.jar (com.google.errorprone:error_prone_annotations:2.18.0) with InstrumentationAnalysisTransform
Transforming jose4j-0.9.5.jar (org.bitbucket.b_c:jose4j:0.9.5) with InstrumentationAnalysisTransform
Transforming slf4j-api-1.7.30.jar (org.slf4j:slf4j-api:1.7.30) with InstrumentationAnalysisTransform
Transforming jdom2-2.0.6.jar (org.jdom:jdom2:2.0.6) with InstrumentationAnalysisTransform
Transforming jsr305-3.0.2.jar (com.google.code.findbugs:jsr305:3.0.2) with InstrumentationAnalysisTransform
Transforming j2objc-annotations-2.8.jar (com.google.j2objc:j2objc-annotations:2.8) with InstrumentationAnalysisTransform
Transforming annotations-4.1.1.4.jar (com.google.android:annotations:4.1.1.4) with InstrumentationAnalysisTransform
Transforming animal-sniffer-annotations-1.23.jar (org.codehaus.mojo:animal-sniffer-annotations:1.23) with InstrumentationAnalysisTransform
Transforming perfmark-api-0.26.0.jar (io.perfmark:perfmark-api:0.26.0) with InstrumentationAnalysisTransform
Transforming netty-codec-http2-4.1.93.Final.jar (io.netty:netty-codec-http2:4.1.93.Final) with InstrumentationAnalysisTransform
Transforming netty-handler-proxy-4.1.93.Final.jar (io.netty:netty-handler-proxy:4.1.93.Final) with InstrumentationAnalysisTransform
Transforming netty-codec-http-4.1.93.Final.jar (io.netty:netty-codec-http:4.1.93.Final) with InstrumentationAnalysisTransform
Transforming netty-handler-4.1.93.Final.jar (io.netty:netty-handler:4.1.93.Final) with InstrumentationAnalysisTransform
Transforming netty-transport-native-unix-common-4.1.93.Final.jar (io.netty:netty-transport-native-unix-common:4.1.93.Final) with InstrumentationAnalysisTransform
Transforming checker-qual-3.33.0.jar (org.checkerframework:checker-qual:3.33.0) with InstrumentationAnalysisTransform
Transforming commons-codec-1.11.jar (commons-codec:commons-codec:1.11) with InstrumentationAnalysisTransform
Transforming apksig-8.7.3.jar (com.android.tools.build:apksig:8.7.3) with InstrumentationAnalysisTransform
Transforming javawriter-2.5.0.jar (com.squareup:javawriter:2.5.0) with InstrumentationAnalysisTransform
Transforming kotlin-gradle-plugin-annotations-2.1.0.jar (org.jetbrains.kotlin:kotlin-gradle-plugin-annotations:2.1.0) with InstrumentationAnalysisTransform
Transforming kotlin-native-utils-2.1.0.jar (org.jetbrains.kotlin:kotlin-native-utils:2.1.0) with InstrumentationAnalysisTransform
Transforming kotlin-tooling-core-2.1.0.jar (org.jetbrains.kotlin:kotlin-tooling-core:2.1.0) with InstrumentationAnalysisTransform
Transforming kotlin-build-tools-api-2.1.0.jar (org.jetbrains.kotlin:kotlin-build-tools-api:2.1.0) with InstrumentationAnalysisTransform
Transforming kotlin-util-klib-2.1.0.jar (org.jetbrains.kotlin:kotlin-util-klib:2.1.0) with InstrumentationAnalysisTransform
Transforming kotlin-util-io-2.1.0.jar (org.jetbrains.kotlin:kotlin-util-io:2.1.0) with InstrumentationAnalysisTransform
Transforming kotlin-daemon-client-2.1.0.jar (org.jetbrains.kotlin:kotlin-daemon-client:2.1.0) with InstrumentationAnalysisTransform
Transforming kotlinx-coroutines-core-jvm-1.6.4.jar (org.jetbrains.kotlinx:kotlinx-coroutines-core-jvm:1.6.4) with InstrumentationAnalysisTransform
Transforming failureaccess-1.0.1.jar (com.google.guava:failureaccess:1.0.1) with InstrumentationAnalysisTransform
Transforming listenablefuture-9999.0-empty-to-avoid-conflict-with-guava.jar (com.google.guava:listenablefuture:9999.0-empty-to-avoid-conflict-with-guava) with InstrumentationAnalysisTransform
Transforming commons-logging-1.2.jar (commons-logging:commons-logging:1.2) with InstrumentationAnalysisTransform
Transforming jna-5.6.0.jar (net.java.dev.jna:jna:5.6.0) with InstrumentationAnalysisTransform
Transforming netty-codec-socks-4.1.93.Final.jar (io.netty:netty-codec-socks:4.1.93.Final) with InstrumentationAnalysisTransform
Transforming netty-codec-4.1.93.Final.jar (io.netty:netty-codec:4.1.93.Final) with InstrumentationAnalysisTransform
Transforming netty-transport-4.1.93.Final.jar (io.netty:netty-transport:4.1.93.Final) with InstrumentationAnalysisTransform
Transforming netty-buffer-4.1.93.Final.jar (io.netty:netty-buffer:4.1.93.Final) with InstrumentationAnalysisTransform
Transforming netty-resolver-4.1.93.Final.jar (io.netty:netty-resolver:4.1.93.Final) with InstrumentationAnalysisTransform
Transforming netty-common-4.1.93.Final.jar (io.netty:netty-common:4.1.93.Final) with InstrumentationAnalysisTransform
Transforming gradle-8.7.3.jar (com.android.tools.build:gradle:8.7.3) with InstrumentationAnalysisTransform
Transforming gradle-8.7.3.jar (com.android.tools.build:gradle:8.7.3) with MergeInstrumentationAnalysisTransform
Transforming gradle-settings-api-8.7.3.jar (com.android.tools.build:gradle-settings-api:8.7.3) with InstrumentationAnalysisTransform
Transforming gradle-settings-api-8.7.3.jar (com.android.tools.build:gradle-settings-api:8.7.3) with MergeInstrumentationAnalysisTransform
Transforming lint-model-31.7.3.jar (com.android.tools.lint:lint-model:31.7.3) with InstrumentationAnalysisTransform
Transforming lint-model-31.7.3.jar (com.android.tools.lint:lint-model:31.7.3) with MergeInstrumentationAnalysisTransform
Transforming builder-8.7.3.jar (com.android.tools.build:builder:8.7.3) with InstrumentationAnalysisTransform
Transforming builder-8.7.3.jar (com.android.tools.build:builder:8.7.3) with MergeInstrumentationAnalysisTransform
Transforming manifest-merger-31.7.3.jar (com.android.tools.build:manifest-merger:31.7.3) with InstrumentationAnalysisTransform
Transforming manifest-merger-31.7.3.jar (com.android.tools.build:manifest-merger:31.7.3) with MergeInstrumentationAnalysisTransform
Transforming sdk-common-31.7.3.jar (com.android.tools:sdk-common:31.7.3) with InstrumentationAnalysisTransform
Transforming sdk-common-31.7.3.jar (com.android.tools:sdk-common:31.7.3) with MergeInstrumentationAnalysisTransform
Transforming sdklib-31.7.3.jar (com.android.tools:sdklib:31.7.3) with InstrumentationAnalysisTransform
Transforming sdklib-31.7.3.jar (com.android.tools:sdklib:31.7.3) with MergeInstrumentationAnalysisTransform
Transforming repository-31.7.3.jar (com.android.tools:repository:31.7.3) with InstrumentationAnalysisTransform
Transforming repository-31.7.3.jar (com.android.tools:repository:31.7.3) with MergeInstrumentationAnalysisTransform
Transforming aaptcompiler-8.7.3.jar (com.android.tools.build:aaptcompiler:8.7.3) with InstrumentationAnalysisTransform
Transforming aaptcompiler-8.7.3.jar (com.android.tools.build:aaptcompiler:8.7.3) with MergeInstrumentationAnalysisTransform
Transforming tracker-31.7.3.jar (com.android.tools.analytics-library:tracker:31.7.3) with InstrumentationAnalysisTransform
Transforming tracker-31.7.3.jar (com.android.tools.analytics-library:tracker:31.7.3) with MergeInstrumentationAnalysisTransform
Transforming shared-31.7.3.jar (com.android.tools.analytics-library:shared:31.7.3) with InstrumentationAnalysisTransform
Transforming shared-31.7.3.jar (com.android.tools.analytics-library:shared:31.7.3) with MergeInstrumentationAnalysisTransform
Transforming databinding-compiler-common-8.7.3.jar (androidx.databinding:databinding-compiler-common:8.7.3) with InstrumentationAnalysisTransform
Transforming databinding-compiler-common-8.7.3.jar (androidx.databinding:databinding-compiler-common:8.7.3) with MergeInstrumentationAnalysisTransform
Transforming android-test-plugin-host-emulator-control-proto-31.7.3.jar (com.android.tools.utp:android-test-plugin-host-emulator-control-proto:31.7.3) with InstrumentationAnalysisTransform
Transforming android-test-plugin-host-emulator-control-proto-31.7.3.jar (com.android.tools.utp:android-test-plugin-host-emulator-control-proto:31.7.3) with MergeInstrumentationAnalysisTransform
Transforming android-test-plugin-host-retention-proto-31.7.3.jar (com.android.tools.utp:android-test-plugin-host-retention-proto:31.7.3) with InstrumentationAnalysisTransform
Transforming android-test-plugin-host-retention-proto-31.7.3.jar (com.android.tools.utp:android-test-plugin-host-retention-proto:31.7.3) with MergeInstrumentationAnalysisTransform
Transforming builder-model-8.7.3.jar (com.android.tools.build:builder-model:8.7.3) with InstrumentationAnalysisTransform
Transforming builder-model-8.7.3.jar (com.android.tools.build:builder-model:8.7.3) with MergeInstrumentationAnalysisTransform
Transforming gradle-api-8.7.3.jar (com.android.tools.build:gradle-api:8.7.3) with InstrumentationAnalysisTransform
Transforming gradle-api-8.7.3.jar (com.android.tools.build:gradle-api:8.7.3) with MergeInstrumentationAnalysisTransform
Transforming builder-test-api-8.7.3.jar (com.android.tools.build:builder-test-api:8.7.3) with InstrumentationAnalysisTransform
Transforming builder-test-api-8.7.3.jar (com.android.tools.build:builder-test-api:8.7.3) with MergeInstrumentationAnalysisTransform
Transforming ddmlib-31.7.3.jar (com.android.tools.ddms:ddmlib:31.7.3) with InstrumentationAnalysisTransform
Transforming ddmlib-31.7.3.jar (com.android.tools.ddms:ddmlib:31.7.3) with MergeInstrumentationAnalysisTransform
Transforming layoutlib-api-31.7.3.jar (com.android.tools.layoutlib:layoutlib-api:31.7.3) with InstrumentationAnalysisTransform
Transforming layoutlib-api-31.7.3.jar (com.android.tools.layoutlib:layoutlib-api:31.7.3) with MergeInstrumentationAnalysisTransform
Transforming dvlib-31.7.3.jar (com.android.tools:dvlib:31.7.3) with InstrumentationAnalysisTransform
Transforming dvlib-31.7.3.jar (com.android.tools:dvlib:31.7.3) with MergeInstrumentationAnalysisTransform
Transforming common-31.7.3.jar (com.android.tools:common:31.7.3) with InstrumentationAnalysisTransform
Transforming common-31.7.3.jar (com.android.tools:common:31.7.3) with MergeInstrumentationAnalysisTransform
Transforming kotlin-stdlib-jdk8-1.9.20.jar (org.jetbrains.kotlin:kotlin-stdlib-jdk8:1.9.20) with InstrumentationAnalysisTransform
Transforming kotlin-stdlib-jdk8-1.9.20.jar (org.jetbrains.kotlin:kotlin-stdlib-jdk8:1.9.20) with MergeInstrumentationAnalysisTransform
Transforming jetifier-processor-1.0.0-beta10.jar (com.android.tools.build.jetifier:jetifier-processor:1.0.0-beta10) with InstrumentationAnalysisTransform
Transforming jetifier-processor-1.0.0-beta10.jar (com.android.tools.build.jetifier:jetifier-processor:1.0.0-beta10) with MergeInstrumentationAnalysisTransform
Transforming jetifier-core-1.0.0-beta10.jar (com.android.tools.build.jetifier:jetifier-core:1.0.0-beta10) with InstrumentationAnalysisTransform
Transforming jetifier-core-1.0.0-beta10.jar (com.android.tools.build.jetifier:jetifier-core:1.0.0-beta10) with MergeInstrumentationAnalysisTransform
Transforming kotlin-reflect-2.0.20.jar (org.jetbrains.kotlin:kotlin-reflect:2.0.20) with InstrumentationAnalysisTransform
Transforming kotlin-reflect-2.0.20.jar (org.jetbrains.kotlin:kotlin-reflect:2.0.20) with MergeInstrumentationAnalysisTransform
Transforming kotlin-stdlib-jdk7-1.9.20.jar (org.jetbrains.kotlin:kotlin-stdlib-jdk7:1.9.20) with InstrumentationAnalysisTransform
Transforming kotlin-stdlib-jdk7-1.9.20.jar (org.jetbrains.kotlin:kotlin-stdlib-jdk7:1.9.20) with MergeInstrumentationAnalysisTransform
Transforming kotlin-stdlib-2.0.20.jar (org.jetbrains.kotlin:kotlin-stdlib:2.0.20) with InstrumentationAnalysisTransform
Transforming kotlin-stdlib-2.0.20.jar (org.jetbrains.kotlin:kotlin-stdlib:2.0.20) with MergeInstrumentationAnalysisTransform
Transforming annotations-13.0.jar (org.jetbrains:annotations:13.0) with InstrumentationAnalysisTransform
Transforming annotations-13.0.jar (org.jetbrains:annotations:13.0) with MergeInstrumentationAnalysisTransform
Transforming kotlin-gradle-plugin-model-2.1.0.jar (org.jetbrains.kotlin:kotlin-gradle-plugin-model:2.1.0) with InstrumentationAnalysisTransform
Transforming kotlin-gradle-plugin-model-2.1.0.jar (org.jetbrains.kotlin:kotlin-gradle-plugin-model:2.1.0) with MergeInstrumentationAnalysisTransform
Transforming kotlin-gradle-plugin-api-2.1.0.jar (org.jetbrains.kotlin:kotlin-gradle-plugin-api:2.1.0) with InstrumentationAnalysisTransform
Transforming kotlin-gradle-plugin-api-2.1.0.jar (org.jetbrains.kotlin:kotlin-gradle-plugin-api:2.1.0) with MergeInstrumentationAnalysisTransform
Transforming kotlin-gradle-plugin-api-2.1.0-gradle85.jar (org.jetbrains.kotlin:kotlin-gradle-plugin-api:2.1.0) with InstrumentationAnalysisTransform
Transforming kotlin-gradle-plugin-api-2.1.0-gradle85.jar (org.jetbrains.kotlin:kotlin-gradle-plugin-api:2.1.0) with MergeInstrumentationAnalysisTransform
Transforming compose-compiler-gradle-plugin-2.1.0-gradle85.jar (org.jetbrains.kotlin:compose-compiler-gradle-plugin:2.1.0) with InstrumentationAnalysisTransform
Transforming compose-compiler-gradle-plugin-2.1.0-gradle85.jar (org.jetbrains.kotlin:compose-compiler-gradle-plugin:2.1.0) with MergeInstrumentationAnalysisTransform
Transforming kotlin-gradle-plugin-2.1.0-gradle85.jar (org.jetbrains.kotlin:kotlin-gradle-plugin:2.1.0) with InstrumentationAnalysisTransform
Transforming kotlin-gradle-plugin-2.1.0-gradle85.jar (org.jetbrains.kotlin:kotlin-gradle-plugin:2.1.0) with MergeInstrumentationAnalysisTransform
Transforming bundletool-1.17.1.jar (com.android.tools.build:bundletool:1.17.1) with InstrumentationAnalysisTransform
Transforming bundletool-1.17.1.jar (com.android.tools.build:bundletool:1.17.1) with MergeInstrumentationAnalysisTransform
Transforming aapt2-proto-8.7.3-12006047.jar (com.android.tools.build:aapt2-proto:8.7.3-12006047) with InstrumentationAnalysisTransform
Transforming aapt2-proto-8.7.3-12006047.jar (com.android.tools.build:aapt2-proto:8.7.3-12006047) with MergeInstrumentationAnalysisTransform
Transforming crash-31.7.3.jar (com.android.tools.analytics-library:crash:31.7.3) with InstrumentationAnalysisTransform
Transforming crash-31.7.3.jar (com.android.tools.analytics-library:crash:31.7.3) with MergeInstrumentationAnalysisTransform
Transforming lint-typedef-remover-31.7.3.jar (com.android.tools.lint:lint-typedef-remover:31.7.3) with InstrumentationAnalysisTransform
Transforming lint-typedef-remover-31.7.3.jar (com.android.tools.lint:lint-typedef-remover:31.7.3) with MergeInstrumentationAnalysisTransform
Transforming databinding-common-8.7.3.jar (androidx.databinding:databinding-common:8.7.3) with InstrumentationAnalysisTransform
Transforming databinding-common-8.7.3.jar (androidx.databinding:databinding-common:8.7.3) with MergeInstrumentationAnalysisTransform
Transforming baseLibrary-8.7.3.jar (com.android.databinding:baseLibrary:8.7.3) with InstrumentationAnalysisTransform
Transforming baseLibrary-8.7.3.jar (com.android.databinding:baseLibrary:8.7.3) with MergeInstrumentationAnalysisTransform
Transforming android-device-provider-ddmlib-proto-31.7.3.jar (com.android.tools.utp:android-device-provider-ddmlib-proto:31.7.3) with InstrumentationAnalysisTransform
Transforming android-device-provider-ddmlib-proto-31.7.3.jar (com.android.tools.utp:android-device-provider-ddmlib-proto:31.7.3) with MergeInstrumentationAnalysisTransform
Transforming android-device-provider-gradle-proto-31.7.3.jar (com.android.tools.utp:android-device-provider-gradle-proto:31.7.3) with InstrumentationAnalysisTransform
Transforming android-device-provider-gradle-proto-31.7.3.jar (com.android.tools.utp:android-device-provider-gradle-proto:31.7.3) with MergeInstrumentationAnalysisTransform
Transforming android-device-provider-profile-proto-31.7.3.jar (com.android.tools.utp:android-device-provider-profile-proto:31.7.3) with InstrumentationAnalysisTransform
Transforming android-device-provider-profile-proto-31.7.3.jar (com.android.tools.utp:android-device-provider-profile-proto:31.7.3) with MergeInstrumentationAnalysisTransform
Transforming android-test-plugin-host-additional-test-output-proto-31.7.3.jar (com.android.tools.utp:android-test-plugin-host-additional-test-output-proto:31.7.3) with InstrumentationAnalysisTransform
Transforming android-test-plugin-host-additional-test-output-proto-31.7.3.jar (com.android.tools.utp:android-test-plugin-host-additional-test-output-proto:31.7.3) with MergeInstrumentationAnalysisTransform
Transforming android-test-plugin-host-coverage-proto-31.7.3.jar (com.android.tools.utp:android-test-plugin-host-coverage-proto:31.7.3) with InstrumentationAnalysisTransform
Transforming gradle-8.7.3.jar (com.android.tools.build:gradle:8.7.3) with ExternalDependencyInstrumentingArtifactTransform
Transforming android-test-plugin-host-coverage-proto-31.7.3.jar (com.android.tools.utp:android-test-plugin-host-coverage-proto:31.7.3) with MergeInstrumentationAnalysisTransform
Transforming android-test-plugin-host-logcat-proto-31.7.3.jar (com.android.tools.utp:android-test-plugin-host-logcat-proto:31.7.3) with InstrumentationAnalysisTransform
Transforming android-test-plugin-host-logcat-proto-31.7.3.jar (com.android.tools.utp:android-test-plugin-host-logcat-proto:31.7.3) with MergeInstrumentationAnalysisTransform
Transforming android-test-plugin-host-apk-installer-proto-31.7.3.jar (com.android.tools.utp:android-test-plugin-host-apk-installer-proto:31.7.3) with InstrumentationAnalysisTransform
Transforming android-test-plugin-host-apk-installer-proto-31.7.3.jar (com.android.tools.utp:android-test-plugin-host-apk-installer-proto:31.7.3) with MergeInstrumentationAnalysisTransform
Transforming android-test-plugin-result-listener-gradle-proto-31.7.3.jar (com.android.tools.utp:android-test-plugin-result-listener-gradle-proto:31.7.3) with InstrumentationAnalysisTransform
Transforming android-test-plugin-result-listener-gradle-proto-31.7.3.jar (com.android.tools.utp:android-test-plugin-result-listener-gradle-proto:31.7.3) with MergeInstrumentationAnalysisTransform
Transforming transform-api-2.0.0-deprecated-use-gradle-api.jar (com.android.tools.build:transform-api:2.0.0-deprecated-use-gradle-api) with InstrumentationAnalysisTransform
Transforming transform-api-2.0.0-deprecated-use-gradle-api.jar (com.android.tools.build:transform-api:2.0.0-deprecated-use-gradle-api) with MergeInstrumentationAnalysisTransform
Transforming httpmime-4.5.6.jar (org.apache.httpcomponents:httpmime:4.5.6) with InstrumentationAnalysisTransform
Transforming httpmime-4.5.6.jar (org.apache.httpcomponents:httpmime:4.5.6) with MergeInstrumentationAnalysisTransform
Transforming commons-io-2.13.0.jar (commons-io:commons-io:2.13.0) with InstrumentationAnalysisTransform
Transforming commons-io-2.13.0.jar (commons-io:commons-io:2.13.0) with MergeInstrumentationAnalysisTransform
Transforming asm-commons-9.6.jar (org.ow2.asm:asm-commons:9.6) with InstrumentationAnalysisTransform
Transforming asm-commons-9.6.jar (org.ow2.asm:asm-commons:9.6) with MergeInstrumentationAnalysisTransform
Transforming asm-util-9.6.jar (org.ow2.asm:asm-util:9.6) with InstrumentationAnalysisTransform
Transforming asm-util-9.6.jar (org.ow2.asm:asm-util:9.6) with MergeInstrumentationAnalysisTransform
Transforming asm-analysis-9.6.jar (org.ow2.asm:asm-analysis:9.6) with InstrumentationAnalysisTransform
Transforming asm-analysis-9.6.jar (org.ow2.asm:asm-analysis:9.6) with MergeInstrumentationAnalysisTransform
Transforming asm-tree-9.6.jar (org.ow2.asm:asm-tree:9.6) with InstrumentationAnalysisTransform
Transforming asm-tree-9.6.jar (org.ow2.asm:asm-tree:9.6) with MergeInstrumentationAnalysisTransform
Transforming asm-9.6.jar (org.ow2.asm:asm:9.6) with InstrumentationAnalysisTransform
Transforming asm-9.6.jar (org.ow2.asm:asm:9.6) with MergeInstrumentationAnalysisTransform
Transforming apkzlib-8.7.3.jar (com.android.tools.build:apkzlib:8.7.3) with InstrumentationAnalysisTransform
Transforming apkzlib-8.7.3.jar (com.android.tools.build:apkzlib:8.7.3) with MergeInstrumentationAnalysisTransform
Transforming bcpkix-jdk18on-1.77.jar (org.bouncycastle:bcpkix-jdk18on:1.77) with InstrumentationAnalysisTransform
Transforming bcpkix-jdk18on-1.77.jar (org.bouncycastle:bcpkix-jdk18on:1.77) with MergeInstrumentationAnalysisTransform
Transforming jaxb-runtime-2.3.2.jar (org.glassfish.jaxb:jaxb-runtime:2.3.2) with InstrumentationAnalysisTransform
Transforming jaxb-runtime-2.3.2.jar (org.glassfish.jaxb:jaxb-runtime:2.3.2) with MergeInstrumentationAnalysisTransform
Transforming jopt-simple-4.9.jar (net.sf.jopt-simple:jopt-simple:4.9) with InstrumentationAnalysisTransform
Transforming jopt-simple-4.9.jar (net.sf.jopt-simple:jopt-simple:4.9) with MergeInstrumentationAnalysisTransform
Transforming javapoet-1.10.0.jar (com.squareup:javapoet:1.10.0) with InstrumentationAnalysisTransform
Transforming javapoet-1.10.0.jar (com.squareup:javapoet:1.10.0) with MergeInstrumentationAnalysisTransform
Transforming protobuf-java-util-3.22.3.jar (com.google.protobuf:protobuf-java-util:3.22.3) with InstrumentationAnalysisTransform
Transforming protobuf-java-util-3.22.3.jar (com.google.protobuf:protobuf-java-util:3.22.3) with MergeInstrumentationAnalysisTransform
Transforming grpc-protobuf-1.57.0.jar (io.grpc:grpc-protobuf:1.57.0) with InstrumentationAnalysisTransform
Transforming grpc-protobuf-1.57.0.jar (io.grpc:grpc-protobuf:1.57.0) with MergeInstrumentationAnalysisTransform
Transforming lint-model-31.7.3.jar (com.android.tools.lint:lint-model:31.7.3) with ExternalDependencyInstrumentingArtifactTransform
Transforming tink-1.7.0.jar (com.google.crypto.tink:tink:1.7.0) with InstrumentationAnalysisTransform
Transforming tink-1.7.0.jar (com.google.crypto.tink:tink:1.7.0) with MergeInstrumentationAnalysisTransform
Transforming protos-31.7.3.jar (com.android.tools.analytics-library:protos:31.7.3) with InstrumentationAnalysisTransform
Transforming protos-31.7.3.jar (com.android.tools.analytics-library:protos:31.7.3) with MergeInstrumentationAnalysisTransform
Transforming proto-google-common-protos-2.17.0.jar (com.google.api.grpc:proto-google-common-protos:2.17.0) with InstrumentationAnalysisTransform
Transforming proto-google-common-protos-2.17.0.jar (com.google.api.grpc:proto-google-common-protos:2.17.0) with MergeInstrumentationAnalysisTransform
Transforming protobuf-java-3.22.3.jar (com.google.protobuf:protobuf-java:3.22.3) with InstrumentationAnalysisTransform
Transforming protobuf-java-3.22.3.jar (com.google.protobuf:protobuf-java:3.22.3) with MergeInstrumentationAnalysisTransform
Transforming grpc-netty-1.57.0.jar (io.grpc:grpc-netty:1.57.0) with InstrumentationAnalysisTransform
Transforming grpc-netty-1.57.0.jar (io.grpc:grpc-netty:1.57.0) with MergeInstrumentationAnalysisTransform
Transforming grpc-core-1.57.0.jar (io.grpc:grpc-core:1.57.0) with InstrumentationAnalysisTransform
Transforming grpc-core-1.57.0.jar (io.grpc:grpc-core:1.57.0) with MergeInstrumentationAnalysisTransform
Transforming kotlin-build-statistics-2.1.0.jar (org.jetbrains.kotlin:kotlin-build-statistics:2.1.0) with InstrumentationAnalysisTransform
Transforming kotlin-build-statistics-2.1.0.jar (org.jetbrains.kotlin:kotlin-build-statistics:2.1.0) with MergeInstrumentationAnalysisTransform
Transforming gson-2.10.1.jar (com.google.code.gson:gson:2.10.1) with InstrumentationAnalysisTransform
Transforming gson-2.10.1.jar (com.google.code.gson:gson:2.10.1) with MergeInstrumentationAnalysisTransform
Transforming grpc-stub-1.57.0.jar (io.grpc:grpc-stub:1.57.0) with InstrumentationAnalysisTransform
Transforming grpc-stub-1.57.0.jar (io.grpc:grpc-stub:1.57.0) with MergeInstrumentationAnalysisTransform
Transforming core-proto-0.0.9-alpha02.jar (com.google.testing.platform:core-proto:0.0.9-alpha02) with InstrumentationAnalysisTransform
Transforming core-proto-0.0.9-alpha02.jar (com.google.testing.platform:core-proto:0.0.9-alpha02) with MergeInstrumentationAnalysisTransform
Transforming tensorflow-lite-metadata-0.1.0-rc2.jar (org.tensorflow:tensorflow-lite-metadata:0.1.0-rc2) with InstrumentationAnalysisTransform
Transforming tensorflow-lite-metadata-0.1.0-rc2.jar (org.tensorflow:tensorflow-lite-metadata:0.1.0-rc2) with MergeInstrumentationAnalysisTransform
Transforming flatbuffers-java-1.12.0.jar (com.google.flatbuffers:flatbuffers-java:1.12.0) with InstrumentationAnalysisTransform
Transforming gradle-settings-api-8.7.3.jar (com.android.tools.build:gradle-settings-api:8.7.3) with ExternalDependencyInstrumentingArtifactTransform
Transforming flatbuffers-java-1.12.0.jar (com.google.flatbuffers:flatbuffers-java:1.12.0) with MergeInstrumentationAnalysisTransform
Transforming kotlin-gradle-plugin-idea-proto-2.1.0.jar (org.jetbrains.kotlin:kotlin-gradle-plugin-idea-proto:2.1.0) with InstrumentationAnalysisTransform
Transforming kotlin-gradle-plugin-idea-proto-2.1.0.jar (org.jetbrains.kotlin:kotlin-gradle-plugin-idea-proto:2.1.0) with MergeInstrumentationAnalysisTransform
Transforming kotlin-gradle-plugin-idea-2.1.0.jar (org.jetbrains.kotlin:kotlin-gradle-plugin-idea:2.1.0) with InstrumentationAnalysisTransform
Transforming kotlin-gradle-plugin-idea-2.1.0.jar (org.jetbrains.kotlin:kotlin-gradle-plugin-idea:2.1.0) with MergeInstrumentationAnalysisTransform
Transforming kotlin-klib-commonizer-api-2.1.0.jar (org.jetbrains.kotlin:kotlin-klib-commonizer-api:2.1.0) with InstrumentationAnalysisTransform
Transforming kotlin-klib-commonizer-api-2.1.0.jar (org.jetbrains.kotlin:kotlin-klib-commonizer-api:2.1.0) with MergeInstrumentationAnalysisTransform
Transforming kotlin-util-klib-metadata-2.1.0.jar (org.jetbrains.kotlin:kotlin-util-klib-metadata:2.1.0) with InstrumentationAnalysisTransform
Transforming kotlin-util-klib-metadata-2.1.0.jar (org.jetbrains.kotlin:kotlin-util-klib-metadata:2.1.0) with MergeInstrumentationAnalysisTransform
Transforming kotlin-compiler-runner-2.1.0.jar (org.jetbrains.kotlin:kotlin-compiler-runner:2.1.0) with InstrumentationAnalysisTransform
Transforming kotlin-compiler-runner-2.1.0.jar (org.jetbrains.kotlin:kotlin-compiler-runner:2.1.0) with MergeInstrumentationAnalysisTransform
Transforming jimfs-1.1.jar (com.google.jimfs:jimfs:1.1) with InstrumentationAnalysisTransform
Transforming jimfs-1.1.jar (com.google.jimfs:jimfs:1.1) with MergeInstrumentationAnalysisTransform
Transforming grpc-context-1.57.0.jar (io.grpc:grpc-context:1.57.0) with InstrumentationAnalysisTransform
Transforming grpc-context-1.57.0.jar (io.grpc:grpc-context:1.57.0) with MergeInstrumentationAnalysisTransform
Transforming grpc-protobuf-lite-1.57.0.jar (io.grpc:grpc-protobuf-lite:1.57.0) with InstrumentationAnalysisTransform
Transforming grpc-protobuf-lite-1.57.0.jar (io.grpc:grpc-protobuf-lite:1.57.0) with MergeInstrumentationAnalysisTransform
Transforming grpc-api-1.57.0.jar (io.grpc:grpc-api:1.57.0) with InstrumentationAnalysisTransform
Transforming grpc-api-1.57.0.jar (io.grpc:grpc-api:1.57.0) with MergeInstrumentationAnalysisTransform
Transforming guava-32.0.1-jre.jar (com.google.guava:guava:32.0.1-jre) with InstrumentationAnalysisTransform
Transforming guava-32.0.1-jre.jar (com.google.guava:guava:32.0.1-jre) with MergeInstrumentationAnalysisTransform
Transforming dagger-2.28.3.jar (com.google.dagger:dagger:2.28.3) with InstrumentationAnalysisTransform
Transforming dagger-2.28.3.jar (com.google.dagger:dagger:2.28.3) with MergeInstrumentationAnalysisTransform
Transforming javax.inject-1.jar (javax.inject:javax.inject:1) with InstrumentationAnalysisTransform
Transforming javax.inject-1.jar (javax.inject:javax.inject:1) with MergeInstrumentationAnalysisTransform
Transforming kxml2-2.3.0.jar (net.sf.kxml:kxml2:2.3.0) with InstrumentationAnalysisTransform
Transforming kxml2-2.3.0.jar (net.sf.kxml:kxml2:2.3.0) with MergeInstrumentationAnalysisTransform
Transforming bcutil-jdk18on-1.77.jar (org.bouncycastle:bcutil-jdk18on:1.77) with InstrumentationAnalysisTransform
Transforming bcutil-jdk18on-1.77.jar (org.bouncycastle:bcutil-jdk18on:1.77) with MergeInstrumentationAnalysisTransform
Transforming bcprov-jdk18on-1.77.jar (org.bouncycastle:bcprov-jdk18on:1.77) with InstrumentationAnalysisTransform
Transforming bcprov-jdk18on-1.77.jar (org.bouncycastle:bcprov-jdk18on:1.77) with MergeInstrumentationAnalysisTransform
Transforming trove4j-1.0.20200330.jar (org.jetbrains.intellij.deps:trove4j:1.0.20200330) with InstrumentationAnalysisTransform
Transforming trove4j-1.0.20200330.jar (org.jetbrains.intellij.deps:trove4j:1.0.20200330) with MergeInstrumentationAnalysisTransform
Transforming commons-compress-1.21.jar (org.apache.commons:commons-compress:1.21) with InstrumentationAnalysisTransform
Transforming commons-compress-1.21.jar (org.apache.commons:commons-compress:1.21) with MergeInstrumentationAnalysisTransform
Transforming httpclient-4.5.14.jar (org.apache.httpcomponents:httpclient:4.5.14) with InstrumentationAnalysisTransform
Transforming httpclient-4.5.14.jar (org.apache.httpcomponents:httpclient:4.5.14) with MergeInstrumentationAnalysisTransform
Transforming httpcore-4.4.16.jar (org.apache.httpcomponents:httpcore:4.4.16) with InstrumentationAnalysisTransform
Transforming httpcore-4.4.16.jar (org.apache.httpcomponents:httpcore:4.4.16) with MergeInstrumentationAnalysisTransform
Transforming javax.activation-1.2.0.jar (com.sun.activation:javax.activation:1.2.0) with InstrumentationAnalysisTransform
Transforming javax.activation-1.2.0.jar (com.sun.activation:javax.activation:1.2.0) with MergeInstrumentationAnalysisTransform
Transforming signflinger-8.7.3.jar (com.android:signflinger:8.7.3) with InstrumentationAnalysisTransform
Transforming signflinger-8.7.3.jar (com.android:signflinger:8.7.3) with MergeInstrumentationAnalysisTransform
Transforming zipflinger-8.7.3.jar (com.android:zipflinger:8.7.3) with InstrumentationAnalysisTransform
Transforming zipflinger-8.7.3.jar (com.android:zipflinger:8.7.3) with MergeInstrumentationAnalysisTransform
Transforming annotations-31.7.3.jar (com.android.tools:annotations:31.7.3) with InstrumentationAnalysisTransform
Transforming annotations-31.7.3.jar (com.android.tools:annotations:31.7.3) with MergeInstrumentationAnalysisTransform
Transforming jna-platform-5.6.0.jar (net.java.dev.jna:jna-platform:5.6.0) with InstrumentationAnalysisTransform
Transforming jna-platform-5.6.0.jar (net.java.dev.jna:jna-platform:5.6.0) with MergeInstrumentationAnalysisTransform
Transforming juniversalchardet-1.0.3.jar (com.googlecode.juniversalchardet:juniversalchardet:1.0.3) with InstrumentationAnalysisTransform
Transforming juniversalchardet-1.0.3.jar (com.googlecode.juniversalchardet:juniversalchardet:1.0.3) with MergeInstrumentationAnalysisTransform
Transforming javax.annotation-api-1.3.2.jar (javax.annotation:javax.annotation-api:1.3.2) with InstrumentationAnalysisTransform
Transforming javax.annotation-api-1.3.2.jar (javax.annotation:javax.annotation-api:1.3.2) with MergeInstrumentationAnalysisTransform
Transforming stax-ex-1.8.1.jar (org.jvnet.staxex:stax-ex:1.8.1) with InstrumentationAnalysisTransform
Transforming stax-ex-1.8.1.jar (org.jvnet.staxex:stax-ex:1.8.1) with MergeInstrumentationAnalysisTransform
Transforming jakarta.xml.bind-api-2.3.2.jar (jakarta.xml.bind:jakarta.xml.bind-api:2.3.2) with InstrumentationAnalysisTransform
Transforming jakarta.xml.bind-api-2.3.2.jar (jakarta.xml.bind:jakarta.xml.bind-api:2.3.2) with MergeInstrumentationAnalysisTransform
Transforming txw2-2.3.2.jar (org.glassfish.jaxb:txw2:2.3.2) with InstrumentationAnalysisTransform
Transforming txw2-2.3.2.jar (org.glassfish.jaxb:txw2:2.3.2) with MergeInstrumentationAnalysisTransform
Transforming istack-commons-runtime-3.0.8.jar (com.sun.istack:istack-commons-runtime:3.0.8) with InstrumentationAnalysisTransform
Transforming istack-commons-runtime-3.0.8.jar (com.sun.istack:istack-commons-runtime:3.0.8) with MergeInstrumentationAnalysisTransform
Transforming FastInfoset-1.2.16.jar (com.sun.xml.fastinfoset:FastInfoset:1.2.16) with InstrumentationAnalysisTransform
Transforming FastInfoset-1.2.16.jar (com.sun.xml.fastinfoset:FastInfoset:1.2.16) with MergeInstrumentationAnalysisTransform
Transforming jakarta.activation-api-1.2.1.jar (jakarta.activation:jakarta.activation-api:1.2.1) with InstrumentationAnalysisTransform
Transforming jakarta.activation-api-1.2.1.jar (jakarta.activation:jakarta.activation-api:1.2.1) with MergeInstrumentationAnalysisTransform
Transforming auto-value-annotations-1.6.2.jar (com.google.auto.value:auto-value-annotations:1.6.2) with InstrumentationAnalysisTransform
Transforming auto-value-annotations-1.6.2.jar (com.google.auto.value:auto-value-annotations:1.6.2) with MergeInstrumentationAnalysisTransform
Transforming error_prone_annotations-2.18.0.jar (com.google.errorprone:error_prone_annotations:2.18.0) with InstrumentationAnalysisTransform
Transforming builder-8.7.3.jar (com.android.tools.build:builder:8.7.3) with ExternalDependencyInstrumentingArtifactTransform
Transforming error_prone_annotations-2.18.0.jar (com.google.errorprone:error_prone_annotations:2.18.0) with MergeInstrumentationAnalysisTransform
Transforming jose4j-0.9.5.jar (org.bitbucket.b_c:jose4j:0.9.5) with InstrumentationAnalysisTransform
Transforming jose4j-0.9.5.jar (org.bitbucket.b_c:jose4j:0.9.5) with MergeInstrumentationAnalysisTransform
Transforming slf4j-api-1.7.30.jar (org.slf4j:slf4j-api:1.7.30) with InstrumentationAnalysisTransform
Transforming slf4j-api-1.7.30.jar (org.slf4j:slf4j-api:1.7.30) with MergeInstrumentationAnalysisTransform
Transforming jdom2-2.0.6.jar (org.jdom:jdom2:2.0.6) with InstrumentationAnalysisTransform
Transforming jdom2-2.0.6.jar (org.jdom:jdom2:2.0.6) with MergeInstrumentationAnalysisTransform
Transforming jsr305-3.0.2.jar (com.google.code.findbugs:jsr305:3.0.2) with InstrumentationAnalysisTransform
Transforming jsr305-3.0.2.jar (com.google.code.findbugs:jsr305:3.0.2) with MergeInstrumentationAnalysisTransform
Transforming j2objc-annotations-2.8.jar (com.google.j2objc:j2objc-annotations:2.8) with InstrumentationAnalysisTransform
Transforming j2objc-annotations-2.8.jar (com.google.j2objc:j2objc-annotations:2.8) with MergeInstrumentationAnalysisTransform
Transforming annotations-4.1.1.4.jar (com.google.android:annotations:4.1.1.4) with InstrumentationAnalysisTransform
Transforming annotations-4.1.1.4.jar (com.google.android:annotations:4.1.1.4) with MergeInstrumentationAnalysisTransform
Transforming animal-sniffer-annotations-1.23.jar (org.codehaus.mojo:animal-sniffer-annotations:1.23) with InstrumentationAnalysisTransform
Transforming manifest-merger-31.7.3.jar (com.android.tools.build:manifest-merger:31.7.3) with ExternalDependencyInstrumentingArtifactTransform
Transforming animal-sniffer-annotations-1.23.jar (org.codehaus.mojo:animal-sniffer-annotations:1.23) with MergeInstrumentationAnalysisTransform
Transforming perfmark-api-0.26.0.jar (io.perfmark:perfmark-api:0.26.0) with InstrumentationAnalysisTransform
Transforming perfmark-api-0.26.0.jar (io.perfmark:perfmark-api:0.26.0) with MergeInstrumentationAnalysisTransform
Transforming netty-codec-http2-4.1.93.Final.jar (io.netty:netty-codec-http2:4.1.93.Final) with InstrumentationAnalysisTransform
Transforming netty-codec-http2-4.1.93.Final.jar (io.netty:netty-codec-http2:4.1.93.Final) with MergeInstrumentationAnalysisTransform
Transforming netty-handler-proxy-4.1.93.Final.jar (io.netty:netty-handler-proxy:4.1.93.Final) with InstrumentationAnalysisTransform
Transforming netty-handler-proxy-4.1.93.Final.jar (io.netty:netty-handler-proxy:4.1.93.Final) with MergeInstrumentationAnalysisTransform
Transforming netty-codec-http-4.1.93.Final.jar (io.netty:netty-codec-http:4.1.93.Final) with InstrumentationAnalysisTransform
Transforming netty-codec-http-4.1.93.Final.jar (io.netty:netty-codec-http:4.1.93.Final) with MergeInstrumentationAnalysisTransform
Transforming netty-handler-4.1.93.Final.jar (io.netty:netty-handler:4.1.93.Final) with InstrumentationAnalysisTransform
Transforming netty-handler-4.1.93.Final.jar (io.netty:netty-handler:4.1.93.Final) with MergeInstrumentationAnalysisTransform
Transforming netty-transport-native-unix-common-4.1.93.Final.jar (io.netty:netty-transport-native-unix-common:4.1.93.Final) with InstrumentationAnalysisTransform
Transforming netty-transport-native-unix-common-4.1.93.Final.jar (io.netty:netty-transport-native-unix-common:4.1.93.Final) with MergeInstrumentationAnalysisTransform
Transforming checker-qual-3.33.0.jar (org.checkerframework:checker-qual:3.33.0) with InstrumentationAnalysisTransform
Transforming checker-qual-3.33.0.jar (org.checkerframework:checker-qual:3.33.0) with MergeInstrumentationAnalysisTransform
Transforming commons-codec-1.11.jar (commons-codec:commons-codec:1.11) with InstrumentationAnalysisTransform
Transforming commons-codec-1.11.jar (commons-codec:commons-codec:1.11) with MergeInstrumentationAnalysisTransform
Transforming apksig-8.7.3.jar (com.android.tools.build:apksig:8.7.3) with InstrumentationAnalysisTransform
Transforming apksig-8.7.3.jar (com.android.tools.build:apksig:8.7.3) with MergeInstrumentationAnalysisTransform
Transforming javawriter-2.5.0.jar (com.squareup:javawriter:2.5.0) with InstrumentationAnalysisTransform
Transforming javawriter-2.5.0.jar (com.squareup:javawriter:2.5.0) with MergeInstrumentationAnalysisTransform
Transforming kotlin-gradle-plugin-annotations-2.1.0.jar (org.jetbrains.kotlin:kotlin-gradle-plugin-annotations:2.1.0) with InstrumentationAnalysisTransform
Transforming kotlin-gradle-plugin-annotations-2.1.0.jar (org.jetbrains.kotlin:kotlin-gradle-plugin-annotations:2.1.0) with MergeInstrumentationAnalysisTransform
Transforming kotlin-native-utils-2.1.0.jar (org.jetbrains.kotlin:kotlin-native-utils:2.1.0) with InstrumentationAnalysisTransform
Transforming kotlin-native-utils-2.1.0.jar (org.jetbrains.kotlin:kotlin-native-utils:2.1.0) with MergeInstrumentationAnalysisTransform
Transforming kotlin-tooling-core-2.1.0.jar (org.jetbrains.kotlin:kotlin-tooling-core:2.1.0) with InstrumentationAnalysisTransform
Transforming kotlin-tooling-core-2.1.0.jar (org.jetbrains.kotlin:kotlin-tooling-core:2.1.0) with MergeInstrumentationAnalysisTransform
Transforming kotlin-build-tools-api-2.1.0.jar (org.jetbrains.kotlin:kotlin-build-tools-api:2.1.0) with InstrumentationAnalysisTransform
Transforming kotlin-build-tools-api-2.1.0.jar (org.jetbrains.kotlin:kotlin-build-tools-api:2.1.0) with MergeInstrumentationAnalysisTransform
Transforming kotlin-util-klib-2.1.0.jar (org.jetbrains.kotlin:kotlin-util-klib:2.1.0) with InstrumentationAnalysisTransform
Transforming kotlin-util-klib-2.1.0.jar (org.jetbrains.kotlin:kotlin-util-klib:2.1.0) with MergeInstrumentationAnalysisTransform
Transforming kotlin-util-io-2.1.0.jar (org.jetbrains.kotlin:kotlin-util-io:2.1.0) with InstrumentationAnalysisTransform
Transforming kotlin-util-io-2.1.0.jar (org.jetbrains.kotlin:kotlin-util-io:2.1.0) with MergeInstrumentationAnalysisTransform
Transforming kotlin-daemon-client-2.1.0.jar (org.jetbrains.kotlin:kotlin-daemon-client:2.1.0) with InstrumentationAnalysisTransform
Transforming kotlin-daemon-client-2.1.0.jar (org.jetbrains.kotlin:kotlin-daemon-client:2.1.0) with MergeInstrumentationAnalysisTransform
Transforming kotlinx-coroutines-core-jvm-1.6.4.jar (org.jetbrains.kotlinx:kotlinx-coroutines-core-jvm:1.6.4) with InstrumentationAnalysisTransform
Transforming kotlinx-coroutines-core-jvm-1.6.4.jar (org.jetbrains.kotlinx:kotlinx-coroutines-core-jvm:1.6.4) with MergeInstrumentationAnalysisTransform
Transforming failureaccess-1.0.1.jar (com.google.guava:failureaccess:1.0.1) with InstrumentationAnalysisTransform
Transforming failureaccess-1.0.1.jar (com.google.guava:failureaccess:1.0.1) with MergeInstrumentationAnalysisTransform
Transforming listenablefuture-9999.0-empty-to-avoid-conflict-with-guava.jar (com.google.guava:listenablefuture:9999.0-empty-to-avoid-conflict-with-guava) with InstrumentationAnalysisTransform
Transforming listenablefuture-9999.0-empty-to-avoid-conflict-with-guava.jar (com.google.guava:listenablefuture:9999.0-empty-to-avoid-conflict-with-guava) with MergeInstrumentationAnalysisTransform
Transforming commons-logging-1.2.jar (commons-logging:commons-logging:1.2) with InstrumentationAnalysisTransform
Transforming commons-logging-1.2.jar (commons-logging:commons-logging:1.2) with MergeInstrumentationAnalysisTransform
Transforming jna-5.6.0.jar (net.java.dev.jna:jna:5.6.0) with InstrumentationAnalysisTransform
Transforming jna-5.6.0.jar (net.java.dev.jna:jna:5.6.0) with MergeInstrumentationAnalysisTransform
Transforming netty-codec-socks-4.1.93.Final.jar (io.netty:netty-codec-socks:4.1.93.Final) with InstrumentationAnalysisTransform
Transforming netty-codec-socks-4.1.93.Final.jar (io.netty:netty-codec-socks:4.1.93.Final) with MergeInstrumentationAnalysisTransform
Transforming netty-codec-4.1.93.Final.jar (io.netty:netty-codec:4.1.93.Final) with InstrumentationAnalysisTransform
Transforming netty-codec-4.1.93.Final.jar (io.netty:netty-codec:4.1.93.Final) with MergeInstrumentationAnalysisTransform
Transforming netty-transport-4.1.93.Final.jar (io.netty:netty-transport:4.1.93.Final) with InstrumentationAnalysisTransform
Transforming netty-transport-4.1.93.Final.jar (io.netty:netty-transport:4.1.93.Final) with MergeInstrumentationAnalysisTransform
Transforming netty-buffer-4.1.93.Final.jar (io.netty:netty-buffer:4.1.93.Final) with InstrumentationAnalysisTransform
Transforming netty-buffer-4.1.93.Final.jar (io.netty:netty-buffer:4.1.93.Final) with MergeInstrumentationAnalysisTransform
Transforming netty-resolver-4.1.93.Final.jar (io.netty:netty-resolver:4.1.93.Final) with InstrumentationAnalysisTransform
Transforming netty-resolver-4.1.93.Final.jar (io.netty:netty-resolver:4.1.93.Final) with MergeInstrumentationAnalysisTransform
Transforming netty-common-4.1.93.Final.jar (io.netty:netty-common:4.1.93.Final) with InstrumentationAnalysisTransform
Transforming netty-common-4.1.93.Final.jar (io.netty:netty-common:4.1.93.Final) with MergeInstrumentationAnalysisTransform
Transforming sdklib-31.7.3.jar (com.android.tools:sdklib:31.7.3) with ExternalDependencyInstrumentingArtifactTransform
Transforming aaptcompiler-8.7.3.jar (com.android.tools.build:aaptcompiler:8.7.3) with ExternalDependencyInstrumentingArtifactTransform
Transforming sdk-common-31.7.3.jar (com.android.tools:sdk-common:31.7.3) with ExternalDependencyInstrumentingArtifactTransform
Transforming repository-31.7.3.jar (com.android.tools:repository:31.7.3) with ExternalDependencyInstrumentingArtifactTransform
Transforming tracker-31.7.3.jar (com.android.tools.analytics-library:tracker:31.7.3) with ExternalDependencyInstrumentingArtifactTransform
Transforming databinding-compiler-common-8.7.3.jar (androidx.databinding:databinding-compiler-common:8.7.3) with ExternalDependencyInstrumentingArtifactTransform
Transforming shared-31.7.3.jar (com.android.tools.analytics-library:shared:31.7.3) with ExternalDependencyInstrumentingArtifactTransform
Transforming android-test-plugin-host-emulator-control-proto-31.7.3.jar (com.android.tools.utp:android-test-plugin-host-emulator-control-proto:31.7.3) with ExternalDependencyInstrumentingArtifactTransform
Transforming builder-model-8.7.3.jar (com.android.tools.build:builder-model:8.7.3) with ExternalDependencyInstrumentingArtifactTransform
Transforming gradle-api-8.7.3.jar (com.android.tools.build:gradle-api:8.7.3) with ExternalDependencyInstrumentingArtifactTransform
Transforming android-test-plugin-host-retention-proto-31.7.3.jar (com.android.tools.utp:android-test-plugin-host-retention-proto:31.7.3) with ExternalDependencyInstrumentingArtifactTransform
Transforming builder-test-api-8.7.3.jar (com.android.tools.build:builder-test-api:8.7.3) with ExternalDependencyInstrumentingArtifactTransform
Transforming ddmlib-31.7.3.jar (com.android.tools.ddms:ddmlib:31.7.3) with ExternalDependencyInstrumentingArtifactTransform
Transforming layoutlib-api-31.7.3.jar (com.android.tools.layoutlib:layoutlib-api:31.7.3) with ExternalDependencyInstrumentingArtifactTransform
Transforming dvlib-31.7.3.jar (com.android.tools:dvlib:31.7.3) with ExternalDependencyInstrumentingArtifactTransform
Transforming common-31.7.3.jar (com.android.tools:common:31.7.3) with ExternalDependencyInstrumentingArtifactTransform
Transforming kotlin-stdlib-jdk8-1.9.20.jar (org.jetbrains.kotlin:kotlin-stdlib-jdk8:1.9.20) with ExternalDependencyInstrumentingArtifactTransform
Transforming jetifier-processor-1.0.0-beta10.jar (com.android.tools.build.jetifier:jetifier-processor:1.0.0-beta10) with ExternalDependencyInstrumentingArtifactTransform
Transforming jetifier-core-1.0.0-beta10.jar (com.android.tools.build.jetifier:jetifier-core:1.0.0-beta10) with ExternalDependencyInstrumentingArtifactTransform
Transforming kotlin-stdlib-jdk7-1.9.20.jar (org.jetbrains.kotlin:kotlin-stdlib-jdk7:1.9.20) with ExternalDependencyInstrumentingArtifactTransform
Transforming kotlin-reflect-2.0.20.jar (org.jetbrains.kotlin:kotlin-reflect:2.0.20) with ExternalDependencyInstrumentingArtifactTransform
Transforming annotations-13.0.jar (org.jetbrains:annotations:13.0) with ExternalDependencyInstrumentingArtifactTransform
Transforming kotlin-gradle-plugin-model-2.1.0.jar (org.jetbrains.kotlin:kotlin-gradle-plugin-model:2.1.0) with ExternalDependencyInstrumentingArtifactTransform
Transforming kotlin-stdlib-2.0.20.jar (org.jetbrains.kotlin:kotlin-stdlib:2.0.20) with ExternalDependencyInstrumentingArtifactTransform
Transforming kotlin-gradle-plugin-api-2.1.0.jar (org.jetbrains.kotlin:kotlin-gradle-plugin-api:2.1.0) with ExternalDependencyInstrumentingArtifactTransform
Transforming kotlin-gradle-plugin-api-2.1.0-gradle85.jar (org.jetbrains.kotlin:kotlin-gradle-plugin-api:2.1.0) with ExternalDependencyInstrumentingArtifactTransform
Transforming compose-compiler-gradle-plugin-2.1.0-gradle85.jar (org.jetbrains.kotlin:compose-compiler-gradle-plugin:2.1.0) with ExternalDependencyInstrumentingArtifactTransform
Transforming kotlin-gradle-plugin-2.1.0-gradle85.jar (org.jetbrains.kotlin:kotlin-gradle-plugin:2.1.0) with ExternalDependencyInstrumentingArtifactTransform
Transforming bundletool-1.17.1.jar (com.android.tools.build:bundletool:1.17.1) with ExternalDependencyInstrumentingArtifactTransform
Transforming crash-31.7.3.jar (com.android.tools.analytics-library:crash:31.7.3) with ExternalDependencyInstrumentingArtifactTransform
Transforming databinding-common-8.7.3.jar (androidx.databinding:databinding-common:8.7.3) with ExternalDependencyInstrumentingArtifactTransform
Transforming aapt2-proto-8.7.3-12006047.jar (com.android.tools.build:aapt2-proto:8.7.3-12006047) with ExternalDependencyInstrumentingArtifactTransform
Transforming lint-typedef-remover-31.7.3.jar (com.android.tools.lint:lint-typedef-remover:31.7.3) with ExternalDependencyInstrumentingArtifactTransform
Transforming android-device-provider-gradle-proto-31.7.3.jar (com.android.tools.utp:android-device-provider-gradle-proto:31.7.3) with ExternalDependencyInstrumentingArtifactTransform
Transforming baseLibrary-8.7.3.jar (com.android.databinding:baseLibrary:8.7.3) with ExternalDependencyInstrumentingArtifactTransform
Transforming android-device-provider-ddmlib-proto-31.7.3.jar (com.android.tools.utp:android-device-provider-ddmlib-proto:31.7.3) with ExternalDependencyInstrumentingArtifactTransform
Transforming android-device-provider-profile-proto-31.7.3.jar (com.android.tools.utp:android-device-provider-profile-proto:31.7.3) with ExternalDependencyInstrumentingArtifactTransform
Transforming android-test-plugin-host-additional-test-output-proto-31.7.3.jar (com.android.tools.utp:android-test-plugin-host-additional-test-output-proto:31.7.3) with ExternalDependencyInstrumentingArtifactTransform
Transforming android-test-plugin-host-apk-installer-proto-31.7.3.jar (com.android.tools.utp:android-test-plugin-host-apk-installer-proto:31.7.3) with ExternalDependencyInstrumentingArtifactTransform
Transforming android-test-plugin-host-logcat-proto-31.7.3.jar (com.android.tools.utp:android-test-plugin-host-logcat-proto:31.7.3) with ExternalDependencyInstrumentingArtifactTransform
Transforming android-test-plugin-host-coverage-proto-31.7.3.jar (com.android.tools.utp:android-test-plugin-host-coverage-proto:31.7.3) with ExternalDependencyInstrumentingArtifactTransform
Transforming android-test-plugin-result-listener-gradle-proto-31.7.3.jar (com.android.tools.utp:android-test-plugin-result-listener-gradle-proto:31.7.3) with ExternalDependencyInstrumentingArtifactTransform
Transforming transform-api-2.0.0-deprecated-use-gradle-api.jar (com.android.tools.build:transform-api:2.0.0-deprecated-use-gradle-api) with ExternalDependencyInstrumentingArtifactTransform
Transforming httpmime-4.5.6.jar (org.apache.httpcomponents:httpmime:4.5.6) with ExternalDependencyInstrumentingArtifactTransform
Transforming commons-io-2.13.0.jar (commons-io:commons-io:2.13.0) with ExternalDependencyInstrumentingArtifactTransform
Transforming asm-commons-9.6.jar (org.ow2.asm:asm-commons:9.6) with ExternalDependencyInstrumentingArtifactTransform
Transforming asm-util-9.6.jar (org.ow2.asm:asm-util:9.6) with ExternalDependencyInstrumentingArtifactTransform
Transforming asm-tree-9.6.jar (org.ow2.asm:asm-tree:9.6) with ExternalDependencyInstrumentingArtifactTransform
Transforming asm-analysis-9.6.jar (org.ow2.asm:asm-analysis:9.6) with ExternalDependencyInstrumentingArtifactTransform
Transforming asm-9.6.jar (org.ow2.asm:asm:9.6) with ExternalDependencyInstrumentingArtifactTransform
Transforming apkzlib-8.7.3.jar (com.android.tools.build:apkzlib:8.7.3) with ExternalDependencyInstrumentingArtifactTransform
Transforming bcpkix-jdk18on-1.77.jar (org.bouncycastle:bcpkix-jdk18on:1.77) with ExternalDependencyInstrumentingArtifactTransform
Transforming jopt-simple-4.9.jar (net.sf.jopt-simple:jopt-simple:4.9) with ExternalDependencyInstrumentingArtifactTransform
Transforming jaxb-runtime-2.3.2.jar (org.glassfish.jaxb:jaxb-runtime:2.3.2) with ExternalDependencyInstrumentingArtifactTransform
Transforming protobuf-java-util-3.22.3.jar (com.google.protobuf:protobuf-java-util:3.22.3) with ExternalDependencyInstrumentingArtifactTransform
Transforming grpc-protobuf-1.57.0.jar (io.grpc:grpc-protobuf:1.57.0) with ExternalDependencyInstrumentingArtifactTransform
Transforming javapoet-1.10.0.jar (com.squareup:javapoet:1.10.0) with ExternalDependencyInstrumentingArtifactTransform
Transforming tink-1.7.0.jar (com.google.crypto.tink:tink:1.7.0) with ExternalDependencyInstrumentingArtifactTransform
Transforming protos-31.7.3.jar (com.android.tools.analytics-library:protos:31.7.3) with ExternalDependencyInstrumentingArtifactTransform
Transforming proto-google-common-protos-2.17.0.jar (com.google.api.grpc:proto-google-common-protos:2.17.0) with ExternalDependencyInstrumentingArtifactTransform
Transforming protobuf-java-3.22.3.jar (com.google.protobuf:protobuf-java:3.22.3) with ExternalDependencyInstrumentingArtifactTransform
Transforming grpc-netty-1.57.0.jar (io.grpc:grpc-netty:1.57.0) with ExternalDependencyInstrumentingArtifactTransform
Transforming grpc-core-1.57.0.jar (io.grpc:grpc-core:1.57.0) with ExternalDependencyInstrumentingArtifactTransform
Transforming kotlin-build-statistics-2.1.0.jar (org.jetbrains.kotlin:kotlin-build-statistics:2.1.0) with ExternalDependencyInstrumentingArtifactTransform
Transforming gson-2.10.1.jar (com.google.code.gson:gson:2.10.1) with ExternalDependencyInstrumentingArtifactTransform
Transforming core-proto-0.0.9-alpha02.jar (com.google.testing.platform:core-proto:0.0.9-alpha02) with ExternalDependencyInstrumentingArtifactTransform
Transforming grpc-stub-1.57.0.jar (io.grpc:grpc-stub:1.57.0) with ExternalDependencyInstrumentingArtifactTransform
Transforming tensorflow-lite-metadata-0.1.0-rc2.jar (org.tensorflow:tensorflow-lite-metadata:0.1.0-rc2) with ExternalDependencyInstrumentingArtifactTransform
Transforming flatbuffers-java-1.12.0.jar (com.google.flatbuffers:flatbuffers-java:1.12.0) with ExternalDependencyInstrumentingArtifactTransform
Transforming kotlin-gradle-plugin-idea-proto-2.1.0.jar (org.jetbrains.kotlin:kotlin-gradle-plugin-idea-proto:2.1.0) with ExternalDependencyInstrumentingArtifactTransform
Transforming kotlin-gradle-plugin-idea-2.1.0.jar (org.jetbrains.kotlin:kotlin-gradle-plugin-idea:2.1.0) with ExternalDependencyInstrumentingArtifactTransform
Transforming kotlin-klib-commonizer-api-2.1.0.jar (org.jetbrains.kotlin:kotlin-klib-commonizer-api:2.1.0) with ExternalDependencyInstrumentingArtifactTransform
Transforming kotlin-util-klib-metadata-2.1.0.jar (org.jetbrains.kotlin:kotlin-util-klib-metadata:2.1.0) with ExternalDependencyInstrumentingArtifactTransform
Transforming kotlin-compiler-runner-2.1.0.jar (org.jetbrains.kotlin:kotlin-compiler-runner:2.1.0) with ExternalDependencyInstrumentingArtifactTransform
Transforming jimfs-1.1.jar (com.google.jimfs:jimfs:1.1) with ExternalDependencyInstrumentingArtifactTransform
Transforming grpc-protobuf-lite-1.57.0.jar (io.grpc:grpc-protobuf-lite:1.57.0) with ExternalDependencyInstrumentingArtifactTransform
Transforming grpc-context-1.57.0.jar (io.grpc:grpc-context:1.57.0) with ExternalDependencyInstrumentingArtifactTransform
Transforming grpc-api-1.57.0.jar (io.grpc:grpc-api:1.57.0) with ExternalDependencyInstrumentingArtifactTransform
Transforming guava-32.0.1-jre.jar (com.google.guava:guava:32.0.1-jre) with ExternalDependencyInstrumentingArtifactTransform
Transforming dagger-2.28.3.jar (com.google.dagger:dagger:2.28.3) with ExternalDependencyInstrumentingArtifactTransform
Transforming javax.inject-1.jar (javax.inject:javax.inject:1) with ExternalDependencyInstrumentingArtifactTransform
Transforming kxml2-2.3.0.jar (net.sf.kxml:kxml2:2.3.0) with ExternalDependencyInstrumentingArtifactTransform
Transforming bcprov-jdk18on-1.77.jar (org.bouncycastle:bcprov-jdk18on:1.77) with ExternalDependencyInstrumentingArtifactTransform
Transforming bcutil-jdk18on-1.77.jar (org.bouncycastle:bcutil-jdk18on:1.77) with ExternalDependencyInstrumentingArtifactTransform
Transforming trove4j-1.0.20200330.jar (org.jetbrains.intellij.deps:trove4j:1.0.20200330) with ExternalDependencyInstrumentingArtifactTransform
Transforming commons-compress-1.21.jar (org.apache.commons:commons-compress:1.21) with ExternalDependencyInstrumentingArtifactTransform
Transforming httpclient-4.5.14.jar (org.apache.httpcomponents:httpclient:4.5.14) with ExternalDependencyInstrumentingArtifactTransform
Transforming httpcore-4.4.16.jar (org.apache.httpcomponents:httpcore:4.4.16) with ExternalDependencyInstrumentingArtifactTransform
Transforming javax.activation-1.2.0.jar (com.sun.activation:javax.activation:1.2.0) with ExternalDependencyInstrumentingArtifactTransform
Transforming signflinger-8.7.3.jar (com.android:signflinger:8.7.3) with ExternalDependencyInstrumentingArtifactTransform
Transforming annotations-31.7.3.jar (com.android.tools:annotations:31.7.3) with ExternalDependencyInstrumentingArtifactTransform
Transforming jna-platform-5.6.0.jar (net.java.dev.jna:jna-platform:5.6.0) with ExternalDependencyInstrumentingArtifactTransform
Transforming zipflinger-8.7.3.jar (com.android:zipflinger:8.7.3) with ExternalDependencyInstrumentingArtifactTransform
Transforming juniversalchardet-1.0.3.jar (com.googlecode.juniversalchardet:juniversalchardet:1.0.3) with ExternalDependencyInstrumentingArtifactTransform
Transforming javax.annotation-api-1.3.2.jar (javax.annotation:javax.annotation-api:1.3.2) with ExternalDependencyInstrumentingArtifactTransform
Transforming stax-ex-1.8.1.jar (org.jvnet.staxex:stax-ex:1.8.1) with ExternalDependencyInstrumentingArtifactTransform
Transforming jakarta.xml.bind-api-2.3.2.jar (jakarta.xml.bind:jakarta.xml.bind-api:2.3.2) with ExternalDependencyInstrumentingArtifactTransform
Transforming txw2-2.3.2.jar (org.glassfish.jaxb:txw2:2.3.2) with ExternalDependencyInstrumentingArtifactTransform
Transforming istack-commons-runtime-3.0.8.jar (com.sun.istack:istack-commons-runtime:3.0.8) with ExternalDependencyInstrumentingArtifactTransform
Transforming jakarta.activation-api-1.2.1.jar (jakarta.activation:jakarta.activation-api:1.2.1) with ExternalDependencyInstrumentingArtifactTransform
Transforming FastInfoset-1.2.16.jar (com.sun.xml.fastinfoset:FastInfoset:1.2.16) with ExternalDependencyInstrumentingArtifactTransform
Transforming auto-value-annotations-1.6.2.jar (com.google.auto.value:auto-value-annotations:1.6.2) with ExternalDependencyInstrumentingArtifactTransform
Transforming jose4j-0.9.5.jar (org.bitbucket.b_c:jose4j:0.9.5) with ExternalDependencyInstrumentingArtifactTransform
Transforming error_prone_annotations-2.18.0.jar (com.google.errorprone:error_prone_annotations:2.18.0) with ExternalDependencyInstrumentingArtifactTransform
Transforming jdom2-2.0.6.jar (org.jdom:jdom2:2.0.6) with ExternalDependencyInstrumentingArtifactTransform
Transforming slf4j-api-1.7.30.jar (org.slf4j:slf4j-api:1.7.30) with ExternalDependencyInstrumentingArtifactTransform
Transforming jsr305-3.0.2.jar (com.google.code.findbugs:jsr305:3.0.2) with ExternalDependencyInstrumentingArtifactTransform
Transforming j2objc-annotations-2.8.jar (com.google.j2objc:j2objc-annotations:2.8) with ExternalDependencyInstrumentingArtifactTransform
Transforming annotations-4.1.1.4.jar (com.google.android:annotations:4.1.1.4) with ExternalDependencyInstrumentingArtifactTransform
Transforming animal-sniffer-annotations-1.23.jar (org.codehaus.mojo:animal-sniffer-annotations:1.23) with ExternalDependencyInstrumentingArtifactTransform
Transforming perfmark-api-0.26.0.jar (io.perfmark:perfmark-api:0.26.0) with ExternalDependencyInstrumentingArtifactTransform
Transforming netty-codec-http2-4.1.93.Final.jar (io.netty:netty-codec-http2:4.1.93.Final) with ExternalDependencyInstrumentingArtifactTransform
Transforming netty-handler-proxy-4.1.93.Final.jar (io.netty:netty-handler-proxy:4.1.93.Final) with ExternalDependencyInstrumentingArtifactTransform
Transforming netty-handler-4.1.93.Final.jar (io.netty:netty-handler:4.1.93.Final) with ExternalDependencyInstrumentingArtifactTransform
Transforming netty-codec-http-4.1.93.Final.jar (io.netty:netty-codec-http:4.1.93.Final) with ExternalDependencyInstrumentingArtifactTransform
Transforming netty-transport-native-unix-common-4.1.93.Final.jar (io.netty:netty-transport-native-unix-common:4.1.93.Final) with ExternalDependencyInstrumentingArtifactTransform
Transforming checker-qual-3.33.0.jar (org.checkerframework:checker-qual:3.33.0) with ExternalDependencyInstrumentingArtifactTransform
Transforming commons-codec-1.11.jar (commons-codec:commons-codec:1.11) with ExternalDependencyInstrumentingArtifactTransform
Transforming apksig-8.7.3.jar (com.android.tools.build:apksig:8.7.3) with ExternalDependencyInstrumentingArtifactTransform
Transforming javawriter-2.5.0.jar (com.squareup:javawriter:2.5.0) with ExternalDependencyInstrumentingArtifactTransform
Transforming kotlin-gradle-plugin-annotations-2.1.0.jar (org.jetbrains.kotlin:kotlin-gradle-plugin-annotations:2.1.0) with ExternalDependencyInstrumentingArtifactTransform
Transforming kotlin-native-utils-2.1.0.jar (org.jetbrains.kotlin:kotlin-native-utils:2.1.0) with ExternalDependencyInstrumentingArtifactTransform
Transforming kotlin-tooling-core-2.1.0.jar (org.jetbrains.kotlin:kotlin-tooling-core:2.1.0) with ExternalDependencyInstrumentingArtifactTransform
Transforming kotlin-build-tools-api-2.1.0.jar (org.jetbrains.kotlin:kotlin-build-tools-api:2.1.0) with ExternalDependencyInstrumentingArtifactTransform
Transforming kotlin-util-klib-2.1.0.jar (org.jetbrains.kotlin:kotlin-util-klib:2.1.0) with ExternalDependencyInstrumentingArtifactTransform
Transforming kotlin-daemon-client-2.1.0.jar (org.jetbrains.kotlin:kotlin-daemon-client:2.1.0) with ExternalDependencyInstrumentingArtifactTransform
Transforming kotlin-util-io-2.1.0.jar (org.jetbrains.kotlin:kotlin-util-io:2.1.0) with ExternalDependencyInstrumentingArtifactTransform
Transforming kotlinx-coroutines-core-jvm-1.6.4.jar (org.jetbrains.kotlinx:kotlinx-coroutines-core-jvm:1.6.4) with ExternalDependencyInstrumentingArtifactTransform
Transforming failureaccess-1.0.1.jar (com.google.guava:failureaccess:1.0.1) with ExternalDependencyInstrumentingArtifactTransform
Transforming listenablefuture-9999.0-empty-to-avoid-conflict-with-guava.jar (com.google.guava:listenablefuture:9999.0-empty-to-avoid-conflict-with-guava) with ExternalDependencyInstrumentingArtifactTransform
Transforming commons-logging-1.2.jar (commons-logging:commons-logging:1.2) with ExternalDependencyInstrumentingArtifactTransform
Transforming jna-5.6.0.jar (net.java.dev.jna:jna:5.6.0) with ExternalDependencyInstrumentingArtifactTransform
Transforming netty-codec-socks-4.1.93.Final.jar (io.netty:netty-codec-socks:4.1.93.Final) with ExternalDependencyInstrumentingArtifactTransform
Transforming netty-codec-4.1.93.Final.jar (io.netty:netty-codec:4.1.93.Final) with ExternalDependencyInstrumentingArtifactTransform
Transforming netty-transport-4.1.93.Final.jar (io.netty:netty-transport:4.1.93.Final) with ExternalDependencyInstrumentingArtifactTransform
Transforming netty-buffer-4.1.93.Final.jar (io.netty:netty-buffer:4.1.93.Final) with ExternalDependencyInstrumentingArtifactTransform
Transforming netty-resolver-4.1.93.Final.jar (io.netty:netty-resolver:4.1.93.Final) with ExternalDependencyInstrumentingArtifactTransform
Transforming netty-common-4.1.93.Final.jar (io.netty:netty-common:4.1.93.Final) with ExternalDependencyInstrumentingArtifactTransform

> Configure project :sample-app
Evaluating project ':sample-app' using build file '/home/runner/work/Weft/Weft/android/sample-app/build.gradle.kts'.
Using default execution profile
Using Kotlin Gradle Plugin gradle85 variant
Detected Android Gradle Plugin compose compiler configuration
Detected Android Gradle Plugin compose compiler configuration
Detected Android Gradle Plugin compose compiler configuration
Detected Android Gradle Plugin compose compiler configuration
Detected Android Gradle Plugin compose compiler configuration

> Configure project :weft-bom
Evaluating project ':weft-bom' using build file '/home/runner/work/Weft/Weft/android/weft-bom/build.gradle.kts'.

> Configure project :weft-compose
Evaluating project ':weft-compose' using build file '/home/runner/work/Weft/Weft/android/weft-compose/build.gradle.kts'.
Using default execution profile
Using Kotlin Gradle Plugin gradle85 variant
Detected Android Gradle Plugin compose compiler configuration
Detected Android Gradle Plugin compose compiler configuration
Detected Android Gradle Plugin compose compiler configuration
Detected Android Gradle Plugin compose compiler configuration
Detected Android Gradle Plugin compose compiler configuration

> Configure project :weft-core
Evaluating project ':weft-core' using build file '/home/runner/work/Weft/Weft/android/weft-core/build.gradle.kts'.
Using default execution profile
Using Kotlin Gradle Plugin gradle85 variant
C/C++: android.ndkVersion from module build.gradle is [27.0.12077973]
C/C++: android.ndkPath from module build.gradle is not set
C/C++: ndk.dir in local.properties is not set
C/C++: Not considering ANDROID_NDK_HOME because support was removed after deprecation period.
C/C++: sdkFolder is /usr/local/lib/android/sdk
C/C++: android.ndkVersion from module build.gradle is [27.0.12077973]
C/C++: android.ndkPath from module build.gradle is not set
C/C++: ndk.dir in local.properties is not set
C/C++: Not considering ANDROID_NDK_HOME because support was removed after deprecation period.
C/C++: sdkFolder is /usr/local/lib/android/sdk
C/C++: android.ndkVersion from module build.gradle is [27.0.12077973]
C/C++: android.ndkPath from module build.gradle is not set
C/C++: ndk.dir in local.properties is not set
C/C++: Not considering ANDROID_NDK_HOME because support was removed after deprecation period.
C/C++: sdkFolder is /usr/local/lib/android/sdk
C/C++: android.ndkVersion from module build.gradle is [27.0.12077973]
C/C++: android.ndkPath from module build.gradle is not set
C/C++: ndk.dir in local.properties is not set
C/C++: Not considering ANDROID_NDK_HOME because support was removed after deprecation period.
C/C++: sdkFolder is /usr/local/lib/android/sdk
C/C++: android.ndkVersion from module build.gradle is [27.0.12077973]
C/C++: android.ndkPath from module build.gradle is not set
C/C++: ndk.dir in local.properties is not set
C/C++: Not considering ANDROID_NDK_HOME because support was removed after deprecation period.
C/C++: sdkFolder is /usr/local/lib/android/sdk
C/C++: android.ndkVersion from module build.gradle is [27.0.12077973]
C/C++: android.ndkPath from module build.gradle is not set
C/C++: ndk.dir in local.properties is not set
C/C++: Not considering ANDROID_NDK_HOME because support was removed after deprecation period.
C/C++: sdkFolder is /usr/local/lib/android/sdk
C/C++: android.ndkVersion from module build.gradle is [27.0.12077973]
C/C++: android.ndkPath from module build.gradle is not set
C/C++: ndk.dir in local.properties is not set
C/C++: Not considering ANDROID_NDK_HOME because support was removed after deprecation period.
C/C++: sdkFolder is /usr/local/lib/android/sdk
C/C++: android.ndkVersion from module build.gradle is [27.0.12077973]
C/C++: android.ndkPath from module build.gradle is not set
C/C++: ndk.dir in local.properties is not set
C/C++: Not considering ANDROID_NDK_HOME because support was removed after deprecation period.
C/C++: sdkFolder is /usr/local/lib/android/sdk
C/C++: android.ndkVersion from module build.gradle is [27.0.12077973]
C/C++: android.ndkPath from module build.gradle is not set
C/C++: ndk.dir in local.properties is not set
C/C++: Not considering ANDROID_NDK_HOME because support was removed after deprecation period.
C/C++: sdkFolder is /usr/local/lib/android/sdk
C/C++: android.ndkVersion from module build.gradle is [27.0.12077973]
C/C++: android.ndkPath from module build.gradle is not set
C/C++: ndk.dir in local.properties is not set
C/C++: Not considering ANDROID_NDK_HOME because support was removed after deprecation period.
C/C++: sdkFolder is /usr/local/lib/android/sdk
C/C++: android.ndkVersion from module build.gradle is [27.0.12077973]
C/C++: android.ndkPath from module build.gradle is not set
C/C++: ndk.dir in local.properties is not set
C/C++: Not considering ANDROID_NDK_HOME because support was removed after deprecation period.
C/C++: sdkFolder is /usr/local/lib/android/sdk
C/C++: android.ndkVersion from module build.gradle is [27.0.12077973]
C/C++: android.ndkPath from module build.gradle is not set
C/C++: ndk.dir in local.properties is not set
C/C++: Not considering ANDROID_NDK_HOME because support was removed after deprecation period.
C/C++: sdkFolder is /usr/local/lib/android/sdk
C/C++: android.ndkVersion from module build.gradle is [27.0.12077973]
C/C++: android.ndkPath from module build.gradle is not set
C/C++: ndk.dir in local.properties is not set
C/C++: Not considering ANDROID_NDK_HOME because support was removed after deprecation period.
C/C++: sdkFolder is /usr/local/lib/android/sdk
All projects evaluated.
Task name matched 'test'
Selected primary task 'test' from project :
Tasks to be executed: [task ':sample-app:checkKotlinGradlePluginConfigurationErrors', task ':sample-app:preBuild', task ':sample-app:preDebugBuild', task ':weft-compose:preBuild', task ':weft-compose:preDebugBuild', task ':weft-compose:writeDebugAarMetadata', task ':weft-core:preBuild', task ':weft-core:preDebugBuild', task ':weft-core:writeDebugAarMetadata', task ':sample-app:checkDebugAarMetadata', task ':sample-app:generateDebugResValues', task ':weft-compose:generateDebugResValues', task ':weft-compose:generateDebugResources', task ':weft-compose:packageDebugResources', task ':weft-core:generateDebugResValues', task ':weft-core:generateDebugResources', task ':weft-core:packageDebugResources', task ':sample-app:mapDebugSourceSetPaths', task ':sample-app:generateDebugResources', task ':sample-app:mergeDebugResources', task ':sample-app:packageDebugResources', task ':sample-app:parseDebugLocalResources', task ':sample-app:createDebugCompatibleScreenManifests', task ':sample-app:extractDeepLinksDebug', task ':weft-compose:extractDeepLinksDebug', task ':weft-compose:processDebugManifest', task ':weft-core:extractDeepLinksDebug', task ':weft-core:processDebugManifest', task ':sample-app:processDebugMainManifest', task ':sample-app:processDebugManifest', task ':sample-app:processDebugManifestForPackage', task ':weft-compose:compileDebugLibraryResources', task ':weft-compose:parseDebugLocalResources', task ':weft-compose:generateDebugRFile', task ':weft-core:compileDebugLibraryResources', task ':weft-core:parseDebugLocalResources', task ':weft-core:generateDebugRFile', task ':sample-app:processDebugResources', task ':weft-compose:checkKotlinGradlePluginConfigurationErrors', task ':weft-core:checkKotlinGradlePluginConfigurationErrors', task ':weft-core:compileDebugKotlin', task ':weft-core:javaPreCompileDebug', task ':weft-core:compileDebugJavaWithJavac', task ':weft-core:bundleLibCompileToJarDebug', task ':weft-compose:compileDebugKotlin', task ':weft-compose:javaPreCompileDebug', task ':weft-compose:compileDebugJavaWithJavac', task ':weft-compose:bundleLibCompileToJarDebug', task ':sample-app:compileDebugKotlin', task ':sample-app:javaPreCompileDebug', task ':sample-app:compileDebugJavaWithJavac', task ':sample-app:bundleDebugClassesToRuntimeJar', task ':sample-app:bundleDebugClassesToCompileJar', task ':sample-app:compileDebugUnitTestKotlin', task ':sample-app:preDebugUnitTestBuild', task ':sample-app:javaPreCompileDebugUnitTest', task ':sample-app:compileDebugUnitTestJavaWithJavac', task ':sample-app:processDebugJavaRes', task ':sample-app:processDebugUnitTestJavaRes', task ':weft-compose:bundleLibRuntimeToJarDebug', task ':weft-compose:processDebugJavaRes', task ':weft-core:bundleLibRuntimeToJarDebug', task ':weft-core:processDebugJavaRes', task ':sample-app:testDebugUnitTest', task ':sample-app:buildKotlinToolingMetadata', task ':sample-app:preReleaseBuild', task ':weft-compose:preReleaseBuild', task ':weft-compose:writeReleaseAarMetadata', task ':weft-core:preReleaseBuild', task ':weft-core:writeReleaseAarMetadata', task ':sample-app:checkReleaseAarMetadata', task ':sample-app:generateReleaseResValues', task ':weft-compose:generateReleaseResValues', task ':weft-compose:generateReleaseResources', task ':weft-compose:packageReleaseResources', task ':weft-core:generateReleaseResValues', task ':weft-core:generateReleaseResources', task ':weft-core:packageReleaseResources', task ':sample-app:mapReleaseSourceSetPaths', task ':sample-app:generateReleaseResources', task ':sample-app:mergeReleaseResources', task ':sample-app:packageReleaseResources', task ':sample-app:parseReleaseLocalResources', task ':sample-app:createReleaseCompatibleScreenManifests', task ':sample-app:extractDeepLinksRelease', task ':weft-compose:extractDeepLinksRelease', task ':weft-compose:processReleaseManifest', task ':weft-core:extractDeepLinksRelease', task ':weft-core:processReleaseManifest', task ':sample-app:processReleaseMainManifest', task ':sample-app:processReleaseManifest', task ':sample-app:processReleaseManifestForPackage', task ':weft-compose:compileReleaseLibraryResources', task ':weft-compose:parseReleaseLocalResources', task ':weft-compose:generateReleaseRFile', task ':weft-core:compileReleaseLibraryResources', task ':weft-core:parseReleaseLocalResources', task ':weft-core:generateReleaseRFile', task ':sample-app:processReleaseResources', task ':weft-core:compileReleaseKotlin', task ':weft-core:javaPreCompileRelease', task ':weft-core:compileReleaseJavaWithJavac', task ':weft-core:bundleLibCompileToJarRelease', task ':weft-compose:compileReleaseKotlin', task ':weft-compose:javaPreCompileRelease', task ':weft-compose:compileReleaseJavaWithJavac', task ':weft-compose:bundleLibCompileToJarRelease', task ':sample-app:compileReleaseKotlin', task ':sample-app:javaPreCompileRelease', task ':sample-app:compileReleaseJavaWithJavac', task ':sample-app:bundleReleaseClassesToRuntimeJar', task ':sample-app:bundleReleaseClassesToCompileJar', task ':sample-app:compileReleaseUnitTestKotlin', task ':sample-app:preReleaseUnitTestBuild', task ':sample-app:javaPreCompileReleaseUnitTest', task ':sample-app:compileReleaseUnitTestJavaWithJavac', task ':sample-app:processReleaseJavaRes', task ':sample-app:processReleaseUnitTestJavaRes', task ':weft-compose:bundleLibRuntimeToJarRelease', task ':weft-compose:processReleaseJavaRes', task ':weft-core:bundleLibRuntimeToJarRelease', task ':weft-core:processReleaseJavaRes', task ':sample-app:testReleaseUnitTest', task ':sample-app:test', task ':weft-compose:preDebugUnitTestBuild', task ':weft-compose:generateDebugUnitTestStubRFile', task ':weft-compose:compileDebugUnitTestKotlin', task ':weft-compose:javaPreCompileDebugUnitTest', task ':weft-compose:compileDebugUnitTestJavaWithJavac', task ':weft-compose:processDebugUnitTestJavaRes', task ':weft-compose:testDebugUnitTest', task ':weft-compose:preReleaseUnitTestBuild', task ':weft-compose:generateReleaseUnitTestStubRFile', task ':weft-compose:compileReleaseUnitTestKotlin', task ':weft-compose:javaPreCompileReleaseUnitTest', task ':weft-compose:compileReleaseUnitTestJavaWithJavac', task ':weft-compose:processReleaseUnitTestJavaRes', task ':weft-compose:testReleaseUnitTest', task ':weft-compose:test', task ':weft-core:preDebugUnitTestBuild', task ':weft-core:generateDebugUnitTestStubRFile', task ':weft-core:compileDebugUnitTestKotlin', task ':weft-core:javaPreCompileDebugUnitTest', task ':weft-core:compileDebugUnitTestJavaWithJavac', task ':weft-core:processDebugUnitTestJavaRes', task ':weft-core:testDebugUnitTest', task ':weft-core:preReleaseUnitTestBuild', task ':weft-core:generateReleaseUnitTestStubRFile', task ':weft-core:compileReleaseUnitTestKotlin', task ':weft-core:javaPreCompileReleaseUnitTest', task ':weft-core:compileReleaseUnitTestJavaWithJavac', task ':weft-core:processReleaseUnitTestJavaRes', task ':weft-core:testReleaseUnitTest', task ':weft-core:test']
Tasks that were excluded: []
Resolve mutations for :sample-app:checkKotlinGradlePluginConfigurationErrors (Thread[Execution worker,5,main]) started.
:sample-app:checkKotlinGradlePluginConfigurationErrors (Thread[Execution worker,5,main]) started.

> Task :sample-app:checkKotlinGradlePluginConfigurationErrors SKIPPED
Skipping task ':sample-app:checkKotlinGradlePluginConfigurationErrors' as task onlyIf 'errorDiagnostics are present' is false.
Resolve mutations for :sample-app:preBuild (Thread[Execution worker,5,main]) started.
:sample-app:preBuild (Thread[Execution worker,5,main]) started.

> Task :sample-app:preBuild UP-TO-DATE
Skipping task ':sample-app:preBuild' as it has no actions.
Resolve mutations for :sample-app:preDebugBuild (Thread[Execution worker,5,main]) started.
:sample-app:preDebugBuild (Thread[Execution worker,5,main]) started.

> Task :sample-app:preDebugBuild UP-TO-DATE
Skipping task ':sample-app:preDebugBuild' as it has no actions.
Resolve mutations for :weft-compose:preBuild (Thread[Execution worker,5,main]) started.
:weft-compose:preBuild (Thread[Execution worker,5,main]) started.

> Task :weft-compose:preBuild UP-TO-DATE
Skipping task ':weft-compose:preBuild' as it has no actions.
Resolve mutations for :weft-compose:preDebugBuild (Thread[Execution worker,5,main]) started.
:weft-compose:preDebugBuild (Thread[Execution worker,5,main]) started.

> Task :weft-compose:preDebugBuild UP-TO-DATE
Skipping task ':weft-compose:preDebugBuild' as it has no actions.
Resolve mutations for :weft-compose:writeDebugAarMetadata (Thread[Execution worker,5,main]) started.
:weft-compose:writeDebugAarMetadata (Thread[Execution worker,5,main]) started.
Resolve mutations for :weft-core:preBuild (Thread[Execution worker Thread 2,5,main]) started.
:weft-core:preBuild (Thread[included builds,5,main]) started.

> Task :weft-core:preBuild UP-TO-DATE
Skipping task ':weft-core:preBuild' as it has no actions.
Resolve mutations for :weft-core:preDebugBuild (Thread[Execution worker Thread 3,5,main]) started.
:weft-core:preDebugBuild (Thread[Execution worker Thread 3,5,main]) started.

> Task :weft-core:preDebugBuild UP-TO-DATE
Skipping task ':weft-core:preDebugBuild' as it has no actions.
Resolve mutations for :weft-core:writeDebugAarMetadata (Thread[Execution worker Thread 3,5,main]) started.
:weft-core:writeDebugAarMetadata (Thread[Execution worker Thread 3,5,main]) started.
Resolve mutations for :sample-app:generateDebugResValues (Thread[included builds,5,main]) started.
:sample-app:generateDebugResValues (Thread[Execution worker Thread 2,5,main]) started.

> Task :weft-compose:writeDebugAarMetadata
Caching disabled for task ':weft-compose:writeDebugAarMetadata' because:
  Build cache is disabled
  Caching has been disabled for the task
Task ':weft-compose:writeDebugAarMetadata' is not up-to-date because:
  No history is available.

> Task :sample-app:generateDebugResValues
Caching disabled for task ':sample-app:generateDebugResValues' because:
  Build cache is disabled
Task ':sample-app:generateDebugResValues' is not up-to-date because:
  No history is available.
Resolve mutations for :weft-compose:generateDebugResValues (Thread[Execution worker Thread 2,5,main]) started.
:weft-compose:generateDebugResValues (Thread[Execution worker Thread 2,5,main]) started.

> Task :weft-core:writeDebugAarMetadata
Caching disabled for task ':weft-core:writeDebugAarMetadata' because:
  Build cache is disabled
  Caching has been disabled for the task
Task ':weft-core:writeDebugAarMetadata' is not up-to-date because:
  No history is available.

> Task :weft-compose:generateDebugResValues
Caching disabled for task ':weft-compose:generateDebugResValues' because:
  Build cache is disabled
Task ':weft-compose:generateDebugResValues' is not up-to-date because:
  No history is available.
work action resolve aar-metadata.properties (project :weft-core) (Thread[Execution worker Thread 3,5,main]) started.
work action resolve aar-metadata.properties (project :weft-compose) (Thread[Execution worker Thread 3,5,main]) started.
Resolve mutations for :sample-app:checkDebugAarMetadata (Thread[Execution worker Thread 3,5,main]) started.
:sample-app:checkDebugAarMetadata (Thread[Execution worker Thread 2,5,main]) started.
Resolve mutations for :weft-compose:generateDebugResources (Thread[Execution worker Thread 3,5,main]) started.
:weft-compose:generateDebugResources (Thread[included builds,5,main]) started.

> Task :sample-app:checkDebugAarMetadata
Transforming activity-1.9.3.aar (androidx.activity:activity:1.9.3) with ExtractAarTransform
Transforming material3-release.aar (androidx.compose.material3:material3-android:1.3.1) with ExtractAarTransform
Transforming activity-ktx-1.9.3.aar (androidx.activity:activity-ktx:1.9.3) with ExtractAarTransform
Transforming activity-compose-1.9.3.aar (androidx.activity:activity-compose:1.9.3) with ExtractAarTransform
Transforming activity-1.9.3.aar (androidx.activity:activity:1.9.3) with AarTransform
Transforming material-icons-core-release.aar (androidx.compose.material:material-icons-core-android:1.6.0) with ExtractAarTransform
Transforming activity-compose-1.9.3.aar (androidx.activity:activity-compose:1.9.3) with AarTransform
Transforming activity-ktx-1.9.3.aar (androidx.activity:activity-ktx:1.9.3) with AarTransform
Transforming material-ripple-release.aar (androidx.compose.material:material-ripple-android:1.7.0) with ExtractAarTransform
Transforming animation-core-release.aar (androidx.compose.animation:animation-core-android:1.7.6) with ExtractAarTransform
Transforming material-icons-core-release.aar (androidx.compose.material:material-icons-core-android:1.6.0) with AarTransform
Transforming animation-release.aar (androidx.compose.animation:animation-android:1.7.6) with ExtractAarTransform
Transforming material-ripple-release.aar (androidx.compose.material:material-ripple-android:1.7.0) with AarTransform
Transforming foundation-layout-release.aar (androidx.compose.foundation:foundation-layout-android:1.7.6) with ExtractAarTransform
Transforming animation-core-release.aar (androidx.compose.animation:animation-core-android:1.7.6) with AarTransform
Transforming animation-release.aar (androidx.compose.animation:animation-android:1.7.6) with AarTransform
Transforming foundation-release.aar (androidx.compose.foundation:foundation-android:1.7.6) with ExtractAarTransform
Transforming material3-release.aar (androidx.compose.material3:material3-android:1.3.1) with AarTransform
Transforming ui-util-release.aar (androidx.compose.ui:ui-util-android:1.7.6) with ExtractAarTransform
Transforming ui-unit-release.aar (androidx.compose.ui:ui-unit-android:1.7.6) with ExtractAarTransform
Transforming foundation-layout-release.aar (androidx.compose.foundation:foundation-layout-android:1.7.6) with AarTransform
Transforming ui-graphics-release.aar (androidx.compose.ui:ui-graphics-android:1.7.6) with ExtractAarTransform
Transforming ui-unit-release.aar (androidx.compose.ui:ui-unit-android:1.7.6) with AarTransform
Transforming foundation-release.aar (androidx.compose.foundation:foundation-android:1.7.6) with AarTransform
Transforming ui-geometry-release.aar (androidx.compose.ui:ui-geometry-android:1.7.6) with ExtractAarTransform
Transforming ui-text-release.aar (androidx.compose.ui:ui-text-android:1.7.6) with ExtractAarTransform
Transforming ui-util-release.aar (androidx.compose.ui:ui-util-android:1.7.6) with AarTransform
Transforming emoji2-1.3.0.aar (androidx.emoji2:emoji2:1.3.0) with ExtractAarTransform
Transforming ui-geometry-release.aar (androidx.compose.ui:ui-geometry-android:1.7.6) with AarTransform
Transforming ui-graphics-release.aar (androidx.compose.ui:ui-graphics-android:1.7.6) with AarTransform
Transforming savedstate-ktx-1.2.1.aar (androidx.savedstate:savedstate-ktx:1.2.1) with ExtractAarTransform
Transforming ui-text-release.aar (androidx.compose.ui:ui-text-android:1.7.6) with AarTransform
Transforming emoji2-1.3.0.aar (androidx.emoji2:emoji2:1.3.0) with AarTransform
Transforming savedstate-ktx-1.2.1.aar (androidx.savedstate:savedstate-ktx:1.2.1) with AarTransform
Transforming savedstate-1.2.1.aar (androidx.savedstate:savedstate:1.2.1) with ExtractAarTransform
Transforming lifecycle-livedata-core-2.8.7.aar (androidx.lifecycle:lifecycle-livedata-core:2.8.7) with ExtractAarTransform
Transforming lifecycle-runtime-ktx-release.aar (androidx.lifecycle:lifecycle-runtime-ktx-android:2.8.7) with ExtractAarTransform
Transforming savedstate-1.2.1.aar (androidx.savedstate:savedstate:1.2.1) with AarTransform
Transforming lifecycle-viewmodel-release.aar (androidx.lifecycle:lifecycle-viewmodel-android:2.8.7) with ExtractAarTransform
Transforming lifecycle-runtime-compose-release.aar (androidx.lifecycle:lifecycle-runtime-compose-android:2.8.7) with ExtractAarTransform
Transforming lifecycle-runtime-ktx-release.aar (androidx.lifecycle:lifecycle-runtime-ktx-android:2.8.7) with AarTransform
Transforming lifecycle-livedata-core-2.8.7.aar (androidx.lifecycle:lifecycle-livedata-core:2.8.7) with AarTransform
Transforming lifecycle-runtime-release.aar (androidx.lifecycle:lifecycle-runtime-android:2.8.7) with ExtractAarTransform
Transforming lifecycle-viewmodel-release.aar (androidx.lifecycle:lifecycle-viewmodel-android:2.8.7) with AarTransform
Transforming lifecycle-process-2.8.7.aar (androidx.lifecycle:lifecycle-process:2.8.7) with ExtractAarTransform
Transforming lifecycle-runtime-compose-release.aar (androidx.lifecycle:lifecycle-runtime-compose-android:2.8.7) with AarTransform
Transforming lifecycle-viewmodel-savedstate-2.8.7.aar (androidx.lifecycle:lifecycle-viewmodel-savedstate:2.8.7) with ExtractAarTransform
Transforming lifecycle-viewmodel-ktx-2.8.7.aar (androidx.lifecycle:lifecycle-viewmodel-ktx:2.8.7) with ExtractAarTransform
Transforming lifecycle-runtime-release.aar (androidx.lifecycle:lifecycle-runtime-android:2.8.7) with AarTransform
Transforming lifecycle-process-2.8.7.aar (androidx.lifecycle:lifecycle-process:2.8.7) with AarTransform
Transforming lifecycle-viewmodel-compose-release.aar (androidx.lifecycle:lifecycle-viewmodel-compose-android:2.8.7) with ExtractAarTransform
Transforming lifecycle-viewmodel-savedstate-2.8.7.aar (androidx.lifecycle:lifecycle-viewmodel-savedstate:2.8.7) with AarTransform
Transforming lifecycle-viewmodel-ktx-2.8.7.aar (androidx.lifecycle:lifecycle-viewmodel-ktx:2.8.7) with AarTransform
Transforming ui-release.aar (androidx.compose.ui:ui-android:1.7.6) with ExtractAarTransform
Transforming autofill-1.0.0.aar (androidx.autofill:autofill:1.0.0) with ExtractAarTransform
Transforming graphics-path-1.0.1.aar (androidx.graphics:graphics-path:1.0.1) with ExtractAarTransform
Transforming lifecycle-viewmodel-compose-release.aar (androidx.lifecycle:lifecycle-viewmodel-compose-android:2.8.7) with AarTransform
Transforming core-1.15.0.aar (androidx.core:core:1.15.0) with ExtractAarTransform
Transforming autofill-1.0.0.aar (androidx.autofill:autofill:1.0.0) with AarTransform
Transforming core-1.15.0.aar (androidx.core:core:1.15.0) with ExtractAarTransform
Transforming graphics-path-1.0.1.aar (androidx.graphics:graphics-path:1.0.1) with AarTransform
Transforming customview-poolingcontainer-1.0.0.aar (androidx.customview:customview-poolingcontainer:1.0.0) with ExtractAarTransform
Transforming customview-poolingcontainer-1.0.0.aar (androidx.customview:customview-poolingcontainer:1.0.0) with AarTransform
Transforming core-ktx-1.15.0.aar (androidx.core:core-ktx:1.15.0) with ExtractAarTransform
Transforming core-ktx-1.15.0.aar (androidx.core:core-ktx:1.15.0) with AarTransform
Transforming runtime-saveable-release.aar (androidx.compose.runtime:runtime-saveable-android:1.7.6) with ExtractAarTransform
Transforming runtime-saveable-release.aar (androidx.compose.runtime:runtime-saveable-android:1.7.6) with AarTransform
Transforming runtime-release.aar (androidx.compose.runtime:runtime-android:1.7.6) with ExtractAarTransform
Transforming ui-release.aar (androidx.compose.ui:ui-android:1.7.6) with AarTransform
Transforming runtime-release.aar (androidx.compose.runtime:runtime-android:1.7.6) with AarTransform
Transforming interpolator-1.0.0.aar (androidx.interpolator:interpolator:1.0.0) with ExtractAarTransform
Transforming core-1.15.0.aar (androidx.core:core:1.15.0) with AarTransform
Transforming core-1.15.0.aar (androidx.core:core:1.15.0) with AarTransform
Transforming profileinstaller-1.3.1.aar (androidx.profileinstaller:profileinstaller:1.3.1) with ExtractAarTransform
Transforming startup-runtime-1.1.1.aar (androidx.startup:startup-runtime:1.1.1) with ExtractAarTransform
Transforming interpolator-1.0.0.aar (androidx.interpolator:interpolator:1.0.0) with AarTransform
Transforming versionedparcelable-1.1.1.aar (androidx.versionedparcelable:versionedparcelable:1.1.1) with ExtractAarTransform
Transforming tracing-1.2.0.aar (androidx.tracing:tracing:1.2.0) with ExtractAarTransform
Transforming profileinstaller-1.3.1.aar (androidx.profileinstaller:profileinstaller:1.3.1) with AarTransform
Transforming versionedparcelable-1.1.1.aar (androidx.versionedparcelable:versionedparcelable:1.1.1) with AarTransform
Transforming startup-runtime-1.1.1.aar (androidx.startup:startup-runtime:1.1.1) with AarTransform
Transforming core-runtime-2.2.0.aar (androidx.arch.core:core-runtime:2.2.0) with ExtractAarTransform
Transforming annotation-experimental-1.4.1.aar (androidx.annotation:annotation-experimental:1.4.1) with ExtractAarTransform
Transforming core-runtime-2.2.0.aar (androidx.arch.core:core-runtime:2.2.0) with AarTransform
Transforming tracing-1.2.0.aar (androidx.tracing:tracing:1.2.0) with AarTransform
Transforming annotation-experimental-1.4.1.aar (androidx.annotation:annotation-experimental:1.4.1) with AarTransform
Caching disabled for task ':sample-app:checkDebugAarMetadata' because:
  Build cache is disabled
  Caching has been disabled for the task
Task ':sample-app:checkDebugAarMetadata' is not up-to-date because:
  No history is available.

> Task :weft-compose:generateDebugResources
Caching disabled for task ':weft-compose:generateDebugResources' because:
  Build cache is disabled
Task ':weft-compose:generateDebugResources' is not up-to-date because:
  No history is available.
Resolve mutations for :weft-compose:packageDebugResources (Thread[included builds,5,main]) started.
:weft-compose:packageDebugResources (Thread[included builds,5,main]) started.

> Task :weft-compose:packageDebugResources
Caching disabled for task ':weft-compose:packageDebugResources' because:
  Build cache is disabled
Task ':weft-compose:packageDebugResources' is not up-to-date because:
  No history is available.
The input changes require a full rebuild for incremental task ':weft-compose:packageDebugResources'.
[MergeResources] Inputs are non-incremental full task action.
work action resolve packageDebugResources (project :weft-compose) (Thread[Execution worker Thread 2,5,main]) started.
Resolve mutations for :weft-core:generateDebugResValues (Thread[Execution worker Thread 2,5,main]) started.
:weft-core:generateDebugResValues (Thread[Execution worker Thread 2,5,main]) started.

> Task :weft-core:generateDebugResValues
Caching disabled for task ':weft-core:generateDebugResValues' because:
  Build cache is disabled
Task ':weft-core:generateDebugResValues' is not up-to-date because:
  No history is available.
Resolve mutations for :weft-core:generateDebugResources (Thread[included builds,5,main]) started.
:weft-core:generateDebugResources (Thread[included builds,5,main]) started.

> Task :weft-core:generateDebugResources
Caching disabled for task ':weft-core:generateDebugResources' because:
  Build cache is disabled
Task ':weft-core:generateDebugResources' is not up-to-date because:
  No history is available.
Resolve mutations for :weft-core:packageDebugResources (Thread[Execution worker Thread 2,5,main]) started.
:weft-core:packageDebugResources (Thread[Execution worker Thread 2,5,main]) started.

> Task :weft-core:packageDebugResources
Caching disabled for task ':weft-core:packageDebugResources' because:
  Build cache is disabled
Task ':weft-core:packageDebugResources' is not up-to-date because:
  No history is available.
The input changes require a full rebuild for incremental task ':weft-core:packageDebugResources'.
[MergeResources] Inputs are non-incremental full task action.
work action resolve packageDebugResources (project :weft-core) (Thread[Execution worker Thread 2,5,main]) started.
Resolve mutations for :sample-app:mapDebugSourceSetPaths (Thread[Execution worker Thread 2,5,main]) started.
:sample-app:mapDebugSourceSetPaths (Thread[Execution worker Thread 2,5,main]) started.

> Task :sample-app:mapDebugSourceSetPaths
Transforming activity-1.9.3.aar (androidx.activity:activity:1.9.3) with ExtractAarTransform
Transforming activity-1.9.3.aar (androidx.activity:activity:1.9.3) with AarTransform
Transforming activity-ktx-1.9.3.aar (androidx.activity:activity-ktx:1.9.3) with ExtractAarTransform
Transforming activity-ktx-1.9.3.aar (androidx.activity:activity-ktx:1.9.3) with AarTransform
Transforming material3-release.aar (androidx.compose.material3:material3-android:1.3.1) with ExtractAarTransform
Transforming material3-release.aar (androidx.compose.material3:material3-android:1.3.1) with AarTransform
Transforming activity-compose-1.9.3.aar (androidx.activity:activity-compose:1.9.3) with ExtractAarTransform
Transforming activity-compose-1.9.3.aar (androidx.activity:activity-compose:1.9.3) with AarTransform
Transforming material-icons-core-release.aar (androidx.compose.material:material-icons-core-android:1.6.0) with ExtractAarTransform
Transforming material-icons-core-release.aar (androidx.compose.material:material-icons-core-android:1.6.0) with AarTransform
Transforming material-ripple-release.aar (androidx.compose.material:material-ripple-android:1.7.0) with ExtractAarTransform
Transforming material-ripple-release.aar (androidx.compose.material:material-ripple-android:1.7.0) with AarTransform
Transforming animation-core-release.aar (androidx.compose.animation:animation-core-android:1.7.6) with ExtractAarTransform
Transforming animation-core-release.aar (androidx.compose.animation:animation-core-android:1.7.6) with AarTransform
Transforming animation-release.aar (androidx.compose.animation:animation-android:1.7.6) with ExtractAarTransform
Transforming animation-release.aar (androidx.compose.animation:animation-android:1.7.6) with AarTransform
Transforming foundation-layout-release.aar (androidx.compose.foundation:foundation-layout-android:1.7.6) with ExtractAarTransform
Transforming foundation-layout-release.aar (androidx.compose.foundation:foundation-layout-android:1.7.6) with AarTransform
Transforming foundation-release.aar (androidx.compose.foundation:foundation-android:1.7.6) with ExtractAarTransform
Transforming foundation-release.aar (androidx.compose.foundation:foundation-android:1.7.6) with AarTransform
Transforming ui-util-release.aar (androidx.compose.ui:ui-util-android:1.7.6) with ExtractAarTransform
Transforming ui-util-release.aar (androidx.compose.ui:ui-util-android:1.7.6) with AarTransform
Transforming ui-unit-release.aar (androidx.compose.ui:ui-unit-android:1.7.6) with ExtractAarTransform
Transforming ui-unit-release.aar (androidx.compose.ui:ui-unit-android:1.7.6) with AarTransform
Transforming ui-graphics-release.aar (androidx.compose.ui:ui-graphics-android:1.7.6) with ExtractAarTransform
Transforming ui-graphics-release.aar (androidx.compose.ui:ui-graphics-android:1.7.6) with AarTransform
Transforming ui-geometry-release.aar (androidx.compose.ui:ui-geometry-android:1.7.6) with ExtractAarTransform
Transforming ui-geometry-release.aar (androidx.compose.ui:ui-geometry-android:1.7.6) with AarTransform
Transforming ui-text-release.aar (androidx.compose.ui:ui-text-android:1.7.6) with ExtractAarTransform
Transforming ui-text-release.aar (androidx.compose.ui:ui-text-android:1.7.6) with AarTransform
Transforming emoji2-1.3.0.aar (androidx.emoji2:emoji2:1.3.0) with ExtractAarTransform
Transforming emoji2-1.3.0.aar (androidx.emoji2:emoji2:1.3.0) with AarTransform
Transforming savedstate-ktx-1.2.1.aar (androidx.savedstate:savedstate-ktx:1.2.1) with ExtractAarTransform
Transforming savedstate-ktx-1.2.1.aar (androidx.savedstate:savedstate-ktx:1.2.1) with AarTransform
Transforming savedstate-1.2.1.aar (androidx.savedstate:savedstate:1.2.1) with ExtractAarTransform
Transforming savedstate-1.2.1.aar (androidx.savedstate:savedstate:1.2.1) with AarTransform
Transforming lifecycle-livedata-core-2.8.7.aar (androidx.lifecycle:lifecycle-livedata-core:2.8.7) with ExtractAarTransform
Transforming lifecycle-livedata-core-2.8.7.aar (androidx.lifecycle:lifecycle-livedata-core:2.8.7) with AarTransform
Transforming lifecycle-runtime-ktx-release.aar (androidx.lifecycle:lifecycle-runtime-ktx-android:2.8.7) with ExtractAarTransform
Transforming lifecycle-runtime-ktx-release.aar (androidx.lifecycle:lifecycle-runtime-ktx-android:2.8.7) with AarTransform
Transforming lifecycle-viewmodel-release.aar (androidx.lifecycle:lifecycle-viewmodel-android:2.8.7) with ExtractAarTransform
Transforming lifecycle-viewmodel-release.aar (androidx.lifecycle:lifecycle-viewmodel-android:2.8.7) with AarTransform
Transforming lifecycle-runtime-compose-release.aar (androidx.lifecycle:lifecycle-runtime-compose-android:2.8.7) with ExtractAarTransform
Transforming lifecycle-runtime-compose-release.aar (androidx.lifecycle:lifecycle-runtime-compose-android:2.8.7) with AarTransform
Transforming lifecycle-runtime-release.aar (androidx.lifecycle:lifecycle-runtime-android:2.8.7) with ExtractAarTransform
Transforming lifecycle-runtime-release.aar (androidx.lifecycle:lifecycle-runtime-android:2.8.7) with AarTransform
Transforming lifecycle-process-2.8.7.aar (androidx.lifecycle:lifecycle-process:2.8.7) with ExtractAarTransform
Transforming lifecycle-process-2.8.7.aar (androidx.lifecycle:lifecycle-process:2.8.7) with AarTransform
Transforming lifecycle-viewmodel-savedstate-2.8.7.aar (androidx.lifecycle:lifecycle-viewmodel-savedstate:2.8.7) with ExtractAarTransform
Transforming lifecycle-viewmodel-savedstate-2.8.7.aar (androidx.lifecycle:lifecycle-viewmodel-savedstate:2.8.7) with AarTransform
Transforming lifecycle-viewmodel-ktx-2.8.7.aar (androidx.lifecycle:lifecycle-viewmodel-ktx:2.8.7) with ExtractAarTransform
Transforming lifecycle-viewmodel-ktx-2.8.7.aar (androidx.lifecycle:lifecycle-viewmodel-ktx:2.8.7) with AarTransform
Transforming lifecycle-viewmodel-compose-release.aar (androidx.lifecycle:lifecycle-viewmodel-compose-android:2.8.7) with ExtractAarTransform
Transforming lifecycle-viewmodel-compose-release.aar (androidx.lifecycle:lifecycle-viewmodel-compose-android:2.8.7) with AarTransform
Transforming ui-release.aar (androidx.compose.ui:ui-android:1.7.6) with ExtractAarTransform
Transforming ui-release.aar (androidx.compose.ui:ui-android:1.7.6) with AarTransform
Transforming autofill-1.0.0.aar (androidx.autofill:autofill:1.0.0) with ExtractAarTransform
Transforming autofill-1.0.0.aar (androidx.autofill:autofill:1.0.0) with AarTransform
Transforming graphics-path-1.0.1.aar (androidx.graphics:graphics-path:1.0.1) with ExtractAarTransform
Transforming graphics-path-1.0.1.aar (androidx.graphics:graphics-path:1.0.1) with AarTransform
Transforming core-1.15.0.aar (androidx.core:core:1.15.0) with ExtractAarTransform
Transforming core-1.15.0.aar (androidx.core:core:1.15.0) with AarTransform
Transforming core-1.15.0.aar (androidx.core:core:1.15.0) with ExtractAarTransform
Transforming core-1.15.0.aar (androidx.core:core:1.15.0) with AarTransform
Transforming customview-poolingcontainer-1.0.0.aar (androidx.customview:customview-poolingcontainer:1.0.0) with ExtractAarTransform
Transforming customview-poolingcontainer-1.0.0.aar (androidx.customview:customview-poolingcontainer:1.0.0) with AarTransform
Transforming core-ktx-1.15.0.aar (androidx.core:core-ktx:1.15.0) with ExtractAarTransform
Transforming core-ktx-1.15.0.aar (androidx.core:core-ktx:1.15.0) with AarTransform
Transforming runtime-saveable-release.aar (androidx.compose.runtime:runtime-saveable-android:1.7.6) with ExtractAarTransform
Transforming runtime-saveable-release.aar (androidx.compose.runtime:runtime-saveable-android:1.7.6) with AarTransform
Transforming runtime-release.aar (androidx.compose.runtime:runtime-android:1.7.6) with ExtractAarTransform
Transforming runtime-release.aar (androidx.compose.runtime:runtime-android:1.7.6) with AarTransform
Transforming interpolator-1.0.0.aar (androidx.interpolator:interpolator:1.0.0) with ExtractAarTransform
Transforming interpolator-1.0.0.aar (androidx.interpolator:interpolator:1.0.0) with AarTransform
Transforming profileinstaller-1.3.1.aar (androidx.profileinstaller:profileinstaller:1.3.1) with ExtractAarTransform
Transforming profileinstaller-1.3.1.aar (androidx.profileinstaller:profileinstaller:1.3.1) with AarTransform
Transforming startup-runtime-1.1.1.aar (androidx.startup:startup-runtime:1.1.1) with ExtractAarTransform
Transforming startup-runtime-1.1.1.aar (androidx.startup:startup-runtime:1.1.1) with AarTransform
Transforming tracing-1.2.0.aar (androidx.tracing:tracing:1.2.0) with ExtractAarTransform
Transforming tracing-1.2.0.aar (androidx.tracing:tracing:1.2.0) with AarTransform
Transforming versionedparcelable-1.1.1.aar (androidx.versionedparcelable:versionedparcelable:1.1.1) with ExtractAarTransform
Transforming versionedparcelable-1.1.1.aar (androidx.versionedparcelable:versionedparcelable:1.1.1) with AarTransform
Transforming core-runtime-2.2.0.aar (androidx.arch.core:core-runtime:2.2.0) with ExtractAarTransform
Transforming core-runtime-2.2.0.aar (androidx.arch.core:core-runtime:2.2.0) with AarTransform
Transforming annotation-experimental-1.4.1.aar (androidx.annotation:annotation-experimental:1.4.1) with ExtractAarTransform
Transforming annotation-experimental-1.4.1.aar (androidx.annotation:annotation-experimental:1.4.1) with AarTransform
Caching disabled for task ':sample-app:mapDebugSourceSetPaths' because:
  Build cache is disabled
  Caching has been disabled for the task
Task ':sample-app:mapDebugSourceSetPaths' is not up-to-date because:
  No history is available.
Resolve mutations for :sample-app:generateDebugResources (Thread[Execution worker Thread 2,5,main]) started.
:sample-app:generateDebugResources (Thread[Execution worker,5,main]) started.

> Task :sample-app:generateDebugResources
Caching disabled for task ':sample-app:generateDebugResources' because:
  Build cache is disabled
Task ':sample-app:generateDebugResources' is not up-to-date because:
  No history is available.
Resolve mutations for :sample-app:mergeDebugResources (Thread[Execution worker,5,main]) started.
:sample-app:mergeDebugResources (Thread[Execution worker,5,main]) started.
Resolve mutations for :sample-app:packageDebugResources (Thread[Execution worker Thread 2,5,main]) started.
:sample-app:packageDebugResources (Thread[Execution worker Thread 2,5,main]) started.

> Task :sample-app:packageDebugResources
Caching disabled for task ':sample-app:packageDebugResources' because:
  Build cache is disabled
Task ':sample-app:packageDebugResources' is not up-to-date because:
  No history is available.
The input changes require a full rebuild for incremental task ':sample-app:packageDebugResources'.
[MergeResources] Inputs are non-incremental full task action.
Resolve mutations for :sample-app:parseDebugLocalResources (Thread[Execution worker Thread 2,5,main]) started.
:sample-app:parseDebugLocalResources (Thread[Execution worker Thread 2,5,main]) started.
Resolve mutations for :sample-app:createDebugCompatibleScreenManifests (Thread[included builds,5,main]) started.
:sample-app:createDebugCompatibleScreenManifests (Thread[Execution worker Thread 3,5,main]) started.

> Task :sample-app:createDebugCompatibleScreenManifests
Caching disabled for task ':sample-app:createDebugCompatibleScreenManifests' because:
  Build cache is disabled
  Caching has been disabled for the task
Task ':sample-app:createDebugCompatibleScreenManifests' is not up-to-date because:
  No history is available.
Resolve mutations for :sample-app:extractDeepLinksDebug (Thread[Execution worker Thread 3,5,main]) started.
:sample-app:extractDeepLinksDebug (Thread[included builds,5,main]) started.

> Task :sample-app:extractDeepLinksDebug
Caching disabled for task ':sample-app:extractDeepLinksDebug' because:
  Build cache is disabled
Task ':sample-app:extractDeepLinksDebug' is not up-to-date because:
  No history is available.
Resolve mutations for :weft-compose:extractDeepLinksDebug (Thread[Execution worker Thread 3,5,main]) started.
:weft-compose:extractDeepLinksDebug (Thread[Execution worker Thread 3,5,main]) started.

> Task :weft-compose:extractDeepLinksDebug
Caching disabled for task ':weft-compose:extractDeepLinksDebug' because:
  Build cache is disabled
Task ':weft-compose:extractDeepLinksDebug' is not up-to-date because:
  No history is available.
work action resolve navigation.json (project :weft-compose) (Thread[included builds,5,main]) started.
Resolve mutations for :weft-compose:processDebugManifest (Thread[included builds,5,main]) started.
:weft-compose:processDebugManifest (Thread[included builds,5,main]) started.
Resolve mutations for :weft-core:extractDeepLinksDebug (Thread[Execution worker Thread 3,5,main]) started.
:weft-core:extractDeepLinksDebug (Thread[Execution worker Thread 3,5,main]) started.

> Task :weft-core:extractDeepLinksDebug
Caching disabled for task ':weft-core:extractDeepLinksDebug' because:
  Build cache is disabled
Task ':weft-core:extractDeepLinksDebug' is not up-to-date because:
  No history is available.
work action resolve navigation.json (project :weft-core) (Thread[Execution worker Thread 3,5,main]) started.
Resolve mutations for :weft-core:processDebugManifest (Thread[Execution worker Thread 3,5,main]) started.
:weft-core:processDebugManifest (Thread[Execution worker Thread 3,5,main]) started.

> Task :sample-app:parseDebugLocalResources
Transforming android.jar with PlatformAttrTransform
Transforming android.jar with PlatformAttrTransform
Caching disabled for task ':sample-app:parseDebugLocalResources' because:
  Build cache is disabled
Task ':sample-app:parseDebugLocalResources' is not up-to-date because:
  No history is available.
The input changes require a full rebuild for incremental task ':sample-app:parseDebugLocalResources'.
Transforming android.jar with PlatformAttrTransform
Resolve mutations for :weft-compose:compileDebugLibraryResources (Thread[Execution worker Thread 2,5,main]) started.
:weft-compose:compileDebugLibraryResources (Thread[Execution worker Thread 2,5,main]) started.

> Task :weft-compose:compileDebugLibraryResources
Caching disabled for task ':weft-compose:compileDebugLibraryResources' because:
  Build cache is disabled
Task ':weft-compose:compileDebugLibraryResources' is not up-to-date because:
  No history is available.
The input changes require a full rebuild for incremental task ':weft-compose:compileDebugLibraryResources'.
Transforming aapt2-8.7.3-12006047-linux.jar (com.android.tools.build:aapt2:8.7.3-12006047) with Aapt2Extractor
work action resolve out (project :weft-compose) (Thread[Execution worker Thread 2,5,main]) started.
Resolve mutations for :weft-compose:parseDebugLocalResources (Thread[Execution worker Thread 2,5,main]) started.
:weft-compose:parseDebugLocalResources (Thread[Execution worker Thread 2,5,main]) started.

> Task :weft-compose:processDebugManifest
Caching disabled for task ':weft-compose:processDebugManifest' because:
  Build cache is disabled
Task ':weft-compose:processDebugManifest' is not up-to-date because:
  No history is available.
package="dev.weft.compose" found in source AndroidManifest.xml: /home/runner/work/Weft/Weft/android/weft-compose/src/main/AndroidManifest.xml.
Setting the namespace via the package attribute in the source AndroidManifest.xml is no longer supported, and the value is ignored.
Recommendation: remove package="dev.weft.compose" from the source AndroidManifest.xml: /home/runner/work/Weft/Weft/android/weft-compose/src/main/AndroidManifest.xml.
Merging main manifest /home/runner/work/Weft/Weft/android/weft-compose/src/main/AndroidManifest.xml

Merging result: SUCCESS
1<?xml version="1.0" encoding="utf-8"?>
2<manifest xmlns:android="http://schemas.android.com/apk/res/android"
3    package="dev.weft.compose" >
4
5    <uses-sdk android:minSdkVersion="24" />
6
7</manifest>

Merged manifest saved to /home/runner/work/Weft/Weft/android/weft-compose/build/intermediates/merged_manifest/debug/processDebugManifest/AndroidManifest.xml
work action resolve AndroidManifest.xml (project :weft-compose) (Thread[included builds,5,main]) started.
Resolve mutations for :weft-core:compileDebugLibraryResources (Thread[included builds,5,main]) started.
:weft-core:compileDebugLibraryResources (Thread[included builds,5,main]) started.

> Task :weft-core:processDebugManifest
Caching disabled for task ':weft-core:processDebugManifest' because:
  Build cache is disabled
Task ':weft-core:processDebugManifest' is not up-to-date because:
  No history is available.
package="dev.weft" found in source AndroidManifest.xml: /home/runner/work/Weft/Weft/android/weft-core/src/main/AndroidManifest.xml.
Setting the namespace via the package attribute in the source AndroidManifest.xml is no longer supported, and the value is ignored.
Recommendation: remove package="dev.weft" from the source AndroidManifest.xml: /home/runner/work/Weft/Weft/android/weft-core/src/main/AndroidManifest.xml.
Merging main manifest /home/runner/work/Weft/Weft/android/weft-core/src/main/AndroidManifest.xml

Merging result: SUCCESS
1<?xml version="1.0" encoding="utf-8"?>
2<manifest xmlns:android="http://schemas.android.com/apk/res/android"
3    package="dev.weft" >
4
5    <uses-sdk android:minSdkVersion="24" />
6
7</manifest>

Merged manifest saved to /home/runner/work/Weft/Weft/android/weft-core/build/intermediates/merged_manifest/debug/processDebugManifest/AndroidManifest.xml

> Task :sample-app:mergeDebugResources
Caching disabled for task ':sample-app:mergeDebugResources' because:
  Build cache is disabled
Task ':sample-app:mergeDebugResources' is not up-to-date because:
  No history is available.
The input changes require a full rebuild for incremental task ':sample-app:mergeDebugResources'.
[MergeResources] Inputs are non-incremental full task action.
Compiling XML table /home/runner/work/Weft/Weft/android/sample-app/build/intermediates/incremental/debug/mergeDebugResources/merged.dir/values-de/values-de.xml to /home/runner/work/Weft/Weft/android/sample-app/build/intermediates/merged_res/debug/mergeDebugResources/values-de_values-de.arsc.flat
Compiling XML table /home/runner/work/Weft/Weft/android/sample-app/build/intermediates/incremental/debug/mergeDebugResources/merged.dir/values/values.xml to /home/runner/work/Weft/Weft/android/sample-app/build/intermediates/merged_res/debug/mergeDebugResources/values_values.arsc.flat
Compiling XML table /home/runner/work/Weft/Weft/android/sample-app/build/intermediates/incremental/debug/mergeDebugResources/merged.dir/values-hi/values-hi.xml to /home/runner/work/Weft/Weft/android/sample-app/build/intermediates/merged_res/debug/mergeDebugResources/values-hi_values-hi.arsc.flat
Compiling XML table /home/runner/work/Weft/Weft/android/sample-app/build/intermediates/incremental/debug/mergeDebugResources/merged.dir/values-lo/values-lo.xml to /home/runner/work/Weft/Weft/android/sample-app/build/intermediates/merged_res/debug/mergeDebugResources/values-lo_values-lo.arsc.flat
Compiling XML table /home/runner/work/Weft/Weft/android/sample-app/build/intermediates/incremental/debug/mergeDebugResources/merged.dir/values-lt/values-lt.xml to /home/runner/work/Weft/Weft/android/sample-app/build/intermediates/merged_res/debug/mergeDebugResources/values-lt_values-lt.arsc.flat
Compiling XML table /home/runner/work/Weft/Weft/android/sample-app/build/intermediates/incremental/debug/mergeDebugResources/merged.dir/values-hr/values-hr.xml to /home/runner/work/Weft/Weft/android/sample-app/build/intermediates/merged_res/debug/mergeDebugResources/values-hr_values-hr.arsc.flat
Compiling XML table /home/runner/work/Weft/Weft/android/sample-app/build/intermediates/incremental/debug/mergeDebugResources/merged.dir/values-lv/values-lv.xml to /home/runner/work/Weft/Weft/android/sample-app/build/intermediates/merged_res/debug/mergeDebugResources/values-lv_values-lv.arsc.flat
Compiling XML table /home/runner/work/Weft/Weft/android/sample-app/build/intermediates/incremental/debug/mergeDebugResources/merged.dir/values-uk/values-uk.xml to /home/runner/work/Weft/Weft/android/sample-app/build/intermediates/merged_res/debug/mergeDebugResources/values-uk_values-uk.arsc.flat
Compiling XML table /home/runner/work/Weft/Weft/android/sample-app/build/intermediates/incremental/debug/mergeDebugResources/merged.dir/values-en-rIN/values-en-rIN.xml to /home/runner/work/Weft/Weft/android/sample-app/build/intermediates/merged_res/debug/mergeDebugResources/values-en-rIN_values-en-rIN.arsc.flat
Compiling XML table /home/runner/work/Weft/Weft/android/sample-app/build/intermediates/incremental/debug/mergeDebugResources/merged.dir/values-mk/values-mk.xml to /home/runner/work/Weft/Weft/android/sample-app/build/intermediates/merged_res/debug/mergeDebugResources/values-mk_values-mk.arsc.flat
Compiling XML table /home/runner/work/Weft/Weft/android/sample-app/build/intermediates/incremental/debug/mergeDebugResources/merged.dir/values-mn/values-mn.xml to /home/runner/work/Weft/Weft/android/sample-app/build/intermediates/merged_res/debug/mergeDebugResources/values-mn_values-mn.arsc.flat
Compiling XML table /home/runner/work/Weft/Weft/android/sample-app/build/intermediates/incremental/debug/mergeDebugResources/merged.dir/values-mr/values-mr.xml to /home/runner/work/Weft/Weft/android/sample-app/build/intermediates/merged_res/debug/mergeDebugResources/values-mr_values-mr.arsc.flat
Compiling XML table /home/runner/work/Weft/Weft/android/sample-app/build/intermediates/incremental/debug/mergeDebugResources/merged.dir/values-hy/values-hy.xml to /home/runner/work/Weft/Weft/android/sample-app/build/intermediates/merged_res/debug/mergeDebugResources/values-hy_values-hy.arsc.flat
Compiling XML table /home/runner/work/Weft/Weft/android/sample-app/build/intermediates/incremental/debug/mergeDebugResources/merged.dir/values-ms/values-ms.xml to /home/runner/work/Weft/Weft/android/sample-app/build/intermediates/merged_res/debug/mergeDebugResources/values-ms_values-ms.arsc.flat
Compiling XML table /home/runner/work/Weft/Weft/android/sample-app/build/intermediates/incremental/debug/mergeDebugResources/merged.dir/values-fr-rCA/values-fr-rCA.xml to /home/runner/work/Weft/Weft/android/sample-app/build/intermediates/merged_res/debug/mergeDebugResources/values-fr-rCA_values-fr-rCA.arsc.flat
Compiling XML table /home/runner/work/Weft/Weft/android/sample-app/build/intermediates/incremental/debug/mergeDebugResources/merged.dir/values-is/values-is.xml to /home/runner/work/Weft/Weft/android/sample-app/build/intermediates/merged_res/debug/mergeDebugResources/values-is_values-is.arsc.flat
Compiling XML table /home/runner/work/Weft/Weft/android/sample-app/build/intermediates/incremental/debug/mergeDebugResources/merged.dir/values-zh-rTW/values-zh-rTW.xml to /home/runner/work/Weft/Weft/android/sample-app/build/intermediates/merged_res/debug/mergeDebugResources/values-zh-rTW_values-zh-rTW.arsc.flat
Compiling XML table /home/runner/work/Weft/Weft/android/sample-app/build/intermediates/incremental/debug/mergeDebugResources/merged.dir/values-iw/values-iw.xml to /home/runner/work/Weft/Weft/android/sample-app/build/intermediates/merged_res/debug/mergeDebugResources/values-iw_values-iw.arsc.flat
Compiling XML table /home/runner/work/Weft/Weft/android/sample-app/build/intermediates/incremental/debug/mergeDebugResources/merged.dir/values-pt/values-pt.xml to /home/runner/work/Weft/Weft/android/sample-app/build/intermediates/merged_res/debug/mergeDebugResources/values-pt_values-pt.arsc.flat
Compiling XML table /home/runner/work/Weft/Weft/android/sample-app/build/intermediates/incremental/debug/mergeDebugResources/merged.dir/values-ml/values-ml.xml to /home/runner/work/Weft/Weft/android/sample-app/build/intermediates/merged_res/debug/mergeDebugResources/values-ml_values-ml.arsc.flat
Compiling XML table /home/runner/work/Weft/Weft/android/sample-app/build/intermediates/incremental/debug/mergeDebugResources/merged.dir/values-eu/values-eu.xml to /home/runner/work/Weft/Weft/android/sample-app/build/intermediates/merged_res/debug/mergeDebugResources/values-eu_values-eu.arsc.flat
Compiling XML table /home/runner/work/Weft/Weft/android/sample-app/build/intermediates/incremental/debug/mergeDebugResources/merged.dir/values-my/values-my.xml to /home/runner/work/Weft/Weft/android/sample-app/build/intermediates/merged_res/debug/mergeDebugResources/values-my_values-my.arsc.flat
Compiling XML table /home/runner/work/Weft/Weft/android/sample-app/build/intermediates/incremental/debug/mergeDebugResources/merged.dir/values-hu/values-hu.xml to /home/runner/work/Weft/Weft/android/sample-app/build/intermediates/merged_res/debug/mergeDebugResources/values-hu_values-hu.arsc.flat
Compiling XML table /home/runner/work/Weft/Weft/android/sample-app/build/intermediates/incremental/debug/mergeDebugResources/merged.dir/values-af/values-af.xml to /home/runner/work/Weft/Weft/android/sample-app/build/intermediates/merged_res/debug/mergeDebugResources/values-af_values-af.arsc.flat
Compiling XML table /home/runner/work/Weft/Weft/android/sample-app/build/intermediates/incremental/debug/mergeDebugResources/merged.dir/values-nb/values-nb.xml to /home/runner/work/Weft/Weft/android/sample-app/build/intermediates/merged_res/debug/mergeDebugResources/values-nb_values-nb.arsc.flat
Compiling XML table /home/runner/work/Weft/Weft/android/sample-app/build/intermediates/incremental/debug/mergeDebugResources/merged.dir/values-es/values-es.xml to /home/runner/work/Weft/Weft/android/sample-app/build/intermediates/merged_res/debug/mergeDebugResources/values-es_values-es.arsc.flat
Compiling XML table /home/runner/work/Weft/Weft/android/sample-app/build/intermediates/incremental/debug/mergeDebugResources/merged.dir/values-ur/values-ur.xml to /home/runner/work/Weft/Weft/android/sample-app/build/intermediates/merged_res/debug/mergeDebugResources/values-ur_values-ur.arsc.flat
Compiling XML table /home/runner/work/Weft/Weft/android/sample-app/build/intermediates/incremental/debug/mergeDebugResources/merged.dir/values-el/values-el.xml to /home/runner/work/Weft/Weft/android/sample-app/build/intermediates/merged_res/debug/mergeDebugResources/values-el_values-el.arsc.flat
Compiling XML table /home/runner/work/Weft/Weft/android/sample-app/build/intermediates/incremental/debug/mergeDebugResources/merged.dir/values-as/values-as.xml to /home/runner/work/Weft/Weft/android/sample-app/build/intermediates/merged_res/debug/mergeDebugResources/values-as_values-as.arsc.flat
Compiling XML table /home/runner/work/Weft/Weft/android/sample-app/build/intermediates/incremental/debug/mergeDebugResources/merged.dir/values-ne/values-ne.xml to /home/runner/work/Weft/Weft/android/sample-app/build/intermediates/merged_res/debug/mergeDebugResources/values-ne_values-ne.arsc.flat
Compiling XML table /home/runner/work/Weft/Weft/android/sample-app/build/intermediates/incremental/debug/mergeDebugResources/merged.dir/values-uz/values-uz.xml to /home/runner/work/Weft/Weft/android/sample-app/build/intermediates/merged_res/debug/mergeDebugResources/values-uz_values-uz.arsc.flat
Compiling XML table /home/runner/work/Weft/Weft/android/sample-app/build/intermediates/incremental/debug/mergeDebugResources/merged.dir/values-it/values-it.xml to /home/runner/work/Weft/Weft/android/sample-app/build/intermediates/merged_res/debug/mergeDebugResources/values-it_values-it.arsc.flat
Compiling XML table /home/runner/work/Weft/Weft/android/sample-app/build/intermediates/incremental/debug/mergeDebugResources/merged.dir/values-zu/values-zu.xml to /home/runner/work/Weft/Weft/android/sample-app/build/intermediates/merged_res/debug/mergeDebugResources/values-zu_values-zu.arsc.flat
Compiling XML table /home/runner/work/Weft/Weft/android/sample-app/build/intermediates/incremental/debug/mergeDebugResources/merged.dir/values-es-rUS/values-es-rUS.xml to /home/runner/work/Weft/Weft/android/sample-app/build/intermediates/merged_res/debug/mergeDebugResources/values-es-rUS_values-es-rUS.arsc.flat
Compiling XML table /home/runner/work/Weft/Weft/android/sample-app/build/intermediates/incremental/debug/mergeDebugResources/merged.dir/values-in/values-in.xml to /home/runner/work/Weft/Weft/android/sample-app/build/intermediates/merged_res/debug/mergeDebugResources/values-in_values-in.arsc.flat
Compiling XML table /home/runner/work/Weft/Weft/android/sample-app/build/intermediates/incremental/debug/mergeDebugResources/merged.dir/values-be/values-be.xml to /home/runner/work/Weft/Weft/android/sample-app/build/intermediates/merged_res/debug/mergeDebugResources/values-be_values-be.arsc.flat
Compiling XML table /home/runner/work/Weft/Weft/android/sample-app/build/intermediates/incremental/debug/mergeDebugResources/merged.dir/values-b+sr+Latn/values-b+sr+Latn.xml to /home/runner/work/Weft/Weft/android/sample-app/build/intermediates/merged_res/debug/mergeDebugResources/values-b+sr+Latn_values-b+sr+Latn.arsc.flat
Compiling XML table /home/runner/work/Weft/Weft/android/sample-app/build/intermediates/incremental/debug/mergeDebugResources/merged.dir/values-pt-rPT/values-pt-rPT.xml to /home/runner/work/Weft/Weft/android/sample-app/build/intermediates/merged_res/debug/mergeDebugResources/values-pt-rPT_values-pt-rPT.arsc.flat
Compiling XML table /home/runner/work/Weft/Weft/android/sample-app/build/intermediates/incremental/debug/mergeDebugResources/merged.dir/values-bg/values-bg.xml to /home/runner/work/Weft/Weft/android/sample-app/build/intermediates/merged_res/debug/mergeDebugResources/values-bg_values-bg.arsc.flat
Compiling XML table /home/runner/work/Weft/Weft/android/sample-app/build/intermediates/incremental/debug/mergeDebugResources/merged.dir/values-zh-rHK/values-zh-rHK.xml to /home/runner/work/Weft/Weft/android/sample-app/build/intermediates/merged_res/debug/mergeDebugResources/values-zh-rHK_values-zh-rHK.arsc.flat
Compiling XML table /home/runner/work/Weft/Weft/android/sample-app/build/intermediates/incremental/debug/mergeDebugResources/merged.dir/values-nl/values-nl.xml to /home/runner/work/Weft/Weft/android/sample-app/build/intermediates/merged_res/debug/mergeDebugResources/values-nl_values-nl.arsc.flat
Compiling XML table /home/runner/work/Weft/Weft/android/sample-app/build/intermediates/incremental/debug/mergeDebugResources/merged.dir/values-ar/values-ar.xml to /home/runner/work/Weft/Weft/android/sample-app/build/intermediates/merged_res/debug/mergeDebugResources/values-ar_values-ar.arsc.flat
Compiling XML table /home/runner/work/Weft/Weft/android/sample-app/build/intermediates/incremental/debug/mergeDebugResources/merged.dir/values-bs/values-bs.xml to /home/runner/work/Weft/Weft/android/sample-app/build/intermediates/merged_res/debug/mergeDebugResources/values-bs_values-bs.arsc.flat
Compiling XML table /home/runner/work/Weft/Weft/android/sample-app/build/intermediates/incremental/debug/mergeDebugResources/merged.dir/values-am/values-am.xml to /home/runner/work/Weft/Weft/android/sample-app/build/intermediates/merged_res/debug/mergeDebugResources/values-am_values-am.arsc.flat
Compiling XML table /home/runner/work/Weft/Weft/android/sample-app/build/intermediates/incremental/debug/mergeDebugResources/merged.dir/values-fi/values-fi.xml to /home/runner/work/Weft/Weft/android/sample-app/build/intermediates/merged_res/debug/mergeDebugResources/values-fi_values-fi.arsc.flat
Compiling XML table /home/runner/work/Weft/Weft/android/sample-app/build/intermediates/incremental/debug/mergeDebugResources/merged.dir/values-v21/values-v21.xml to /home/runner/work/Weft/Weft/android/sample-app/build/intermediates/merged_res/debug/mergeDebugResources/values-v21_values-v21.arsc.flat
Compiling XML table /home/runner/work/Weft/Weft/android/sample-app/build/intermediates/incremental/debug/mergeDebugResources/merged.dir/values-et/values-et.xml to /home/runner/work/Weft/Weft/android/sample-app/build/intermediates/merged_res/debug/mergeDebugResources/values-et_values-et.arsc.flat
Compiling XML table /home/runner/work/Weft/Weft/android/sample-app/build/intermediates/incremental/debug/mergeDebugResources/merged.dir/values-si/values-si.xml to /home/runner/work/Weft/Weft/android/sample-app/build/intermediates/merged_res/debug/mergeDebugResources/values-si_values-si.arsc.flat
Compiling XML table /home/runner/work/Weft/Weft/android/sample-app/build/intermediates/incremental/debug/mergeDebugResources/merged.dir/values-az/values-az.xml to /home/runner/work/Weft/Weft/android/sample-app/build/intermediates/merged_res/debug/mergeDebugResources/values-az_values-az.arsc.flat
Compiling XML table /home/runner/work/Weft/Weft/android/sample-app/build/intermediates/incremental/debug/mergeDebugResources/merged.dir/values-bn/values-bn.xml to /home/runner/work/Weft/Weft/android/sample-app/build/intermediates/merged_res/debug/mergeDebugResources/values-bn_values-bn.arsc.flat
Compiling XML table /home/runner/work/Weft/Weft/android/sample-app/build/intermediates/incremental/debug/mergeDebugResources/merged.dir/values-ro/values-ro.xml to /home/runner/work/Weft/Weft/android/sample-app/build/intermediates/merged_res/debug/mergeDebugResources/values-ro_values-ro.arsc.flat
Compiling XML table /home/runner/work/Weft/Weft/android/sample-app/build/intermediates/incremental/debug/mergeDebugResources/merged.dir/values-ca/values-ca.xml to /home/runner/work/Weft/Weft/android/sample-app/build/intermediates/merged_res/debug/mergeDebugResources/values-ca_values-ca.arsc.flat
Compiling XML table /home/runner/work/Weft/Weft/android/sample-app/build/intermediates/incremental/debug/mergeDebugResources/merged.dir/values-vi/values-vi.xml to /home/runner/work/Weft/Weft/android/sample-app/build/intermediates/merged_res/debug/mergeDebugResources/values-vi_values-vi.arsc.flat
Compiling XML table /home/runner/work/Weft/Weft/android/sample-app/build/intermediates/incremental/debug/mergeDebugResources/merged.dir/values-en-rGB/values-en-rGB.xml to /home/runner/work/Weft/Weft/android/sample-app/build/intermediates/merged_res/debug/mergeDebugResources/values-en-rGB_values-en-rGB.arsc.flat
Compiling XML table /home/runner/work/Weft/Weft/android/sample-app/build/intermediates/incremental/debug/mergeDebugResources/merged.dir/values-ru/values-ru.xml to /home/runner/work/Weft/Weft/android/sample-app/build/intermediates/merged_res/debug/mergeDebugResources/values-ru_values-ru.arsc.flat
Compiling XML table /home/runner/work/Weft/Weft/android/sample-app/build/intermediates/incremental/debug/mergeDebugResources/merged.dir/values-sv/values-sv.xml to /home/runner/work/Weft/Weft/android/sample-app/build/intermediates/merged_res/debug/mergeDebugResources/values-sv_values-sv.arsc.flat
Compiling XML table /home/runner/work/Weft/Weft/android/sample-app/build/intermediates/incremental/debug/mergeDebugResources/merged.dir/values-ja/values-ja.xml to /home/runner/work/Weft/Weft/android/sample-app/build/intermediates/merged_res/debug/mergeDebugResources/values-ja_values-ja.arsc.flat
Compiling XML table /home/runner/work/Weft/Weft/android/sample-app/build/intermediates/incremental/debug/mergeDebugResources/merged.dir/values-sl/values-sl.xml to /home/runner/work/Weft/Weft/android/sample-app/build/intermediates/merged_res/debug/mergeDebugResources/values-sl_values-sl.arsc.flat
Compiling XML table /home/runner/work/Weft/Weft/android/sample-app/build/intermediates/incremental/debug/mergeDebugResources/merged.dir/values-fr/values-fr.xml to /home/runner/work/Weft/Weft/android/sample-app/build/intermediates/merged_res/debug/mergeDebugResources/values-fr_values-fr.arsc.flat
Compiling XML table /home/runner/work/Weft/Weft/android/sample-app/build/intermediates/incremental/debug/mergeDebugResources/merged.dir/values-sw/values-sw.xml to /home/runner/work/Weft/Weft/android/sample-app/build/intermediates/merged_res/debug/mergeDebugResources/values-sw_values-sw.arsc.flat
Compiling XML table /home/runner/work/Weft/Weft/android/sample-app/build/intermediates/incremental/debug/mergeDebugResources/merged.dir/values-fa/values-fa.xml to /home/runner/work/Weft/Weft/android/sample-app/build/intermediates/merged_res/debug/mergeDebugResources/values-fa_values-fa.arsc.flat
Compiling XML table /home/runner/work/Weft/Weft/android/sample-app/build/intermediates/incremental/debug/mergeDebugResources/merged.dir/values-zh-rCN/values-zh-rCN.xml to /home/runner/work/Weft/Weft/android/sample-app/build/intermediates/merged_res/debug/mergeDebugResources/values-zh-rCN_values-zh-rCN.arsc.flat
Compiling XML table /home/runner/work/Weft/Weft/android/sample-app/build/intermediates/incremental/debug/mergeDebugResources/merged.dir/values-v30/values-v30.xml to /home/runner/work/Weft/Weft/android/sample-app/build/intermediates/merged_res/debug/mergeDebugResources/values-v30_values-v30.arsc.flat
Compiling XML table /home/runner/work/Weft/Weft/android/sample-app/build/intermediates/incremental/debug/mergeDebugResources/merged.dir/values-sk/values-sk.xml to /home/runner/work/Weft/Weft/android/sample-app/build/intermediates/merged_res/debug/mergeDebugResources/values-sk_values-sk.arsc.flat
Compiling XML table /home/runner/work/Weft/Weft/android/sample-app/build/intermediates/incremental/debug/mergeDebugResources/merged.dir/values-kk/values-kk.xml to /home/runner/work/Weft/Weft/android/sample-app/build/intermediates/merged_res/debug/mergeDebugResources/values-kk_values-kk.arsc.flat
Compiling XML table /home/runner/work/Weft/Weft/android/sample-app/build/intermediates/incremental/debug/mergeDebugResources/merged.dir/values-en-rXC/values-en-rXC.xml to /home/runner/work/Weft/Weft/android/sample-app/build/intermediates/merged_res/debug/mergeDebugResources/values-en-rXC_values-en-rXC.arsc.flat
Compiling XML table /home/runner/work/Weft/Weft/android/sample-app/build/intermediates/incremental/debug/mergeDebugResources/merged.dir/values-sr/values-sr.xml to /home/runner/work/Weft/Weft/android/sample-app/build/intermediates/merged_res/debug/mergeDebugResources/values-sr_values-sr.arsc.flat
Compiling XML table /home/runner/work/Weft/Weft/android/sample-app/build/intermediates/incremental/debug/mergeDebugResources/merged.dir/values-gu/values-gu.xml to /home/runner/work/Weft/Weft/android/sample-app/build/intermediates/merged_res/debug/mergeDebugResources/values-gu_values-gu.arsc.flat
Compiling XML table /home/runner/work/Weft/Weft/android/sample-app/build/intermediates/incremental/debug/mergeDebugResources/merged.dir/values-or/values-or.xml to /home/runner/work/Weft/Weft/android/sample-app/build/intermediates/merged_res/debug/mergeDebugResources/values-or_values-or.arsc.flat
Compiling XML table /home/runner/work/Weft/Weft/android/sample-app/build/intermediates/incremental/debug/mergeDebugResources/merged.dir/values-ta/values-ta.xml to /home/runner/work/Weft/Weft/android/sample-app/build/intermediates/merged_res/debug/mergeDebugResources/values-ta_values-ta.arsc.flat
Compiling XML table /home/runner/work/Weft/Weft/android/sample-app/build/intermediates/incremental/debug/mergeDebugResources/merged.dir/values-en-rCA/values-en-rCA.xml to /home/runner/work/Weft/Weft/android/sample-app/build/intermediates/merged_res/debug/mergeDebugResources/values-en-rCA_values-en-rCA.arsc.flat
Compiling XML table /home/runner/work/Weft/Weft/android/sample-app/build/intermediates/incremental/debug/mergeDebugResources/merged.dir/values-pa/values-pa.xml to /home/runner/work/Weft/Weft/android/sample-app/build/intermediates/merged_res/debug/mergeDebugResources/values-pa_values-pa.arsc.flat
Compiling XML table /home/runner/work/Weft/Weft/android/sample-app/build/intermediates/incremental/debug/mergeDebugResources/merged.dir/values-cs/values-cs.xml to /home/runner/work/Weft/Weft/android/sample-app/build/intermediates/merged_res/debug/mergeDebugResources/values-cs_values-cs.arsc.flat
Compiling XML table /home/runner/work/Weft/Weft/android/sample-app/build/intermediates/incremental/debug/mergeDebugResources/merged.dir/values-kn/values-kn.xml to /home/runner/work/Weft/Weft/android/sample-app/build/intermediates/merged_res/debug/mergeDebugResources/values-kn_values-kn.arsc.flat
Compiling XML table /home/runner/work/Weft/Weft/android/sample-app/build/intermediates/incremental/debug/mergeDebugResources/merged.dir/values-tl/values-tl.xml to /home/runner/work/Weft/Weft/android/sample-app/build/intermediates/merged_res/debug/mergeDebugResources/values-tl_values-tl.arsc.flat
Compiling XML table /home/runner/work/Weft/Weft/android/sample-app/build/intermediates/incremental/debug/mergeDebugResources/merged.dir/values-gl/values-gl.xml to /home/runner/work/Weft/Weft/android/sample-app/build/intermediates/merged_res/debug/mergeDebugResources/values-gl_values-gl.arsc.flat
Compiling XML table /home/runner/work/Weft/Weft/android/sample-app/build/intermediates/incremental/debug/mergeDebugResources/merged.dir/values-ka/values-ka.xml to /home/runner/work/Weft/Weft/android/sample-app/build/intermediates/merged_res/debug/mergeDebugResources/values-ka_values-ka.arsc.flat
Compiling XML table /home/runner/work/Weft/Weft/android/sample-app/build/intermediates/incremental/debug/mergeDebugResources/merged.dir/values-da/values-da.xml to /home/runner/work/Weft/Weft/android/sample-app/build/intermediates/merged_res/debug/mergeDebugResources/values-da_values-da.arsc.flat
Compiling XML table /home/runner/work/Weft/Weft/android/sample-app/build/intermediates/incremental/debug/mergeDebugResources/merged.dir/values-pt-rBR/values-pt-rBR.xml to /home/runner/work/Weft/Weft/android/sample-app/build/intermediates/merged_res/debug/mergeDebugResources/values-pt-rBR_values-pt-rBR.arsc.flat
Compiling XML table /home/runner/work/Weft/Weft/android/sample-app/build/intermediates/incremental/debug/mergeDebugResources/merged.dir/values-en-rAU/values-en-rAU.xml to /home/runner/work/Weft/Weft/android/sample-app/build/intermediates/merged_res/debug/mergeDebugResources/values-en-rAU_values-en-rAU.arsc.flat
Compiling XML table /home/runner/work/Weft/Weft/android/sample-app/build/intermediates/incremental/debug/mergeDebugResources/merged.dir/values-th/values-th.xml to /home/runner/work/Weft/Weft/android/sample-app/build/intermediates/merged_res/debug/mergeDebugResources/values-th_values-th.arsc.flat
Compiling XML table /home/runner/work/Weft/Weft/android/sample-app/build/intermediates/incremental/debug/mergeDebugResources/merged.dir/values-sq/values-sq.xml to /home/runner/work/Weft/Weft/android/sample-app/build/intermediates/merged_res/debug/mergeDebugResources/values-sq_values-sq.arsc.flat
Compiling XML table /home/runner/work/Weft/Weft/android/sample-app/build/intermediates/incremental/debug/mergeDebugResources/merged.dir/values-tr/values-tr.xml to /home/runner/work/Weft/Weft/android/sample-app/build/intermediates/merged_res/debug/mergeDebugResources/values-tr_values-tr.arsc.flat
Compiling XML table /home/runner/work/Weft/Weft/android/sample-app/build/intermediates/incremental/debug/mergeDebugResources/merged.dir/values-km/values-km.xml to /home/runner/work/Weft/Weft/android/sample-app/build/intermediates/merged_res/debug/mergeDebugResources/values-km_values-km.arsc.flat
Compiling XML table /home/runner/work/Weft/Weft/android/sample-app/build/intermediates/incremental/debug/mergeDebugResources/merged.dir/values-ko/values-ko.xml to /home/runner/work/Weft/Weft/android/sample-app/build/intermediates/merged_res/debug/mergeDebugResources/values-ko_values-ko.arsc.flat
Compiling XML table /home/runner/work/Weft/Weft/android/sample-app/build/intermediates/incremental/debug/mergeDebugResources/merged.dir/values-ky/values-ky.xml to /home/runner/work/Weft/Weft/android/sample-app/build/intermediates/merged_res/debug/mergeDebugResources/values-ky_values-ky.arsc.flat
Compiling XML table /home/runner/work/Weft/Weft/android/sample-app/build/intermediates/incremental/debug/mergeDebugResources/merged.dir/values-te/values-te.xml to /home/runner/work/Weft/Weft/android/sample-app/build/intermediates/merged_res/debug/mergeDebugResources/values-te_values-te.arsc.flat
Compiling XML table /home/runner/work/Weft/Weft/android/sample-app/build/intermediates/incremental/debug/mergeDebugResources/merged.dir/values-pl/values-pl.xml to /home/runner/work/Weft/Weft/android/sample-app/build/intermediates/merged_res/debug/mergeDebugResources/values-pl_values-pl.arsc.flat

> Task :weft-compose:parseDebugLocalResources
Transforming android.jar with PlatformAttrTransform
Transforming android.jar with PlatformAttrTransform
Caching disabled for task ':weft-compose:parseDebugLocalResources' because:
  Build cache is disabled
Task ':weft-compose:parseDebugLocalResources' is not up-to-date because:
  No history is available.
The input changes require a full rebuild for incremental task ':weft-compose:parseDebugLocalResources'.
Transforming android.jar with PlatformAttrTransform
work action resolve AndroidManifest.xml (project :weft-core) (Thread[Execution worker Thread 2,5,main]) started.
Resolve mutations for :sample-app:processDebugMainManifest (Thread[Execution worker Thread 2,5,main]) started.
:sample-app:processDebugMainManifest (Thread[Execution worker Thread 3,5,main]) started.

> Task :weft-core:compileDebugLibraryResources
Caching disabled for task ':weft-core:compileDebugLibraryResources' because:
  Build cache is disabled
Task ':weft-core:compileDebugLibraryResources' is not up-to-date because:
  No history is available.
The input changes require a full rebuild for incremental task ':weft-core:compileDebugLibraryResources'.
Transforming aapt2-8.7.3-12006047-linux.jar (com.android.tools.build:aapt2:8.7.3-12006047) with Aapt2Extractor
work action resolve out (project :weft-core) (Thread[Execution worker Thread 2,5,main]) started.

> Task :sample-app:processDebugMainManifest
Transforming activity-1.9.3.aar (androidx.activity:activity:1.9.3) with ExtractAarTransform
Transforming activity-1.9.3.aar (androidx.activity:activity:1.9.3) with AarTransform
Transforming activity-ktx-1.9.3.aar (androidx.activity:activity-ktx:1.9.3) with ExtractAarTransform
Transforming activity-ktx-1.9.3.aar (androidx.activity:activity-ktx:1.9.3) with AarTransform
Transforming material3-release.aar (androidx.compose.material3:material3-android:1.3.1) with ExtractAarTransform
Transforming material3-release.aar (androidx.compose.material3:material3-android:1.3.1) with AarTransform
Transforming activity-compose-1.9.3.aar (androidx.activity:activity-compose:1.9.3) with ExtractAarTransform
Transforming activity-compose-1.9.3.aar (androidx.activity:activity-compose:1.9.3) with AarTransform
Transforming material-icons-core-release.aar (androidx.compose.material:material-icons-core-android:1.6.0) with ExtractAarTransform
Transforming material-icons-core-release.aar (androidx.compose.material:material-icons-core-android:1.6.0) with AarTransform
Transforming material-ripple-release.aar (androidx.compose.material:material-ripple-android:1.7.0) with ExtractAarTransform
Transforming material-ripple-release.aar (androidx.compose.material:material-ripple-android:1.7.0) with AarTransform
Transforming animation-core-release.aar (androidx.compose.animation:animation-core-android:1.7.6) with ExtractAarTransform
Transforming animation-core-release.aar (androidx.compose.animation:animation-core-android:1.7.6) with AarTransform
Transforming animation-release.aar (androidx.compose.animation:animation-android:1.7.6) with ExtractAarTransform
Transforming animation-release.aar (androidx.compose.animation:animation-android:1.7.6) with AarTransform
Transforming foundation-layout-release.aar (androidx.compose.foundation:foundation-layout-android:1.7.6) with ExtractAarTransform
Transforming foundation-layout-release.aar (androidx.compose.foundation:foundation-layout-android:1.7.6) with AarTransform
Transforming foundation-release.aar (androidx.compose.foundation:foundation-android:1.7.6) with ExtractAarTransform
Transforming foundation-release.aar (androidx.compose.foundation:foundation-android:1.7.6) with AarTransform
Transforming ui-util-release.aar (androidx.compose.ui:ui-util-android:1.7.6) with ExtractAarTransform
Transforming ui-util-release.aar (androidx.compose.ui:ui-util-android:1.7.6) with AarTransform
Transforming ui-unit-release.aar (androidx.compose.ui:ui-unit-android:1.7.6) with ExtractAarTransform
Transforming ui-unit-release.aar (androidx.compose.ui:ui-unit-android:1.7.6) with AarTransform
Transforming ui-graphics-release.aar (androidx.compose.ui:ui-graphics-android:1.7.6) with ExtractAarTransform
Transforming ui-graphics-release.aar (androidx.compose.ui:ui-graphics-android:1.7.6) with AarTransform
Transforming ui-geometry-release.aar (androidx.compose.ui:ui-geometry-android:1.7.6) with ExtractAarTransform
Transforming ui-geometry-release.aar (androidx.compose.ui:ui-geometry-android:1.7.6) with AarTransform
Transforming ui-text-release.aar (androidx.compose.ui:ui-text-android:1.7.6) with ExtractAarTransform
Transforming ui-text-release.aar (androidx.compose.ui:ui-text-android:1.7.6) with AarTransform
Transforming emoji2-1.3.0.aar (androidx.emoji2:emoji2:1.3.0) with ExtractAarTransform
Transforming emoji2-1.3.0.aar (androidx.emoji2:emoji2:1.3.0) with AarTransform
Transforming savedstate-ktx-1.2.1.aar (androidx.savedstate:savedstate-ktx:1.2.1) with ExtractAarTransform
Transforming savedstate-ktx-1.2.1.aar (androidx.savedstate:savedstate-ktx:1.2.1) with AarTransform
Transforming savedstate-1.2.1.aar (androidx.savedstate:savedstate:1.2.1) with ExtractAarTransform
Transforming savedstate-1.2.1.aar (androidx.savedstate:savedstate:1.2.1) with AarTransform
Transforming lifecycle-livedata-core-2.8.7.aar (androidx.lifecycle:lifecycle-livedata-core:2.8.7) with ExtractAarTransform
Transforming lifecycle-livedata-core-2.8.7.aar (androidx.lifecycle:lifecycle-livedata-core:2.8.7) with AarTransform
Transforming lifecycle-runtime-ktx-release.aar (androidx.lifecycle:lifecycle-runtime-ktx-android:2.8.7) with ExtractAarTransform
Transforming lifecycle-runtime-ktx-release.aar (androidx.lifecycle:lifecycle-runtime-ktx-android:2.8.7) with AarTransform
Transforming lifecycle-viewmodel-release.aar (androidx.lifecycle:lifecycle-viewmodel-android:2.8.7) with ExtractAarTransform
Transforming lifecycle-viewmodel-release.aar (androidx.lifecycle:lifecycle-viewmodel-android:2.8.7) with AarTransform
Transforming lifecycle-runtime-compose-release.aar (androidx.lifecycle:lifecycle-runtime-compose-android:2.8.7) with ExtractAarTransform
Transforming lifecycle-runtime-compose-release.aar (androidx.lifecycle:lifecycle-runtime-compose-android:2.8.7) with AarTransform
Transforming lifecycle-runtime-release.aar (androidx.lifecycle:lifecycle-runtime-android:2.8.7) with ExtractAarTransform
Transforming lifecycle-runtime-release.aar (androidx.lifecycle:lifecycle-runtime-android:2.8.7) with AarTransform
Transforming lifecycle-process-2.8.7.aar (androidx.lifecycle:lifecycle-process:2.8.7) with ExtractAarTransform
Transforming lifecycle-process-2.8.7.aar (androidx.lifecycle:lifecycle-process:2.8.7) with AarTransform
Transforming lifecycle-viewmodel-savedstate-2.8.7.aar (androidx.lifecycle:lifecycle-viewmodel-savedstate:2.8.7) with ExtractAarTransform
Transforming lifecycle-viewmodel-savedstate-2.8.7.aar (androidx.lifecycle:lifecycle-viewmodel-savedstate:2.8.7) with AarTransform
Transforming lifecycle-viewmodel-ktx-2.8.7.aar (androidx.lifecycle:lifecycle-viewmodel-ktx:2.8.7) with ExtractAarTransform
Transforming lifecycle-viewmodel-ktx-2.8.7.aar (androidx.lifecycle:lifecycle-viewmodel-ktx:2.8.7) with AarTransform
Transforming lifecycle-viewmodel-compose-release.aar (androidx.lifecycle:lifecycle-viewmodel-compose-android:2.8.7) with ExtractAarTransform
Transforming lifecycle-viewmodel-compose-release.aar (androidx.lifecycle:lifecycle-viewmodel-compose-android:2.8.7) with AarTransform
Transforming ui-release.aar (androidx.compose.ui:ui-android:1.7.6) with ExtractAarTransform
Transforming ui-release.aar (androidx.compose.ui:ui-android:1.7.6) with AarTransform
Transforming autofill-1.0.0.aar (androidx.autofill:autofill:1.0.0) with ExtractAarTransform
Transforming autofill-1.0.0.aar (androidx.autofill:autofill:1.0.0) with AarTransform
Transforming graphics-path-1.0.1.aar (androidx.graphics:graphics-path:1.0.1) with ExtractAarTransform
Transforming graphics-path-1.0.1.aar (androidx.graphics:graphics-path:1.0.1) with AarTransform
Transforming core-1.15.0.aar (androidx.core:core:1.15.0) with ExtractAarTransform
Transforming core-1.15.0.aar (androidx.core:core:1.15.0) with AarTransform
Transforming core-1.15.0.aar (androidx.core:core:1.15.0) with ExtractAarTransform
Transforming core-1.15.0.aar (androidx.core:core:1.15.0) with AarTransform
Transforming customview-poolingcontainer-1.0.0.aar (androidx.customview:customview-poolingcontainer:1.0.0) with ExtractAarTransform
Transforming customview-poolingcontainer-1.0.0.aar (androidx.customview:customview-poolingcontainer:1.0.0) with AarTransform
Transforming core-ktx-1.15.0.aar (androidx.core:core-ktx:1.15.0) with ExtractAarTransform
Transforming core-ktx-1.15.0.aar (androidx.core:core-ktx:1.15.0) with AarTransform
Transforming runtime-saveable-release.aar (androidx.compose.runtime:runtime-saveable-android:1.7.6) with ExtractAarTransform
Transforming runtime-saveable-release.aar (androidx.compose.runtime:runtime-saveable-android:1.7.6) with AarTransform
Transforming runtime-release.aar (androidx.compose.runtime:runtime-android:1.7.6) with ExtractAarTransform
Transforming runtime-release.aar (androidx.compose.runtime:runtime-android:1.7.6) with AarTransform
Transforming interpolator-1.0.0.aar (androidx.interpolator:interpolator:1.0.0) with ExtractAarTransform
Transforming interpolator-1.0.0.aar (androidx.interpolator:interpolator:1.0.0) with AarTransform
Transforming profileinstaller-1.3.1.aar (androidx.profileinstaller:profileinstaller:1.3.1) with ExtractAarTransform
Transforming profileinstaller-1.3.1.aar (androidx.profileinstaller:profileinstaller:1.3.1) with AarTransform
Transforming startup-runtime-1.1.1.aar (androidx.startup:startup-runtime:1.1.1) with ExtractAarTransform
Transforming startup-runtime-1.1.1.aar (androidx.startup:startup-runtime:1.1.1) with AarTransform
Transforming tracing-1.2.0.aar (androidx.tracing:tracing:1.2.0) with ExtractAarTransform
Transforming tracing-1.2.0.aar (androidx.tracing:tracing:1.2.0) with AarTransform
Transforming versionedparcelable-1.1.1.aar (androidx.versionedparcelable:versionedparcelable:1.1.1) with ExtractAarTransform
Transforming versionedparcelable-1.1.1.aar (androidx.versionedparcelable:versionedparcelable:1.1.1) with AarTransform
Transforming core-runtime-2.2.0.aar (androidx.arch.core:core-runtime:2.2.0) with ExtractAarTransform
Transforming core-runtime-2.2.0.aar (androidx.arch.core:core-runtime:2.2.0) with AarTransform
Transforming annotation-experimental-1.4.1.aar (androidx.annotation:annotation-experimental:1.4.1) with ExtractAarTransform
Transforming annotation-experimental-1.4.1.aar (androidx.annotation:annotation-experimental:1.4.1) with AarTransform
Transforming activity-1.9.3.aar (androidx.activity:activity:1.9.3) with ExtractAarTransform
Transforming activity-1.9.3.aar (androidx.activity:activity:1.9.3) with AarTransform
Transforming activity-ktx-1.9.3.aar (androidx.activity:activity-ktx:1.9.3) with ExtractAarTransform
Transforming activity-ktx-1.9.3.aar (androidx.activity:activity-ktx:1.9.3) with AarTransform
Transforming material3-release.aar (androidx.compose.material3:material3-android:1.3.1) with ExtractAarTransform
Transforming material3-release.aar (androidx.compose.material3:material3-android:1.3.1) with AarTransform
Transforming activity-compose-1.9.3.aar (androidx.activity:activity-compose:1.9.3) with ExtractAarTransform
Transforming activity-compose-1.9.3.aar (androidx.activity:activity-compose:1.9.3) with AarTransform
Transforming material-icons-core-release.aar (androidx.compose.material:material-icons-core-android:1.6.0) with ExtractAarTransform
Transforming material-icons-core-release.aar (androidx.compose.material:material-icons-core-android:1.6.0) with AarTransform
Transforming material-ripple-release.aar (androidx.compose.material:material-ripple-android:1.7.0) with ExtractAarTransform
Transforming material-ripple-release.aar (androidx.compose.material:material-ripple-android:1.7.0) with AarTransform
Transforming animation-core-release.aar (androidx.compose.animation:animation-core-android:1.7.6) with ExtractAarTransform
Transforming animation-core-release.aar (androidx.compose.animation:animation-core-android:1.7.6) with AarTransform
Transforming animation-release.aar (androidx.compose.animation:animation-android:1.7.6) with ExtractAarTransform
Transforming animation-release.aar (androidx.compose.animation:animation-android:1.7.6) with AarTransform
Transforming foundation-layout-release.aar (androidx.compose.foundation:foundation-layout-android:1.7.6) with ExtractAarTransform
Transforming foundation-layout-release.aar (androidx.compose.foundation:foundation-layout-android:1.7.6) with AarTransform
Transforming foundation-release.aar (androidx.compose.foundation:foundation-android:1.7.6) with ExtractAarTransform
Transforming foundation-release.aar (androidx.compose.foundation:foundation-android:1.7.6) with AarTransform
Transforming ui-util-release.aar (androidx.compose.ui:ui-util-android:1.7.6) with ExtractAarTransform
Transforming ui-util-release.aar (androidx.compose.ui:ui-util-android:1.7.6) with AarTransform
Transforming ui-unit-release.aar (androidx.compose.ui:ui-unit-android:1.7.6) with ExtractAarTransform
Transforming ui-unit-release.aar (androidx.compose.ui:ui-unit-android:1.7.6) with AarTransform
Transforming ui-graphics-release.aar (androidx.compose.ui:ui-graphics-android:1.7.6) with ExtractAarTransform
Transforming ui-graphics-release.aar (androidx.compose.ui:ui-graphics-android:1.7.6) with AarTransform
Transforming ui-geometry-release.aar (androidx.compose.ui:ui-geometry-android:1.7.6) with ExtractAarTransform
Transforming ui-geometry-release.aar (androidx.compose.ui:ui-geometry-android:1.7.6) with AarTransform
Transforming ui-text-release.aar (androidx.compose.ui:ui-text-android:1.7.6) with ExtractAarTransform
Transforming ui-text-release.aar (androidx.compose.ui:ui-text-android:1.7.6) with AarTransform
Transforming emoji2-1.3.0.aar (androidx.emoji2:emoji2:1.3.0) with ExtractAarTransform
Transforming emoji2-1.3.0.aar (androidx.emoji2:emoji2:1.3.0) with AarTransform
Transforming savedstate-ktx-1.2.1.aar (androidx.savedstate:savedstate-ktx:1.2.1) with ExtractAarTransform
Transforming savedstate-ktx-1.2.1.aar (androidx.savedstate:savedstate-ktx:1.2.1) with AarTransform
Transforming savedstate-1.2.1.aar (androidx.savedstate:savedstate:1.2.1) with ExtractAarTransform
Transforming savedstate-1.2.1.aar (androidx.savedstate:savedstate:1.2.1) with AarTransform
Transforming lifecycle-livedata-core-2.8.7.aar (androidx.lifecycle:lifecycle-livedata-core:2.8.7) with ExtractAarTransform
Transforming lifecycle-livedata-core-2.8.7.aar (androidx.lifecycle:lifecycle-livedata-core:2.8.7) with AarTransform
Transforming lifecycle-runtime-ktx-release.aar (androidx.lifecycle:lifecycle-runtime-ktx-android:2.8.7) with ExtractAarTransform
Transforming lifecycle-runtime-ktx-release.aar (androidx.lifecycle:lifecycle-runtime-ktx-android:2.8.7) with AarTransform
Transforming lifecycle-viewmodel-release.aar (androidx.lifecycle:lifecycle-viewmodel-android:2.8.7) with ExtractAarTransform
Transforming lifecycle-viewmodel-release.aar (androidx.lifecycle:lifecycle-viewmodel-android:2.8.7) with AarTransform
Transforming lifecycle-runtime-compose-release.aar (androidx.lifecycle:lifecycle-runtime-compose-android:2.8.7) with ExtractAarTransform
Transforming lifecycle-runtime-compose-release.aar (androidx.lifecycle:lifecycle-runtime-compose-android:2.8.7) with AarTransform
Transforming lifecycle-runtime-release.aar (androidx.lifecycle:lifecycle-runtime-android:2.8.7) with ExtractAarTransform
Transforming lifecycle-runtime-release.aar (androidx.lifecycle:lifecycle-runtime-android:2.8.7) with AarTransform
Transforming lifecycle-process-2.8.7.aar (androidx.lifecycle:lifecycle-process:2.8.7) with ExtractAarTransform
Transforming lifecycle-process-2.8.7.aar (androidx.lifecycle:lifecycle-process:2.8.7) with AarTransform
Transforming lifecycle-viewmodel-savedstate-2.8.7.aar (androidx.lifecycle:lifecycle-viewmodel-savedstate:2.8.7) with ExtractAarTransform
Transforming lifecycle-viewmodel-savedstate-2.8.7.aar (androidx.lifecycle:lifecycle-viewmodel-savedstate:2.8.7) with AarTransform
Transforming lifecycle-viewmodel-ktx-2.8.7.aar (androidx.lifecycle:lifecycle-viewmodel-ktx:2.8.7) with ExtractAarTransform
Transforming lifecycle-viewmodel-ktx-2.8.7.aar (androidx.lifecycle:lifecycle-viewmodel-ktx:2.8.7) with AarTransform
Transforming lifecycle-viewmodel-compose-release.aar (androidx.lifecycle:lifecycle-viewmodel-compose-android:2.8.7) with ExtractAarTransform
Transforming lifecycle-viewmodel-compose-release.aar (androidx.lifecycle:lifecycle-viewmodel-compose-android:2.8.7) with AarTransform
Transforming ui-release.aar (androidx.compose.ui:ui-android:1.7.6) with ExtractAarTransform
Transforming ui-release.aar (androidx.compose.ui:ui-android:1.7.6) with AarTransform
Transforming autofill-1.0.0.aar (androidx.autofill:autofill:1.0.0) with ExtractAarTransform
Transforming autofill-1.0.0.aar (androidx.autofill:autofill:1.0.0) with AarTransform
Transforming graphics-path-1.0.1.aar (androidx.graphics:graphics-path:1.0.1) with ExtractAarTransform
Transforming graphics-path-1.0.1.aar (androidx.graphics:graphics-path:1.0.1) with AarTransform
Transforming core-1.15.0.aar (androidx.core:core:1.15.0) with ExtractAarTransform
Transforming core-1.15.0.aar (androidx.core:core:1.15.0) with AarTransform
Transforming core-1.15.0.aar (androidx.core:core:1.15.0) with ExtractAarTransform
Transforming core-1.15.0.aar (androidx.core:core:1.15.0) with AarTransform
Transforming customview-poolingcontainer-1.0.0.aar (androidx.customview:customview-poolingcontainer:1.0.0) with ExtractAarTransform
Transforming customview-poolingcontainer-1.0.0.aar (androidx.customview:customview-poolingcontainer:1.0.0) with AarTransform
Transforming core-ktx-1.15.0.aar (androidx.core:core-ktx:1.15.0) with ExtractAarTransform
Transforming core-ktx-1.15.0.aar (androidx.core:core-ktx:1.15.0) with AarTransform
Transforming runtime-saveable-release.aar (androidx.compose.runtime:runtime-saveable-android:1.7.6) with ExtractAarTransform
Transforming runtime-saveable-release.aar (androidx.compose.runtime:runtime-saveable-android:1.7.6) with AarTransform
Transforming runtime-release.aar (androidx.compose.runtime:runtime-android:1.7.6) with ExtractAarTransform
Transforming runtime-release.aar (androidx.compose.runtime:runtime-android:1.7.6) with AarTransform
Transforming interpolator-1.0.0.aar (androidx.interpolator:interpolator:1.0.0) with ExtractAarTransform
Transforming interpolator-1.0.0.aar (androidx.interpolator:interpolator:1.0.0) with AarTransform
Transforming profileinstaller-1.3.1.aar (androidx.profileinstaller:profileinstaller:1.3.1) with ExtractAarTransform
Transforming profileinstaller-1.3.1.aar (androidx.profileinstaller:profileinstaller:1.3.1) with AarTransform
Transforming startup-runtime-1.1.1.aar (androidx.startup:startup-runtime:1.1.1) with ExtractAarTransform
Transforming startup-runtime-1.1.1.aar (androidx.startup:startup-runtime:1.1.1) with AarTransform
Transforming tracing-1.2.0.aar (androidx.tracing:tracing:1.2.0) with ExtractAarTransform
Transforming tracing-1.2.0.aar (androidx.tracing:tracing:1.2.0) with AarTransform
Transforming versionedparcelable-1.1.1.aar (androidx.versionedparcelable:versionedparcelable:1.1.1) with ExtractAarTransform
Transforming versionedparcelable-1.1.1.aar (androidx.versionedparcelable:versionedparcelable:1.1.1) with AarTransform
Transforming core-runtime-2.2.0.aar (androidx.arch.core:core-runtime:2.2.0) with ExtractAarTransform
Transforming core-runtime-2.2.0.aar (androidx.arch.core:core-runtime:2.2.0) with AarTransform
Transforming annotation-experimental-1.4.1.aar (androidx.annotation:annotation-experimental:1.4.1) with ExtractAarTransform
Transforming annotation-experimental-1.4.1.aar (androidx.annotation:annotation-experimental:1.4.1) with AarTransform
Caching disabled for task ':sample-app:processDebugMainManifest' because:
  Build cache is disabled
Task ':sample-app:processDebugMainManifest' is not up-to-date because:
  No history is available.
package="dev.weft.sample" found in source AndroidManifest.xml: /home/runner/work/Weft/Weft/android/sample-app/src/main/AndroidManifest.xml.
Setting the namespace via the package attribute in the source AndroidManifest.xml is no longer supported, and the value is ignored.
Recommendation: remove package="dev.weft.sample" from the source AndroidManifest.xml: /home/runner/work/Weft/Weft/android/sample-app/src/main/AndroidManifest.xml.
Loading library manifest /home/runner/work/Weft/Weft/android/weft-compose/build/intermediates/merged_manifest/debug/processDebugManifest/AndroidManifest.xml
Loading library manifest /home/runner/work/Weft/Weft/android/weft-core/build/intermediates/merged_manifest/debug/processDebugManifest/AndroidManifest.xml
Loading library manifest /home/runner/.gradle/caches/8.11.1/transforms/e19c46e29b05aef1921948202dd63ee3/transformed/activity-1.9.3/AndroidManifest.xml
Loading library manifest /home/runner/.gradle/caches/8.11.1/transforms/14a587fae74d0ea88beb2e529faef0d4/transformed/activity-ktx-1.9.3/AndroidManifest.xml
Loading library manifest /home/runner/.gradle/caches/8.11.1/transforms/de8de35990547289319eedc5ed7ee1e0/transformed/material3-release/AndroidManifest.xml
Loading library manifest /home/runner/.gradle/caches/8.11.1/transforms/7421a4698030bc89d4d073c43f08d1b6/transformed/activity-compose-1.9.3/AndroidManifest.xml
Loading library manifest /home/runner/.gradle/caches/8.11.1/transforms/c634742bb781cc6a3ff220e89ec6a6c3/transformed/material-icons-core-release/AndroidManifest.xml
Loading library manifest /home/runner/.gradle/caches/8.11.1/transforms/35eda86bc342691a6ca517f9da12e886/transformed/material-ripple-release/AndroidManifest.xml
Loading library manifest /home/runner/.gradle/caches/8.11.1/transforms/de57972c072e3620c4759dce2fa0f493/transformed/animation-core-release/AndroidManifest.xml
Loading library manifest /home/runner/.gradle/caches/8.11.1/transforms/8d56f5a7f3ab3827f422a61c24a4f8a0/transformed/animation-release/AndroidManifest.xml
Loading library manifest /home/runner/.gradle/caches/8.11.1/transforms/1645c4ca5f60c689b6c54bd621edba6d/transformed/foundation-layout-release/AndroidManifest.xml
Loading library manifest /home/runner/.gradle/caches/8.11.1/transforms/f4549f10372b527a95837e37242bc2a7/transformed/foundation-release/AndroidManifest.xml
Loading library manifest /home/runner/.gradle/caches/8.11.1/transforms/d011fca456783afe6e44c97b7b09d6d2/transformed/ui-util-release/AndroidManifest.xml
Loading library manifest /home/runner/.gradle/caches/8.11.1/transforms/5d9f5c8dc827ed79d31c4c1948c691d9/transformed/ui-unit-release/AndroidManifest.xml
Loading library manifest /home/runner/.gradle/caches/8.11.1/transforms/5e240b75891ce6a636723ed7a3b91862/transformed/ui-graphics-release/AndroidManifest.xml
Loading library manifest /home/runner/.gradle/caches/8.11.1/transforms/eee286aafefa0c22514751e42c830238/transformed/ui-geometry-release/AndroidManifest.xml
Loading library manifest /home/runner/.gradle/caches/8.11.1/transforms/d998acb0a97327a2288f6fd477f8d865/transformed/ui-text-release/AndroidManifest.xml
Loading library manifest /home/runner/.gradle/caches/8.11.1/transforms/e944d2a0e8f857e281c6081cf2ac857b/transformed/emoji2-1.3.0/AndroidManifest.xml
Loading library manifest /home/runner/.gradle/caches/8.11.1/transforms/3a1236b98f57ea50ba4682cb5361c5fd/transformed/savedstate-ktx-1.2.1/AndroidManifest.xml
Loading library manifest /home/runner/.gradle/caches/8.11.1/transforms/b625fe0482c8ba8b21f3ab56c07a4653/transformed/savedstate-1.2.1/AndroidManifest.xml
Loading library manifest /home/runner/.gradle/caches/8.11.1/transforms/372ad2f6a52bfb7ff7dc40cc14f6304e/transformed/lifecycle-livedata-core-2.8.7/AndroidManifest.xml
Loading library manifest /home/runner/.gradle/caches/8.11.1/transforms/e8b2690a9208b8c19fc08fa049e09a0a/transformed/lifecycle-runtime-ktx-release/AndroidManifest.xml
Loading library manifest /home/runner/.gradle/caches/8.11.1/transforms/7557869475eade91e472f860bd2d0bfe/transformed/lifecycle-viewmodel-release/AndroidManifest.xml
Loading library manifest /home/runner/.gradle/caches/8.11.1/transforms/1f677cc729e06c09af18231fb7262960/transformed/lifecycle-runtime-compose-release/AndroidManifest.xml
Loading library manifest /home/runner/.gradle/caches/8.11.1/transforms/37ca274cc5f4f8df0bcdf1b3c9a7f642/transformed/lifecycle-runtime-release/AndroidManifest.xml
Loading library manifest /home/runner/.gradle/caches/8.11.1/transforms/c37406e4844ac2c4f86a1c65b4296a34/transformed/lifecycle-process-2.8.7/AndroidManifest.xml
Loading library manifest /home/runner/.gradle/caches/8.11.1/transforms/8c3f1ae122a81665238f5182c147d455/transformed/lifecycle-viewmodel-savedstate-2.8.7/AndroidManifest.xml
Loading library manifest /home/runner/.gradle/caches/8.11.1/transforms/469f349dace3a03d12817116301f0550/transformed/lifecycle-viewmodel-ktx-2.8.7/AndroidManifest.xml
Loading library manifest /home/runner/.gradle/caches/8.11.1/transforms/ecb13d304bf91ff0a2d8546bebc4e027/transformed/lifecycle-viewmodel-compose-release/AndroidManifest.xml
Loading library manifest /home/runner/.gradle/caches/8.11.1/transforms/1134bc7b9479853c21619d23c3f0a72b/transformed/ui-release/AndroidManifest.xml
Loading library manifest /home/runner/.gradle/caches/8.11.1/transforms/4bee49088ad9e0aeb4cfe20b54bf2013/transformed/autofill-1.0.0/AndroidManifest.xml
Loading library manifest /home/runner/.gradle/caches/8.11.1/transforms/2b9fa503552050337f9b86b8132a53e0/transformed/graphics-path-1.0.1/AndroidManifest.xml
Loading library manifest /home/runner/.gradle/caches/8.11.1/transforms/d5a39e95ef83bb9b2a5a49d1421f0179/transformed/core-1.15.0/AndroidManifest.xml
Loading library manifest /home/runner/.gradle/caches/8.11.1/transforms/ff6b4d73b0fb7dc15264723a14db6b14/transformed/customview-poolingcontainer-1.0.0/AndroidManifest.xml
Loading library manifest /home/runner/.gradle/caches/8.11.1/transforms/387494ee7323c051b2ec561bb25666f6/transformed/core-ktx-1.15.0/AndroidManifest.xml
Loading library manifest /home/runner/.gradle/caches/8.11.1/transforms/4eaf163879220a33aa52b5ab66a6e319/transformed/runtime-saveable-release/AndroidManifest.xml
Loading library manifest /home/runner/.gradle/caches/8.11.1/transforms/86c9aae865d2ec3e4827ac77095048f8/transformed/runtime-release/AndroidManifest.xml
Loading library manifest /home/runner/.gradle/caches/8.11.1/transforms/152f6345457c37c7f0e2346509c8263e/transformed/interpolator-1.0.0/AndroidManifest.xml
Loading library manifest /home/runner/.gradle/caches/8.11.1/transforms/d6a0272db2b66da6f60eb355100f002f/transformed/profileinstaller-1.3.1/AndroidManifest.xml
Loading library manifest /home/runner/.gradle/caches/8.11.1/transforms/995dcf9a200e8d999ba3c7c19b288a6f/transformed/startup-runtime-1.1.1/AndroidManifest.xml
Loading library manifest /home/runner/.gradle/caches/8.11.1/transforms/796416708e98c36febc75fb0c130477a/transformed/tracing-1.2.0/AndroidManifest.xml
Loading library manifest /home/runner/.gradle/caches/8.11.1/transforms/85ba03369b5f40af279deed8927656be/transformed/versionedparcelable-1.1.1/AndroidManifest.xml
Loading library manifest /home/runner/.gradle/caches/8.11.1/transforms/07018a9bea237162a0f010e5064dafd4/transformed/core-runtime-2.2.0/AndroidManifest.xml
Loading library manifest /home/runner/.gradle/caches/8.11.1/transforms/1c13bf3751a84302073f68223688a891/transformed/annotation-experimental-1.4.1/AndroidManifest.xml
Merging main manifest /home/runner/work/Weft/Weft/android/sample-app/src/main/AndroidManifest.xml

Merging library manifest /home/runner/work/Weft/Weft/android/weft-compose/build/intermediates/merged_manifest/debug/processDebugManifest/AndroidManifest.xml
Merging manifest with lower [:weft-compose] AndroidManifest.xml:2:1-7:12
uses-sdk defined in both files...
Merging uses-sdk with lower [:weft-compose] AndroidManifest.xml:5:5-44
Merging library manifest /home/runner/work/Weft/Weft/android/weft-core/build/intermediates/merged_manifest/debug/processDebugManifest/AndroidManifest.xml
Merging manifest with lower [:weft-core] AndroidManifest.xml:2:1-7:12
uses-sdk defined in both files...
Merging uses-sdk with lower [:weft-core] AndroidManifest.xml:5:5-44
Merging library manifest /home/runner/.gradle/caches/8.11.1/transforms/e19c46e29b05aef1921948202dd63ee3/transformed/activity-1.9.3/AndroidManifest.xml
Merging manifest with lower [androidx.activity:activity:1.9.3] AndroidManifest.xml:17:1-22:12
uses-sdk defined in both files...
Merging uses-sdk with lower [androidx.activity:activity:1.9.3] AndroidManifest.xml:20:5-44
Merging library manifest /home/runner/.gradle/caches/8.11.1/transforms/14a587fae74d0ea88beb2e529faef0d4/transformed/activity-ktx-1.9.3/AndroidManifest.xml
Merging manifest with lower [androidx.activity:activity-ktx:1.9.3] AndroidManifest.xml:2:1-7:12
uses-sdk defined in both files...
Merging uses-sdk with lower [androidx.activity:activity-ktx:1.9.3] AndroidManifest.xml:5:5-44
Merging library manifest /home/runner/.gradle/caches/8.11.1/transforms/de8de35990547289319eedc5ed7ee1e0/transformed/material3-release/AndroidManifest.xml
Merging manifest with lower [androidx.compose.material3:material3-android:1.3.1] AndroidManifest.xml:17:1-22:12
uses-sdk defined in both files...
Merging uses-sdk with lower [androidx.compose.material3:material3-android:1.3.1] AndroidManifest.xml:20:5-44
Merging library manifest /home/runner/.gradle/caches/8.11.1/transforms/7421a4698030bc89d4d073c43f08d1b6/transformed/activity-compose-1.9.3/AndroidManifest.xml
Merging manifest with lower [androidx.activity:activity-compose:1.9.3] AndroidManifest.xml:2:1-7:12
uses-sdk defined in both files...
Merging uses-sdk with lower [androidx.activity:activity-compose:1.9.3] AndroidManifest.xml:5:5-44
Merging library manifest /home/runner/.gradle/caches/8.11.1/transforms/c634742bb781cc6a3ff220e89ec6a6c3/transformed/material-icons-core-release/AndroidManifest.xml
Merging manifest with lower [androidx.compose.material:material-icons-core-android:1.6.0] AndroidManifest.xml:2:1-7:12
uses-sdk defined in both files...
Merging uses-sdk with lower [androidx.compose.material:material-icons-core-android:1.6.0] AndroidManifest.xml:5:5-44
Merging library manifest /home/runner/.gradle/caches/8.11.1/transforms/35eda86bc342691a6ca517f9da12e886/transformed/material-ripple-release/AndroidManifest.xml
Merging manifest with lower [androidx.compose.material:material-ripple-android:1.7.0] AndroidManifest.xml:2:1-7:12
uses-sdk defined in both files...
Merging uses-sdk with lower [androidx.compose.material:material-ripple-android:1.7.0] AndroidManifest.xml:5:5-44
Merging library manifest /home/runner/.gradle/caches/8.11.1/transforms/de57972c072e3620c4759dce2fa0f493/transformed/animation-core-release/AndroidManifest.xml
Merging manifest with lower [androidx.compose.animation:animation-core-android:1.7.6] AndroidManifest.xml:2:1-7:12
uses-sdk defined in both files...
Merging uses-sdk with lower [androidx.compose.animation:animation-core-android:1.7.6] AndroidManifest.xml:5:5-44
Merging library manifest /home/runner/.gradle/caches/8.11.1/transforms/8d56f5a7f3ab3827f422a61c24a4f8a0/transformed/animation-release/AndroidManifest.xml
Merging manifest with lower [androidx.compose.animation:animation-android:1.7.6] AndroidManifest.xml:2:1-7:12
uses-sdk defined in both files...
Merging uses-sdk with lower [androidx.compose.animation:animation-android:1.7.6] AndroidManifest.xml:5:5-44
Merging library manifest /home/runner/.gradle/caches/8.11.1/transforms/1645c4ca5f60c689b6c54bd621edba6d/transformed/foundation-layout-release/AndroidManifest.xml
Merging manifest with lower [androidx.compose.foundation:foundation-layout-android:1.7.6] AndroidManifest.xml:2:1-7:12
uses-sdk defined in both files...
Merging uses-sdk with lower [androidx.compose.foundation:foundation-layout-android:1.7.6] AndroidManifest.xml:5:5-44
Merging library manifest /home/runner/.gradle/caches/8.11.1/transforms/f4549f10372b527a95837e37242bc2a7/transformed/foundation-release/AndroidManifest.xml
Merging manifest with lower [androidx.compose.foundation:foundation-android:1.7.6] AndroidManifest.xml:2:1-7:12
uses-sdk defined in both files...
Merging uses-sdk with lower [androidx.compose.foundation:foundation-android:1.7.6] AndroidManifest.xml:5:5-44
Merging library manifest /home/runner/.gradle/caches/8.11.1/transforms/d011fca456783afe6e44c97b7b09d6d2/transformed/ui-util-release/AndroidManifest.xml
Merging manifest with lower [androidx.compose.ui:ui-util-android:1.7.6] AndroidManifest.xml:2:1-7:12
uses-sdk defined in both files...
Merging uses-sdk with lower [androidx.compose.ui:ui-util-android:1.7.6] AndroidManifest.xml:5:5-44
Merging library manifest /home/runner/.gradle/caches/8.11.1/transforms/5d9f5c8dc827ed79d31c4c1948c691d9/transformed/ui-unit-release/AndroidManifest.xml
Merging manifest with lower [androidx.compose.ui:ui-unit-android:1.7.6] AndroidManifest.xml:2:1-7:12
uses-sdk defined in both files...
Merging uses-sdk with lower [androidx.compose.ui:ui-unit-android:1.7.6] AndroidManifest.xml:5:5-44
Merging library manifest /home/runner/.gradle/caches/8.11.1/transforms/5e240b75891ce6a636723ed7a3b91862/transformed/ui-graphics-release/AndroidManifest.xml
Merging manifest with lower [androidx.compose.ui:ui-graphics-android:1.7.6] AndroidManifest.xml:2:1-7:12
uses-sdk defined in both files...
Merging uses-sdk with lower [androidx.compose.ui:ui-graphics-android:1.7.6] AndroidManifest.xml:5:5-44
Merging library manifest /home/runner/.gradle/caches/8.11.1/transforms/eee286aafefa0c22514751e42c830238/transformed/ui-geometry-release/AndroidManifest.xml
Merging manifest with lower [androidx.compose.ui:ui-geometry-android:1.7.6] AndroidManifest.xml:2:1-7:12
uses-sdk defined in both files...
Merging uses-sdk with lower [androidx.compose.ui:ui-geometry-android:1.7.6] AndroidManifest.xml:5:5-44
Merging library manifest /home/runner/.gradle/caches/8.11.1/transforms/d998acb0a97327a2288f6fd477f8d865/transformed/ui-text-release/AndroidManifest.xml
Merging manifest with lower [androidx.compose.ui:ui-text-android:1.7.6] AndroidManifest.xml:2:1-7:12
uses-sdk defined in both files...
Merging uses-sdk with lower [androidx.compose.ui:ui-text-android:1.7.6] AndroidManifest.xml:5:5-44
Merging library manifest /home/runner/.gradle/caches/8.11.1/transforms/e944d2a0e8f857e281c6081cf2ac857b/transformed/emoji2-1.3.0/AndroidManifest.xml
Merging manifest with lower [androidx.emoji2:emoji2:1.3.0] AndroidManifest.xml:17:1-35:12
uses-sdk defined in both files...
Merging uses-sdk with lower [androidx.emoji2:emoji2:1.3.0] AndroidManifest.xml:21:5-44
application defined in both files...
Merging application with lower [androidx.emoji2:emoji2:1.3.0] AndroidManifest.xml:23:5-33:19
Adopted [provider: null]
Merging library manifest /home/runner/.gradle/caches/8.11.1/transforms/3a1236b98f57ea50ba4682cb5361c5fd/transformed/savedstate-ktx-1.2.1/AndroidManifest.xml
Merging manifest with lower [androidx.savedstate:savedstate-ktx:1.2.1] AndroidManifest.xml:17:1-22:12
uses-sdk defined in both files...
Merging uses-sdk with lower [androidx.savedstate:savedstate-ktx:1.2.1] AndroidManifest.xml:20:5-44
Merging library manifest /home/runner/.gradle/caches/8.11.1/transforms/b625fe0482c8ba8b21f3ab56c07a4653/transformed/savedstate-1.2.1/AndroidManifest.xml
Merging manifest with lower [androidx.savedstate:savedstate:1.2.1] AndroidManifest.xml:17:1-22:12
uses-sdk defined in both files...
Merging uses-sdk with lower [androidx.savedstate:savedstate:1.2.1] AndroidManifest.xml:20:5-44
Merging library manifest /home/runner/.gradle/caches/8.11.1/transforms/372ad2f6a52bfb7ff7dc40cc14f6304e/transformed/lifecycle-livedata-core-2.8.7/AndroidManifest.xml
Merging manifest with lower [androidx.lifecycle:lifecycle-livedata-core:2.8.7] AndroidManifest.xml:17:1-22:12
uses-sdk defined in both files...
Merging uses-sdk with lower [androidx.lifecycle:lifecycle-livedata-core:2.8.7] AndroidManifest.xml:20:5-44
Merging library manifest /home/runner/.gradle/caches/8.11.1/transforms/e8b2690a9208b8c19fc08fa049e09a0a/transformed/lifecycle-runtime-ktx-release/AndroidManifest.xml
Merging manifest with lower [androidx.lifecycle:lifecycle-runtime-ktx-android:2.8.7] AndroidManifest.xml:2:1-7:12
uses-sdk defined in both files...
Merging uses-sdk with lower [androidx.lifecycle:lifecycle-runtime-ktx-android:2.8.7] AndroidManifest.xml:5:5-44
Merging library manifest /home/runner/.gradle/caches/8.11.1/transforms/7557869475eade91e472f860bd2d0bfe/transformed/lifecycle-viewmodel-release/AndroidManifest.xml
Merging manifest with lower [androidx.lifecycle:lifecycle-viewmodel-android:2.8.7] AndroidManifest.xml:17:1-22:12
uses-sdk defined in both files...
Merging uses-sdk with lower [androidx.lifecycle:lifecycle-viewmodel-android:2.8.7] AndroidManifest.xml:20:5-44
Merging library manifest /home/runner/.gradle/caches/8.11.1/transforms/1f677cc729e06c09af18231fb7262960/transformed/lifecycle-runtime-compose-release/AndroidManifest.xml
Merging manifest with lower [androidx.lifecycle:lifecycle-runtime-compose-android:2.8.7] AndroidManifest.xml:2:1-7:12
uses-sdk defined in both files...
Merging uses-sdk with lower [androidx.lifecycle:lifecycle-runtime-compose-android:2.8.7] AndroidManifest.xml:5:5-44
Merging library manifest /home/runner/.gradle/caches/8.11.1/transforms/37ca274cc5f4f8df0bcdf1b3c9a7f642/transformed/lifecycle-runtime-release/AndroidManifest.xml
Merging manifest with lower [androidx.lifecycle:lifecycle-runtime-android:2.8.7] AndroidManifest.xml:17:1-22:12
uses-sdk defined in both files...
Merging uses-sdk with lower [androidx.lifecycle:lifecycle-runtime-android:2.8.7] AndroidManifest.xml:20:5-44
Merging library manifest /home/runner/.gradle/caches/8.11.1/transforms/c37406e4844ac2c4f86a1c65b4296a34/transformed/lifecycle-process-2.8.7/AndroidManifest.xml
Merging manifest with lower [androidx.lifecycle:lifecycle-process:2.8.7] AndroidManifest.xml:17:1-35:12
uses-sdk defined in both files...
Merging uses-sdk with lower [androidx.lifecycle:lifecycle-process:2.8.7] AndroidManifest.xml:21:5-44
application defined in both files...
Merging application with lower [androidx.lifecycle:lifecycle-process:2.8.7] AndroidManifest.xml:23:5-33:19
provider#androidx.startup.InitializationProvider defined in both files...
Merging provider#androidx.startup.InitializationProvider with lower [androidx.lifecycle:lifecycle-process:2.8.7] AndroidManifest.xml:24:9-32:20
Adopted [meta-data: null]
Merging library manifest /home/runner/.gradle/caches/8.11.1/transforms/8c3f1ae122a81665238f5182c147d455/transformed/lifecycle-viewmodel-savedstate-2.8.7/AndroidManifest.xml
Merging manifest with lower [androidx.lifecycle:lifecycle-viewmodel-savedstate:2.8.7] AndroidManifest.xml:17:1-22:12
uses-sdk defined in both files...
Merging uses-sdk with lower [androidx.lifecycle:lifecycle-viewmodel-savedstate:2.8.7] AndroidManifest.xml:20:5-44
Merging library manifest /home/runner/.gradle/caches/8.11.1/transforms/469f349dace3a03d12817116301f0550/transformed/lifecycle-viewmodel-ktx-2.8.7/AndroidManifest.xml
Merging manifest with lower [androidx.lifecycle:lifecycle-viewmodel-ktx:2.8.7] AndroidManifest.xml:2:1-7:12
uses-sdk defined in both files...
Merging uses-sdk with lower [androidx.lifecycle:lifecycle-viewmodel-ktx:2.8.7] AndroidManifest.xml:5:5-44
Merging library manifest /home/runner/.gradle/caches/8.11.1/transforms/ecb13d304bf91ff0a2d8546bebc4e027/transformed/lifecycle-viewmodel-compose-release/AndroidManifest.xml
Merging manifest with lower [androidx.lifecycle:lifecycle-viewmodel-compose-android:2.8.7] AndroidManifest.xml:2:1-7:12
uses-sdk defined in both files...
Merging uses-sdk with lower [androidx.lifecycle:lifecycle-viewmodel-compose-android:2.8.7] AndroidManifest.xml:5:5-44
Merging library manifest /home/runner/.gradle/caches/8.11.1/transforms/1134bc7b9479853c21619d23c3f0a72b/transformed/ui-release/AndroidManifest.xml
Merging manifest with lower [androidx.compose.ui:ui-android:1.7.6] AndroidManifest.xml:2:1-7:12
uses-sdk defined in both files...
Merging uses-sdk with lower [androidx.compose.ui:ui-android:1.7.6] AndroidManifest.xml:5:5-44
Merging library manifest /home/runner/.gradle/caches/8.11.1/transforms/4bee49088ad9e0aeb4cfe20b54bf2013/transformed/autofill-1.0.0/AndroidManifest.xml
Merging manifest with lower [androidx.autofill:autofill:1.0.0] AndroidManifest.xml:17:1-24:12
uses-sdk defined in both files...
Merging uses-sdk with lower [androidx.autofill:autofill:1.0.0] AndroidManifest.xml:20:5-22:41
Merging library manifest /home/runner/.gradle/caches/8.11.1/transforms/2b9fa503552050337f9b86b8132a53e0/transformed/graphics-path-1.0.1/AndroidManifest.xml
Merging manifest with lower [androidx.graphics:graphics-path:1.0.1] AndroidManifest.xml:2:1-7:12
uses-sdk defined in both files...
Merging uses-sdk with lower [androidx.graphics:graphics-path:1.0.1] AndroidManifest.xml:5:5-44
Merging library manifest /home/runner/.gradle/caches/8.11.1/transforms/d5a39e95ef83bb9b2a5a49d1421f0179/transformed/core-1.15.0/AndroidManifest.xml
Merging manifest with lower [androidx.core:core:1.15.0] AndroidManifest.xml:17:1-30:12
uses-sdk defined in both files...
Merging uses-sdk with lower [androidx.core:core:1.15.0] AndroidManifest.xml:20:5-44
Adopted [permission: null]
Adopted [uses-permission: null]
application defined in both files...
Merging application with lower [androidx.core:core:1.15.0] AndroidManifest.xml:28:5-89
Merging library manifest /home/runner/.gradle/caches/8.11.1/transforms/ff6b4d73b0fb7dc15264723a14db6b14/transformed/customview-poolingcontainer-1.0.0/AndroidManifest.xml
Merging manifest with lower [androidx.customview:customview-poolingcontainer:1.0.0] AndroidManifest.xml:17:1-23:12
uses-sdk defined in both files...
Merging uses-sdk with lower [androidx.customview:customview-poolingcontainer:1.0.0] AndroidManifest.xml:20:5-21:38
Merging library manifest /home/runner/.gradle/caches/8.11.1/transforms/387494ee7323c051b2ec561bb25666f6/transformed/core-ktx-1.15.0/AndroidManifest.xml
Merging manifest with lower [androidx.core:core-ktx:1.15.0] AndroidManifest.xml:2:1-7:12
uses-sdk defined in both files...
Merging uses-sdk with lower [androidx.core:core-ktx:1.15.0] AndroidManifest.xml:5:5-44
Merging library manifest /home/runner/.gradle/caches/8.11.1/transforms/4eaf163879220a33aa52b5ab66a6e319/transformed/runtime-saveable-release/AndroidManifest.xml
Merging manifest with lower [androidx.compose.runtime:runtime-saveable-android:1.7.6] AndroidManifest.xml:2:1-7:12
uses-sdk defined in both files...
Merging uses-sdk with lower [androidx.compose.runtime:runtime-saveable-android:1.7.6] AndroidManifest.xml:5:5-44
Merging library manifest /home/runner/.gradle/caches/8.11.1/transforms/86c9aae865d2ec3e4827ac77095048f8/transformed/runtime-release/AndroidManifest.xml
Merging manifest with lower [androidx.compose.runtime:runtime-android:1.7.6] AndroidManifest.xml:2:1-7:12
uses-sdk defined in both files...
Merging uses-sdk with lower [androidx.compose.runtime:runtime-android:1.7.6] AndroidManifest.xml:5:5-44
Merging library manifest /home/runner/.gradle/caches/8.11.1/transforms/152f6345457c37c7f0e2346509c8263e/transformed/interpolator-1.0.0/AndroidManifest.xml
Merging manifest with lower [androidx.interpolator:interpolator:1.0.0] AndroidManifest.xml:17:1-22:12
uses-sdk defined in both files...
Merging uses-sdk with lower [androidx.interpolator:interpolator:1.0.0] AndroidManifest.xml:20:5-44
Merging library manifest /home/runner/.gradle/caches/8.11.1/transforms/d6a0272db2b66da6f60eb355100f002f/transformed/profileinstaller-1.3.1/AndroidManifest.xml
Merging manifest with lower [androidx.profileinstaller:profileinstaller:1.3.1] AndroidManifest.xml:17:1-55:12
uses-sdk defined in both files...
Merging uses-sdk with lower [androidx.profileinstaller:profileinstaller:1.3.1] AndroidManifest.xml:21:5-44
application defined in both files...
Merging application with lower [androidx.profileinstaller:profileinstaller:1.3.1] AndroidManifest.xml:23:5-53:19
provider#androidx.startup.InitializationProvider defined in both files...
Merging provider#androidx.startup.InitializationProvider with lower [androidx.profileinstaller:profileinstaller:1.3.1] AndroidManifest.xml:24:9-32:20
Adopted [meta-data: null]
Adopted [receiver: null]
Merging library manifest /home/runner/.gradle/caches/8.11.1/transforms/995dcf9a200e8d999ba3c7c19b288a6f/transformed/startup-runtime-1.1.1/AndroidManifest.xml
Merging manifest with lower [androidx.startup:startup-runtime:1.1.1] AndroidManifest.xml:17:1-33:12
uses-sdk defined in both files...
Merging uses-sdk with lower [androidx.startup:startup-runtime:1.1.1] AndroidManifest.xml:21:5-23:41
application defined in both files...
Merging application with lower [androidx.startup:startup-runtime:1.1.1] AndroidManifest.xml:25:5-31:19
provider#androidx.startup.InitializationProvider defined in both files...
Merging provider#androidx.startup.InitializationProvider with lower [androidx.startup:startup-runtime:1.1.1] AndroidManifest.xml:26:9-30:34
Merging library manifest /home/runner/.gradle/caches/8.11.1/transforms/796416708e98c36febc75fb0c130477a/transformed/tracing-1.2.0/AndroidManifest.xml
Merging manifest with lower [androidx.tracing:tracing:1.2.0] AndroidManifest.xml:17:1-22:12
uses-sdk defined in both files...
Merging uses-sdk with lower [androidx.tracing:tracing:1.2.0] AndroidManifest.xml:20:5-44
Merging library manifest /home/runner/.gradle/caches/8.11.1/transforms/85ba03369b5f40af279deed8927656be/transformed/versionedparcelable-1.1.1/AndroidManifest.xml
Merging manifest with lower [androidx.versionedparcelable:versionedparcelable:1.1.1] AndroidManifest.xml:17:1-27:12
uses-sdk defined in both files...
Merging uses-sdk with lower [androidx.versionedparcelable:versionedparcelable:1.1.1] AndroidManifest.xml:20:5-22:41
application defined in both files...
Merging application with lower [androidx.versionedparcelable:versionedparcelable:1.1.1] AndroidManifest.xml:24:5-25:19
Merging library manifest /home/runner/.gradle/caches/8.11.1/transforms/07018a9bea237162a0f010e5064dafd4/transformed/core-runtime-2.2.0/AndroidManifest.xml
Merging manifest with lower [androidx.arch.core:core-runtime:2.2.0] AndroidManifest.xml:17:1-22:12
uses-sdk defined in both files...
Merging uses-sdk with lower [androidx.arch.core:core-runtime:2.2.0] AndroidManifest.xml:20:5-44
Merging library manifest /home/runner/.gradle/caches/8.11.1/transforms/1c13bf3751a84302073f68223688a891/transformed/annotation-experimental-1.4.1/AndroidManifest.xml
Merging manifest with lower [androidx.annotation:annotation-experimental:1.4.1] AndroidManifest.xml:2:1-7:12
uses-sdk defined in both files...
Merging uses-sdk with lower [androidx.annotation:annotation-experimental:1.4.1] AndroidManifest.xml:5:5-44
Merging result: SUCCESS
1<?xml version="1.0" encoding="utf-8"?>
2<manifest xmlns:android="http://schemas.android.com/apk/res/android"
3    package="dev.weft.sample"
4    android:versionCode="1"
5    android:versionName="0.1.0" >
6
7    <uses-sdk
8        android:minSdkVersion="24"
9        android:targetSdkVersion="35" />
10
11    <permission
11-->[androidx.core:core:1.15.0] /home/runner/.gradle/caches/8.11.1/transforms/d5a39e95ef83bb9b2a5a49d1421f0179/transformed/core-1.15.0/AndroidManifest.xml:22:5-24:47
12        android:name="dev.weft.sample.DYNAMIC_RECEIVER_NOT_EXPORTED_PERMISSION"
12-->[androidx.core:core:1.15.0] /home/runner/.gradle/caches/8.11.1/transforms/d5a39e95ef83bb9b2a5a49d1421f0179/transformed/core-1.15.0/AndroidManifest.xml:23:9-81
13        android:protectionLevel="signature" />
13-->[androidx.core:core:1.15.0] /home/runner/.gradle/caches/8.11.1/transforms/d5a39e95ef83bb9b2a5a49d1421f0179/transformed/core-1.15.0/AndroidManifest.xml:24:9-44
14
15    <uses-permission android:name="dev.weft.sample.DYNAMIC_RECEIVER_NOT_EXPORTED_PERMISSION" />
15-->[androidx.core:core:1.15.0] /home/runner/.gradle/caches/8.11.1/transforms/d5a39e95ef83bb9b2a5a49d1421f0179/transformed/core-1.15.0/AndroidManifest.xml:26:5-97
15-->[androidx.core:core:1.15.0] /home/runner/.gradle/caches/8.11.1/transforms/d5a39e95ef83bb9b2a5a49d1421f0179/transformed/core-1.15.0/AndroidManifest.xml:26:22-94
16
17    <application
17-->/home/runner/work/Weft/Weft/android/sample-app/src/main/AndroidManifest.xml:5:5-19:19
18        android:allowBackup="true"
18-->/home/runner/work/Weft/Weft/android/sample-app/src/main/AndroidManifest.xml:6:9-35
19        android:appComponentFactory="androidx.core.app.CoreComponentFactory"
19-->[androidx.core:core:1.15.0] /home/runner/.gradle/caches/8.11.1/transforms/d5a39e95ef83bb9b2a5a49d1421f0179/transformed/core-1.15.0/AndroidManifest.xml:28:18-86
20        android:debuggable="true"
21        android:extractNativeLibs="false"
22        android:icon="@android:drawable/sym_def_app_icon"
22-->/home/runner/work/Weft/Weft/android/sample-app/src/main/AndroidManifest.xml:7:9-58
23        android:label="@string/app_name"
23-->/home/runner/work/Weft/Weft/android/sample-app/src/main/AndroidManifest.xml:8:9-41
24        android:supportsRtl="true"
24-->/home/runner/work/Weft/Weft/android/sample-app/src/main/AndroidManifest.xml:9:9-35
25        android:theme="@android:style/Theme.Material.NoActionBar" >
25-->/home/runner/work/Weft/Weft/android/sample-app/src/main/AndroidManifest.xml:10:9-66
26        <activity
26-->/home/runner/work/Weft/Weft/android/sample-app/src/main/AndroidManifest.xml:11:9-18:20
27            android:name="dev.weft.sample.MainActivity"
27-->/home/runner/work/Weft/Weft/android/sample-app/src/main/AndroidManifest.xml:12:13-41
28            android:exported="true" >
28-->/home/runner/work/Weft/Weft/android/sample-app/src/main/AndroidManifest.xml:13:13-36
29            <intent-filter>
29-->/home/runner/work/Weft/Weft/android/sample-app/src/main/AndroidManifest.xml:14:13-17:29
30                <action android:name="android.intent.action.MAIN" />
30-->/home/runner/work/Weft/Weft/android/sample-app/src/main/AndroidManifest.xml:15:17-69
30-->/home/runner/work/Weft/Weft/android/sample-app/src/main/AndroidManifest.xml:15:25-66
31
32                <category android:name="android.intent.category.LAUNCHER" />
32-->/home/runner/work/Weft/Weft/android/sample-app/src/main/AndroidManifest.xml:16:17-77
32-->/home/runner/work/Weft/Weft/android/sample-app/src/main/AndroidManifest.xml:16:27-74
33            </intent-filter>
34        </activity>
35
36        <provider
36-->[androidx.emoji2:emoji2:1.3.0] /home/runner/.gradle/caches/8.11.1/transforms/e944d2a0e8f857e281c6081cf2ac857b/transformed/emoji2-1.3.0/AndroidManifest.xml:24:9-32:20
37            android:name="androidx.startup.InitializationProvider"
37-->[androidx.emoji2:emoji2:1.3.0] /home/runner/.gradle/caches/8.11.1/transforms/e944d2a0e8f857e281c6081cf2ac857b/transformed/emoji2-1.3.0/AndroidManifest.xml:25:13-67
38            android:authorities="dev.weft.sample.androidx-startup"
38-->[androidx.emoji2:emoji2:1.3.0] /home/runner/.gradle/caches/8.11.1/transforms/e944d2a0e8f857e281c6081cf2ac857b/transformed/emoji2-1.3.0/AndroidManifest.xml:26:13-68
39            android:exported="false" >
39-->[androidx.emoji2:emoji2:1.3.0] /home/runner/.gradle/caches/8.11.1/transforms/e944d2a0e8f857e281c6081cf2ac857b/transformed/emoji2-1.3.0/AndroidManifest.xml:27:13-37
40            <meta-data
40-->[androidx.emoji2:emoji2:1.3.0] /home/runner/.gradle/caches/8.11.1/transforms/e944d2a0e8f857e281c6081cf2ac857b/transformed/emoji2-1.3.0/AndroidManifest.xml:29:13-31:52
41                android:name="androidx.emoji2.text.EmojiCompatInitializer"
41-->[androidx.emoji2:emoji2:1.3.0] /home/runner/.gradle/caches/8.11.1/transforms/e944d2a0e8f857e281c6081cf2ac857b/transformed/emoji2-1.3.0/AndroidManifest.xml:30:17-75
42                android:value="androidx.startup" />
42-->[androidx.emoji2:emoji2:1.3.0] /home/runner/.gradle/caches/8.11.1/transforms/e944d2a0e8f857e281c6081cf2ac857b/transformed/emoji2-1.3.0/AndroidManifest.xml:31:17-49
43            <meta-data
43-->[androidx.lifecycle:lifecycle-process:2.8.7] /home/runner/.gradle/caches/8.11.1/transforms/c37406e4844ac2c4f86a1c65b4296a34/transformed/lifecycle-process-2.8.7/AndroidManifest.xml:29:13-31:52
44                android:name="androidx.lifecycle.ProcessLifecycleInitializer"
44-->[androidx.lifecycle:lifecycle-process:2.8.7] /home/runner/.gradle/caches/8.11.1/transforms/c37406e4844ac2c4f86a1c65b4296a34/transformed/lifecycle-process-2.8.7/AndroidManifest.xml:30:17-78
45                android:value="androidx.startup" />
45-->[androidx.lifecycle:lifecycle-process:2.8.7] /home/runner/.gradle/caches/8.11.1/transforms/c37406e4844ac2c4f86a1c65b4296a34/transformed/lifecycle-process-2.8.7/AndroidManifest.xml:31:17-49
46            <meta-data
46-->[androidx.profileinstaller:profileinstaller:1.3.1] /home/runner/.gradle/caches/8.11.1/transforms/d6a0272db2b66da6f60eb355100f002f/transformed/profileinstaller-1.3.1/AndroidManifest.xml:29:13-31:52
47                android:name="androidx.profileinstaller.ProfileInstallerInitializer"
47-->[androidx.profileinstaller:profileinstaller:1.3.1] /home/runner/.gradle/caches/8.11.1/transforms/d6a0272db2b66da6f60eb355100f002f/transformed/profileinstaller-1.3.1/AndroidManifest.xml:30:17-85
48                android:value="androidx.startup" />
48-->[androidx.profileinstaller:profileinstaller:1.3.1] /home/runner/.gradle/caches/8.11.1/transforms/d6a0272db2b66da6f60eb355100f002f/transformed/profileinstaller-1.3.1/AndroidManifest.xml:31:17-49
49        </provider>
50
51        <receiver
51-->[androidx.profileinstaller:profileinstaller:1.3.1] /home/runner/.gradle/caches/8.11.1/transforms/d6a0272db2b66da6f60eb355100f002f/transformed/profileinstaller-1.3.1/AndroidManifest.xml:34:9-52:20
52            android:name="androidx.profileinstaller.ProfileInstallReceiver"
52-->[androidx.profileinstaller:profileinstaller:1.3.1] /home/runner/.gradle/caches/8.11.1/transforms/d6a0272db2b66da6f60eb355100f002f/transformed/profileinstaller-1.3.1/AndroidManifest.xml:35:13-76
53            android:directBootAware="false"
53-->[androidx.profileinstaller:profileinstaller:1.3.1] /home/runner/.gradle/caches/8.11.1/transforms/d6a0272db2b66da6f60eb355100f002f/transformed/profileinstaller-1.3.1/AndroidManifest.xml:36:13-44
54            android:enabled="true"
54-->[androidx.profileinstaller:profileinstaller:1.3.1] /home/runner/.gradle/caches/8.11.1/transforms/d6a0272db2b66da6f60eb355100f002f/transformed/profileinstaller-1.3.1/AndroidManifest.xml:37:13-35
55            android:exported="true"
55-->[androidx.profileinstaller:profileinstaller:1.3.1] /home/runner/.gradle/caches/8.11.1/transforms/d6a0272db2b66da6f60eb355100f002f/transformed/profileinstaller-1.3.1/AndroidManifest.xml:38:13-36
56            android:permission="android.permission.DUMP" >
56-->[androidx.profileinstaller:profileinstaller:1.3.1] /home/runner/.gradle/caches/8.11.1/transforms/d6a0272db2b66da6f60eb355100f002f/transformed/profileinstaller-1.3.1/AndroidManifest.xml:39:13-57
57            <intent-filter>
57-->[androidx.profileinstaller:profileinstaller:1.3.1] /home/runner/.gradle/caches/8.11.1/transforms/d6a0272db2b66da6f60eb355100f002f/transformed/profileinstaller-1.3.1/AndroidManifest.xml:40:13-42:29
58                <action android:name="androidx.profileinstaller.action.INSTALL_PROFILE" />
58-->[androidx.profileinstaller:profileinstaller:1.3.1] /home/runner/.gradle/caches/8.11.1/transforms/d6a0272db2b66da6f60eb355100f002f/transformed/profileinstaller-1.3.1/AndroidManifest.xml:41:17-91
58-->[androidx.profileinstaller:profileinstaller:1.3.1] /home/runner/.gradle/caches/8.11.1/transforms/d6a0272db2b66da6f60eb355100f002f/transformed/profileinstaller-1.3.1/AndroidManifest.xml:41:25-88
59            </intent-filter>
60            <intent-filter>
60-->[androidx.profileinstaller:profileinstaller:1.3.1] /home/runner/.gradle/caches/8.11.1/transforms/d6a0272db2b66da6f60eb355100f002f/transformed/profileinstaller-1.3.1/AndroidManifest.xml:43:13-45:29
61                <action android:name="androidx.profileinstaller.action.SKIP_FILE" />
61-->[androidx.profileinstaller:profileinstaller:1.3.1] /home/runner/.gradle/caches/8.11.1/transforms/d6a0272db2b66da6f60eb355100f002f/transformed/profileinstaller-1.3.1/AndroidManifest.xml:44:17-85
61-->[androidx.profileinstaller:profileinstaller:1.3.1] /home/runner/.gradle/caches/8.11.1/transforms/d6a0272db2b66da6f60eb355100f002f/transformed/profileinstaller-1.3.1/AndroidManifest.xml:44:25-82
62            </intent-filter>
63            <intent-filter>
63-->[androidx.profileinstaller:profileinstaller:1.3.1] /home/runner/.gradle/caches/8.11.1/transforms/d6a0272db2b66da6f60eb355100f002f/transformed/profileinstaller-1.3.1/AndroidManifest.xml:46:13-48:29
64                <action android:name="androidx.profileinstaller.action.SAVE_PROFILE" />
64-->[androidx.profileinstaller:profileinstaller:1.3.1] /home/runner/.gradle/caches/8.11.1/transforms/d6a0272db2b66da6f60eb355100f002f/transformed/profileinstaller-1.3.1/AndroidManifest.xml:47:17-88
64-->[androidx.profileinstaller:profileinstaller:1.3.1] /home/runner/.gradle/caches/8.11.1/transforms/d6a0272db2b66da6f60eb355100f002f/transformed/profileinstaller-1.3.1/AndroidManifest.xml:47:25-85
65            </intent-filter>
66            <intent-filter>
66-->[androidx.profileinstaller:profileinstaller:1.3.1] /home/runner/.gradle/caches/8.11.1/transforms/d6a0272db2b66da6f60eb355100f002f/transformed/profileinstaller-1.3.1/AndroidManifest.xml:49:13-51:29
67                <action android:name="androidx.profileinstaller.action.BENCHMARK_OPERATION" />
67-->[androidx.profileinstaller:profileinstaller:1.3.1] /home/runner/.gradle/caches/8.11.1/transforms/d6a0272db2b66da6f60eb355100f002f/transformed/profileinstaller-1.3.1/AndroidManifest.xml:50:17-95
67-->[androidx.profileinstaller:profileinstaller:1.3.1] /home/runner/.gradle/caches/8.11.1/transforms/d6a0272db2b66da6f60eb355100f002f/transformed/profileinstaller-1.3.1/AndroidManifest.xml:50:25-92
68            </intent-filter>
69        </receiver>
70    </application>
71
72</manifest>

Merged manifest saved to /home/runner/work/Weft/Weft/android/sample-app/build/intermediates/merged_manifest/debug/processDebugMainManifest/AndroidManifest.xml
Resolve mutations for :sample-app:processDebugManifest (Thread[Execution worker Thread 3,5,main]) started.
:sample-app:processDebugManifest (Thread[Execution worker Thread 3,5,main]) started.

> Task :sample-app:processDebugManifest
Caching disabled for task ':sample-app:processDebugManifest' because:
  Build cache is disabled
Task ':sample-app:processDebugManifest' is not up-to-date because:
  No history is available.
Resolve mutations for :sample-app:processDebugManifestForPackage (Thread[Execution worker Thread 3,5,main]) started.
:sample-app:processDebugManifestForPackage (Thread[Execution worker Thread 3,5,main]) started.
Resolve mutations for :weft-compose:generateDebugRFile (Thread[included builds,5,main]) started.
:weft-compose:generateDebugRFile (Thread[Execution worker Thread 2,5,main]) started.

> Task :sample-app:processDebugManifestForPackage
Custom actions are attached to task ':sample-app:processDebugManifestForPackage'.
Caching disabled for task ':sample-app:processDebugManifestForPackage' because:
  Build cache is disabled
Task ':sample-app:processDebugManifestForPackage' is not up-to-date because:
  No history is available.
Resolve mutations for :weft-core:parseDebugLocalResources (Thread[Execution worker,5,main]) started.
:weft-core:parseDebugLocalResources (Thread[Execution worker,5,main]) started.
Resolve mutations for :weft-compose:checkKotlinGradlePluginConfigurationErrors (Thread[Execution worker Thread 3,5,main]) started.
:weft-compose:checkKotlinGradlePluginConfigurationErrors (Thread[included builds,5,main]) started.

> Task :weft-compose:checkKotlinGradlePluginConfigurationErrors SKIPPED
Skipping task ':weft-compose:checkKotlinGradlePluginConfigurationErrors' as task onlyIf 'errorDiagnostics are present' is false.
Resolve mutations for :weft-core:checkKotlinGradlePluginConfigurationErrors (Thread[included builds,5,main]) started.
:weft-core:checkKotlinGradlePluginConfigurationErrors (Thread[included builds,5,main]) started.

> Task :weft-core:checkKotlinGradlePluginConfigurationErrors SKIPPED
Skipping task ':weft-core:checkKotlinGradlePluginConfigurationErrors' as task onlyIf 'errorDiagnostics are present' is false.
Resolve mutations for :weft-core:javaPreCompileDebug (Thread[included builds,5,main]) started.
:weft-core:javaPreCompileDebug (Thread[included builds,5,main]) started.
Resolve mutations for :weft-compose:javaPreCompileDebug (Thread[Execution worker Thread 3,5,main]) started.
:weft-compose:javaPreCompileDebug (Thread[Execution worker Thread 3,5,main]) started.

> Task :weft-core:parseDebugLocalResources
Transforming android.jar with PlatformAttrTransform
Transforming android.jar with PlatformAttrTransform
Caching disabled for task ':weft-core:parseDebugLocalResources' because:
  Build cache is disabled
Task ':weft-core:parseDebugLocalResources' is not up-to-date because:
  No history is available.
The input changes require a full rebuild for incremental task ':weft-core:parseDebugLocalResources'.
Transforming android.jar with PlatformAttrTransform
Resolve mutations for :weft-core:generateDebugRFile (Thread[Execution worker,5,main]) started.
:weft-core:generateDebugRFile (Thread[Execution worker,5,main]) started.

> Task :weft-compose:javaPreCompileDebug
Caching disabled for task ':weft-compose:javaPreCompileDebug' because:
  Build cache is disabled
Task ':weft-compose:javaPreCompileDebug' is not up-to-date because:
  No history is available.

> Task :weft-core:javaPreCompileDebug
Caching disabled for task ':weft-core:javaPreCompileDebug' because:
  Build cache is disabled
Task ':weft-core:javaPreCompileDebug' is not up-to-date because:
  No history is available.
Resolve mutations for :sample-app:javaPreCompileDebug (Thread[included builds,5,main]) started.
:sample-app:javaPreCompileDebug (Thread[included builds,5,main]) started.
Resolve mutations for :sample-app:preDebugUnitTestBuild (Thread[Execution worker Thread 3,5,main]) started.
:sample-app:preDebugUnitTestBuild (Thread[Execution worker Thread 3,5,main]) started.

> Task :sample-app:preDebugUnitTestBuild UP-TO-DATE
Skipping task ':sample-app:preDebugUnitTestBuild' as it has no actions.
Resolve mutations for :sample-app:javaPreCompileDebugUnitTest (Thread[Execution worker Thread 3,5,main]) started.
:sample-app:javaPreCompileDebugUnitTest (Thread[Execution worker Thread 3,5,main]) started.

> Task :sample-app:javaPreCompileDebug
Caching disabled for task ':sample-app:javaPreCompileDebug' because:
  Build cache is disabled
Task ':sample-app:javaPreCompileDebug' is not up-to-date because:
  No history is available.

> Task :weft-compose:generateDebugRFile
Transforming android.jar with PlatformAttrTransform
Caching disabled for task ':weft-compose:generateDebugRFile' because:
  Build cache is disabled
Task ':weft-compose:generateDebugRFile' is not up-to-date because:
  No history is available.
The input changes require a full rebuild for incremental task ':weft-compose:generateDebugRFile'.
work action resolve package-aware-r.txt (project :weft-compose) (Thread[Execution worker Thread 2,5,main]) started.
Resolve mutations for :sample-app:buildKotlinToolingMetadata (Thread[Execution worker Thread 2,5,main]) started.
:sample-app:buildKotlinToolingMetadata (Thread[included builds,5,main]) started.

> Task :weft-core:generateDebugRFile
Transforming android.jar with PlatformAttrTransform
Caching disabled for task ':weft-core:generateDebugRFile' because:
  Build cache is disabled
Task ':weft-core:generateDebugRFile' is not up-to-date because:
  No history is available.
The input changes require a full rebuild for incremental task ':weft-core:generateDebugRFile'.

> Task :sample-app:javaPreCompileDebugUnitTest
Caching disabled for task ':sample-app:javaPreCompileDebugUnitTest' because:
  Build cache is disabled
Task ':sample-app:javaPreCompileDebugUnitTest' is not up-to-date because:
  No history is available.

> Task :sample-app:buildKotlinToolingMetadata
Caching disabled for task ':sample-app:buildKotlinToolingMetadata' because:
  Build cache is disabled
  Caching has been disabled for the task
Task ':sample-app:buildKotlinToolingMetadata' is not up-to-date because:
  No history is available.
work action resolve package-aware-r.txt (project :weft-core) (Thread[included builds,5,main]) started.
Resolve mutations for :sample-app:processDebugResources (Thread[included builds,5,main]) started.
:sample-app:processDebugResources (Thread[included builds,5,main]) started.
Resolve mutations for :weft-core:compileDebugKotlin (Thread[Execution worker Thread 2,5,main]) started.
:weft-core:compileDebugKotlin (Thread[Execution worker,5,main]) started.

> Task :sample-app:processDebugResources
Transforming aapt2-8.7.3-12006047-linux.jar (com.android.tools.build:aapt2:8.7.3-12006047) with Aapt2Extractor
Transforming activity-1.9.3.aar (androidx.activity:activity:1.9.3) with ExtractAarTransform
Transforming activity-1.9.3.aar (androidx.activity:activity:1.9.3) with AarResourcesCompilerTransform
Transforming activity-ktx-1.9.3.aar (androidx.activity:activity-ktx:1.9.3) with ExtractAarTransform
Transforming activity-ktx-1.9.3.aar (androidx.activity:activity-ktx:1.9.3) with AarResourcesCompilerTransform
Transforming material3-release.aar (androidx.compose.material3:material3-android:1.3.1) with ExtractAarTransform
Transforming material3-release.aar (androidx.compose.material3:material3-android:1.3.1) with AarResourcesCompilerTransform
Transforming activity-compose-1.9.3.aar (androidx.activity:activity-compose:1.9.3) with ExtractAarTransform
Transforming activity-compose-1.9.3.aar (androidx.activity:activity-compose:1.9.3) with AarResourcesCompilerTransform
Transforming material-icons-core-release.aar (androidx.compose.material:material-icons-core-android:1.6.0) with ExtractAarTransform
Transforming material-icons-core-release.aar (androidx.compose.material:material-icons-core-android:1.6.0) with AarResourcesCompilerTransform
Transforming material-ripple-release.aar (androidx.compose.material:material-ripple-android:1.7.0) with ExtractAarTransform
Transforming material-ripple-release.aar (androidx.compose.material:material-ripple-android:1.7.0) with AarResourcesCompilerTransform
Transforming animation-core-release.aar (androidx.compose.animation:animation-core-android:1.7.6) with ExtractAarTransform
Transforming animation-core-release.aar (androidx.compose.animation:animation-core-android:1.7.6) with AarResourcesCompilerTransform
Transforming animation-release.aar (androidx.compose.animation:animation-android:1.7.6) with ExtractAarTransform
Transforming animation-release.aar (androidx.compose.animation:animation-android:1.7.6) with AarResourcesCompilerTransform
Transforming foundation-layout-release.aar (androidx.compose.foundation:foundation-layout-android:1.7.6) with ExtractAarTransform
Transforming foundation-layout-release.aar (androidx.compose.foundation:foundation-layout-android:1.7.6) with AarResourcesCompilerTransform
Transforming foundation-release.aar (androidx.compose.foundation:foundation-android:1.7.6) with ExtractAarTransform
Transforming foundation-release.aar (androidx.compose.foundation:foundation-android:1.7.6) with AarResourcesCompilerTransform
Transforming ui-util-release.aar (androidx.compose.ui:ui-util-android:1.7.6) with ExtractAarTransform
Transforming ui-util-release.aar (androidx.compose.ui:ui-util-android:1.7.6) with AarResourcesCompilerTransform
Transforming ui-unit-release.aar (androidx.compose.ui:ui-unit-android:1.7.6) with ExtractAarTransform
Transforming ui-unit-release.aar (androidx.compose.ui:ui-unit-android:1.7.6) with AarResourcesCompilerTransform
Transforming ui-graphics-release.aar (androidx.compose.ui:ui-graphics-android:1.7.6) with ExtractAarTransform
Transforming ui-graphics-release.aar (androidx.compose.ui:ui-graphics-android:1.7.6) with AarResourcesCompilerTransform
Transforming ui-geometry-release.aar (androidx.compose.ui:ui-geometry-android:1.7.6) with ExtractAarTransform
Transforming ui-geometry-release.aar (androidx.compose.ui:ui-geometry-android:1.7.6) with AarResourcesCompilerTransform
Transforming ui-text-release.aar (androidx.compose.ui:ui-text-android:1.7.6) with ExtractAarTransform
Transforming ui-text-release.aar (androidx.compose.ui:ui-text-android:1.7.6) with AarResourcesCompilerTransform
Transforming emoji2-1.3.0.aar (androidx.emoji2:emoji2:1.3.0) with ExtractAarTransform
Transforming emoji2-1.3.0.aar (androidx.emoji2:emoji2:1.3.0) with AarResourcesCompilerTransform
Transforming savedstate-ktx-1.2.1.aar (androidx.savedstate:savedstate-ktx:1.2.1) with ExtractAarTransform
Transforming savedstate-ktx-1.2.1.aar (androidx.savedstate:savedstate-ktx:1.2.1) with AarResourcesCompilerTransform
Transforming savedstate-1.2.1.aar (androidx.savedstate:savedstate:1.2.1) with ExtractAarTransform
Transforming savedstate-1.2.1.aar (androidx.savedstate:savedstate:1.2.1) with AarResourcesCompilerTransform
Transforming lifecycle-livedata-core-2.8.7.aar (androidx.lifecycle:lifecycle-livedata-core:2.8.7) with ExtractAarTransform
Transforming lifecycle-livedata-core-2.8.7.aar (androidx.lifecycle:lifecycle-livedata-core:2.8.7) with AarResourcesCompilerTransform
Transforming lifecycle-runtime-ktx-release.aar (androidx.lifecycle:lifecycle-runtime-ktx-android:2.8.7) with ExtractAarTransform
Transforming lifecycle-runtime-ktx-release.aar (androidx.lifecycle:lifecycle-runtime-ktx-android:2.8.7) with AarResourcesCompilerTransform
Transforming lifecycle-viewmodel-release.aar (androidx.lifecycle:lifecycle-viewmodel-android:2.8.7) with ExtractAarTransform
Transforming lifecycle-viewmodel-release.aar (androidx.lifecycle:lifecycle-viewmodel-android:2.8.7) with AarResourcesCompilerTransform
Transforming lifecycle-runtime-compose-release.aar (androidx.lifecycle:lifecycle-runtime-compose-android:2.8.7) with ExtractAarTransform
Transforming lifecycle-runtime-compose-release.aar (androidx.lifecycle:lifecycle-runtime-compose-android:2.8.7) with AarResourcesCompilerTransform
Transforming lifecycle-runtime-release.aar (androidx.lifecycle:lifecycle-runtime-android:2.8.7) with ExtractAarTransform
Transforming lifecycle-runtime-release.aar (androidx.lifecycle:lifecycle-runtime-android:2.8.7) with AarResourcesCompilerTransform
Transforming lifecycle-process-2.8.7.aar (androidx.lifecycle:lifecycle-process:2.8.7) with ExtractAarTransform
Transforming lifecycle-process-2.8.7.aar (androidx.lifecycle:lifecycle-process:2.8.7) with AarResourcesCompilerTransform
Transforming lifecycle-viewmodel-savedstate-2.8.7.aar (androidx.lifecycle:lifecycle-viewmodel-savedstate:2.8.7) with ExtractAarTransform
Transforming lifecycle-viewmodel-savedstate-2.8.7.aar (androidx.lifecycle:lifecycle-viewmodel-savedstate:2.8.7) with AarResourcesCompilerTransform
Transforming lifecycle-viewmodel-ktx-2.8.7.aar (androidx.lifecycle:lifecycle-viewmodel-ktx:2.8.7) with ExtractAarTransform
Transforming lifecycle-viewmodel-ktx-2.8.7.aar (androidx.lifecycle:lifecycle-viewmodel-ktx:2.8.7) with AarResourcesCompilerTransform
Transforming lifecycle-viewmodel-compose-release.aar (androidx.lifecycle:lifecycle-viewmodel-compose-android:2.8.7) with ExtractAarTransform
Transforming lifecycle-viewmodel-compose-release.aar (androidx.lifecycle:lifecycle-viewmodel-compose-android:2.8.7) with AarResourcesCompilerTransform
Transforming ui-release.aar (androidx.compose.ui:ui-android:1.7.6) with ExtractAarTransform
Transforming ui-release.aar (androidx.compose.ui:ui-android:1.7.6) with AarResourcesCompilerTransform
Transforming autofill-1.0.0.aar (androidx.autofill:autofill:1.0.0) with ExtractAarTransform
Transforming autofill-1.0.0.aar (androidx.autofill:autofill:1.0.0) with AarResourcesCompilerTransform
Transforming graphics-path-1.0.1.aar (androidx.graphics:graphics-path:1.0.1) with ExtractAarTransform
Transforming graphics-path-1.0.1.aar (androidx.graphics:graphics-path:1.0.1) with AarResourcesCompilerTransform
Transforming core-1.15.0.aar (androidx.core:core:1.15.0) with ExtractAarTransform
Transforming core-1.15.0.aar (androidx.core:core:1.15.0) with AarResourcesCompilerTransform
Transforming core-1.15.0.aar (androidx.core:core:1.15.0) with ExtractAarTransform
Transforming core-1.15.0.aar (androidx.core:core:1.15.0) with AarResourcesCompilerTransform
Transforming customview-poolingcontainer-1.0.0.aar (androidx.customview:customview-poolingcontainer:1.0.0) with ExtractAarTransform
Transforming customview-poolingcontainer-1.0.0.aar (androidx.customview:customview-poolingcontainer:1.0.0) with AarResourcesCompilerTransform
Transforming core-ktx-1.15.0.aar (androidx.core:core-ktx:1.15.0) with ExtractAarTransform
Transforming core-ktx-1.15.0.aar (androidx.core:core-ktx:1.15.0) with AarResourcesCompilerTransform
Transforming runtime-saveable-release.aar (androidx.compose.runtime:runtime-saveable-android:1.7.6) with ExtractAarTransform
Transforming runtime-saveable-release.aar (androidx.compose.runtime:runtime-saveable-android:1.7.6) with AarResourcesCompilerTransform
Transforming runtime-release.aar (androidx.compose.runtime:runtime-android:1.7.6) with ExtractAarTransform
Transforming runtime-release.aar (androidx.compose.runtime:runtime-android:1.7.6) with AarResourcesCompilerTransform
Transforming interpolator-1.0.0.aar (androidx.interpolator:interpolator:1.0.0) with ExtractAarTransform
Transforming interpolator-1.0.0.aar (androidx.interpolator:interpolator:1.0.0) with AarResourcesCompilerTransform
Transforming profileinstaller-1.3.1.aar (androidx.profileinstaller:profileinstaller:1.3.1) with ExtractAarTransform
Transforming profileinstaller-1.3.1.aar (androidx.profileinstaller:profileinstaller:1.3.1) with AarResourcesCompilerTransform
Transforming startup-runtime-1.1.1.aar (androidx.startup:startup-runtime:1.1.1) with ExtractAarTransform
Transforming startup-runtime-1.1.1.aar (androidx.startup:startup-runtime:1.1.1) with AarResourcesCompilerTransform
Transforming tracing-1.2.0.aar (androidx.tracing:tracing:1.2.0) with ExtractAarTransform
Transforming tracing-1.2.0.aar (androidx.tracing:tracing:1.2.0) with AarResourcesCompilerTransform
Transforming versionedparcelable-1.1.1.aar (androidx.versionedparcelable:versionedparcelable:1.1.1) with ExtractAarTransform
Transforming versionedparcelable-1.1.1.aar (androidx.versionedparcelable:versionedparcelable:1.1.1) with AarResourcesCompilerTransform
Transforming core-runtime-2.2.0.aar (androidx.arch.core:core-runtime:2.2.0) with ExtractAarTransform
Transforming core-runtime-2.2.0.aar (androidx.arch.core:core-runtime:2.2.0) with AarResourcesCompilerTransform
Transforming annotation-experimental-1.4.1.aar (androidx.annotation:annotation-experimental:1.4.1) with ExtractAarTransform
Transforming annotation-experimental-1.4.1.aar (androidx.annotation:annotation-experimental:1.4.1) with AarResourcesCompilerTransform
Transforming activity-1.9.3.aar (androidx.activity:activity:1.9.3) with ExtractAarTransform
Transforming activity-1.9.3.aar (androidx.activity:activity:1.9.3) with LibrarySymbolTableTransform
Transforming activity-ktx-1.9.3.aar (androidx.activity:activity-ktx:1.9.3) with ExtractAarTransform
Transforming activity-ktx-1.9.3.aar (androidx.activity:activity-ktx:1.9.3) with LibrarySymbolTableTransform
Transforming material3-release.aar (androidx.compose.material3:material3-android:1.3.1) with ExtractAarTransform
Transforming material3-release.aar (androidx.compose.material3:material3-android:1.3.1) with LibrarySymbolTableTransform
Transforming activity-compose-1.9.3.aar (androidx.activity:activity-compose:1.9.3) with ExtractAarTransform
Transforming activity-compose-1.9.3.aar (androidx.activity:activity-compose:1.9.3) with LibrarySymbolTableTransform
Transforming material-icons-core-release.aar (androidx.compose.material:material-icons-core-android:1.6.0) with ExtractAarTransform
Transforming material-icons-core-release.aar (androidx.compose.material:material-icons-core-android:1.6.0) with LibrarySymbolTableTransform
Transforming material-ripple-release.aar (androidx.compose.material:material-ripple-android:1.7.0) with ExtractAarTransform
Transforming material-ripple-release.aar (androidx.compose.material:material-ripple-android:1.7.0) with LibrarySymbolTableTransform
Transforming animation-core-release.aar (androidx.compose.animation:animation-core-android:1.7.6) with ExtractAarTransform
Transforming animation-core-release.aar (androidx.compose.animation:animation-core-android:1.7.6) with LibrarySymbolTableTransform
Transforming animation-release.aar (androidx.compose.animation:animation-android:1.7.6) with ExtractAarTransform
Transforming animation-release.aar (androidx.compose.animation:animation-android:1.7.6) with LibrarySymbolTableTransform
Transforming foundation-layout-release.aar (androidx.compose.foundation:foundation-layout-android:1.7.6) with ExtractAarTransform
Transforming foundation-layout-release.aar (androidx.compose.foundation:foundation-layout-android:1.7.6) with LibrarySymbolTableTransform
Transforming foundation-release.aar (androidx.compose.foundation:foundation-android:1.7.6) with ExtractAarTransform
Transforming foundation-release.aar (androidx.compose.foundation:foundation-android:1.7.6) with LibrarySymbolTableTransform
Transforming ui-util-release.aar (androidx.compose.ui:ui-util-android:1.7.6) with ExtractAarTransform
Transforming ui-util-release.aar (androidx.compose.ui:ui-util-android:1.7.6) with LibrarySymbolTableTransform
Transforming ui-unit-release.aar (androidx.compose.ui:ui-unit-android:1.7.6) with ExtractAarTransform
Transforming ui-unit-release.aar (androidx.compose.ui:ui-unit-android:1.7.6) with LibrarySymbolTableTransform
Transforming ui-graphics-release.aar (androidx.compose.ui:ui-graphics-android:1.7.6) with ExtractAarTransform
Transforming ui-graphics-release.aar (androidx.compose.ui:ui-graphics-android:1.7.6) with LibrarySymbolTableTransform
Transforming ui-geometry-release.aar (androidx.compose.ui:ui-geometry-android:1.7.6) with ExtractAarTransform
Transforming ui-geometry-release.aar (androidx.compose.ui:ui-geometry-android:1.7.6) with LibrarySymbolTableTransform
Transforming ui-text-release.aar (androidx.compose.ui:ui-text-android:1.7.6) with ExtractAarTransform
Transforming ui-text-release.aar (androidx.compose.ui:ui-text-android:1.7.6) with LibrarySymbolTableTransform
Transforming emoji2-1.3.0.aar (androidx.emoji2:emoji2:1.3.0) with ExtractAarTransform
Transforming emoji2-1.3.0.aar (androidx.emoji2:emoji2:1.3.0) with LibrarySymbolTableTransform
Transforming savedstate-ktx-1.2.1.aar (androidx.savedstate:savedstate-ktx:1.2.1) with ExtractAarTransform
Transforming savedstate-ktx-1.2.1.aar (androidx.savedstate:savedstate-ktx:1.2.1) with LibrarySymbolTableTransform
Transforming savedstate-1.2.1.aar (androidx.savedstate:savedstate:1.2.1) with ExtractAarTransform
Transforming savedstate-1.2.1.aar (androidx.savedstate:savedstate:1.2.1) with LibrarySymbolTableTransform
Transforming lifecycle-livedata-core-2.8.7.aar (androidx.lifecycle:lifecycle-livedata-core:2.8.7) with ExtractAarTransform
Transforming lifecycle-livedata-core-2.8.7.aar (androidx.lifecycle:lifecycle-livedata-core:2.8.7) with LibrarySymbolTableTransform
Transforming lifecycle-runtime-ktx-release.aar (androidx.lifecycle:lifecycle-runtime-ktx-android:2.8.7) with ExtractAarTransform
Transforming lifecycle-runtime-ktx-release.aar (androidx.lifecycle:lifecycle-runtime-ktx-android:2.8.7) with LibrarySymbolTableTransform
Transforming lifecycle-viewmodel-release.aar (androidx.lifecycle:lifecycle-viewmodel-android:2.8.7) with ExtractAarTransform
Transforming lifecycle-viewmodel-release.aar (androidx.lifecycle:lifecycle-viewmodel-android:2.8.7) with LibrarySymbolTableTransform
Transforming lifecycle-runtime-compose-release.aar (androidx.lifecycle:lifecycle-runtime-compose-android:2.8.7) with ExtractAarTransform
Transforming lifecycle-runtime-compose-release.aar (androidx.lifecycle:lifecycle-runtime-compose-android:2.8.7) with LibrarySymbolTableTransform
Transforming lifecycle-runtime-release.aar (androidx.lifecycle:lifecycle-runtime-android:2.8.7) with ExtractAarTransform
Transforming lifecycle-runtime-release.aar (androidx.lifecycle:lifecycle-runtime-android:2.8.7) with LibrarySymbolTableTransform
Transforming lifecycle-process-2.8.7.aar (androidx.lifecycle:lifecycle-process:2.8.7) with ExtractAarTransform
Transforming lifecycle-process-2.8.7.aar (androidx.lifecycle:lifecycle-process:2.8.7) with LibrarySymbolTableTransform
Transforming lifecycle-viewmodel-savedstate-2.8.7.aar (androidx.lifecycle:lifecycle-viewmodel-savedstate:2.8.7) with ExtractAarTransform
Transforming lifecycle-viewmodel-savedstate-2.8.7.aar (androidx.lifecycle:lifecycle-viewmodel-savedstate:2.8.7) with LibrarySymbolTableTransform
Transforming lifecycle-viewmodel-ktx-2.8.7.aar (androidx.lifecycle:lifecycle-viewmodel-ktx:2.8.7) with ExtractAarTransform
Transforming lifecycle-viewmodel-ktx-2.8.7.aar (androidx.lifecycle:lifecycle-viewmodel-ktx:2.8.7) with LibrarySymbolTableTransform
Transforming lifecycle-viewmodel-compose-release.aar (androidx.lifecycle:lifecycle-viewmodel-compose-android:2.8.7) with ExtractAarTransform
Transforming lifecycle-viewmodel-compose-release.aar (androidx.lifecycle:lifecycle-viewmodel-compose-android:2.8.7) with LibrarySymbolTableTransform
Transforming ui-release.aar (androidx.compose.ui:ui-android:1.7.6) with ExtractAarTransform
Transforming ui-release.aar (androidx.compose.ui:ui-android:1.7.6) with LibrarySymbolTableTransform
Transforming autofill-1.0.0.aar (androidx.autofill:autofill:1.0.0) with ExtractAarTransform
Transforming autofill-1.0.0.aar (androidx.autofill:autofill:1.0.0) with LibrarySymbolTableTransform
Transforming graphics-path-1.0.1.aar (androidx.graphics:graphics-path:1.0.1) with ExtractAarTransform
Transforming graphics-path-1.0.1.aar (androidx.graphics:graphics-path:1.0.1) with LibrarySymbolTableTransform
Transforming core-1.15.0.aar (androidx.core:core:1.15.0) with ExtractAarTransform
Transforming core-1.15.0.aar (androidx.core:core:1.15.0) with LibrarySymbolTableTransform
Transforming core-1.15.0.aar (androidx.core:core:1.15.0) with ExtractAarTransform
Transforming core-1.15.0.aar (androidx.core:core:1.15.0) with LibrarySymbolTableTransform
Transforming customview-poolingcontainer-1.0.0.aar (androidx.customview:customview-poolingcontainer:1.0.0) with ExtractAarTransform
Transforming customview-poolingcontainer-1.0.0.aar (androidx.customview:customview-poolingcontainer:1.0.0) with LibrarySymbolTableTransform
Transforming core-ktx-1.15.0.aar (androidx.core:core-ktx:1.15.0) with ExtractAarTransform
Transforming core-ktx-1.15.0.aar (androidx.core:core-ktx:1.15.0) with LibrarySymbolTableTransform
Transforming runtime-saveable-release.aar (androidx.compose.runtime:runtime-saveable-android:1.7.6) with ExtractAarTransform
Transforming runtime-saveable-release.aar (androidx.compose.runtime:runtime-saveable-android:1.7.6) with LibrarySymbolTableTransform
Transforming runtime-release.aar (androidx.compose.runtime:runtime-android:1.7.6) with ExtractAarTransform
Transforming runtime-release.aar (androidx.compose.runtime:runtime-android:1.7.6) with LibrarySymbolTableTransform
Transforming interpolator-1.0.0.aar (androidx.interpolator:interpolator:1.0.0) with ExtractAarTransform
Transforming interpolator-1.0.0.aar (androidx.interpolator:interpolator:1.0.0) with LibrarySymbolTableTransform
Transforming profileinstaller-1.3.1.aar (androidx.profileinstaller:profileinstaller:1.3.1) with ExtractAarTransform
Transforming profileinstaller-1.3.1.aar (androidx.profileinstaller:profileinstaller:1.3.1) with LibrarySymbolTableTransform
Transforming startup-runtime-1.1.1.aar (androidx.startup:startup-runtime:1.1.1) with ExtractAarTransform
Transforming startup-runtime-1.1.1.aar (androidx.startup:startup-runtime:1.1.1) with LibrarySymbolTableTransform
Transforming tracing-1.2.0.aar (androidx.tracing:tracing:1.2.0) with ExtractAarTransform
Transforming tracing-1.2.0.aar (androidx.tracing:tracing:1.2.0) with LibrarySymbolTableTransform
Transforming versionedparcelable-1.1.1.aar (androidx.versionedparcelable:versionedparcelable:1.1.1) with ExtractAarTransform
Transforming versionedparcelable-1.1.1.aar (androidx.versionedparcelable:versionedparcelable:1.1.1) with LibrarySymbolTableTransform
Transforming core-runtime-2.2.0.aar (androidx.arch.core:core-runtime:2.2.0) with ExtractAarTransform
Transforming core-runtime-2.2.0.aar (androidx.arch.core:core-runtime:2.2.0) with LibrarySymbolTableTransform
Transforming annotation-experimental-1.4.1.aar (androidx.annotation:annotation-experimental:1.4.1) with ExtractAarTransform
Transforming annotation-experimental-1.4.1.aar (androidx.annotation:annotation-experimental:1.4.1) with LibrarySymbolTableTransform
Caching disabled for task ':sample-app:processDebugResources' because:
  Build cache is disabled
Task ':sample-app:processDebugResources' is not up-to-date because:
  No history is available.
The input changes require a full rebuild for incremental task ':sample-app:processDebugResources'.
AAPT2 aapt2-8.7.3-12006047-linux Daemon #0: starting
Aapt output file /home/runner/work/Weft/Weft/android/sample-app/build/intermediates/linked_resources_binary_format/debug/processDebugResources/linked-resources-binary-format-debug.ap_
Resolve mutations for :sample-app:preReleaseBuild (Thread[included builds,5,main]) started.
:sample-app:preReleaseBuild (Thread[included builds,5,main]) started.

> Task :sample-app:preReleaseBuild UP-TO-DATE
Skipping task ':sample-app:preReleaseBuild' as it has no actions.
Resolve mutations for :weft-compose:preReleaseBuild (Thread[included builds,5,main]) started.
:weft-compose:preReleaseBuild (Thread[included builds,5,main]) started.

> Task :weft-compose:preReleaseBuild UP-TO-DATE
Skipping task ':weft-compose:preReleaseBuild' as it has no actions.
Resolve mutations for :weft-compose:writeReleaseAarMetadata (Thread[included builds,5,main]) started.
:weft-compose:writeReleaseAarMetadata (Thread[included builds,5,main]) started.
Resolve mutations for :weft-core:preReleaseBuild (Thread[Execution worker Thread 3,5,main]) started.
:weft-core:preReleaseBuild (Thread[Execution worker Thread 2,5,main]) started.

> Task :weft-core:preReleaseBuild UP-TO-DATE
Skipping task ':weft-core:preReleaseBuild' as it has no actions.
Resolve mutations for :weft-core:writeReleaseAarMetadata (Thread[Execution worker Thread 2,5,main]) started.
:weft-core:writeReleaseAarMetadata (Thread[Execution worker Thread 2,5,main]) started.

> Task :weft-compose:writeReleaseAarMetadata
Caching disabled for task ':weft-compose:writeReleaseAarMetadata' because:
  Build cache is disabled
  Caching has been disabled for the task
Task ':weft-compose:writeReleaseAarMetadata' is not up-to-date because:
  No history is available.
work action resolve aar-metadata.properties (project :weft-compose) (Thread[included builds,5,main]) started.
Resolve mutations for :sample-app:generateReleaseResValues (Thread[Execution worker Thread 3,5,main]) started.
:sample-app:generateReleaseResValues (Thread[Execution worker Thread 3,5,main]) started.

> Task :weft-core:writeReleaseAarMetadata
Caching disabled for task ':weft-core:writeReleaseAarMetadata' because:
  Build cache is disabled
  Caching has been disabled for the task
Task ':weft-core:writeReleaseAarMetadata' is not up-to-date because:
  No history is available.

> Task :sample-app:generateReleaseResValues
Caching disabled for task ':sample-app:generateReleaseResValues' because:
  Build cache is disabled
Task ':sample-app:generateReleaseResValues' is not up-to-date because:
  No history is available.
work action resolve aar-metadata.properties (project :weft-core) (Thread[Execution worker Thread 2,5,main]) started.
Resolve mutations for :sample-app:checkReleaseAarMetadata (Thread[included builds,5,main]) started.
:sample-app:checkReleaseAarMetadata (Thread[Execution worker Thread 2,5,main]) started.
Resolve mutations for :weft-compose:generateReleaseResValues (Thread[included builds,5,main]) started.
:weft-compose:generateReleaseResValues (Thread[included builds,5,main]) started.

> Task :sample-app:checkReleaseAarMetadata
Caching disabled for task ':sample-app:checkReleaseAarMetadata' because:
  Build cache is disabled
  Caching has been disabled for the task
Task ':sample-app:checkReleaseAarMetadata' is not up-to-date because:
  No history is available.

> Task :weft-compose:generateReleaseResValues
Caching disabled for task ':weft-compose:generateReleaseResValues' because:
  Build cache is disabled
Task ':weft-compose:generateReleaseResValues' is not up-to-date because:
  No history is available.
Resolve mutations for :weft-compose:generateReleaseResources (Thread[included builds,5,main]) started.
:weft-compose:generateReleaseResources (Thread[included builds,5,main]) started.

> Task :weft-compose:generateReleaseResources
Caching disabled for task ':weft-compose:generateReleaseResources' because:
  Build cache is disabled
Task ':weft-compose:generateReleaseResources' is not up-to-date because:
  No history is available.
Resolve mutations for :weft-compose:packageReleaseResources (Thread[included builds,5,main]) started.
:weft-compose:packageReleaseResources (Thread[included builds,5,main]) started.

> Task :weft-compose:packageReleaseResources
Caching disabled for task ':weft-compose:packageReleaseResources' because:
  Build cache is disabled
Task ':weft-compose:packageReleaseResources' is not up-to-date because:
  No history is available.
The input changes require a full rebuild for incremental task ':weft-compose:packageReleaseResources'.
[MergeResources] Inputs are non-incremental full task action.
work action resolve packageReleaseResources (project :weft-compose) (Thread[Execution worker Thread 2,5,main]) started.
Resolve mutations for :weft-core:generateReleaseResValues (Thread[Execution worker Thread 2,5,main]) started.
:weft-core:generateReleaseResValues (Thread[Execution worker Thread 2,5,main]) started.

> Task :weft-core:generateReleaseResValues
Caching disabled for task ':weft-core:generateReleaseResValues' because:
  Build cache is disabled
Task ':weft-core:generateReleaseResValues' is not up-to-date because:
  No history is available.
Resolve mutations for :weft-core:generateReleaseResources (Thread[Execution worker Thread 2,5,main]) started.
:weft-core:generateReleaseResources (Thread[Execution worker Thread 2,5,main]) started.

> Task :weft-core:generateReleaseResources
Caching disabled for task ':weft-core:generateReleaseResources' because:
  Build cache is disabled
Task ':weft-core:generateReleaseResources' is not up-to-date because:
  No history is available.
Resolve mutations for :weft-core:packageReleaseResources (Thread[Execution worker Thread 2,5,main]) started.
:weft-core:packageReleaseResources (Thread[Execution worker Thread 2,5,main]) started.

> Task :weft-core:packageReleaseResources
Caching disabled for task ':weft-core:packageReleaseResources' because:
  Build cache is disabled
Task ':weft-core:packageReleaseResources' is not up-to-date because:
  No history is available.
The input changes require a full rebuild for incremental task ':weft-core:packageReleaseResources'.
[MergeResources] Inputs are non-incremental full task action.
work action resolve packageReleaseResources (project :weft-core) (Thread[Execution worker Thread 2,5,main]) started.
Resolve mutations for :sample-app:mapReleaseSourceSetPaths (Thread[Execution worker Thread 2,5,main]) started.
:sample-app:mapReleaseSourceSetPaths (Thread[Execution worker Thread 2,5,main]) started.

> Task :sample-app:mapReleaseSourceSetPaths
Caching disabled for task ':sample-app:mapReleaseSourceSetPaths' because:
  Build cache is disabled
  Caching has been disabled for the task
Task ':sample-app:mapReleaseSourceSetPaths' is not up-to-date because:
  No history is available.
Resolve mutations for :sample-app:generateReleaseResources (Thread[Execution worker Thread 2,5,main]) started.
:sample-app:generateReleaseResources (Thread[Execution worker Thread 2,5,main]) started.

> Task :sample-app:generateReleaseResources
Caching disabled for task ':sample-app:generateReleaseResources' because:
  Build cache is disabled
Task ':sample-app:generateReleaseResources' is not up-to-date because:
  No history is available.
Resolve mutations for :sample-app:mergeReleaseResources (Thread[Execution worker Thread 2,5,main]) started.
:sample-app:mergeReleaseResources (Thread[Execution worker Thread 2,5,main]) started.
Resolve mutations for :sample-app:packageReleaseResources (Thread[included builds,5,main]) started.
:sample-app:packageReleaseResources (Thread[included builds,5,main]) started.

> Task :sample-app:packageReleaseResources
Caching disabled for task ':sample-app:packageReleaseResources' because:
  Build cache is disabled
Task ':sample-app:packageReleaseResources' is not up-to-date because:
  No history is available.
The input changes require a full rebuild for incremental task ':sample-app:packageReleaseResources'.
[MergeResources] Inputs are non-incremental full task action.
Resolve mutations for :sample-app:parseReleaseLocalResources (Thread[included builds,5,main]) started.
:sample-app:parseReleaseLocalResources (Thread[included builds,5,main]) started.
Resolve mutations for :sample-app:createReleaseCompatibleScreenManifests (Thread[Execution worker Thread 3,5,main]) started.
:sample-app:createReleaseCompatibleScreenManifests (Thread[Execution worker Thread 3,5,main]) started.

> Task :sample-app:createReleaseCompatibleScreenManifests
Caching disabled for task ':sample-app:createReleaseCompatibleScreenManifests' because:
  Build cache is disabled
  Caching has been disabled for the task
Task ':sample-app:createReleaseCompatibleScreenManifests' is not up-to-date because:
  No history is available.
Resolve mutations for :sample-app:extractDeepLinksRelease (Thread[Execution worker Thread 3,5,main]) started.
:sample-app:extractDeepLinksRelease (Thread[Execution worker Thread 3,5,main]) started.

> Task :sample-app:extractDeepLinksRelease
Caching disabled for task ':sample-app:extractDeepLinksRelease' because:
  Build cache is disabled
Task ':sample-app:extractDeepLinksRelease' is not up-to-date because:
  No history is available.
Resolve mutations for :weft-compose:extractDeepLinksRelease (Thread[Execution worker Thread 3,5,main]) started.

> Task :sample-app:parseReleaseLocalResources
Transforming android.jar with PlatformAttrTransform
Transforming android.jar with PlatformAttrTransform
Caching disabled for task ':sample-app:parseReleaseLocalResources' because:
  Build cache is disabled
Task ':sample-app:parseReleaseLocalResources' is not up-to-date because:
  No history is available.
The input changes require a full rebuild for incremental task ':sample-app:parseReleaseLocalResources'.
Transforming android.jar with PlatformAttrTransform
:weft-compose:extractDeepLinksRelease (Thread[included builds,5,main]) started.

> Task :weft-compose:extractDeepLinksRelease
Caching disabled for task ':weft-compose:extractDeepLinksRelease' because:
  Build cache is disabled
Task ':weft-compose:extractDeepLinksRelease' is not up-to-date because:
  No history is available.
work action resolve navigation.json (project :weft-compose) (Thread[Execution worker Thread 3,5,main]) started.
Resolve mutations for :weft-compose:processReleaseManifest (Thread[Execution worker Thread 3,5,main]) started.
:weft-compose:processReleaseManifest (Thread[included builds,5,main]) started.
Resolve mutations for :weft-core:extractDeepLinksRelease (Thread[Execution worker Thread 3,5,main]) started.
:weft-core:extractDeepLinksRelease (Thread[Execution worker Thread 3,5,main]) started.

> Task :weft-compose:processReleaseManifest
Caching disabled for task ':weft-compose:processReleaseManifest' because:
  Build cache is disabled
Task ':weft-compose:processReleaseManifest' is not up-to-date because:
  No history is available.
package="dev.weft.compose" found in source AndroidManifest.xml: /home/runner/work/Weft/Weft/android/weft-compose/src/main/AndroidManifest.xml.
Setting the namespace via the package attribute in the source AndroidManifest.xml is no longer supported, and the value is ignored.
Recommendation: remove package="dev.weft.compose" from the source AndroidManifest.xml: /home/runner/work/Weft/Weft/android/weft-compose/src/main/AndroidManifest.xml.
Merging main manifest /home/runner/work/Weft/Weft/android/weft-compose/src/main/AndroidManifest.xml

Merging result: SUCCESS
1<?xml version="1.0" encoding="utf-8"?>
2<manifest xmlns:android="http://schemas.android.com/apk/res/android"
3    package="dev.weft.compose" >
4
5    <uses-sdk android:minSdkVersion="24" />
6
7</manifest>

Merged manifest saved to /home/runner/work/Weft/Weft/android/weft-compose/build/intermediates/merged_manifest/release/processReleaseManifest/AndroidManifest.xml

> Task :weft-core:extractDeepLinksRelease
Caching disabled for task ':weft-core:extractDeepLinksRelease' because:
  Build cache is disabled
Task ':weft-core:extractDeepLinksRelease' is not up-to-date because:
  No history is available.
work action resolve navigation.json (project :weft-core) (Thread[Execution worker Thread 3,5,main]) started.
work action resolve AndroidManifest.xml (project :weft-compose) (Thread[Execution worker Thread 3,5,main]) started.
Resolve mutations for :weft-core:processReleaseManifest (Thread[Execution worker Thread 3,5,main]) started.
:weft-core:processReleaseManifest (Thread[Execution worker Thread 3,5,main]) started.
Resolve mutations for :weft-compose:compileReleaseLibraryResources (Thread[included builds,5,main]) started.
:weft-compose:compileReleaseLibraryResources (Thread[included builds,5,main]) started.

> Task :weft-compose:compileReleaseLibraryResources
Caching disabled for task ':weft-compose:compileReleaseLibraryResources' because:
  Build cache is disabled
Task ':weft-compose:compileReleaseLibraryResources' is not up-to-date because:
  No history is available.
The input changes require a full rebuild for incremental task ':weft-compose:compileReleaseLibraryResources'.
work action resolve out (project :weft-compose) (Thread[included builds,5,main]) started.
Resolve mutations for :weft-compose:parseReleaseLocalResources (Thread[included builds,5,main]) started.
:weft-compose:parseReleaseLocalResources (Thread[included builds,5,main]) started.

> Task :weft-core:processReleaseManifest
Caching disabled for task ':weft-core:processReleaseManifest' because:
  Build cache is disabled
Task ':weft-core:processReleaseManifest' is not up-to-date because:
  No history is available.
package="dev.weft" found in source AndroidManifest.xml: /home/runner/work/Weft/Weft/android/weft-core/src/main/AndroidManifest.xml.
Setting the namespace via the package attribute in the source AndroidManifest.xml is no longer supported, and the value is ignored.
Recommendation: remove package="dev.weft" from the source AndroidManifest.xml: /home/runner/work/Weft/Weft/android/weft-core/src/main/AndroidManifest.xml.
Merging main manifest /home/runner/work/Weft/Weft/android/weft-core/src/main/AndroidManifest.xml

Merging result: SUCCESS
1<?xml version="1.0" encoding="utf-8"?>
2<manifest xmlns:android="http://schemas.android.com/apk/res/android"
3    package="dev.weft" >
4
5    <uses-sdk android:minSdkVersion="24" />
6
7</manifest>

Merged manifest saved to /home/runner/work/Weft/Weft/android/weft-core/build/intermediates/merged_manifest/release/processReleaseManifest/AndroidManifest.xml
work action resolve AndroidManifest.xml (project :weft-core) (Thread[Execution worker Thread 3,5,main]) started.
Resolve mutations for :sample-app:processReleaseMainManifest (Thread[Execution worker Thread 3,5,main]) started.
:sample-app:processReleaseMainManifest (Thread[Execution worker Thread 3,5,main]) started.

> Task :weft-compose:parseReleaseLocalResources
Transforming android.jar with PlatformAttrTransform
Transforming android.jar with PlatformAttrTransform
Caching disabled for task ':weft-compose:parseReleaseLocalResources' because:
  Build cache is disabled
Task ':weft-compose:parseReleaseLocalResources' is not up-to-date because:
  No history is available.
The input changes require a full rebuild for incremental task ':weft-compose:parseReleaseLocalResources'.
Transforming android.jar with PlatformAttrTransform

> Task :sample-app:processReleaseMainManifest
Caching disabled for task ':sample-app:processReleaseMainManifest' because:
  Build cache is disabled
Task ':sample-app:processReleaseMainManifest' is not up-to-date because:
  No history is available.
package="dev.weft.sample" found in source AndroidManifest.xml: /home/runner/work/Weft/Weft/android/sample-app/src/main/AndroidManifest.xml.
Setting the namespace via the package attribute in the source AndroidManifest.xml is no longer supported, and the value is ignored.
Recommendation: remove package="dev.weft.sample" from the source AndroidManifest.xml: /home/runner/work/Weft/Weft/android/sample-app/src/main/AndroidManifest.xml.
Loading library manifest /home/runner/work/Weft/Weft/android/weft-compose/build/intermediates/merged_manifest/release/processReleaseManifest/AndroidManifest.xml
Loading library manifest /home/runner/work/Weft/Weft/android/weft-core/build/intermediates/merged_manifest/release/processReleaseManifest/AndroidManifest.xml
Loading library manifest /home/runner/.gradle/caches/8.11.1/transforms/e19c46e29b05aef1921948202dd63ee3/transformed/activity-1.9.3/AndroidManifest.xml
Loading library manifest /home/runner/.gradle/caches/8.11.1/transforms/14a587fae74d0ea88beb2e529faef0d4/transformed/activity-ktx-1.9.3/AndroidManifest.xml
Loading library manifest /home/runner/.gradle/caches/8.11.1/transforms/de8de35990547289319eedc5ed7ee1e0/transformed/material3-release/AndroidManifest.xml
Loading library manifest /home/runner/.gradle/caches/8.11.1/transforms/7421a4698030bc89d4d073c43f08d1b6/transformed/activity-compose-1.9.3/AndroidManifest.xml
Loading library manifest /home/runner/.gradle/caches/8.11.1/transforms/c634742bb781cc6a3ff220e89ec6a6c3/transformed/material-icons-core-release/AndroidManifest.xml
Loading library manifest /home/runner/.gradle/caches/8.11.1/transforms/35eda86bc342691a6ca517f9da12e886/transformed/material-ripple-release/AndroidManifest.xml
Loading library manifest /home/runner/.gradle/caches/8.11.1/transforms/de57972c072e3620c4759dce2fa0f493/transformed/animation-core-release/AndroidManifest.xml
Loading library manifest /home/runner/.gradle/caches/8.11.1/transforms/8d56f5a7f3ab3827f422a61c24a4f8a0/transformed/animation-release/AndroidManifest.xml
Loading library manifest /home/runner/.gradle/caches/8.11.1/transforms/1645c4ca5f60c689b6c54bd621edba6d/transformed/foundation-layout-release/AndroidManifest.xml
Loading library manifest /home/runner/.gradle/caches/8.11.1/transforms/f4549f10372b527a95837e37242bc2a7/transformed/foundation-release/AndroidManifest.xml
Loading library manifest /home/runner/.gradle/caches/8.11.1/transforms/d011fca456783afe6e44c97b7b09d6d2/transformed/ui-util-release/AndroidManifest.xml
Loading library manifest /home/runner/.gradle/caches/8.11.1/transforms/5d9f5c8dc827ed79d31c4c1948c691d9/transformed/ui-unit-release/AndroidManifest.xml
Loading library manifest /home/runner/.gradle/caches/8.11.1/transforms/5e240b75891ce6a636723ed7a3b91862/transformed/ui-graphics-release/AndroidManifest.xml
Loading library manifest /home/runner/.gradle/caches/8.11.1/transforms/eee286aafefa0c22514751e42c830238/transformed/ui-geometry-release/AndroidManifest.xml
Loading library manifest /home/runner/.gradle/caches/8.11.1/transforms/d998acb0a97327a2288f6fd477f8d865/transformed/ui-text-release/AndroidManifest.xml
Loading library manifest /home/runner/.gradle/caches/8.11.1/transforms/e944d2a0e8f857e281c6081cf2ac857b/transformed/emoji2-1.3.0/AndroidManifest.xml
Loading library manifest /home/runner/.gradle/caches/8.11.1/transforms/3a1236b98f57ea50ba4682cb5361c5fd/transformed/savedstate-ktx-1.2.1/AndroidManifest.xml
Loading library manifest /home/runner/.gradle/caches/8.11.1/transforms/b625fe0482c8ba8b21f3ab56c07a4653/transformed/savedstate-1.2.1/AndroidManifest.xml
Loading library manifest /home/runner/.gradle/caches/8.11.1/transforms/372ad2f6a52bfb7ff7dc40cc14f6304e/transformed/lifecycle-livedata-core-2.8.7/AndroidManifest.xml
Loading library manifest /home/runner/.gradle/caches/8.11.1/transforms/e8b2690a9208b8c19fc08fa049e09a0a/transformed/lifecycle-runtime-ktx-release/AndroidManifest.xml
Loading library manifest /home/runner/.gradle/caches/8.11.1/transforms/7557869475eade91e472f860bd2d0bfe/transformed/lifecycle-viewmodel-release/AndroidManifest.xml
Loading library manifest /home/runner/.gradle/caches/8.11.1/transforms/1f677cc729e06c09af18231fb7262960/transformed/lifecycle-runtime-compose-release/AndroidManifest.xml
Loading library manifest /home/runner/.gradle/caches/8.11.1/transforms/37ca274cc5f4f8df0bcdf1b3c9a7f642/transformed/lifecycle-runtime-release/AndroidManifest.xml
Loading library manifest /home/runner/.gradle/caches/8.11.1/transforms/c37406e4844ac2c4f86a1c65b4296a34/transformed/lifecycle-process-2.8.7/AndroidManifest.xml
Loading library manifest /home/runner/.gradle/caches/8.11.1/transforms/8c3f1ae122a81665238f5182c147d455/transformed/lifecycle-viewmodel-savedstate-2.8.7/AndroidManifest.xml
Loading library manifest /home/runner/.gradle/caches/8.11.1/transforms/469f349dace3a03d12817116301f0550/transformed/lifecycle-viewmodel-ktx-2.8.7/AndroidManifest.xml
Loading library manifest /home/runner/.gradle/caches/8.11.1/transforms/ecb13d304bf91ff0a2d8546bebc4e027/transformed/lifecycle-viewmodel-compose-release/AndroidManifest.xml
Loading library manifest /home/runner/.gradle/caches/8.11.1/transforms/1134bc7b9479853c21619d23c3f0a72b/transformed/ui-release/AndroidManifest.xml
Loading library manifest /home/runner/.gradle/caches/8.11.1/transforms/4bee49088ad9e0aeb4cfe20b54bf2013/transformed/autofill-1.0.0/AndroidManifest.xml
Loading library manifest /home/runner/.gradle/caches/8.11.1/transforms/2b9fa503552050337f9b86b8132a53e0/transformed/graphics-path-1.0.1/AndroidManifest.xml
Loading library manifest /home/runner/.gradle/caches/8.11.1/transforms/d5a39e95ef83bb9b2a5a49d1421f0179/transformed/core-1.15.0/AndroidManifest.xml
Loading library manifest /home/runner/.gradle/caches/8.11.1/transforms/ff6b4d73b0fb7dc15264723a14db6b14/transformed/customview-poolingcontainer-1.0.0/AndroidManifest.xml
Loading library manifest /home/runner/.gradle/caches/8.11.1/transforms/387494ee7323c051b2ec561bb25666f6/transformed/core-ktx-1.15.0/AndroidManifest.xml
Loading library manifest /home/runner/.gradle/caches/8.11.1/transforms/4eaf163879220a33aa52b5ab66a6e319/transformed/runtime-saveable-release/AndroidManifest.xml
Loading library manifest /home/runner/.gradle/caches/8.11.1/transforms/86c9aae865d2ec3e4827ac77095048f8/transformed/runtime-release/AndroidManifest.xml
Loading library manifest /home/runner/.gradle/caches/8.11.1/transforms/152f6345457c37c7f0e2346509c8263e/transformed/interpolator-1.0.0/AndroidManifest.xml
Loading library manifest /home/runner/.gradle/caches/8.11.1/transforms/d6a0272db2b66da6f60eb355100f002f/transformed/profileinstaller-1.3.1/AndroidManifest.xml
Loading library manifest /home/runner/.gradle/caches/8.11.1/transforms/995dcf9a200e8d999ba3c7c19b288a6f/transformed/startup-runtime-1.1.1/AndroidManifest.xml
Loading library manifest /home/runner/.gradle/caches/8.11.1/transforms/796416708e98c36febc75fb0c130477a/transformed/tracing-1.2.0/AndroidManifest.xml
Loading library manifest /home/runner/.gradle/caches/8.11.1/transforms/85ba03369b5f40af279deed8927656be/transformed/versionedparcelable-1.1.1/AndroidManifest.xml
Loading library manifest /home/runner/.gradle/caches/8.11.1/transforms/07018a9bea237162a0f010e5064dafd4/transformed/core-runtime-2.2.0/AndroidManifest.xml
Loading library manifest /home/runner/.gradle/caches/8.11.1/transforms/1c13bf3751a84302073f68223688a891/transformed/annotation-experimental-1.4.1/AndroidManifest.xml
Merging main manifest /home/runner/work/Weft/Weft/android/sample-app/src/main/AndroidManifest.xml

Merging library manifest /home/runner/work/Weft/Weft/android/weft-compose/build/intermediates/merged_manifest/release/processReleaseManifest/AndroidManifest.xml
Merging manifest with lower [:weft-compose] AndroidManifest.xml:2:1-7:12
uses-sdk defined in both files...
Merging uses-sdk with lower [:weft-compose] AndroidManifest.xml:5:5-44
Merging library manifest /home/runner/work/Weft/Weft/android/weft-core/build/intermediates/merged_manifest/release/processReleaseManifest/AndroidManifest.xml
Merging manifest with lower [:weft-core] AndroidManifest.xml:2:1-7:12
uses-sdk defined in both files...
Merging uses-sdk with lower [:weft-core] AndroidManifest.xml:5:5-44
Merging library manifest /home/runner/.gradle/caches/8.11.1/transforms/e19c46e29b05aef1921948202dd63ee3/transformed/activity-1.9.3/AndroidManifest.xml
Merging manifest with lower [androidx.activity:activity:1.9.3] AndroidManifest.xml:17:1-22:12
uses-sdk defined in both files...
Merging uses-sdk with lower [androidx.activity:activity:1.9.3] AndroidManifest.xml:20:5-44
Merging library manifest /home/runner/.gradle/caches/8.11.1/transforms/14a587fae74d0ea88beb2e529faef0d4/transformed/activity-ktx-1.9.3/AndroidManifest.xml
Merging manifest with lower [androidx.activity:activity-ktx:1.9.3] AndroidManifest.xml:2:1-7:12
uses-sdk defined in both files...
Merging uses-sdk with lower [androidx.activity:activity-ktx:1.9.3] AndroidManifest.xml:5:5-44
Merging library manifest /home/runner/.gradle/caches/8.11.1/transforms/de8de35990547289319eedc5ed7ee1e0/transformed/material3-release/AndroidManifest.xml
Merging manifest with lower [androidx.compose.material3:material3-android:1.3.1] AndroidManifest.xml:17:1-22:12
uses-sdk defined in both files...
Merging uses-sdk with lower [androidx.compose.material3:material3-android:1.3.1] AndroidManifest.xml:20:5-44
Merging library manifest /home/runner/.gradle/caches/8.11.1/transforms/7421a4698030bc89d4d073c43f08d1b6/transformed/activity-compose-1.9.3/AndroidManifest.xml
Merging manifest with lower [androidx.activity:activity-compose:1.9.3] AndroidManifest.xml:2:1-7:12
uses-sdk defined in both files...
Merging uses-sdk with lower [androidx.activity:activity-compose:1.9.3] AndroidManifest.xml:5:5-44
Merging library manifest /home/runner/.gradle/caches/8.11.1/transforms/c634742bb781cc6a3ff220e89ec6a6c3/transformed/material-icons-core-release/AndroidManifest.xml
Merging manifest with lower [androidx.compose.material:material-icons-core-android:1.6.0] AndroidManifest.xml:2:1-7:12
uses-sdk defined in both files...
Merging uses-sdk with lower [androidx.compose.material:material-icons-core-android:1.6.0] AndroidManifest.xml:5:5-44
Merging library manifest /home/runner/.gradle/caches/8.11.1/transforms/35eda86bc342691a6ca517f9da12e886/transformed/material-ripple-release/AndroidManifest.xml
Merging manifest with lower [androidx.compose.material:material-ripple-android:1.7.0] AndroidManifest.xml:2:1-7:12
uses-sdk defined in both files...
Merging uses-sdk with lower [androidx.compose.material:material-ripple-android:1.7.0] AndroidManifest.xml:5:5-44
Merging library manifest /home/runner/.gradle/caches/8.11.1/transforms/de57972c072e3620c4759dce2fa0f493/transformed/animation-core-release/AndroidManifest.xml
Merging manifest with lower [androidx.compose.animation:animation-core-android:1.7.6] AndroidManifest.xml:2:1-7:12
uses-sdk defined in both files...
Merging uses-sdk with lower [androidx.compose.animation:animation-core-android:1.7.6] AndroidManifest.xml:5:5-44
Merging library manifest /home/runner/.gradle/caches/8.11.1/transforms/8d56f5a7f3ab3827f422a61c24a4f8a0/transformed/animation-release/AndroidManifest.xml
Merging manifest with lower [androidx.compose.animation:animation-android:1.7.6] AndroidManifest.xml:2:1-7:12
uses-sdk defined in both files...
Merging uses-sdk with lower [androidx.compose.animation:animation-android:1.7.6] AndroidManifest.xml:5:5-44
Merging library manifest /home/runner/.gradle/caches/8.11.1/transforms/1645c4ca5f60c689b6c54bd621edba6d/transformed/foundation-layout-release/AndroidManifest.xml
Merging manifest with lower [androidx.compose.foundation:foundation-layout-android:1.7.6] AndroidManifest.xml:2:1-7:12
uses-sdk defined in both files...
Merging uses-sdk with lower [androidx.compose.foundation:foundation-layout-android:1.7.6] AndroidManifest.xml:5:5-44
Merging library manifest /home/runner/.gradle/caches/8.11.1/transforms/f4549f10372b527a95837e37242bc2a7/transformed/foundation-release/AndroidManifest.xml
Merging manifest with lower [androidx.compose.foundation:foundation-android:1.7.6] AndroidManifest.xml:2:1-7:12
uses-sdk defined in both files...
Merging uses-sdk with lower [androidx.compose.foundation:foundation-android:1.7.6] AndroidManifest.xml:5:5-44
Merging library manifest /home/runner/.gradle/caches/8.11.1/transforms/d011fca456783afe6e44c97b7b09d6d2/transformed/ui-util-release/AndroidManifest.xml
Merging manifest with lower [androidx.compose.ui:ui-util-android:1.7.6] AndroidManifest.xml:2:1-7:12
uses-sdk defined in both files...
Merging uses-sdk with lower [androidx.compose.ui:ui-util-android:1.7.6] AndroidManifest.xml:5:5-44
Merging library manifest /home/runner/.gradle/caches/8.11.1/transforms/5d9f5c8dc827ed79d31c4c1948c691d9/transformed/ui-unit-release/AndroidManifest.xml
Merging manifest with lower [androidx.compose.ui:ui-unit-android:1.7.6] AndroidManifest.xml:2:1-7:12
uses-sdk defined in both files...
Merging uses-sdk with lower [androidx.compose.ui:ui-unit-android:1.7.6] AndroidManifest.xml:5:5-44
Merging library manifest /home/runner/.gradle/caches/8.11.1/transforms/5e240b75891ce6a636723ed7a3b91862/transformed/ui-graphics-release/AndroidManifest.xml
Merging manifest with lower [androidx.compose.ui:ui-graphics-android:1.7.6] AndroidManifest.xml:2:1-7:12
uses-sdk defined in both files...
Merging uses-sdk with lower [androidx.compose.ui:ui-graphics-android:1.7.6] AndroidManifest.xml:5:5-44
Merging library manifest /home/runner/.gradle/caches/8.11.1/transforms/eee286aafefa0c22514751e42c830238/transformed/ui-geometry-release/AndroidManifest.xml
Merging manifest with lower [androidx.compose.ui:ui-geometry-android:1.7.6] AndroidManifest.xml:2:1-7:12
uses-sdk defined in both files...
Merging uses-sdk with lower [androidx.compose.ui:ui-geometry-android:1.7.6] AndroidManifest.xml:5:5-44
Merging library manifest /home/runner/.gradle/caches/8.11.1/transforms/d998acb0a97327a2288f6fd477f8d865/transformed/ui-text-release/AndroidManifest.xml
Merging manifest with lower [androidx.compose.ui:ui-text-android:1.7.6] AndroidManifest.xml:2:1-7:12
uses-sdk defined in both files...
Merging uses-sdk with lower [androidx.compose.ui:ui-text-android:1.7.6] AndroidManifest.xml:5:5-44
Merging library manifest /home/runner/.gradle/caches/8.11.1/transforms/e944d2a0e8f857e281c6081cf2ac857b/transformed/emoji2-1.3.0/AndroidManifest.xml
Merging manifest with lower [androidx.emoji2:emoji2:1.3.0] AndroidManifest.xml:17:1-35:12
uses-sdk defined in both files...
Merging uses-sdk with lower [androidx.emoji2:emoji2:1.3.0] AndroidManifest.xml:21:5-44
application defined in both files...
Merging application with lower [androidx.emoji2:emoji2:1.3.0] AndroidManifest.xml:23:5-33:19
Adopted [provider: null]
Merging library manifest /home/runner/.gradle/caches/8.11.1/transforms/3a1236b98f57ea50ba4682cb5361c5fd/transformed/savedstate-ktx-1.2.1/AndroidManifest.xml
Merging manifest with lower [androidx.savedstate:savedstate-ktx:1.2.1] AndroidManifest.xml:17:1-22:12
uses-sdk defined in both files...
Merging uses-sdk with lower [androidx.savedstate:savedstate-ktx:1.2.1] AndroidManifest.xml:20:5-44
Merging library manifest /home/runner/.gradle/caches/8.11.1/transforms/b625fe0482c8ba8b21f3ab56c07a4653/transformed/savedstate-1.2.1/AndroidManifest.xml
Merging manifest with lower [androidx.savedstate:savedstate:1.2.1] AndroidManifest.xml:17:1-22:12
uses-sdk defined in both files...
Merging uses-sdk with lower [androidx.savedstate:savedstate:1.2.1] AndroidManifest.xml:20:5-44
Merging library manifest /home/runner/.gradle/caches/8.11.1/transforms/372ad2f6a52bfb7ff7dc40cc14f6304e/transformed/lifecycle-livedata-core-2.8.7/AndroidManifest.xml
Merging manifest with lower [androidx.lifecycle:lifecycle-livedata-core:2.8.7] AndroidManifest.xml:17:1-22:12
uses-sdk defined in both files...
Merging uses-sdk with lower [androidx.lifecycle:lifecycle-livedata-core:2.8.7] AndroidManifest.xml:20:5-44
Merging library manifest /home/runner/.gradle/caches/8.11.1/transforms/e8b2690a9208b8c19fc08fa049e09a0a/transformed/lifecycle-runtime-ktx-release/AndroidManifest.xml
Merging manifest with lower [androidx.lifecycle:lifecycle-runtime-ktx-android:2.8.7] AndroidManifest.xml:2:1-7:12
uses-sdk defined in both files...
Merging uses-sdk with lower [androidx.lifecycle:lifecycle-runtime-ktx-android:2.8.7] AndroidManifest.xml:5:5-44
Merging library manifest /home/runner/.gradle/caches/8.11.1/transforms/7557869475eade91e472f860bd2d0bfe/transformed/lifecycle-viewmodel-release/AndroidManifest.xml
Merging manifest with lower [androidx.lifecycle:lifecycle-viewmodel-android:2.8.7] AndroidManifest.xml:17:1-22:12
uses-sdk defined in both files...
Merging uses-sdk with lower [androidx.lifecycle:lifecycle-viewmodel-android:2.8.7] AndroidManifest.xml:20:5-44
Merging library manifest /home/runner/.gradle/caches/8.11.1/transforms/1f677cc729e06c09af18231fb7262960/transformed/lifecycle-runtime-compose-release/AndroidManifest.xml
Merging manifest with lower [androidx.lifecycle:lifecycle-runtime-compose-android:2.8.7] AndroidManifest.xml:2:1-7:12
uses-sdk defined in both files...
Merging uses-sdk with lower [androidx.lifecycle:lifecycle-runtime-compose-android:2.8.7] AndroidManifest.xml:5:5-44
Merging library manifest /home/runner/.gradle/caches/8.11.1/transforms/37ca274cc5f4f8df0bcdf1b3c9a7f642/transformed/lifecycle-runtime-release/AndroidManifest.xml
Merging manifest with lower [androidx.lifecycle:lifecycle-runtime-android:2.8.7] AndroidManifest.xml:17:1-22:12
uses-sdk defined in both files...
Merging uses-sdk with lower [androidx.lifecycle:lifecycle-runtime-android:2.8.7] AndroidManifest.xml:20:5-44
Merging library manifest /home/runner/.gradle/caches/8.11.1/transforms/c37406e4844ac2c4f86a1c65b4296a34/transformed/lifecycle-process-2.8.7/AndroidManifest.xml
Merging manifest with lower [androidx.lifecycle:lifecycle-process:2.8.7] AndroidManifest.xml:17:1-35:12
uses-sdk defined in both files...
Merging uses-sdk with lower [androidx.lifecycle:lifecycle-process:2.8.7] AndroidManifest.xml:21:5-44
application defined in both files...
Merging application with lower [androidx.lifecycle:lifecycle-process:2.8.7] AndroidManifest.xml:23:5-33:19
provider#androidx.startup.InitializationProvider defined in both files...
Merging provider#androidx.startup.InitializationProvider with lower [androidx.lifecycle:lifecycle-process:2.8.7] AndroidManifest.xml:24:9-32:20
Adopted [meta-data: null]
Merging library manifest /home/runner/.gradle/caches/8.11.1/transforms/8c3f1ae122a81665238f5182c147d455/transformed/lifecycle-viewmodel-savedstate-2.8.7/AndroidManifest.xml
Merging manifest with lower [androidx.lifecycle:lifecycle-viewmodel-savedstate:2.8.7] AndroidManifest.xml:17:1-22:12
uses-sdk defined in both files...
Merging uses-sdk with lower [androidx.lifecycle:lifecycle-viewmodel-savedstate:2.8.7] AndroidManifest.xml:20:5-44
Merging library manifest /home/runner/.gradle/caches/8.11.1/transforms/469f349dace3a03d12817116301f0550/transformed/lifecycle-viewmodel-ktx-2.8.7/AndroidManifest.xml
Merging manifest with lower [androidx.lifecycle:lifecycle-viewmodel-ktx:2.8.7] AndroidManifest.xml:2:1-7:12
uses-sdk defined in both files...
Merging uses-sdk with lower [androidx.lifecycle:lifecycle-viewmodel-ktx:2.8.7] AndroidManifest.xml:5:5-44
Merging library manifest /home/runner/.gradle/caches/8.11.1/transforms/ecb13d304bf91ff0a2d8546bebc4e027/transformed/lifecycle-viewmodel-compose-release/AndroidManifest.xml
Merging manifest with lower [androidx.lifecycle:lifecycle-viewmodel-compose-android:2.8.7] AndroidManifest.xml:2:1-7:12
uses-sdk defined in both files...
Merging uses-sdk with lower [androidx.lifecycle:lifecycle-viewmodel-compose-android:2.8.7] AndroidManifest.xml:5:5-44
Merging library manifest /home/runner/.gradle/caches/8.11.1/transforms/1134bc7b9479853c21619d23c3f0a72b/transformed/ui-release/AndroidManifest.xml
Merging manifest with lower [androidx.compose.ui:ui-android:1.7.6] AndroidManifest.xml:2:1-7:12
uses-sdk defined in both files...
Merging uses-sdk with lower [androidx.compose.ui:ui-android:1.7.6] AndroidManifest.xml:5:5-44
Merging library manifest /home/runner/.gradle/caches/8.11.1/transforms/4bee49088ad9e0aeb4cfe20b54bf2013/transformed/autofill-1.0.0/AndroidManifest.xml
Merging manifest with lower [androidx.autofill:autofill:1.0.0] AndroidManifest.xml:17:1-24:12
uses-sdk defined in both files...
Merging uses-sdk with lower [androidx.autofill:autofill:1.0.0] AndroidManifest.xml:20:5-22:41
Merging library manifest /home/runner/.gradle/caches/8.11.1/transforms/2b9fa503552050337f9b86b8132a53e0/transformed/graphics-path-1.0.1/AndroidManifest.xml
Merging manifest with lower [androidx.graphics:graphics-path:1.0.1] AndroidManifest.xml:2:1-7:12
uses-sdk defined in both files...
Merging uses-sdk with lower [androidx.graphics:graphics-path:1.0.1] AndroidManifest.xml:5:5-44
Merging library manifest /home/runner/.gradle/caches/8.11.1/transforms/d5a39e95ef83bb9b2a5a49d1421f0179/transformed/core-1.15.0/AndroidManifest.xml
Merging manifest with lower [androidx.core:core:1.15.0] AndroidManifest.xml:17:1-30:12
uses-sdk defined in both files...
Merging uses-sdk with lower [androidx.core:core:1.15.0] AndroidManifest.xml:20:5-44
Adopted [permission: null]
Adopted [uses-permission: null]
application defined in both files...
Merging application with lower [androidx.core:core:1.15.0] AndroidManifest.xml:28:5-89
Merging library manifest /home/runner/.gradle/caches/8.11.1/transforms/ff6b4d73b0fb7dc15264723a14db6b14/transformed/customview-poolingcontainer-1.0.0/AndroidManifest.xml
Merging manifest with lower [androidx.customview:customview-poolingcontainer:1.0.0] AndroidManifest.xml:17:1-23:12
uses-sdk defined in both files...
Merging uses-sdk with lower [androidx.customview:customview-poolingcontainer:1.0.0] AndroidManifest.xml:20:5-21:38
Merging library manifest /home/runner/.gradle/caches/8.11.1/transforms/387494ee7323c051b2ec561bb25666f6/transformed/core-ktx-1.15.0/AndroidManifest.xml
Merging manifest with lower [androidx.core:core-ktx:1.15.0] AndroidManifest.xml:2:1-7:12
uses-sdk defined in both files...
Merging uses-sdk with lower [androidx.core:core-ktx:1.15.0] AndroidManifest.xml:5:5-44
Merging library manifest /home/runner/.gradle/caches/8.11.1/transforms/4eaf163879220a33aa52b5ab66a6e319/transformed/runtime-saveable-release/AndroidManifest.xml
Merging manifest with lower [androidx.compose.runtime:runtime-saveable-android:1.7.6] AndroidManifest.xml:2:1-7:12
uses-sdk defined in both files...
Merging uses-sdk with lower [androidx.compose.runtime:runtime-saveable-android:1.7.6] AndroidManifest.xml:5:5-44
Merging library manifest /home/runner/.gradle/caches/8.11.1/transforms/86c9aae865d2ec3e4827ac77095048f8/transformed/runtime-release/AndroidManifest.xml
Merging manifest with lower [androidx.compose.runtime:runtime-android:1.7.6] AndroidManifest.xml:2:1-7:12
uses-sdk defined in both files...
Merging uses-sdk with lower [androidx.compose.runtime:runtime-android:1.7.6] AndroidManifest.xml:5:5-44
Merging library manifest /home/runner/.gradle/caches/8.11.1/transforms/152f6345457c37c7f0e2346509c8263e/transformed/interpolator-1.0.0/AndroidManifest.xml
Merging manifest with lower [androidx.interpolator:interpolator:1.0.0] AndroidManifest.xml:17:1-22:12
uses-sdk defined in both files...
Merging uses-sdk with lower [androidx.interpolator:interpolator:1.0.0] AndroidManifest.xml:20:5-44
Merging library manifest /home/runner/.gradle/caches/8.11.1/transforms/d6a0272db2b66da6f60eb355100f002f/transformed/profileinstaller-1.3.1/AndroidManifest.xml
Merging manifest with lower [androidx.profileinstaller:profileinstaller:1.3.1] AndroidManifest.xml:17:1-55:12
uses-sdk defined in both files...
Merging uses-sdk with lower [androidx.profileinstaller:profileinstaller:1.3.1] AndroidManifest.xml:21:5-44
application defined in both files...
Merging application with lower [androidx.profileinstaller:profileinstaller:1.3.1] AndroidManifest.xml:23:5-53:19
provider#androidx.startup.InitializationProvider defined in both files...
Merging provider#androidx.startup.InitializationProvider with lower [androidx.profileinstaller:profileinstaller:1.3.1] AndroidManifest.xml:24:9-32:20
Adopted [meta-data: null]
Adopted [receiver: null]
Merging library manifest /home/runner/.gradle/caches/8.11.1/transforms/995dcf9a200e8d999ba3c7c19b288a6f/transformed/startup-runtime-1.1.1/AndroidManifest.xml
Merging manifest with lower [androidx.startup:startup-runtime:1.1.1] AndroidManifest.xml:17:1-33:12
uses-sdk defined in both files...
Merging uses-sdk with lower [androidx.startup:startup-runtime:1.1.1] AndroidManifest.xml:21:5-23:41
application defined in both files...
Merging application with lower [androidx.startup:startup-runtime:1.1.1] AndroidManifest.xml:25:5-31:19
provider#androidx.startup.InitializationProvider defined in both files...
Merging provider#androidx.startup.InitializationProvider with lower [androidx.startup:startup-runtime:1.1.1] AndroidManifest.xml:26:9-30:34
Merging library manifest /home/runner/.gradle/caches/8.11.1/transforms/796416708e98c36febc75fb0c130477a/transformed/tracing-1.2.0/AndroidManifest.xml
Merging manifest with lower [androidx.tracing:tracing:1.2.0] AndroidManifest.xml:17:1-22:12
uses-sdk defined in both files...
Merging uses-sdk with lower [androidx.tracing:tracing:1.2.0] AndroidManifest.xml:20:5-44
Merging library manifest /home/runner/.gradle/caches/8.11.1/transforms/85ba03369b5f40af279deed8927656be/transformed/versionedparcelable-1.1.1/AndroidManifest.xml
Merging manifest with lower [androidx.versionedparcelable:versionedparcelable:1.1.1] AndroidManifest.xml:17:1-27:12
uses-sdk defined in both files...
Merging uses-sdk with lower [androidx.versionedparcelable:versionedparcelable:1.1.1] AndroidManifest.xml:20:5-22:41
application defined in both files...
Merging application with lower [androidx.versionedparcelable:versionedparcelable:1.1.1] AndroidManifest.xml:24:5-25:19
Merging library manifest /home/runner/.gradle/caches/8.11.1/transforms/07018a9bea237162a0f010e5064dafd4/transformed/core-runtime-2.2.0/AndroidManifest.xml
Merging manifest with lower [androidx.arch.core:core-runtime:2.2.0] AndroidManifest.xml:17:1-22:12
uses-sdk defined in both files...
Merging uses-sdk with lower [androidx.arch.core:core-runtime:2.2.0] AndroidManifest.xml:20:5-44
Merging library manifest /home/runner/.gradle/caches/8.11.1/transforms/1c13bf3751a84302073f68223688a891/transformed/annotation-experimental-1.4.1/AndroidManifest.xml
Merging manifest with lower [androidx.annotation:annotation-experimental:1.4.1] AndroidManifest.xml:2:1-7:12
uses-sdk defined in both files...
Merging uses-sdk with lower [androidx.annotation:annotation-experimental:1.4.1] AndroidManifest.xml:5:5-44
Merging result: SUCCESS
1<?xml version="1.0" encoding="utf-8"?>
2<manifest xmlns:android="http://schemas.android.com/apk/res/android"
3    package="dev.weft.sample"
4    android:versionCode="1"
5    android:versionName="0.1.0" >
6
7    <uses-sdk
8        android:minSdkVersion="24"
9        android:targetSdkVersion="35" />
10
11    <permission
11-->[androidx.core:core:1.15.0] /home/runner/.gradle/caches/8.11.1/transforms/d5a39e95ef83bb9b2a5a49d1421f0179/transformed/core-1.15.0/AndroidManifest.xml:22:5-24:47
12        android:name="dev.weft.sample.DYNAMIC_RECEIVER_NOT_EXPORTED_PERMISSION"
12-->[androidx.core:core:1.15.0] /home/runner/.gradle/caches/8.11.1/transforms/d5a39e95ef83bb9b2a5a49d1421f0179/transformed/core-1.15.0/AndroidManifest.xml:23:9-81
13        android:protectionLevel="signature" />
13-->[androidx.core:core:1.15.0] /home/runner/.gradle/caches/8.11.1/transforms/d5a39e95ef83bb9b2a5a49d1421f0179/transformed/core-1.15.0/AndroidManifest.xml:24:9-44
14
15    <uses-permission android:name="dev.weft.sample.DYNAMIC_RECEIVER_NOT_EXPORTED_PERMISSION" />
15-->[androidx.core:core:1.15.0] /home/runner/.gradle/caches/8.11.1/transforms/d5a39e95ef83bb9b2a5a49d1421f0179/transformed/core-1.15.0/AndroidManifest.xml:26:5-97
15-->[androidx.core:core:1.15.0] /home/runner/.gradle/caches/8.11.1/transforms/d5a39e95ef83bb9b2a5a49d1421f0179/transformed/core-1.15.0/AndroidManifest.xml:26:22-94
16
17    <application
17-->/home/runner/work/Weft/Weft/android/sample-app/src/main/AndroidManifest.xml:5:5-19:19
18        android:allowBackup="true"
18-->/home/runner/work/Weft/Weft/android/sample-app/src/main/AndroidManifest.xml:6:9-35
19        android:appComponentFactory="androidx.core.app.CoreComponentFactory"
19-->[androidx.core:core:1.15.0] /home/runner/.gradle/caches/8.11.1/transforms/d5a39e95ef83bb9b2a5a49d1421f0179/transformed/core-1.15.0/AndroidManifest.xml:28:18-86
20        android:extractNativeLibs="false"
21        android:icon="@android:drawable/sym_def_app_icon"
21-->/home/runner/work/Weft/Weft/android/sample-app/src/main/AndroidManifest.xml:7:9-58
22        android:label="@string/app_name"
22-->/home/runner/work/Weft/Weft/android/sample-app/src/main/AndroidManifest.xml:8:9-41
23        android:supportsRtl="true"
23-->/home/runner/work/Weft/Weft/android/sample-app/src/main/AndroidManifest.xml:9:9-35
24        android:theme="@android:style/Theme.Material.NoActionBar" >
24-->/home/runner/work/Weft/Weft/android/sample-app/src/main/AndroidManifest.xml:10:9-66
25        <activity
25-->/home/runner/work/Weft/Weft/android/sample-app/src/main/AndroidManifest.xml:11:9-18:20
26            android:name="dev.weft.sample.MainActivity"
26-->/home/runner/work/Weft/Weft/android/sample-app/src/main/AndroidManifest.xml:12:13-41
27            android:exported="true" >
27-->/home/runner/work/Weft/Weft/android/sample-app/src/main/AndroidManifest.xml:13:13-36
28            <intent-filter>
28-->/home/runner/work/Weft/Weft/android/sample-app/src/main/AndroidManifest.xml:14:13-17:29
29                <action android:name="android.intent.action.MAIN" />
29-->/home/runner/work/Weft/Weft/android/sample-app/src/main/AndroidManifest.xml:15:17-69
29-->/home/runner/work/Weft/Weft/android/sample-app/src/main/AndroidManifest.xml:15:25-66
30
31                <category android:name="android.intent.category.LAUNCHER" />
31-->/home/runner/work/Weft/Weft/android/sample-app/src/main/AndroidManifest.xml:16:17-77
31-->/home/runner/work/Weft/Weft/android/sample-app/src/main/AndroidManifest.xml:16:27-74
32            </intent-filter>
33        </activity>
34
35        <provider
35-->[androidx.emoji2:emoji2:1.3.0] /home/runner/.gradle/caches/8.11.1/transforms/e944d2a0e8f857e281c6081cf2ac857b/transformed/emoji2-1.3.0/AndroidManifest.xml:24:9-32:20
36            android:name="androidx.startup.InitializationProvider"
36-->[androidx.emoji2:emoji2:1.3.0] /home/runner/.gradle/caches/8.11.1/transforms/e944d2a0e8f857e281c6081cf2ac857b/transformed/emoji2-1.3.0/AndroidManifest.xml:25:13-67
37            android:authorities="dev.weft.sample.androidx-startup"
37-->[androidx.emoji2:emoji2:1.3.0] /home/runner/.gradle/caches/8.11.1/transforms/e944d2a0e8f857e281c6081cf2ac857b/transformed/emoji2-1.3.0/AndroidManifest.xml:26:13-68
38            android:exported="false" >
38-->[androidx.emoji2:emoji2:1.3.0] /home/runner/.gradle/caches/8.11.1/transforms/e944d2a0e8f857e281c6081cf2ac857b/transformed/emoji2-1.3.0/AndroidManifest.xml:27:13-37
39            <meta-data
39-->[androidx.emoji2:emoji2:1.3.0] /home/runner/.gradle/caches/8.11.1/transforms/e944d2a0e8f857e281c6081cf2ac857b/transformed/emoji2-1.3.0/AndroidManifest.xml:29:13-31:52
40                android:name="androidx.emoji2.text.EmojiCompatInitializer"
40-->[androidx.emoji2:emoji2:1.3.0] /home/runner/.gradle/caches/8.11.1/transforms/e944d2a0e8f857e281c6081cf2ac857b/transformed/emoji2-1.3.0/AndroidManifest.xml:30:17-75
41                android:value="androidx.startup" />
41-->[androidx.emoji2:emoji2:1.3.0] /home/runner/.gradle/caches/8.11.1/transforms/e944d2a0e8f857e281c6081cf2ac857b/transformed/emoji2-1.3.0/AndroidManifest.xml:31:17-49
42            <meta-data
42-->[androidx.lifecycle:lifecycle-process:2.8.7] /home/runner/.gradle/caches/8.11.1/transforms/c37406e4844ac2c4f86a1c65b4296a34/transformed/lifecycle-process-2.8.7/AndroidManifest.xml:29:13-31:52
43                android:name="androidx.lifecycle.ProcessLifecycleInitializer"
43-->[androidx.lifecycle:lifecycle-process:2.8.7] /home/runner/.gradle/caches/8.11.1/transforms/c37406e4844ac2c4f86a1c65b4296a34/transformed/lifecycle-process-2.8.7/AndroidManifest.xml:30:17-78
44                android:value="androidx.startup" />
44-->[androidx.lifecycle:lifecycle-process:2.8.7] /home/runner/.gradle/caches/8.11.1/transforms/c37406e4844ac2c4f86a1c65b4296a34/transformed/lifecycle-process-2.8.7/AndroidManifest.xml:31:17-49
45            <meta-data
45-->[androidx.profileinstaller:profileinstaller:1.3.1] /home/runner/.gradle/caches/8.11.1/transforms/d6a0272db2b66da6f60eb355100f002f/transformed/profileinstaller-1.3.1/AndroidManifest.xml:29:13-31:52
46                android:name="androidx.profileinstaller.ProfileInstallerInitializer"
46-->[androidx.profileinstaller:profileinstaller:1.3.1] /home/runner/.gradle/caches/8.11.1/transforms/d6a0272db2b66da6f60eb355100f002f/transformed/profileinstaller-1.3.1/AndroidManifest.xml:30:17-85
47                android:value="androidx.startup" />
47-->[androidx.profileinstaller:profileinstaller:1.3.1] /home/runner/.gradle/caches/8.11.1/transforms/d6a0272db2b66da6f60eb355100f002f/transformed/profileinstaller-1.3.1/AndroidManifest.xml:31:17-49
48        </provider>
49
50        <receiver
50-->[androidx.profileinstaller:profileinstaller:1.3.1] /home/runner/.gradle/caches/8.11.1/transforms/d6a0272db2b66da6f60eb355100f002f/transformed/profileinstaller-1.3.1/AndroidManifest.xml:34:9-52:20
51            android:name="androidx.profileinstaller.ProfileInstallReceiver"
51-->[androidx.profileinstaller:profileinstaller:1.3.1] /home/runner/.gradle/caches/8.11.1/transforms/d6a0272db2b66da6f60eb355100f002f/transformed/profileinstaller-1.3.1/AndroidManifest.xml:35:13-76
52            android:directBootAware="false"
52-->[androidx.profileinstaller:profileinstaller:1.3.1] /home/runner/.gradle/caches/8.11.1/transforms/d6a0272db2b66da6f60eb355100f002f/transformed/profileinstaller-1.3.1/AndroidManifest.xml:36:13-44
53            android:enabled="true"
53-->[androidx.profileinstaller:profileinstaller:1.3.1] /home/runner/.gradle/caches/8.11.1/transforms/d6a0272db2b66da6f60eb355100f002f/transformed/profileinstaller-1.3.1/AndroidManifest.xml:37:13-35
54            android:exported="true"
54-->[androidx.profileinstaller:profileinstaller:1.3.1] /home/runner/.gradle/caches/8.11.1/transforms/d6a0272db2b66da6f60eb355100f002f/transformed/profileinstaller-1.3.1/AndroidManifest.xml:38:13-36
55            android:permission="android.permission.DUMP" >
55-->[androidx.profileinstaller:profileinstaller:1.3.1] /home/runner/.gradle/caches/8.11.1/transforms/d6a0272db2b66da6f60eb355100f002f/transformed/profileinstaller-1.3.1/AndroidManifest.xml:39:13-57
56            <intent-filter>
56-->[androidx.profileinstaller:profileinstaller:1.3.1] /home/runner/.gradle/caches/8.11.1/transforms/d6a0272db2b66da6f60eb355100f002f/transformed/profileinstaller-1.3.1/AndroidManifest.xml:40:13-42:29
57                <action android:name="androidx.profileinstaller.action.INSTALL_PROFILE" />
57-->[androidx.profileinstaller:profileinstaller:1.3.1] /home/runner/.gradle/caches/8.11.1/transforms/d6a0272db2b66da6f60eb355100f002f/transformed/profileinstaller-1.3.1/AndroidManifest.xml:41:17-91
57-->[androidx.profileinstaller:profileinstaller:1.3.1] /home/runner/.gradle/caches/8.11.1/transforms/d6a0272db2b66da6f60eb355100f002f/transformed/profileinstaller-1.3.1/AndroidManifest.xml:41:25-88
58            </intent-filter>
59            <intent-filter>
59-->[androidx.profileinstaller:profileinstaller:1.3.1] /home/runner/.gradle/caches/8.11.1/transforms/d6a0272db2b66da6f60eb355100f002f/transformed/profileinstaller-1.3.1/AndroidManifest.xml:43:13-45:29
60                <action android:name="androidx.profileinstaller.action.SKIP_FILE" />
60-->[androidx.profileinstaller:profileinstaller:1.3.1] /home/runner/.gradle/caches/8.11.1/transforms/d6a0272db2b66da6f60eb355100f002f/transformed/profileinstaller-1.3.1/AndroidManifest.xml:44:17-85
60-->[androidx.profileinstaller:profileinstaller:1.3.1] /home/runner/.gradle/caches/8.11.1/transforms/d6a0272db2b66da6f60eb355100f002f/transformed/profileinstaller-1.3.1/AndroidManifest.xml:44:25-82
61            </intent-filter>
62            <intent-filter>
62-->[androidx.profileinstaller:profileinstaller:1.3.1] /home/runner/.gradle/caches/8.11.1/transforms/d6a0272db2b66da6f60eb355100f002f/transformed/profileinstaller-1.3.1/AndroidManifest.xml:46:13-48:29
63                <action android:name="androidx.profileinstaller.action.SAVE_PROFILE" />
63-->[androidx.profileinstaller:profileinstaller:1.3.1] /home/runner/.gradle/caches/8.11.1/transforms/d6a0272db2b66da6f60eb355100f002f/transformed/profileinstaller-1.3.1/AndroidManifest.xml:47:17-88
63-->[androidx.profileinstaller:profileinstaller:1.3.1] /home/runner/.gradle/caches/8.11.1/transforms/d6a0272db2b66da6f60eb355100f002f/transformed/profileinstaller-1.3.1/AndroidManifest.xml:47:25-85
64            </intent-filter>
65            <intent-filter>
65-->[androidx.profileinstaller:profileinstaller:1.3.1] /home/runner/.gradle/caches/8.11.1/transforms/d6a0272db2b66da6f60eb355100f002f/transformed/profileinstaller-1.3.1/AndroidManifest.xml:49:13-51:29
66                <action android:name="androidx.profileinstaller.action.BENCHMARK_OPERATION" />
66-->[androidx.profileinstaller:profileinstaller:1.3.1] /home/runner/.gradle/caches/8.11.1/transforms/d6a0272db2b66da6f60eb355100f002f/transformed/profileinstaller-1.3.1/AndroidManifest.xml:50:17-95
66-->[androidx.profileinstaller:profileinstaller:1.3.1] /home/runner/.gradle/caches/8.11.1/transforms/d6a0272db2b66da6f60eb355100f002f/transformed/profileinstaller-1.3.1/AndroidManifest.xml:50:25-92
67            </intent-filter>
68        </receiver>
69    </application>
70
71</manifest>

Merged manifest saved to /home/runner/work/Weft/Weft/android/sample-app/build/intermediates/merged_manifest/release/processReleaseMainManifest/AndroidManifest.xml
Resolve mutations for :sample-app:processReleaseManifest (Thread[included builds,5,main]) started.
:sample-app:processReleaseManifest (Thread[Execution worker Thread 3,5,main]) started.

> Task :sample-app:processReleaseManifest
Caching disabled for task ':sample-app:processReleaseManifest' because:
  Build cache is disabled
Task ':sample-app:processReleaseManifest' is not up-to-date because:
  No history is available.
Resolve mutations for :sample-app:processReleaseManifestForPackage (Thread[included builds,5,main]) started.
:sample-app:processReleaseManifestForPackage (Thread[included builds,5,main]) started.

> Task :sample-app:mergeReleaseResources
Caching disabled for task ':sample-app:mergeReleaseResources' because:
  Build cache is disabled
Task ':sample-app:mergeReleaseResources' is not up-to-date because:
  No history is available.
The input changes require a full rebuild for incremental task ':sample-app:mergeReleaseResources'.
[MergeResources] Inputs are non-incremental full task action.
Compiling XML table /home/runner/work/Weft/Weft/android/sample-app/build/intermediates/incremental/release/mergeReleaseResources/merged.dir/values/values.xml to /home/runner/work/Weft/Weft/android/sample-app/build/intermediates/merged_res/release/mergeReleaseResources/values_values.arsc.flat
Compiling XML table /home/runner/work/Weft/Weft/android/sample-app/build/intermediates/incremental/release/mergeReleaseResources/merged.dir/values-de/values-de.xml to /home/runner/work/Weft/Weft/android/sample-app/build/intermediates/merged_res/release/mergeReleaseResources/values-de_values-de.arsc.flat
Compiling XML table /home/runner/work/Weft/Weft/android/sample-app/build/intermediates/incremental/release/mergeReleaseResources/merged.dir/values-lt/values-lt.xml to /home/runner/work/Weft/Weft/android/sample-app/build/intermediates/merged_res/release/mergeReleaseResources/values-lt_values-lt.arsc.flat
Compiling XML table /home/runner/work/Weft/Weft/android/sample-app/build/intermediates/incremental/release/mergeReleaseResources/merged.dir/values-pt/values-pt.xml to /home/runner/work/Weft/Weft/android/sample-app/build/intermediates/merged_res/release/mergeReleaseResources/values-pt_values-pt.arsc.flat
Compiling XML table /home/runner/work/Weft/Weft/android/sample-app/build/intermediates/incremental/release/mergeReleaseResources/merged.dir/values-hu/values-hu.xml to /home/runner/work/Weft/Weft/android/sample-app/build/intermediates/merged_res/release/mergeReleaseResources/values-hu_values-hu.arsc.flat
Compiling XML table /home/runner/work/Weft/Weft/android/sample-app/build/intermediates/incremental/release/mergeReleaseResources/merged.dir/values-en-rIN/values-en-rIN.xml to /home/runner/work/Weft/Weft/android/sample-app/build/intermediates/merged_res/release/mergeReleaseResources/values-en-rIN_values-en-rIN.arsc.flat
Compiling XML table /home/runner/work/Weft/Weft/android/sample-app/build/intermediates/incremental/release/mergeReleaseResources/merged.dir/values-ur/values-ur.xml to /home/runner/work/Weft/Weft/android/sample-app/build/intermediates/merged_res/release/mergeReleaseResources/values-ur_values-ur.arsc.flat
Compiling XML table /home/runner/work/Weft/Weft/android/sample-app/build/intermediates/incremental/release/mergeReleaseResources/merged.dir/values-mk/values-mk.xml to /home/runner/work/Weft/Weft/android/sample-app/build/intermediates/merged_res/release/mergeReleaseResources/values-mk_values-mk.arsc.flat
Compiling XML table /home/runner/work/Weft/Weft/android/sample-app/build/intermediates/incremental/release/mergeReleaseResources/merged.dir/values-uz/values-uz.xml to /home/runner/work/Weft/Weft/android/sample-app/build/intermediates/merged_res/release/mergeReleaseResources/values-uz_values-uz.arsc.flat
Compiling XML table /home/runner/work/Weft/Weft/android/sample-app/build/intermediates/incremental/release/mergeReleaseResources/merged.dir/values-mr/values-mr.xml to /home/runner/work/Weft/Weft/android/sample-app/build/intermediates/merged_res/release/mergeReleaseResources/values-mr_values-mr.arsc.flat
Compiling XML table /home/runner/work/Weft/Weft/android/sample-app/build/intermediates/incremental/release/mergeReleaseResources/merged.dir/values-in/values-in.xml to /home/runner/work/Weft/Weft/android/sample-app/build/intermediates/merged_res/release/mergeReleaseResources/values-in_values-in.arsc.flat
Compiling XML table /home/runner/work/Weft/Weft/android/sample-app/build/intermediates/incremental/release/mergeReleaseResources/merged.dir/values-ms/values-ms.xml to /home/runner/work/Weft/Weft/android/sample-app/build/intermediates/merged_res/release/mergeReleaseResources/values-ms_values-ms.arsc.flat
Compiling XML table /home/runner/work/Weft/Weft/android/sample-app/build/intermediates/incremental/release/mergeReleaseResources/merged.dir/values-zh-rHK/values-zh-rHK.xml to /home/runner/work/Weft/Weft/android/sample-app/build/intermediates/merged_res/release/mergeReleaseResources/values-zh-rHK_values-zh-rHK.arsc.flat
Compiling XML table /home/runner/work/Weft/Weft/android/sample-app/build/intermediates/incremental/release/mergeReleaseResources/merged.dir/values-is/values-is.xml to /home/runner/work/Weft/Weft/android/sample-app/build/intermediates/merged_res/release/mergeReleaseResources/values-is_values-is.arsc.flat
Compiling XML table /home/runner/work/Weft/Weft/android/sample-app/build/intermediates/incremental/release/mergeReleaseResources/merged.dir/values-am/values-am.xml to /home/runner/work/Weft/Weft/android/sample-app/build/intermediates/merged_res/release/mergeReleaseResources/values-am_values-am.arsc.flat
Compiling XML table /home/runner/work/Weft/Weft/android/sample-app/build/intermediates/incremental/release/mergeReleaseResources/merged.dir/values-iw/values-iw.xml to /home/runner/work/Weft/Weft/android/sample-app/build/intermediates/merged_res/release/mergeReleaseResources/values-iw_values-iw.arsc.flat
Compiling XML table /home/runner/work/Weft/Weft/android/sample-app/build/intermediates/incremental/release/mergeReleaseResources/merged.dir/values-eu/values-eu.xml to /home/runner/work/Weft/Weft/android/sample-app/build/intermediates/merged_res/release/mergeReleaseResources/values-eu_values-eu.arsc.flat
Compiling XML table /home/runner/work/Weft/Weft/android/sample-app/build/intermediates/incremental/release/mergeReleaseResources/merged.dir/values-et/values-et.xml to /home/runner/work/Weft/Weft/android/sample-app/build/intermediates/merged_res/release/mergeReleaseResources/values-et_values-et.arsc.flat
Compiling XML table /home/runner/work/Weft/Weft/android/sample-app/build/intermediates/incremental/release/mergeReleaseResources/merged.dir/values-nb/values-nb.xml to /home/runner/work/Weft/Weft/android/sample-app/build/intermediates/merged_res/release/mergeReleaseResources/values-nb_values-nb.arsc.flat
Compiling XML table /home/runner/work/Weft/Weft/android/sample-app/build/intermediates/incremental/release/mergeReleaseResources/merged.dir/values-ne/values-ne.xml to /home/runner/work/Weft/Weft/android/sample-app/build/intermediates/merged_res/release/mergeReleaseResources/values-ne_values-ne.arsc.flat
Compiling XML table /home/runner/work/Weft/Weft/android/sample-app/build/intermediates/incremental/release/mergeReleaseResources/merged.dir/values-vi/values-vi.xml to /home/runner/work/Weft/Weft/android/sample-app/build/intermediates/merged_res/release/mergeReleaseResources/values-vi_values-vi.arsc.flat
Compiling XML table /home/runner/work/Weft/Weft/android/sample-app/build/intermediates/incremental/release/mergeReleaseResources/merged.dir/values-zu/values-zu.xml to /home/runner/work/Weft/Weft/android/sample-app/build/intermediates/merged_res/release/mergeReleaseResources/values-zu_values-zu.arsc.flat
Compiling XML table /home/runner/work/Weft/Weft/android/sample-app/build/intermediates/incremental/release/mergeReleaseResources/merged.dir/values-ja/values-ja.xml to /home/runner/work/Weft/Weft/android/sample-app/build/intermediates/merged_res/release/mergeReleaseResources/values-ja_values-ja.arsc.flat
Compiling XML table /home/runner/work/Weft/Weft/android/sample-app/build/intermediates/incremental/release/mergeReleaseResources/merged.dir/values-hi/values-hi.xml to /home/runner/work/Weft/Weft/android/sample-app/build/intermediates/merged_res/release/mergeReleaseResources/values-hi_values-hi.arsc.flat
Compiling XML table /home/runner/work/Weft/Weft/android/sample-app/build/intermediates/incremental/release/mergeReleaseResources/merged.dir/values-be/values-be.xml to /home/runner/work/Weft/Weft/android/sample-app/build/intermediates/merged_res/release/mergeReleaseResources/values-be_values-be.arsc.flat
Compiling XML table /home/runner/work/Weft/Weft/android/sample-app/build/intermediates/incremental/release/mergeReleaseResources/merged.dir/values-fa/values-fa.xml to /home/runner/work/Weft/Weft/android/sample-app/build/intermediates/merged_res/release/mergeReleaseResources/values-fa_values-fa.arsc.flat
Compiling XML table /home/runner/work/Weft/Weft/android/sample-app/build/intermediates/incremental/release/mergeReleaseResources/merged.dir/values-zh-rCN/values-zh-rCN.xml to /home/runner/work/Weft/Weft/android/sample-app/build/intermediates/merged_res/release/mergeReleaseResources/values-zh-rCN_values-zh-rCN.arsc.flat
Compiling XML table /home/runner/work/Weft/Weft/android/sample-app/build/intermediates/incremental/release/mergeReleaseResources/merged.dir/values-lv/values-lv.xml to /home/runner/work/Weft/Weft/android/sample-app/build/intermediates/merged_res/release/mergeReleaseResources/values-lv_values-lv.arsc.flat
Compiling XML table /home/runner/work/Weft/Weft/android/sample-app/build/intermediates/incremental/release/mergeReleaseResources/merged.dir/values-hy/values-hy.xml to /home/runner/work/Weft/Weft/android/sample-app/build/intermediates/merged_res/release/mergeReleaseResources/values-hy_values-hy.arsc.flat
Compiling XML table /home/runner/work/Weft/Weft/android/sample-app/build/intermediates/incremental/release/mergeReleaseResources/merged.dir/values-bg/values-bg.xml to /home/runner/work/Weft/Weft/android/sample-app/build/intermediates/merged_res/release/mergeReleaseResources/values-bg_values-bg.arsc.flat
Compiling XML table /home/runner/work/Weft/Weft/android/sample-app/build/intermediates/incremental/release/mergeReleaseResources/merged.dir/values-en-rXC/values-en-rXC.xml to /home/runner/work/Weft/Weft/android/sample-app/build/intermediates/merged_res/release/mergeReleaseResources/values-en-rXC_values-en-rXC.arsc.flat
Compiling XML table /home/runner/work/Weft/Weft/android/sample-app/build/intermediates/incremental/release/mergeReleaseResources/merged.dir/values-ml/values-ml.xml to /home/runner/work/Weft/Weft/android/sample-app/build/intermediates/merged_res/release/mergeReleaseResources/values-ml_values-ml.arsc.flat
Compiling XML table /home/runner/work/Weft/Weft/android/sample-app/build/intermediates/incremental/release/mergeReleaseResources/merged.dir/values-bs/values-bs.xml to /home/runner/work/Weft/Weft/android/sample-app/build/intermediates/merged_res/release/mergeReleaseResources/values-bs_values-bs.arsc.flat
Compiling XML table /home/runner/work/Weft/Weft/android/sample-app/build/intermediates/incremental/release/mergeReleaseResources/merged.dir/values-si/values-si.xml to /home/runner/work/Weft/Weft/android/sample-app/build/intermediates/merged_res/release/mergeReleaseResources/values-si_values-si.arsc.flat
Compiling XML table /home/runner/work/Weft/Weft/android/sample-app/build/intermediates/incremental/release/mergeReleaseResources/merged.dir/values-en-rCA/values-en-rCA.xml to /home/runner/work/Weft/Weft/android/sample-app/build/intermediates/merged_res/release/mergeReleaseResources/values-en-rCA_values-en-rCA.arsc.flat
Compiling XML table /home/runner/work/Weft/Weft/android/sample-app/build/intermediates/incremental/release/mergeReleaseResources/merged.dir/values-ka/values-ka.xml to /home/runner/work/Weft/Weft/android/sample-app/build/intermediates/merged_res/release/mergeReleaseResources/values-ka_values-ka.arsc.flat
Compiling XML table /home/runner/work/Weft/Weft/android/sample-app/build/intermediates/incremental/release/mergeReleaseResources/merged.dir/values-ca/values-ca.xml to /home/runner/work/Weft/Weft/android/sample-app/build/intermediates/merged_res/release/mergeReleaseResources/values-ca_values-ca.arsc.flat
Compiling XML table /home/runner/work/Weft/Weft/android/sample-app/build/intermediates/incremental/release/mergeReleaseResources/merged.dir/values-af/values-af.xml to /home/runner/work/Weft/Weft/android/sample-app/build/intermediates/merged_res/release/mergeReleaseResources/values-af_values-af.arsc.flat
Compiling XML table /home/runner/work/Weft/Weft/android/sample-app/build/intermediates/incremental/release/mergeReleaseResources/merged.dir/values-sv/values-sv.xml to /home/runner/work/Weft/Weft/android/sample-app/build/intermediates/merged_res/release/mergeReleaseResources/values-sv_values-sv.arsc.flat
Compiling XML table /home/runner/work/Weft/Weft/android/sample-app/build/intermediates/incremental/release/mergeReleaseResources/merged.dir/values-el/values-el.xml to /home/runner/work/Weft/Weft/android/sample-app/build/intermediates/merged_res/release/mergeReleaseResources/values-el_values-el.arsc.flat
Compiling XML table /home/runner/work/Weft/Weft/android/sample-app/build/intermediates/incremental/release/mergeReleaseResources/merged.dir/values-sq/values-sq.xml to /home/runner/work/Weft/Weft/android/sample-app/build/intermediates/merged_res/release/mergeReleaseResources/values-sq_values-sq.arsc.flat
Compiling XML table /home/runner/work/Weft/Weft/android/sample-app/build/intermediates/incremental/release/mergeReleaseResources/merged.dir/values-sw/values-sw.xml to /home/runner/work/Weft/Weft/android/sample-app/build/intermediates/merged_res/release/mergeReleaseResources/values-sw_values-sw.arsc.flat
Compiling XML table /home/runner/work/Weft/Weft/android/sample-app/build/intermediates/incremental/release/mergeReleaseResources/merged.dir/values-it/values-it.xml to /home/runner/work/Weft/Weft/android/sample-app/build/intermediates/merged_res/release/mergeReleaseResources/values-it_values-it.arsc.flat
Compiling XML table /home/runner/work/Weft/Weft/android/sample-app/build/intermediates/incremental/release/mergeReleaseResources/merged.dir/values-b+sr+Latn/values-b+sr+Latn.xml to /home/runner/work/Weft/Weft/android/sample-app/build/intermediates/merged_res/release/mergeReleaseResources/values-b+sr+Latn_values-b+sr+Latn.arsc.flat
Compiling XML table /home/runner/work/Weft/Weft/android/sample-app/build/intermediates/incremental/release/mergeReleaseResources/merged.dir/values-km/values-km.xml to /home/runner/work/Weft/Weft/android/sample-app/build/intermediates/merged_res/release/mergeReleaseResources/values-km_values-km.arsc.flat
Compiling XML table /home/runner/work/Weft/Weft/android/sample-app/build/intermediates/incremental/release/mergeReleaseResources/merged.dir/values-gu/values-gu.xml to /home/runner/work/Weft/Weft/android/sample-app/build/intermediates/merged_res/release/mergeReleaseResources/values-gu_values-gu.arsc.flat
Compiling XML table /home/runner/work/Weft/Weft/android/sample-app/build/intermediates/incremental/release/mergeReleaseResources/merged.dir/values-ko/values-ko.xml to /home/runner/work/Weft/Weft/android/sample-app/build/intermediates/merged_res/release/mergeReleaseResources/values-ko_values-ko.arsc.flat
Compiling XML table /home/runner/work/Weft/Weft/android/sample-app/build/intermediates/incremental/release/mergeReleaseResources/merged.dir/values-ar/values-ar.xml to /home/runner/work/Weft/Weft/android/sample-app/build/intermediates/merged_res/release/mergeReleaseResources/values-ar_values-ar.arsc.flat
Compiling XML table /home/runner/work/Weft/Weft/android/sample-app/build/intermediates/incremental/release/mergeReleaseResources/merged.dir/values-pa/values-pa.xml to /home/runner/work/Weft/Weft/android/sample-app/build/intermediates/merged_res/release/mergeReleaseResources/values-pa_values-pa.arsc.flat
Compiling XML table /home/runner/work/Weft/Weft/android/sample-app/build/intermediates/incremental/release/mergeReleaseResources/merged.dir/values-da/values-da.xml to /home/runner/work/Weft/Weft/android/sample-app/build/intermediates/merged_res/release/mergeReleaseResources/values-da_values-da.arsc.flat
Compiling XML table /home/runner/work/Weft/Weft/android/sample-app/build/intermediates/incremental/release/mergeReleaseResources/merged.dir/values-ky/values-ky.xml to /home/runner/work/Weft/Weft/android/sample-app/build/intermediates/merged_res/release/mergeReleaseResources/values-ky_values-ky.arsc.flat
Compiling XML table /home/runner/work/Weft/Weft/android/sample-app/build/intermediates/incremental/release/mergeReleaseResources/merged.dir/values-v21/values-v21.xml to /home/runner/work/Weft/Weft/android/sample-app/build/intermediates/merged_res/release/mergeReleaseResources/values-v21_values-v21.arsc.flat
Compiling XML table /home/runner/work/Weft/Weft/android/sample-app/build/intermediates/incremental/release/mergeReleaseResources/merged.dir/values-az/values-az.xml to /home/runner/work/Weft/Weft/android/sample-app/build/intermediates/merged_res/release/mergeReleaseResources/values-az_values-az.arsc.flat
Compiling XML table /home/runner/work/Weft/Weft/android/sample-app/build/intermediates/incremental/release/mergeReleaseResources/merged.dir/values-te/values-te.xml to /home/runner/work/Weft/Weft/android/sample-app/build/intermediates/merged_res/release/mergeReleaseResources/values-te_values-te.arsc.flat
Compiling XML table /home/runner/work/Weft/Weft/android/sample-app/build/intermediates/incremental/release/mergeReleaseResources/merged.dir/values-pl/values-pl.xml to /home/runner/work/Weft/Weft/android/sample-app/build/intermediates/merged_res/release/mergeReleaseResources/values-pl_values-pl.arsc.flat
Compiling XML table /home/runner/work/Weft/Weft/android/sample-app/build/intermediates/incremental/release/mergeReleaseResources/merged.dir/values-ro/values-ro.xml to /home/runner/work/Weft/Weft/android/sample-app/build/intermediates/merged_res/release/mergeReleaseResources/values-ro_values-ro.arsc.flat
Compiling XML table /home/runner/work/Weft/Weft/android/sample-app/build/intermediates/incremental/release/mergeReleaseResources/merged.dir/values-ru/values-ru.xml to /home/runner/work/Weft/Weft/android/sample-app/build/intermediates/merged_res/release/mergeReleaseResources/values-ru_values-ru.arsc.flat
Compiling XML table /home/runner/work/Weft/Weft/android/sample-app/build/intermediates/incremental/release/mergeReleaseResources/merged.dir/values-fr/values-fr.xml to /home/runner/work/Weft/Weft/android/sample-app/build/intermediates/merged_res/release/mergeReleaseResources/values-fr_values-fr.arsc.flat
Compiling XML table /home/runner/work/Weft/Weft/android/sample-app/build/intermediates/incremental/release/mergeReleaseResources/merged.dir/values-v30/values-v30.xml to /home/runner/work/Weft/Weft/android/sample-app/build/intermediates/merged_res/release/mergeReleaseResources/values-v30_values-v30.arsc.flat
Compiling XML table /home/runner/work/Weft/Weft/android/sample-app/build/intermediates/incremental/release/mergeReleaseResources/merged.dir/values-sk/values-sk.xml to /home/runner/work/Weft/Weft/android/sample-app/build/intermediates/merged_res/release/mergeReleaseResources/values-sk_values-sk.arsc.flat
Compiling XML table /home/runner/work/Weft/Weft/android/sample-app/build/intermediates/incremental/release/mergeReleaseResources/merged.dir/values-sr/values-sr.xml to /home/runner/work/Weft/Weft/android/sample-app/build/intermediates/merged_res/release/mergeReleaseResources/values-sr_values-sr.arsc.flat
Compiling XML table /home/runner/work/Weft/Weft/android/sample-app/build/intermediates/incremental/release/mergeReleaseResources/merged.dir/values-kn/values-kn.xml to /home/runner/work/Weft/Weft/android/sample-app/build/intermediates/merged_res/release/mergeReleaseResources/values-kn_values-kn.arsc.flat
Compiling XML table /home/runner/work/Weft/Weft/android/sample-app/build/intermediates/incremental/release/mergeReleaseResources/merged.dir/values-gl/values-gl.xml to /home/runner/work/Weft/Weft/android/sample-app/build/intermediates/merged_res/release/mergeReleaseResources/values-gl_values-gl.arsc.flat
Compiling XML table /home/runner/work/Weft/Weft/android/sample-app/build/intermediates/incremental/release/mergeReleaseResources/merged.dir/values-pt-rBR/values-pt-rBR.xml to /home/runner/work/Weft/Weft/android/sample-app/build/intermediates/merged_res/release/mergeReleaseResources/values-pt-rBR_values-pt-rBR.arsc.flat
Compiling XML table /home/runner/work/Weft/Weft/android/sample-app/build/intermediates/incremental/release/mergeReleaseResources/merged.dir/values-th/values-th.xml to /home/runner/work/Weft/Weft/android/sample-app/build/intermediates/merged_res/release/mergeReleaseResources/values-th_values-th.arsc.flat
Compiling XML table /home/runner/work/Weft/Weft/android/sample-app/build/intermediates/incremental/release/mergeReleaseResources/merged.dir/values-tr/values-tr.xml to /home/runner/work/Weft/Weft/android/sample-app/build/intermediates/merged_res/release/mergeReleaseResources/values-tr_values-tr.arsc.flat
Compiling XML table /home/runner/work/Weft/Weft/android/sample-app/build/intermediates/incremental/release/mergeReleaseResources/merged.dir/values-lo/values-lo.xml to /home/runner/work/Weft/Weft/android/sample-app/build/intermediates/merged_res/release/mergeReleaseResources/values-lo_values-lo.arsc.flat
Compiling XML table /home/runner/work/Weft/Weft/android/sample-app/build/intermediates/incremental/release/mergeReleaseResources/merged.dir/values-hr/values-hr.xml to /home/runner/work/Weft/Weft/android/sample-app/build/intermediates/merged_res/release/mergeReleaseResources/values-hr_values-hr.arsc.flat
Compiling XML table /home/runner/work/Weft/Weft/android/sample-app/build/intermediates/incremental/release/mergeReleaseResources/merged.dir/values-uk/values-uk.xml to /home/runner/work/Weft/Weft/android/sample-app/build/intermediates/merged_res/release/mergeReleaseResources/values-uk_values-uk.arsc.flat
Compiling XML table /home/runner/work/Weft/Weft/android/sample-app/build/intermediates/incremental/release/mergeReleaseResources/merged.dir/values-mn/values-mn.xml to /home/runner/work/Weft/Weft/android/sample-app/build/intermediates/merged_res/release/mergeReleaseResources/values-mn_values-mn.arsc.flat
Compiling XML table /home/runner/work/Weft/Weft/android/sample-app/build/intermediates/incremental/release/mergeReleaseResources/merged.dir/values-fr-rCA/values-fr-rCA.xml to /home/runner/work/Weft/Weft/android/sample-app/build/intermediates/merged_res/release/mergeReleaseResources/values-fr-rCA_values-fr-rCA.arsc.flat
Compiling XML table /home/runner/work/Weft/Weft/android/sample-app/build/intermediates/incremental/release/mergeReleaseResources/merged.dir/values-zh-rTW/values-zh-rTW.xml to /home/runner/work/Weft/Weft/android/sample-app/build/intermediates/merged_res/release/mergeReleaseResources/values-zh-rTW_values-zh-rTW.arsc.flat
Compiling XML table /home/runner/work/Weft/Weft/android/sample-app/build/intermediates/incremental/release/mergeReleaseResources/merged.dir/values-my/values-my.xml to /home/runner/work/Weft/Weft/android/sample-app/build/intermediates/merged_res/release/mergeReleaseResources/values-my_values-my.arsc.flat
Compiling XML table /home/runner/work/Weft/Weft/android/sample-app/build/intermediates/incremental/release/mergeReleaseResources/merged.dir/values-es/values-es.xml to /home/runner/work/Weft/Weft/android/sample-app/build/intermediates/merged_res/release/mergeReleaseResources/values-es_values-es.arsc.flat
Compiling XML table /home/runner/work/Weft/Weft/android/sample-app/build/intermediates/incremental/release/mergeReleaseResources/merged.dir/values-as/values-as.xml to /home/runner/work/Weft/Weft/android/sample-app/build/intermediates/merged_res/release/mergeReleaseResources/values-as_values-as.arsc.flat
Compiling XML table /home/runner/work/Weft/Weft/android/sample-app/build/intermediates/incremental/release/mergeReleaseResources/merged.dir/values-es-rUS/values-es-rUS.xml to /home/runner/work/Weft/Weft/android/sample-app/build/intermediates/merged_res/release/mergeReleaseResources/values-es-rUS_values-es-rUS.arsc.flat
Compiling XML table /home/runner/work/Weft/Weft/android/sample-app/build/intermediates/incremental/release/mergeReleaseResources/merged.dir/values-pt-rPT/values-pt-rPT.xml to /home/runner/work/Weft/Weft/android/sample-app/build/intermediates/merged_res/release/mergeReleaseResources/values-pt-rPT_values-pt-rPT.arsc.flat
Compiling XML table /home/runner/work/Weft/Weft/android/sample-app/build/intermediates/incremental/release/mergeReleaseResources/merged.dir/values-nl/values-nl.xml to /home/runner/work/Weft/Weft/android/sample-app/build/intermediates/merged_res/release/mergeReleaseResources/values-nl_values-nl.arsc.flat
Compiling XML table /home/runner/work/Weft/Weft/android/sample-app/build/intermediates/incremental/release/mergeReleaseResources/merged.dir/values-fi/values-fi.xml to /home/runner/work/Weft/Weft/android/sample-app/build/intermediates/merged_res/release/mergeReleaseResources/values-fi_values-fi.arsc.flat
Compiling XML table /home/runner/work/Weft/Weft/android/sample-app/build/intermediates/incremental/release/mergeReleaseResources/merged.dir/values-bn/values-bn.xml to /home/runner/work/Weft/Weft/android/sample-app/build/intermediates/merged_res/release/mergeReleaseResources/values-bn_values-bn.arsc.flat
Compiling XML table /home/runner/work/Weft/Weft/android/sample-app/build/intermediates/incremental/release/mergeReleaseResources/merged.dir/values-en-rGB/values-en-rGB.xml to /home/runner/work/Weft/Weft/android/sample-app/build/intermediates/merged_res/release/mergeReleaseResources/values-en-rGB_values-en-rGB.arsc.flat
Compiling XML table /home/runner/work/Weft/Weft/android/sample-app/build/intermediates/incremental/release/mergeReleaseResources/merged.dir/values-sl/values-sl.xml to /home/runner/work/Weft/Weft/android/sample-app/build/intermediates/merged_res/release/mergeReleaseResources/values-sl_values-sl.arsc.flat
Compiling XML table /home/runner/work/Weft/Weft/android/sample-app/build/intermediates/incremental/release/mergeReleaseResources/merged.dir/values-kk/values-kk.xml to /home/runner/work/Weft/Weft/android/sample-app/build/intermediates/merged_res/release/mergeReleaseResources/values-kk_values-kk.arsc.flat
Compiling XML table /home/runner/work/Weft/Weft/android/sample-app/build/intermediates/incremental/release/mergeReleaseResources/merged.dir/values-or/values-or.xml to /home/runner/work/Weft/Weft/android/sample-app/build/intermediates/merged_res/release/mergeReleaseResources/values-or_values-or.arsc.flat
Compiling XML table /home/runner/work/Weft/Weft/android/sample-app/build/intermediates/incremental/release/mergeReleaseResources/merged.dir/values-ta/values-ta.xml to /home/runner/work/Weft/Weft/android/sample-app/build/intermediates/merged_res/release/mergeReleaseResources/values-ta_values-ta.arsc.flat
Compiling XML table /home/runner/work/Weft/Weft/android/sample-app/build/intermediates/incremental/release/mergeReleaseResources/merged.dir/values-cs/values-cs.xml to /home/runner/work/Weft/Weft/android/sample-app/build/intermediates/merged_res/release/mergeReleaseResources/values-cs_values-cs.arsc.flat
Compiling XML table /home/runner/work/Weft/Weft/android/sample-app/build/intermediates/incremental/release/mergeReleaseResources/merged.dir/values-tl/values-tl.xml to /home/runner/work/Weft/Weft/android/sample-app/build/intermediates/merged_res/release/mergeReleaseResources/values-tl_values-tl.arsc.flat
Compiling XML table /home/runner/work/Weft/Weft/android/sample-app/build/intermediates/incremental/release/mergeReleaseResources/merged.dir/values-en-rAU/values-en-rAU.xml to /home/runner/work/Weft/Weft/android/sample-app/build/intermediates/merged_res/release/mergeReleaseResources/values-en-rAU_values-en-rAU.arsc.flat
Resolve mutations for :weft-compose:generateReleaseRFile (Thread[Execution worker Thread 3,5,main]) started.
:weft-compose:generateReleaseRFile (Thread[Execution worker Thread 3,5,main]) started.
Resolve mutations for :weft-core:compileReleaseLibraryResources (Thread[Execution worker Thread 2,5,main]) started.
:weft-core:compileReleaseLibraryResources (Thread[Execution worker Thread 2,5,main]) started.

> Task :sample-app:processReleaseManifestForPackage
Custom actions are attached to task ':sample-app:processReleaseManifestForPackage'.
Caching disabled for task ':sample-app:processReleaseManifestForPackage' because:
  Build cache is disabled
Task ':sample-app:processReleaseManifestForPackage' is not up-to-date because:
  No history is available.
Resolve mutations for :weft-core:parseReleaseLocalResources (Thread[included builds,5,main]) started.
:weft-core:parseReleaseLocalResources (Thread[included builds,5,main]) started.

> Task :weft-core:compileReleaseLibraryResources
Caching disabled for task ':weft-core:compileReleaseLibraryResources' because:
  Build cache is disabled
Task ':weft-core:compileReleaseLibraryResources' is not up-to-date because:
  No history is available.
The input changes require a full rebuild for incremental task ':weft-core:compileReleaseLibraryResources'.
work action resolve out (project :weft-core) (Thread[Execution worker Thread 2,5,main]) started.
Resolve mutations for :weft-core:javaPreCompileRelease (Thread[Execution worker Thread 2,5,main]) started.
:weft-core:javaPreCompileRelease (Thread[Execution worker Thread 2,5,main]) started.

> Task :weft-core:parseReleaseLocalResources
Transforming android.jar with PlatformAttrTransform
Transforming android.jar with PlatformAttrTransform
Caching disabled for task ':weft-core:parseReleaseLocalResources' because:
  Build cache is disabled
Task ':weft-core:parseReleaseLocalResources' is not up-to-date because:
  No history is available.
The input changes require a full rebuild for incremental task ':weft-core:parseReleaseLocalResources'.
Transforming android.jar with PlatformAttrTransform

> Task :weft-compose:generateReleaseRFile
Transforming android.jar with PlatformAttrTransform
Caching disabled for task ':weft-compose:generateReleaseRFile' because:
  Build cache is disabled
Task ':weft-compose:generateReleaseRFile' is not up-to-date because:
  No history is available.
The input changes require a full rebuild for incremental task ':weft-compose:generateReleaseRFile'.
work action resolve package-aware-r.txt (project :weft-compose) (Thread[Execution worker Thread 3,5,main]) started.
Resolve mutations for :weft-core:generateReleaseRFile (Thread[Execution worker Thread 3,5,main]) started.
:weft-core:generateReleaseRFile (Thread[Execution worker Thread 3,5,main]) started.

> Task :weft-core:javaPreCompileRelease
Caching disabled for task ':weft-core:javaPreCompileRelease' because:
  Build cache is disabled
Task ':weft-core:javaPreCompileRelease' is not up-to-date because:
  No history is available.
Resolve mutations for :weft-compose:javaPreCompileRelease (Thread[Execution worker Thread 2,5,main]) started.
:weft-compose:javaPreCompileRelease (Thread[Execution worker Thread 2,5,main]) started.
Resolve mutations for :sample-app:javaPreCompileRelease (Thread[included builds,5,main]) started.
:sample-app:javaPreCompileRelease (Thread[included builds,5,main]) started.

> Task :weft-compose:javaPreCompileRelease
Caching disabled for task ':weft-compose:javaPreCompileRelease' because:
  Build cache is disabled
Task ':weft-compose:javaPreCompileRelease' is not up-to-date because:
  No history is available.

> Task :weft-core:generateReleaseRFile
Transforming android.jar with PlatformAttrTransform
Caching disabled for task ':weft-core:generateReleaseRFile' because:
  Build cache is disabled
Task ':weft-core:generateReleaseRFile' is not up-to-date because:
  No history is available.
The input changes require a full rebuild for incremental task ':weft-core:generateReleaseRFile'.
work action resolve package-aware-r.txt (project :weft-core) (Thread[Execution worker Thread 2,5,main]) started.
Resolve mutations for :sample-app:processReleaseResources (Thread[Execution worker Thread 2,5,main]) started.

> Task :sample-app:javaPreCompileRelease
Caching disabled for task ':sample-app:javaPreCompileRelease' because:
  Build cache is disabled
Task ':sample-app:javaPreCompileRelease' is not up-to-date because:
  No history is available.
:sample-app:processReleaseResources (Thread[Execution worker Thread 2,5,main]) started.
Resolve mutations for :weft-core:compileReleaseKotlin (Thread[included builds,5,main]) started.
:weft-core:compileReleaseKotlin (Thread[included builds,5,main]) started.
Resolve mutations for :sample-app:preReleaseUnitTestBuild (Thread[Execution worker Thread 3,5,main]) started.
:sample-app:preReleaseUnitTestBuild (Thread[Execution worker Thread 3,5,main]) started.

> Task :sample-app:preReleaseUnitTestBuild UP-TO-DATE
Skipping task ':sample-app:preReleaseUnitTestBuild' as it has no actions.
Resolve mutations for :sample-app:javaPreCompileReleaseUnitTest (Thread[Execution worker Thread 3,5,main]) started.
:sample-app:javaPreCompileReleaseUnitTest (Thread[Execution worker Thread 3,5,main]) started.

> Task :sample-app:javaPreCompileReleaseUnitTest
Caching disabled for task ':sample-app:javaPreCompileReleaseUnitTest' because:
  Build cache is disabled
Task ':sample-app:javaPreCompileReleaseUnitTest' is not up-to-date because:
  No history is available.
Resolve mutations for :weft-compose:preDebugUnitTestBuild (Thread[Execution worker Thread 3,5,main]) started.
:weft-compose:preDebugUnitTestBuild (Thread[Execution worker Thread 3,5,main]) started.

> Task :weft-compose:preDebugUnitTestBuild UP-TO-DATE
Skipping task ':weft-compose:preDebugUnitTestBuild' as it has no actions.
Resolve mutations for :weft-compose:generateDebugUnitTestStubRFile (Thread[Execution worker Thread 3,5,main]) started.
:weft-compose:generateDebugUnitTestStubRFile (Thread[Execution worker Thread 3,5,main]) started.

> Task :weft-core:compileDebugKotlin
Transforming core-ktx-1.15.0.aar (androidx.core:core-ktx:1.15.0) with AarToClassTransform
Transforming core-1.15.0.aar (androidx.core:core:1.15.0) with AarToClassTransform
Transforming lifecycle-common-jvm-2.8.7.jar (androidx.lifecycle:lifecycle-common-jvm:2.8.7) with IdentityTransform
Transforming lifecycle-runtime-release.aar (androidx.lifecycle:lifecycle-runtime-android:2.8.7) with AarToClassTransform
Transforming lifecycle-viewmodel-release.aar (androidx.lifecycle:lifecycle-viewmodel-android:2.8.7) with AarToClassTransform
Transforming lifecycle-viewmodel-ktx-2.8.7.aar (androidx.lifecycle:lifecycle-viewmodel-ktx:2.8.7) with AarToClassTransform
Transforming versionedparcelable-1.1.1.aar (androidx.versionedparcelable:versionedparcelable:1.1.1) with AarToClassTransform
Transforming annotation-experimental-1.4.1.aar (androidx.annotation:annotation-experimental:1.4.1) with AarToClassTransform
Transforming core-common-2.2.0.jar (androidx.arch.core:core-common:2.2.0) with IdentityTransform
Transforming collection-jvm-1.4.2.jar (androidx.collection:collection-jvm:1.4.2) with IdentityTransform
Transforming annotation-jvm-1.8.1.jar (androidx.annotation:annotation-jvm:1.8.1) with IdentityTransform
Transforming kotlinx-coroutines-core-jvm-1.7.3.jar (org.jetbrains.kotlinx:kotlinx-coroutines-core-jvm:1.7.3) with IdentityTransform
Transforming kotlinx-coroutines-android-1.7.3.jar (org.jetbrains.kotlinx:kotlinx-coroutines-android:1.7.3) with IdentityTransform
Transforming kotlin-stdlib-jdk8-1.8.20.jar (org.jetbrains.kotlin:kotlin-stdlib-jdk8:1.8.20) with IdentityTransform
Transforming kotlin-stdlib-jdk7-1.8.20.jar (org.jetbrains.kotlin:kotlin-stdlib-jdk7:1.8.20) with IdentityTransform
Transforming kotlin-stdlib-2.1.0.jar (org.jetbrains.kotlin:kotlin-stdlib:2.1.0) with IdentityTransform
Transforming annotations-23.0.0.jar (org.jetbrains:annotations:23.0.0) with IdentityTransform
Transforming R.jar with BuildToolsApiClasspathEntrySnapshotTransform
Transforming core-ktx-1.15.0-api.jar with BuildToolsApiClasspathEntrySnapshotTransform
Transforming core-1.15.0-api.jar with BuildToolsApiClasspathEntrySnapshotTransform
Transforming lifecycle-common-jvm-2.8.7.jar with BuildToolsApiClasspathEntrySnapshotTransform
Transforming lifecycle-runtime-release-api.jar with BuildToolsApiClasspathEntrySnapshotTransform
Transforming lifecycle-viewmodel-release-api.jar with BuildToolsApiClasspathEntrySnapshotTransform
Transforming lifecycle-viewmodel-ktx-2.8.7-api.jar with BuildToolsApiClasspathEntrySnapshotTransform
Transforming versionedparcelable-1.1.1-api.jar with BuildToolsApiClasspathEntrySnapshotTransform
Transforming core-common-2.2.0.jar with BuildToolsApiClasspathEntrySnapshotTransform
Transforming collection-jvm-1.4.2.jar with BuildToolsApiClasspathEntrySnapshotTransform
Transforming annotation-jvm-1.8.1.jar with BuildToolsApiClasspathEntrySnapshotTransform
Transforming annotation-experimental-1.4.1-api.jar with BuildToolsApiClasspathEntrySnapshotTransform
Transforming kotlinx-coroutines-core-jvm-1.7.3.jar with BuildToolsApiClasspathEntrySnapshotTransform
Transforming kotlinx-coroutines-android-1.7.3.jar with BuildToolsApiClasspathEntrySnapshotTransform
Transforming kotlin-stdlib-jdk8-1.8.20.jar with BuildToolsApiClasspathEntrySnapshotTransform
Transforming kotlin-stdlib-jdk7-1.8.20.jar with BuildToolsApiClasspathEntrySnapshotTransform
Transforming kotlin-stdlib-2.1.0.jar with BuildToolsApiClasspathEntrySnapshotTransform
Transforming annotations-23.0.0.jar with BuildToolsApiClasspathEntrySnapshotTransform
Transforming android.jar with BuildToolsApiClasspathEntrySnapshotTransform
Transforming core-lambda-stubs.jar with BuildToolsApiClasspathEntrySnapshotTransform
Caching disabled for task ':weft-core:compileDebugKotlin' because:
  Build cache is disabled
Task ':weft-core:compileDebugKotlin' is not up-to-date because:
  No history is available.
The input changes require a full rebuild for incremental task ':weft-core:compileDebugKotlin'.
file or directory '/home/runner/work/Weft/Weft/android/weft-core/src/debug/kotlin', not found
file or directory '/home/runner/work/Weft/Weft/android/weft-core/src/debug/java', not found
file or directory '/home/runner/work/Weft/Weft/android/weft-core/src/debug/kotlin', not found
file or directory '/home/runner/work/Weft/Weft/android/weft-core/src/debug/kotlin', not found
file or directory '/home/runner/work/Weft/Weft/android/weft-core/src/debug/java', not found
file or directory '/home/runner/work/Weft/Weft/android/weft-core/src/main/java', not found
file or directory '/home/runner/work/Weft/Weft/android/weft-core/src/main/java', not found
file or directory '/home/runner/work/Weft/Weft/android/weft-core/src/main/java', not found
file or directory '/home/runner/work/Weft/Weft/android/weft-core/src/debug/java', not found
file or directory '/home/runner/work/Weft/Weft/android/weft-core/src/debug/kotlin', not found
file or directory '/home/runner/work/Weft/Weft/android/weft-core/src/debug/java', not found
file or directory '/home/runner/work/Weft/Weft/android/weft-core/src/debug/kotlin', not found
file or directory '/home/runner/work/Weft/Weft/android/weft-core/src/debug/kotlin', not found
file or directory '/home/runner/work/Weft/Weft/android/weft-core/src/debug/java', not found
file or directory '/home/runner/work/Weft/Weft/android/weft-core/src/debug/kotlin', not found
file or directory '/home/runner/work/Weft/Weft/android/weft-core/src/debug/java', not found
file or directory '/home/runner/work/Weft/Weft/android/weft-core/src/debug/kotlin', not found
file or directory '/home/runner/work/Weft/Weft/android/weft-core/src/debug/kotlin', not found
file or directory '/home/runner/work/Weft/Weft/android/weft-core/src/debug/java', not found
file or directory '/home/runner/work/Weft/Weft/android/weft-core/src/main/java', not found
file or directory '/home/runner/work/Weft/Weft/android/weft-core/src/main/java', not found
file or directory '/home/runner/work/Weft/Weft/android/weft-core/src/main/java', not found
file or directory '/home/runner/work/Weft/Weft/android/weft-core/src/debug/java', not found
file or directory '/home/runner/work/Weft/Weft/android/weft-core/src/debug/kotlin', not found
file or directory '/home/runner/work/Weft/Weft/android/weft-core/src/debug/java', not found
file or directory '/home/runner/work/Weft/Weft/android/weft-core/src/debug/kotlin', not found
file or directory '/home/runner/work/Weft/Weft/android/weft-core/src/debug/kotlin', not found
file or directory '/home/runner/work/Weft/Weft/android/weft-core/src/debug/java', not found
file or directory '/home/runner/work/Weft/Weft/android/weft-core/src/main/java', not found
file or directory '/home/runner/work/Weft/Weft/android/weft-core/src/main/java', not found
file or directory '/home/runner/work/Weft/Weft/android/weft-core/src/main/java', not found
file or directory '/home/runner/work/Weft/Weft/android/weft-core/src/debug/java', not found
file or directory '/home/runner/work/Weft/Weft/android/weft-core/src/debug/kotlin', not found
file or directory '/home/runner/work/Weft/Weft/android/weft-core/src/debug/java', not found
file or directory '/home/runner/work/Weft/Weft/android/weft-core/src/debug/kotlin', not found
file or directory '/home/runner/work/Weft/Weft/android/weft-core/src/debug/kotlin', not found
file or directory '/home/runner/work/Weft/Weft/android/weft-core/src/debug/java', not found
file or directory '/home/runner/work/Weft/Weft/android/weft-core/src/main/java', not found
file or directory '/home/runner/work/Weft/Weft/android/weft-core/src/main/java', not found
file or directory '/home/runner/work/Weft/Weft/android/weft-core/src/main/java', not found
file or directory '/home/runner/work/Weft/Weft/android/weft-core/src/debug/java', not found
Kotlin source files: /home/runner/work/Weft/Weft/android/weft-core/src/main/kotlin/dev/weft/Weft.kt, /home/runner/work/Weft/Weft/android/weft-core/src/main/kotlin/dev/weft/Steward.kt, /home/runner/work/Weft/Weft/android/weft-core/src/main/kotlin/dev/weft/TriadNative.kt
Java source files: 
Script source files: 
Script file extensions: 
Using Kotlin/JVM incremental compilation
[KOTLIN] Kotlin compilation 'jdkHome' argument: null
i: starting the daemon as: /usr/lib/jvm/temurin-17-jdk-amd64/bin/java -cp /home/runner/.gradle/caches/modules-2/files-2.1/org.jetbrains.kotlin/kotlin-compiler-embeddable/2.1.0/988bf980588bbbcfa1ba19c1ffd7aa869b335a31/kotlin-compiler-embeddable-2.1.0.jar:/home/runner/.gradle/caches/modules-2/files-2.1/org.jetbrains.kotlin/kotlin-stdlib/2.1.0/85f8b81009cda5890e54ba67d64b5e599c645020/kotlin-stdlib-2.1.0.jar:/home/runner/.gradle/caches/modules-2/files-2.1/org.jetbrains.kotlin/kotlin-script-runtime/2.1.0/5909da8c57b75a117714ab0e348c86101b7a3284/kotlin-script-runtime-2.1.0.jar:/home/runner/.gradle/caches/modules-2/files-2.1/org.jetbrains.kotlin/kotlin-reflect/1.6.10/1cbe9c92c12a94eea200d23c2bbaedaf3daf5132/kotlin-reflect-1.6.10.jar:/home/runner/.gradle/caches/modules-2/files-2.1/org.jetbrains.kotlin/kotlin-daemon-embeddable/2.1.0/420bae1908e4a353f5b56c3c850d24d86367b25d/kotlin-daemon-embeddable-2.1.0.jar:/home/runner/.gradle/caches/modules-2/files-2.1/org.jetbrains.intellij.deps/trove4j/1.0.20200330/3afb14d5f9ceb459d724e907a21145e8ff394f02/trove4j-1.0.20200330.jar:/home/runner/.gradle/caches/modules-2/files-2.1/org.jetbrains.kotlinx/kotlinx-coroutines-core-jvm/1.6.4/2c997cd1c0ef33f3e751d3831929aeff1390cb30/kotlinx-coroutines-core-jvm-1.6.4.jar:/home/runner/.gradle/caches/modules-2/files-2.1/org.jetbrains/annotations/13.0/919f0dfe192fb4e063e7dacadee7f8bb9a2672a9/annotations-13.0.jar -Djava.awt.headless=true -Djava.rmi.server.hostname=127.0.0.1 -Xmx2048m -XX:ReservedCodeCacheSize=320m -Dkotlin.environment.keepalive -ea -XX:+UseCodeCacheFlushing -XX:+UseParallelGC -Dkotlin.daemon.initiator.marker.file=/tmp/kotlin-compiler-in-weftandroid-8320237139339387707.alive --add-exports java.base/sun.nio.ch=ALL-UNNAMED org.jetbrains.kotlin.daemon.KotlinCompileDaemon --daemon-runFilesPath /home/runner/.kotlin/daemon --daemon-autoshutdownIdleSeconds=7200 --daemon-compilerClasspath /home/runner/.gradle/caches/modules-2/files-2.1/org.jetbrains.kotlin/kotlin-compiler-embeddable/2.1.0/988bf980588bbbcfa1ba19c1ffd7aa869b335a31/kotlin-compiler-embeddable-2.1.0.jar:/home/runner/.gradle/caches/modules-2/files-2.1/org.jetbrains.kotlin/kotlin-stdlib/2.1.0/85f8b81009cda5890e54ba67d64b5e599c645020/kotlin-stdlib-2.1.0.jar:/home/runner/.gradle/caches/modules-2/files-2.1/org.jetbrains.kotlin/kotlin-script-runtime/2.1.0/5909da8c57b75a117714ab0e348c86101b7a3284/kotlin-script-runtime-2.1.0.jar:/home/runner/.gradle/caches/modules-2/files-2.1/org.jetbrains.kotlin/kotlin-reflect/1.6.10/1cbe9c92c12a94eea200d23c2bbaedaf3daf5132/kotlin-reflect-1.6.10.jar:/home/runner/.gradle/caches/modules-2/files-2.1/org.jetbrains.kotlin/kotlin-daemon-embeddable/2.1.0/420bae1908e4a353f5b56c3c850d24d86367b25d/kotlin-daemon-embeddable-2.1.0.jar:/home/runner/.gradle/caches/modules-2/files-2.1/org.jetbrains.intellij.deps/trove4j/1.0.20200330/3afb14d5f9ceb459d724e907a21145e8ff394f02/trove4j-1.0.20200330.jar:/home/runner/.gradle/caches/modules-2/files-2.1/org.jetbrains.kotlinx/kotlinx-coroutines-core-jvm/1.6.4/2c997cd1c0ef33f3e751d3831929aeff1390cb30/kotlinx-coroutines-core-jvm-1.6.4.jar:/home/runner/.gradle/caches/modules-2/files-2.1/org.jetbrains/annotations/13.0/919f0dfe192fb4e063e7dacadee7f8bb9a2672a9/annotations-13.0.jar
i: #1 retrying connecting to the daemon 
Options for KOTLIN DAEMON: IncrementalCompilationOptions(super=CompilationOptions(compilerMode=INCREMENTAL_COMPILER, targetPlatform=JVM, reportCategories=[0, 3], reportSeverity=2, requestedCompilationResults=[0], kotlinScriptExtensions=[]), areFileChangesKnown=false, modifiedFiles=null, deletedFiles=null, classpathChanges=NotAvailableForNonIncrementalRun, workingDir=/home/runner/work/Weft/Weft/android/weft-core/build/kotlin/compileDebugKotlin/cacheable, multiModuleICSettings=MultiModuleICSettings(buildHistoryFile=/home/runner/work/Weft/Weft/android/weft-core/build/kotlin/compileDebugKotlin/local-state/build-history.bin, useModuleDetection=true), usePreciseJavaTracking=true, icFeatures=IncrementalCompilationFeatures(withAbiSnapshot=false, preciseCompilationResultsBackup=true, keepIncrementalCompilationCachesInMemory=true, enableUnsafeIncrementalCompilationForMultiplatform=false), outputFiles=[/home/runner/work/Weft/Weft/android/weft-core/build/tmp/kotlin-classes/debug, /home/runner/work/Weft/Weft/android/weft-core/build/kotlin/compileDebugKotlin/cacheable, /home/runner/work/Weft/Weft/android/weft-core/build/kotlin/compileDebugKotlin/local-state])

> Task :weft-compose:generateDebugUnitTestStubRFile
Transforming ui-util-release.aar (androidx.compose.ui:ui-util-android:1.7.6) with ExtractAarTransform
Transforming ui-util-release.aar (androidx.compose.ui:ui-util-android:1.7.6) with LibrarySymbolTableTransform
Transforming ui-unit-release.aar (androidx.compose.ui:ui-unit-android:1.7.6) with ExtractAarTransform
Transforming ui-unit-release.aar (androidx.compose.ui:ui-unit-android:1.7.6) with LibrarySymbolTableTransform
Transforming ui-graphics-release.aar (androidx.compose.ui:ui-graphics-android:1.7.6) with ExtractAarTransform
Transforming ui-graphics-release.aar (androidx.compose.ui:ui-graphics-android:1.7.6) with LibrarySymbolTableTransform
Transforming ui-geometry-release.aar (androidx.compose.ui:ui-geometry-android:1.7.6) with ExtractAarTransform
Transforming ui-geometry-release.aar (androidx.compose.ui:ui-geometry-android:1.7.6) with LibrarySymbolTableTransform
Transforming ui-text-release.aar (androidx.compose.ui:ui-text-android:1.7.6) with ExtractAarTransform
Transforming ui-text-release.aar (androidx.compose.ui:ui-text-android:1.7.6) with LibrarySymbolTableTransform
Transforming savedstate-ktx-1.2.1.aar (androidx.savedstate:savedstate-ktx:1.2.1) with ExtractAarTransform
Transforming savedstate-ktx-1.2.1.aar (androidx.savedstate:savedstate-ktx:1.2.1) with LibrarySymbolTableTransform
Transforming savedstate-1.2.1.aar (androidx.savedstate:savedstate:1.2.1) with ExtractAarTransform
Transforming savedstate-1.2.1.aar (androidx.savedstate:savedstate:1.2.1) with LibrarySymbolTableTransform
Transforming lifecycle-runtime-ktx-release.aar (androidx.lifecycle:lifecycle-runtime-ktx-android:2.8.7) with ExtractAarTransform
Transforming lifecycle-runtime-ktx-release.aar (androidx.lifecycle:lifecycle-runtime-ktx-android:2.8.7) with LibrarySymbolTableTransform
Transforming lifecycle-livedata-core-2.8.7.aar (androidx.lifecycle:lifecycle-livedata-core:2.8.7) with ExtractAarTransform
Transforming lifecycle-livedata-core-2.8.7.aar (androidx.lifecycle:lifecycle-livedata-core:2.8.7) with LibrarySymbolTableTransform
Transforming lifecycle-runtime-compose-release.aar (androidx.lifecycle:lifecycle-runtime-compose-android:2.8.7) with ExtractAarTransform
Transforming lifecycle-runtime-compose-release.aar (androidx.lifecycle:lifecycle-runtime-compose-android:2.8.7) with LibrarySymbolTableTransform
Transforming lifecycle-process-2.8.7.aar (androidx.lifecycle:lifecycle-process:2.8.7) with ExtractAarTransform
Transforming lifecycle-process-2.8.7.aar (androidx.lifecycle:lifecycle-process:2.8.7) with LibrarySymbolTableTransform
Transforming lifecycle-runtime-release.aar (androidx.lifecycle:lifecycle-runtime-android:2.8.7) with ExtractAarTransform
Transforming lifecycle-runtime-release.aar (androidx.lifecycle:lifecycle-runtime-android:2.8.7) with LibrarySymbolTableTransform
Transforming lifecycle-viewmodel-release.aar (androidx.lifecycle:lifecycle-viewmodel-android:2.8.7) with ExtractAarTransform
Transforming lifecycle-viewmodel-release.aar (androidx.lifecycle:lifecycle-viewmodel-android:2.8.7) with LibrarySymbolTableTransform
Transforming lifecycle-viewmodel-savedstate-2.8.7.aar (androidx.lifecycle:lifecycle-viewmodel-savedstate:2.8.7) with ExtractAarTransform
Transforming lifecycle-viewmodel-savedstate-2.8.7.aar (androidx.lifecycle:lifecycle-viewmodel-savedstate:2.8.7) with LibrarySymbolTableTransform
Transforming lifecycle-viewmodel-ktx-2.8.7.aar (androidx.lifecycle:lifecycle-viewmodel-ktx:2.8.7) with ExtractAarTransform
Transforming lifecycle-viewmodel-ktx-2.8.7.aar (androidx.lifecycle:lifecycle-viewmodel-ktx:2.8.7) with LibrarySymbolTableTransform
Transforming lifecycle-viewmodel-compose-release.aar (androidx.lifecycle:lifecycle-viewmodel-compose-android:2.8.7) with ExtractAarTransform
Transforming lifecycle-viewmodel-compose-release.aar (androidx.lifecycle:lifecycle-viewmodel-compose-android:2.8.7) with LibrarySymbolTableTransform
Transforming ui-release.aar (androidx.compose.ui:ui-android:1.7.6) with ExtractAarTransform
Transforming ui-release.aar (androidx.compose.ui:ui-android:1.7.6) with LibrarySymbolTableTransform
Transforming autofill-1.0.0.aar (androidx.autofill:autofill:1.0.0) with ExtractAarTransform
Transforming autofill-1.0.0.aar (androidx.autofill:autofill:1.0.0) with LibrarySymbolTableTransform
Transforming graphics-path-1.0.1.aar (androidx.graphics:graphics-path:1.0.1) with ExtractAarTransform
Transforming graphics-path-1.0.1.aar (androidx.graphics:graphics-path:1.0.1) with LibrarySymbolTableTransform
Transforming core-1.15.0.aar (androidx.core:core:1.15.0) with ExtractAarTransform
Transforming core-1.15.0.aar (androidx.core:core:1.15.0) with LibrarySymbolTableTransform
Transforming core-1.15.0.aar (androidx.core:core:1.15.0) with ExtractAarTransform
Transforming core-1.15.0.aar (androidx.core:core:1.15.0) with LibrarySymbolTableTransform
Transforming customview-poolingcontainer-1.0.0.aar (androidx.customview:customview-poolingcontainer:1.0.0) with ExtractAarTransform
Transforming customview-poolingcontainer-1.0.0.aar (androidx.customview:customview-poolingcontainer:1.0.0) with LibrarySymbolTableTransform
Transforming core-ktx-1.15.0.aar (androidx.core:core-ktx:1.15.0) with ExtractAarTransform
Transforming core-ktx-1.15.0.aar (androidx.core:core-ktx:1.15.0) with LibrarySymbolTableTransform
Transforming runtime-saveable-release.aar (androidx.compose.runtime:runtime-saveable-android:1.7.6) with ExtractAarTransform
Transforming runtime-saveable-release.aar (androidx.compose.runtime:runtime-saveable-android:1.7.6) with LibrarySymbolTableTransform
Transforming runtime-release.aar (androidx.compose.runtime:runtime-android:1.7.6) with ExtractAarTransform
Transforming runtime-release.aar (androidx.compose.runtime:runtime-android:1.7.6) with LibrarySymbolTableTransform
Transforming core-runtime-2.2.0.aar (androidx.arch.core:core-runtime:2.2.0) with ExtractAarTransform
Transforming core-runtime-2.2.0.aar (androidx.arch.core:core-runtime:2.2.0) with LibrarySymbolTableTransform
Transforming interpolator-1.0.0.aar (androidx.interpolator:interpolator:1.0.0) with ExtractAarTransform
Transforming interpolator-1.0.0.aar (androidx.interpolator:interpolator:1.0.0) with LibrarySymbolTableTransform
Transforming profileinstaller-1.3.1.aar (androidx.profileinstaller:profileinstaller:1.3.1) with ExtractAarTransform
Transforming profileinstaller-1.3.1.aar (androidx.profileinstaller:profileinstaller:1.3.1) with LibrarySymbolTableTransform
Transforming startup-runtime-1.1.1.aar (androidx.startup:startup-runtime:1.1.1) with ExtractAarTransform
Transforming startup-runtime-1.1.1.aar (androidx.startup:startup-runtime:1.1.1) with LibrarySymbolTableTransform
Transforming tracing-1.2.0.aar (androidx.tracing:tracing:1.2.0) with ExtractAarTransform
Transforming tracing-1.2.0.aar (androidx.tracing:tracing:1.2.0) with LibrarySymbolTableTransform
Transforming versionedparcelable-1.1.1.aar (androidx.versionedparcelable:versionedparcelable:1.1.1) with ExtractAarTransform
Transforming versionedparcelable-1.1.1.aar (androidx.versionedparcelable:versionedparcelable:1.1.1) with LibrarySymbolTableTransform
Transforming annotation-experimental-1.4.1.aar (androidx.annotation:annotation-experimental:1.4.1) with ExtractAarTransform
Transforming annotation-experimental-1.4.1.aar (androidx.annotation:annotation-experimental:1.4.1) with LibrarySymbolTableTransform
Transforming emoji2-1.2.0.aar (androidx.emoji2:emoji2:1.2.0) with ExtractAarTransform
Transforming emoji2-1.2.0.aar (androidx.emoji2:emoji2:1.2.0) with LibrarySymbolTableTransform
Transforming activity-1.7.0.aar (androidx.activity:activity:1.7.0) with ExtractAarTransform
Transforming activity-1.7.0.aar (androidx.activity:activity:1.7.0) with LibrarySymbolTableTransform
Transforming core-testing-2.2.0.aar (androidx.arch.core:core-testing:2.2.0) with ExtractAarTransform
Transforming core-testing-2.2.0.aar (androidx.arch.core:core-testing:2.2.0) with LibrarySymbolTableTransform
Transforming activity-ktx-1.7.0.aar (androidx.activity:activity-ktx:1.7.0) with ExtractAarTransform
Transforming activity-ktx-1.7.0.aar (androidx.activity:activity-ktx:1.7.0) with LibrarySymbolTableTransform
Transforming android.jar with PlatformAttrTransform
Caching disabled for task ':weft-compose:generateDebugUnitTestStubRFile' because:
  Build cache is disabled
Task ':weft-compose:generateDebugUnitTestStubRFile' is not up-to-date because:
  No history is available.
The input changes require a full rebuild for incremental task ':weft-compose:generateDebugUnitTestStubRFile'.
Resolve mutations for :weft-compose:javaPreCompileDebugUnitTest (Thread[Execution worker Thread 3,5,main]) started.
:weft-compose:javaPreCompileDebugUnitTest (Thread[Execution worker Thread 3,5,main]) started.

> Task :weft-compose:javaPreCompileDebugUnitTest
Caching disabled for task ':weft-compose:javaPreCompileDebugUnitTest' because:
  Build cache is disabled
Task ':weft-compose:javaPreCompileDebugUnitTest' is not up-to-date because:
  No history is available.
Resolve mutations for :weft-compose:preReleaseUnitTestBuild (Thread[Execution worker Thread 3,5,main]) started.
:weft-compose:preReleaseUnitTestBuild (Thread[Execution worker Thread 3,5,main]) started.

> Task :weft-compose:preReleaseUnitTestBuild UP-TO-DATE
Skipping task ':weft-compose:preReleaseUnitTestBuild' as it has no actions.
Resolve mutations for :weft-compose:generateReleaseUnitTestStubRFile (Thread[Execution worker Thread 3,5,main]) started.
:weft-compose:generateReleaseUnitTestStubRFile (Thread[Execution worker Thread 3,5,main]) started.

> Task :weft-compose:generateReleaseUnitTestStubRFile
Transforming android.jar with PlatformAttrTransform
Caching disabled for task ':weft-compose:generateReleaseUnitTestStubRFile' because:
  Build cache is disabled
Task ':weft-compose:generateReleaseUnitTestStubRFile' is not up-to-date because:
  No history is available.
The input changes require a full rebuild for incremental task ':weft-compose:generateReleaseUnitTestStubRFile'.
Resolve mutations for :weft-compose:javaPreCompileReleaseUnitTest (Thread[Execution worker Thread 3,5,main]) started.
:weft-compose:javaPreCompileReleaseUnitTest (Thread[Execution worker Thread 3,5,main]) started.

> Task :weft-compose:javaPreCompileReleaseUnitTest
Caching disabled for task ':weft-compose:javaPreCompileReleaseUnitTest' because:
  Build cache is disabled
Task ':weft-compose:javaPreCompileReleaseUnitTest' is not up-to-date because:
  No history is available.
Resolve mutations for :weft-core:preDebugUnitTestBuild (Thread[Execution worker Thread 3,5,main]) started.
:weft-core:preDebugUnitTestBuild (Thread[Execution worker Thread 3,5,main]) started.

> Task :weft-core:preDebugUnitTestBuild UP-TO-DATE
Skipping task ':weft-core:preDebugUnitTestBuild' as it has no actions.
Resolve mutations for :weft-core:generateDebugUnitTestStubRFile (Thread[Execution worker Thread 3,5,main]) started.
:weft-core:generateDebugUnitTestStubRFile (Thread[Execution worker Thread 3,5,main]) started.

> Task :weft-core:generateDebugUnitTestStubRFile
Transforming core-testing-2.2.0.aar (androidx.arch.core:core-testing:2.2.0) with ExtractAarTransform
Transforming core-testing-2.2.0.aar (androidx.arch.core:core-testing:2.2.0) with LibrarySymbolTableTransform
Transforming core-1.15.0.aar (androidx.core:core:1.15.0) with ExtractAarTransform
Transforming core-1.15.0.aar (androidx.core:core:1.15.0) with LibrarySymbolTableTransform
Transforming core-ktx-1.15.0.aar (androidx.core:core-ktx:1.15.0) with ExtractAarTransform
Transforming core-ktx-1.15.0.aar (androidx.core:core-ktx:1.15.0) with LibrarySymbolTableTransform
Transforming lifecycle-runtime-release.aar (androidx.lifecycle:lifecycle-runtime-android:2.8.7) with ExtractAarTransform
Transforming lifecycle-runtime-release.aar (androidx.lifecycle:lifecycle-runtime-android:2.8.7) with LibrarySymbolTableTransform
Transforming lifecycle-viewmodel-release.aar (androidx.lifecycle:lifecycle-viewmodel-android:2.8.7) with ExtractAarTransform
Transforming lifecycle-viewmodel-release.aar (androidx.lifecycle:lifecycle-viewmodel-android:2.8.7) with LibrarySymbolTableTransform
Transforming lifecycle-viewmodel-ktx-2.8.7.aar (androidx.lifecycle:lifecycle-viewmodel-ktx:2.8.7) with ExtractAarTransform
Transforming lifecycle-viewmodel-ktx-2.8.7.aar (androidx.lifecycle:lifecycle-viewmodel-ktx:2.8.7) with LibrarySymbolTableTransform
Transforming core-runtime-2.2.0.aar (androidx.arch.core:core-runtime:2.2.0) with ExtractAarTransform
Transforming core-runtime-2.2.0.aar (androidx.arch.core:core-runtime:2.2.0) with LibrarySymbolTableTransform
Transforming interpolator-1.0.0.aar (androidx.interpolator:interpolator:1.0.0) with ExtractAarTransform
Transforming interpolator-1.0.0.aar (androidx.interpolator:interpolator:1.0.0) with LibrarySymbolTableTransform
Transforming profileinstaller-1.3.1.aar (androidx.profileinstaller:profileinstaller:1.3.1) with ExtractAarTransform
Transforming profileinstaller-1.3.1.aar (androidx.profileinstaller:profileinstaller:1.3.1) with LibrarySymbolTableTransform
Transforming startup-runtime-1.1.1.aar (androidx.startup:startup-runtime:1.1.1) with ExtractAarTransform
Transforming startup-runtime-1.1.1.aar (androidx.startup:startup-runtime:1.1.1) with LibrarySymbolTableTransform
Transforming tracing-1.2.0.aar (androidx.tracing:tracing:1.2.0) with ExtractAarTransform
Transforming tracing-1.2.0.aar (androidx.tracing:tracing:1.2.0) with LibrarySymbolTableTransform
Transforming versionedparcelable-1.1.1.aar (androidx.versionedparcelable:versionedparcelable:1.1.1) with ExtractAarTransform
Transforming versionedparcelable-1.1.1.aar (androidx.versionedparcelable:versionedparcelable:1.1.1) with LibrarySymbolTableTransform
Transforming annotation-experimental-1.4.1.aar (androidx.annotation:annotation-experimental:1.4.1) with ExtractAarTransform
Transforming annotation-experimental-1.4.1.aar (androidx.annotation:annotation-experimental:1.4.1) with LibrarySymbolTableTransform
Transforming android.jar with PlatformAttrTransform
Caching disabled for task ':weft-core:generateDebugUnitTestStubRFile' because:
  Build cache is disabled
Task ':weft-core:generateDebugUnitTestStubRFile' is not up-to-date because:
  No history is available.
The input changes require a full rebuild for incremental task ':weft-core:generateDebugUnitTestStubRFile'.
Resolve mutations for :weft-core:javaPreCompileDebugUnitTest (Thread[Execution worker Thread 3,5,main]) started.
:weft-core:javaPreCompileDebugUnitTest (Thread[Execution worker Thread 3,5,main]) started.

> Task :weft-core:javaPreCompileDebugUnitTest
Caching disabled for task ':weft-core:javaPreCompileDebugUnitTest' because:
  Build cache is disabled
Task ':weft-core:javaPreCompileDebugUnitTest' is not up-to-date because:
  No history is available.
Resolve mutations for :weft-core:preReleaseUnitTestBuild (Thread[Execution worker Thread 3,5,main]) started.
:weft-core:preReleaseUnitTestBuild (Thread[Execution worker Thread 3,5,main]) started.

> Task :weft-core:preReleaseUnitTestBuild UP-TO-DATE
Skipping task ':weft-core:preReleaseUnitTestBuild' as it has no actions.
Resolve mutations for :weft-core:generateReleaseUnitTestStubRFile (Thread[Execution worker Thread 3,5,main]) started.
:weft-core:generateReleaseUnitTestStubRFile (Thread[Execution worker Thread 3,5,main]) started.

> Task :weft-core:generateReleaseUnitTestStubRFile
Transforming android.jar with PlatformAttrTransform
Caching disabled for task ':weft-core:generateReleaseUnitTestStubRFile' because:
  Build cache is disabled
Task ':weft-core:generateReleaseUnitTestStubRFile' is not up-to-date because:
  No history is available.
The input changes require a full rebuild for incremental task ':weft-core:generateReleaseUnitTestStubRFile'.
Resolve mutations for :weft-core:javaPreCompileReleaseUnitTest (Thread[Execution worker Thread 3,5,main]) started.
:weft-core:javaPreCompileReleaseUnitTest (Thread[Execution worker Thread 3,5,main]) started.

> Task :weft-core:javaPreCompileReleaseUnitTest
Caching disabled for task ':weft-core:javaPreCompileReleaseUnitTest' because:
  Build cache is disabled
Task ':weft-core:javaPreCompileReleaseUnitTest' is not up-to-date because:
  No history is available.

> Task :sample-app:processReleaseResources
Caching disabled for task ':sample-app:processReleaseResources' because:
  Build cache is disabled
Task ':sample-app:processReleaseResources' is not up-to-date because:
  No history is available.
The input changes require a full rebuild for incremental task ':sample-app:processReleaseResources'.
Aapt output file /home/runner/work/Weft/Weft/android/sample-app/build/intermediates/linked_resources_binary_format/release/processReleaseResources/linked-resources-binary-format-release.ap_

> Task :weft-core:compileReleaseKotlin
Transforming R.jar with BuildToolsApiClasspathEntrySnapshotTransform
Transforming core-ktx-1.15.0-api.jar with BuildToolsApiClasspathEntrySnapshotTransform
Transforming core-1.15.0-api.jar with BuildToolsApiClasspathEntrySnapshotTransform
Transforming lifecycle-common-jvm-2.8.7.jar with BuildToolsApiClasspathEntrySnapshotTransform
Transforming lifecycle-runtime-release-api.jar with BuildToolsApiClasspathEntrySnapshotTransform
Transforming lifecycle-viewmodel-release-api.jar with BuildToolsApiClasspathEntrySnapshotTransform
Transforming lifecycle-viewmodel-ktx-2.8.7-api.jar with BuildToolsApiClasspathEntrySnapshotTransform
Transforming versionedparcelable-1.1.1-api.jar with BuildToolsApiClasspathEntrySnapshotTransform
Transforming core-common-2.2.0.jar with BuildToolsApiClasspathEntrySnapshotTransform
Transforming collection-jvm-1.4.2.jar with BuildToolsApiClasspathEntrySnapshotTransform
Transforming annotation-jvm-1.8.1.jar with BuildToolsApiClasspathEntrySnapshotTransform
Transforming annotation-experimental-1.4.1-api.jar with BuildToolsApiClasspathEntrySnapshotTransform
Transforming kotlinx-coroutines-core-jvm-1.7.3.jar with BuildToolsApiClasspathEntrySnapshotTransform
Transforming kotlinx-coroutines-android-1.7.3.jar with BuildToolsApiClasspathEntrySnapshotTransform
Transforming kotlin-stdlib-jdk8-1.8.20.jar with BuildToolsApiClasspathEntrySnapshotTransform
Transforming kotlin-stdlib-jdk7-1.8.20.jar with BuildToolsApiClasspathEntrySnapshotTransform
Transforming kotlin-stdlib-2.1.0.jar with BuildToolsApiClasspathEntrySnapshotTransform
Transforming annotations-23.0.0.jar with BuildToolsApiClasspathEntrySnapshotTransform
Transforming android.jar with BuildToolsApiClasspathEntrySnapshotTransform
Transforming core-lambda-stubs.jar with BuildToolsApiClasspathEntrySnapshotTransform
Caching disabled for task ':weft-core:compileReleaseKotlin' because:
  Build cache is disabled
Task ':weft-core:compileReleaseKotlin' is not up-to-date because:
  No history is available.
The input changes require a full rebuild for incremental task ':weft-core:compileReleaseKotlin'.
file or directory '/home/runner/work/Weft/Weft/android/weft-core/src/release/kotlin', not found
file or directory '/home/runner/work/Weft/Weft/android/weft-core/src/release/java', not found
file or directory '/home/runner/work/Weft/Weft/android/weft-core/src/release/kotlin', not found
file or directory '/home/runner/work/Weft/Weft/android/weft-core/src/release/kotlin', not found
file or directory '/home/runner/work/Weft/Weft/android/weft-core/src/release/java', not found
file or directory '/home/runner/work/Weft/Weft/android/weft-core/src/main/java', not found
file or directory '/home/runner/work/Weft/Weft/android/weft-core/src/main/java', not found
file or directory '/home/runner/work/Weft/Weft/android/weft-core/src/main/java', not found
file or directory '/home/runner/work/Weft/Weft/android/weft-core/src/release/java', not found
file or directory '/home/runner/work/Weft/Weft/android/weft-core/src/release/kotlin', not found
file or directory '/home/runner/work/Weft/Weft/android/weft-core/src/release/java', not found
file or directory '/home/runner/work/Weft/Weft/android/weft-core/src/release/kotlin', not found
file or directory '/home/runner/work/Weft/Weft/android/weft-core/src/release/kotlin', not found
file or directory '/home/runner/work/Weft/Weft/android/weft-core/src/release/java', not found
file or directory '/home/runner/work/Weft/Weft/android/weft-core/src/release/kotlin', not found
file or directory '/home/runner/work/Weft/Weft/android/weft-core/src/release/java', not found
file or directory '/home/runner/work/Weft/Weft/android/weft-core/src/release/kotlin', not found
file or directory '/home/runner/work/Weft/Weft/android/weft-core/src/release/kotlin', not found
file or directory '/home/runner/work/Weft/Weft/android/weft-core/src/release/java', not found
file or directory '/home/runner/work/Weft/Weft/android/weft-core/src/main/java', not found
file or directory '/home/runner/work/Weft/Weft/android/weft-core/src/main/java', not found
file or directory '/home/runner/work/Weft/Weft/android/weft-core/src/main/java', not found
file or directory '/home/runner/work/Weft/Weft/android/weft-core/src/release/java', not found
file or directory '/home/runner/work/Weft/Weft/android/weft-core/src/release/kotlin', not found
file or directory '/home/runner/work/Weft/Weft/android/weft-core/src/release/java', not found
file or directory '/home/runner/work/Weft/Weft/android/weft-core/src/release/kotlin', not found
file or directory '/home/runner/work/Weft/Weft/android/weft-core/src/release/kotlin', not found
file or directory '/home/runner/work/Weft/Weft/android/weft-core/src/release/java', not found
file or directory '/home/runner/work/Weft/Weft/android/weft-core/src/main/java', not found
file or directory '/home/runner/work/Weft/Weft/android/weft-core/src/main/java', not found
file or directory '/home/runner/work/Weft/Weft/android/weft-core/src/main/java', not found
file or directory '/home/runner/work/Weft/Weft/android/weft-core/src/release/java', not found
file or directory '/home/runner/work/Weft/Weft/android/weft-core/src/release/kotlin', not found
file or directory '/home/runner/work/Weft/Weft/android/weft-core/src/release/java', not found
file or directory '/home/runner/work/Weft/Weft/android/weft-core/src/release/kotlin', not found
file or directory '/home/runner/work/Weft/Weft/android/weft-core/src/release/kotlin', not found
file or directory '/home/runner/work/Weft/Weft/android/weft-core/src/release/java', not found
file or directory '/home/runner/work/Weft/Weft/android/weft-core/src/main/java', not found
file or directory '/home/runner/work/Weft/Weft/android/weft-core/src/main/java', not found
file or directory '/home/runner/work/Weft/Weft/android/weft-core/src/main/java', not found
file or directory '/home/runner/work/Weft/Weft/android/weft-core/src/release/java', not found
Kotlin source files: /home/runner/work/Weft/Weft/android/weft-core/src/main/kotlin/dev/weft/Weft.kt, /home/runner/work/Weft/Weft/android/weft-core/src/main/kotlin/dev/weft/Steward.kt, /home/runner/work/Weft/Weft/android/weft-core/src/main/kotlin/dev/weft/TriadNative.kt
Java source files: 
Script source files: 
Script file extensions: 
Using Kotlin/JVM incremental compilation
[KOTLIN] Kotlin compilation 'jdkHome' argument: null
Options for KOTLIN DAEMON: IncrementalCompilationOptions(super=CompilationOptions(compilerMode=INCREMENTAL_COMPILER, targetPlatform=JVM, reportCategories=[0, 3], reportSeverity=2, requestedCompilationResults=[0], kotlinScriptExtensions=[]), areFileChangesKnown=false, modifiedFiles=null, deletedFiles=null, classpathChanges=NotAvailableForNonIncrementalRun, workingDir=/home/runner/work/Weft/Weft/android/weft-core/build/kotlin/compileReleaseKotlin/cacheable, multiModuleICSettings=MultiModuleICSettings(buildHistoryFile=/home/runner/work/Weft/Weft/android/weft-core/build/kotlin/compileReleaseKotlin/local-state/build-history.bin, useModuleDetection=true), usePreciseJavaTracking=true, icFeatures=IncrementalCompilationFeatures(withAbiSnapshot=false, preciseCompilationResultsBackup=true, keepIncrementalCompilationCachesInMemory=true, enableUnsafeIncrementalCompilationForMultiplatform=false), outputFiles=[/home/runner/work/Weft/Weft/android/weft-core/build/tmp/kotlin-classes/release, /home/runner/work/Weft/Weft/android/weft-core/build/kotlin/compileReleaseKotlin/cacheable, /home/runner/work/Weft/Weft/android/weft-core/build/kotlin/compileReleaseKotlin/local-state])
Finished executing kotlin compiler using DAEMON strategy
Resolve mutations for :weft-core:compileReleaseJavaWithJavac (Thread[included builds,5,main]) started.
:weft-core:compileReleaseJavaWithJavac (Thread[included builds,5,main]) started.

> Task :weft-core:compileReleaseJavaWithJavac NO-SOURCE
Skipping task ':weft-core:compileReleaseJavaWithJavac' as it has no source files and no previous output files.
Resolve mutations for :weft-core:bundleLibCompileToJarRelease (Thread[Execution worker Thread 2,5,main]) started.
:weft-core:bundleLibCompileToJarRelease (Thread[Execution worker Thread 2,5,main]) started.

> Task :weft-core:compileDebugKotlin
Finished executing kotlin compiler using DAEMON strategy
Resolve mutations for :weft-core:compileDebugJavaWithJavac (Thread[Execution worker,5,main]) started.
:weft-core:compileDebugJavaWithJavac (Thread[Execution worker,5,main]) started.

> Task :weft-core:compileDebugJavaWithJavac NO-SOURCE
Skipping task ':weft-core:compileDebugJavaWithJavac' as it has no source files and no previous output files.
Resolve mutations for :weft-core:bundleLibCompileToJarDebug (Thread[Execution worker Thread 3,5,main]) started.
:weft-core:bundleLibCompileToJarDebug (Thread[Execution worker Thread 3,5,main]) started.
Resolve mutations for :weft-core:bundleLibRuntimeToJarDebug (Thread[Execution worker,5,main]) started.
:weft-core:bundleLibRuntimeToJarDebug (Thread[included builds,5,main]) started.
Resolve mutations for :weft-core:processDebugJavaRes (Thread[Execution worker,5,main]) started.
:weft-core:processDebugJavaRes (Thread[Execution worker,5,main]) started.

> Task :weft-core:bundleLibCompileToJarDebug
Caching disabled for task ':weft-core:bundleLibCompileToJarDebug' because:
  Build cache is disabled
  Simple merging task
Task ':weft-core:bundleLibCompileToJarDebug' is not up-to-date because:
  No history is available.

> Task :weft-core:bundleLibCompileToJarRelease
Caching disabled for task ':weft-core:bundleLibCompileToJarRelease' because:
  Build cache is disabled
  Simple merging task
Task ':weft-core:bundleLibCompileToJarRelease' is not up-to-date because:
  No history is available.

> Task :weft-core:bundleLibRuntimeToJarDebug
Caching disabled for task ':weft-core:bundleLibRuntimeToJarDebug' because:
  Build cache is disabled
  Simple merging task
Task ':weft-core:bundleLibRuntimeToJarDebug' is not up-to-date because:
  No history is available.

> Task :weft-core:processDebugJavaRes
file or directory '/home/runner/work/Weft/Weft/android/weft-core/src/main/resources', not found
file or directory '/home/runner/work/Weft/Weft/android/weft-core/src/debug/resources', not found
file or directory '/home/runner/work/Weft/Weft/android/weft-core/src/main/resources', not found
file or directory '/home/runner/work/Weft/Weft/android/weft-core/src/debug/resources', not found
Caching disabled for task ':weft-core:processDebugJavaRes' because:
  Build cache is disabled
  Caching has been disabled for the task
Task ':weft-core:processDebugJavaRes' is not up-to-date because:
  No history is available.
file or directory '/home/runner/work/Weft/Weft/android/weft-core/src/main/resources', not found
file or directory '/home/runner/work/Weft/Weft/android/weft-core/src/debug/resources', not found
file or directory '/home/runner/work/Weft/Weft/android/weft-core/src/main/resources', not found
file or directory '/home/runner/work/Weft/Weft/android/weft-core/src/debug/resources', not found
work action resolve classes.jar (project :weft-core) (Thread[Execution worker,5,main]) started.
work action resolve out (project :weft-core) (Thread[Execution worker,5,main]) started.
work action resolve classes.jar (project :weft-core) (Thread[Execution worker,5,main]) started.
work action resolve classes.jar (project :weft-core) (Thread[Execution worker,5,main]) started.
Resolve mutations for :weft-compose:compileDebugKotlin (Thread[Execution worker,5,main]) started.
:weft-compose:compileDebugKotlin (Thread[Execution worker,5,main]) started.

> Task :weft-compose:compileDebugKotlin
Transforming core-1.15.0.aar (androidx.core:core:1.15.0) with AarToClassTransform
Transforming ui-util-release.aar (androidx.compose.ui:ui-util-android:1.7.6) with AarToClassTransform
Transforming ui-unit-release.aar (androidx.compose.ui:ui-unit-android:1.7.6) with AarToClassTransform
Transforming ui-text-release.aar (androidx.compose.ui:ui-text-android:1.7.6) with AarToClassTransform
Transforming ui-graphics-release.aar (androidx.compose.ui:ui-graphics-android:1.7.6) with AarToClassTransform
Transforming ui-geometry-release.aar (androidx.compose.ui:ui-geometry-android:1.7.6) with AarToClassTransform
Transforming ui-release.aar (androidx.compose.ui:ui-android:1.7.6) with AarToClassTransform
Transforming lifecycle-runtime-ktx-release.aar (androidx.lifecycle:lifecycle-runtime-ktx-android:2.8.7) with AarToClassTransform
Transforming lifecycle-livedata-core-2.8.7.aar (androidx.lifecycle:lifecycle-livedata-core:2.8.7) with AarToClassTransform
Transforming lifecycle-viewmodel-release.aar (androidx.lifecycle:lifecycle-viewmodel-android:2.8.7) with AarToClassTransform
Transforming lifecycle-common-jvm-2.8.7.jar (androidx.lifecycle:lifecycle-common-jvm:2.8.7) with IdentityTransform
Transforming lifecycle-runtime-compose-release.aar (androidx.lifecycle:lifecycle-runtime-compose-android:2.8.7) with AarToClassTransform
Transforming lifecycle-runtime-release.aar (androidx.lifecycle:lifecycle-runtime-android:2.8.7) with AarToClassTransform
Transforming lifecycle-viewmodel-compose-release.aar (androidx.lifecycle:lifecycle-viewmodel-compose-android:2.8.7) with AarToClassTransform
Transforming lifecycle-viewmodel-savedstate-2.8.7.aar (androidx.lifecycle:lifecycle-viewmodel-savedstate:2.8.7) with AarToClassTransform
Transforming core-ktx-1.15.0.aar (androidx.core:core-ktx:1.15.0) with AarToClassTransform
Transforming versionedparcelable-1.1.1.aar (androidx.versionedparcelable:versionedparcelable:1.1.1) with AarToClassTransform
Transforming runtime-release.aar (androidx.compose.runtime:runtime-android:1.7.6) with AarToClassTransform
Transforming runtime-saveable-release.aar (androidx.compose.runtime:runtime-saveable-android:1.7.6) with AarToClassTransform
Transforming savedstate-1.2.1.aar (androidx.savedstate:savedstate:1.2.1) with AarToClassTransform
Transforming core-common-2.2.0.jar (androidx.arch.core:core-common:2.2.0) with IdentityTransform
Transforming annotation-jvm-1.8.1.jar (androidx.annotation:annotation-jvm:1.8.1) with IdentityTransform
Transforming annotation-experimental-1.4.1.aar (androidx.annotation:annotation-experimental:1.4.1) with AarToClassTransform
Transforming kotlinx-coroutines-core-jvm-1.7.3.jar (org.jetbrains.kotlinx:kotlinx-coroutines-core-jvm:1.7.3) with IdentityTransform
Transforming kotlinx-coroutines-android-1.7.3.jar (org.jetbrains.kotlinx:kotlinx-coroutines-android:1.7.3) with IdentityTransform
Transforming kotlin-stdlib-jdk8-1.8.20.jar (org.jetbrains.kotlin:kotlin-stdlib-jdk8:1.8.20) with IdentityTransform
Transforming kotlin-stdlib-jdk7-1.8.20.jar (org.jetbrains.kotlin:kotlin-stdlib-jdk7:1.8.20) with IdentityTransform
Transforming kotlin-stdlib-2.1.0.jar (org.jetbrains.kotlin:kotlin-stdlib:2.1.0) with IdentityTransform
Transforming annotations-23.0.0.jar (org.jetbrains:annotations:23.0.0) with IdentityTransform
Caching disabled for AarToClassTransform: /home/runner/.gradle/caches/modules-2/files-2.1/androidx.compose.ui/ui-unit-android/1.7.6/731cce47c8f596076fda91092c8b2629ad22794b/ui-unit-release.aar because:
  Build cache is disabled
  Caching not enabled.
Caching disabled for AarToClassTransform: /home/runner/.gradle/caches/modules-2/files-2.1/androidx.compose.ui/ui-text-android/1.7.6/a180631cb396954bed7aa72e0728f9bb7dd06d5a/ui-text-release.aar because:
  Build cache is disabled
  Caching not enabled.
Caching disabled for AarToClassTransform: /home/runner/.gradle/caches/modules-2/files-2.1/androidx.compose.ui/ui-graphics-android/1.7.6/150850a5fa820d8d57f71ea7c69b28b98f641ffc/ui-graphics-release.aar because:
  Build cache is disabled
  Caching not enabled.
Caching disabled for AarToClassTransform: /home/runner/.gradle/caches/modules-2/files-2.1/androidx.compose.ui/ui-util-android/1.7.6/943ea447286231a4f72379a76e298c705e534258/ui-util-release.aar because:
  Build cache is disabled
  Caching not enabled.
Caching disabled for AarToClassTransform: /home/runner/.gradle/caches/modules-2/files-2.1/androidx.compose.ui/ui-geometry-android/1.7.6/8144834bd81e6e69d897ebf0411ecb04d13a7aa9/ui-geometry-release.aar because:
  Build cache is disabled
  Caching not enabled.
Caching disabled for AarToClassTransform: /home/runner/.gradle/caches/modules-2/files-2.1/androidx.compose.ui/ui-android/1.7.6/50f44a3b5cd79ed21f7c02e48b30129702200a56/ui-release.aar because:
  Build cache is disabled
  Caching not enabled.
Caching disabled for AarToClassTransform: /home/runner/.gradle/caches/modules-2/files-2.1/androidx.lifecycle/lifecycle-runtime-ktx-android/2.8.7/4efeb13bc2500635dcffc517b401cb5270c6aa42/lifecycle-runtime-ktx-release.aar because:
  Build cache is disabled
  Caching not enabled.
Caching disabled for AarToClassTransform: /home/runner/.gradle/caches/modules-2/files-2.1/androidx.lifecycle/lifecycle-livedata-core/2.8.7/62e7efadd1ee10a038f39caa0a0242e19ae150dd/lifecycle-livedata-core-2.8.7.aar because:
  Build cache is disabled
  Caching not enabled.
Caching disabled for AarToClassTransform: /home/runner/.gradle/caches/modules-2/files-2.1/androidx.lifecycle/lifecycle-runtime-compose-android/2.8.7/5851a3aee97f0a9157a97beafd457304629b60a1/lifecycle-runtime-compose-release.aar because:
  Build cache is disabled
  Caching not enabled.
Caching disabled for AarToClassTransform: /home/runner/.gradle/caches/modules-2/files-2.1/androidx.lifecycle/lifecycle-viewmodel-compose-android/2.8.7/4ad6d776a6552a3b0df2252f68a1eef6a3bf7710/lifecycle-viewmodel-compose-release.aar because:
  Build cache is disabled
  Caching not enabled.
Caching disabled for AarToClassTransform: /home/runner/.gradle/caches/modules-2/files-2.1/androidx.lifecycle/lifecycle-viewmodel-savedstate/2.8.7/a276ea2c0c811d5fac2c3fe03ddba78122c41deb/lifecycle-viewmodel-savedstate-2.8.7.aar because:
  Build cache is disabled
  Caching not enabled.
Caching disabled for AarToClassTransform: /home/runner/.gradle/caches/modules-2/files-2.1/androidx.compose.runtime/runtime-android/1.7.6/4a413ce3ef6d1c1e9f8fdc47613154bbd6780ede/runtime-release.aar because:
  Build cache is disabled
  Caching not enabled.
Caching disabled for AarToClassTransform: /home/runner/.gradle/caches/modules-2/files-2.1/androidx.compose.runtime/runtime-saveable-android/1.7.6/9fcb67c0ad7fa69d4dc19e2ebac3516f23896b1b/runtime-saveable-release.aar because:
  Build cache is disabled
  Caching not enabled.
Caching disabled for AarToClassTransform: /home/runner/.gradle/caches/modules-2/files-2.1/androidx.savedstate/savedstate/1.2.1/e364fc9dec32aa569d855f85864e50250318a093/savedstate-1.2.1.aar because:
  Build cache is disabled
  Caching not enabled.
Downloading https://dl.google.com/dl/android/maven2/androidx/collection/collection-jvm/1.4.4/collection-jvm-1.4.4.jar to /home/runner/.gradle/.tmp/gradle_download2180884785331043228bin
Transforming collection-jvm-1.4.4.jar (androidx.collection:collection-jvm:1.4.4) with IdentityTransform
Caching disabled for IdentityTransform: /home/runner/.gradle/caches/modules-2/files-2.1/androidx.collection/collection-jvm/1.4.4/da13a7e557c430276b8cb490420effebc1398c0d/collection-jvm-1.4.4.jar because:
  Build cache is disabled
  Caching not enabled.
Transforming R.jar with BuildToolsApiClasspathEntrySnapshotTransform
Transforming classes.jar with BuildToolsApiClasspathEntrySnapshotTransform
Transforming core-1.15.0-api.jar with BuildToolsApiClasspathEntrySnapshotTransform
Transforming ui-util-release-api.jar with BuildToolsApiClasspathEntrySnapshotTransform
Transforming ui-unit-release-api.jar with BuildToolsApiClasspathEntrySnapshotTransform
Transforming ui-text-release-api.jar with BuildToolsApiClasspathEntrySnapshotTransform
Transforming ui-graphics-release-api.jar with BuildToolsApiClasspathEntrySnapshotTransform
Transforming ui-geometry-release-api.jar with BuildToolsApiClasspathEntrySnapshotTransform
Transforming ui-release-api.jar with BuildToolsApiClasspathEntrySnapshotTransform
Transforming lifecycle-runtime-ktx-release-api.jar with BuildToolsApiClasspathEntrySnapshotTransform
Transforming lifecycle-livedata-core-2.8.7-api.jar with BuildToolsApiClasspathEntrySnapshotTransform
Transforming lifecycle-viewmodel-release-api.jar with BuildToolsApiClasspathEntrySnapshotTransform
Transforming lifecycle-common-jvm-2.8.7.jar with BuildToolsApiClasspathEntrySnapshotTransform
Transforming lifecycle-runtime-compose-release-api.jar with BuildToolsApiClasspathEntrySnapshotTransform
Transforming lifecycle-runtime-release-api.jar with BuildToolsApiClasspathEntrySnapshotTransform
Transforming lifecycle-viewmodel-compose-release-api.jar with BuildToolsApiClasspathEntrySnapshotTransform
Transforming lifecycle-viewmodel-savedstate-2.8.7-api.jar with BuildToolsApiClasspathEntrySnapshotTransform
Transforming core-ktx-1.15.0-api.jar with BuildToolsApiClasspathEntrySnapshotTransform
Transforming versionedparcelable-1.1.1-api.jar with BuildToolsApiClasspathEntrySnapshotTransform
Transforming runtime-release-api.jar with BuildToolsApiClasspathEntrySnapshotTransform
Transforming runtime-saveable-release-api.jar with BuildToolsApiClasspathEntrySnapshotTransform
Transforming savedstate-1.2.1-api.jar with BuildToolsApiClasspathEntrySnapshotTransform
Transforming core-common-2.2.0.jar with BuildToolsApiClasspathEntrySnapshotTransform
Transforming collection-jvm-1.4.4.jar with BuildToolsApiClasspathEntrySnapshotTransform
Transforming annotation-jvm-1.8.1.jar with BuildToolsApiClasspathEntrySnapshotTransform
Transforming annotation-experimental-1.4.1-api.jar with BuildToolsApiClasspathEntrySnapshotTransform
Transforming kotlinx-coroutines-core-jvm-1.7.3.jar with BuildToolsApiClasspathEntrySnapshotTransform
Transforming kotlinx-coroutines-android-1.7.3.jar with BuildToolsApiClasspathEntrySnapshotTransform
Transforming kotlin-stdlib-jdk8-1.8.20.jar with BuildToolsApiClasspathEntrySnapshotTransform
Transforming kotlin-stdlib-jdk7-1.8.20.jar with BuildToolsApiClasspathEntrySnapshotTransform
Transforming kotlin-stdlib-2.1.0.jar with BuildToolsApiClasspathEntrySnapshotTransform
Transforming annotations-23.0.0.jar with BuildToolsApiClasspathEntrySnapshotTransform
Transforming android.jar with BuildToolsApiClasspathEntrySnapshotTransform
Transforming core-lambda-stubs.jar with BuildToolsApiClasspathEntrySnapshotTransform
Caching disabled for BuildToolsApiClasspathEntrySnapshotTransform: /home/runner/work/Weft/Weft/android/weft-compose/build/intermediates/compile_r_class_jar/debug/generateDebugRFile/R.jar because:
  Build cache is disabled
Caching disabled for BuildToolsApiClasspathEntrySnapshotTransform: /home/runner/.gradle/caches/8.11.1/transforms/21a72919f723b0dd339d17b747cba369/transformed/ui-util-release-api.jar because:
  Build cache is disabled
Caching disabled for BuildToolsApiClasspathEntrySnapshotTransform: /home/runner/work/Weft/Weft/android/weft-core/build/intermediates/compile_library_classes_jar/debug/bundleLibCompileToJarDebug/classes.jar because:
  Build cache is disabled
Caching disabled for BuildToolsApiClasspathEntrySnapshotTransform: /home/runner/.gradle/caches/8.11.1/transforms/1c45bc602d2613c951c1df949b924917/transformed/ui-unit-release-api.jar because:
  Build cache is disabled
Caching disabled for BuildToolsApiClasspathEntrySnapshotTransform: /home/runner/.gradle/caches/8.11.1/transforms/eaf39ffc17a68698deb5970a9fbba826/transformed/ui-text-release-api.jar because:
  Build cache is disabled
Caching disabled for BuildToolsApiClasspathEntrySnapshotTransform: /home/runner/.gradle/caches/8.11.1/transforms/26fbd3b86b677dc778c4a32ce624c22c/transformed/ui-graphics-release-api.jar because:
  Build cache is disabled
Caching disabled for BuildToolsApiClasspathEntrySnapshotTransform: /home/runner/.gradle/caches/8.11.1/transforms/cdb502f3340952b621737a0fffef2759/transformed/ui-geometry-release-api.jar because:
  Build cache is disabled
Caching disabled for BuildToolsApiClasspathEntrySnapshotTransform: /home/runner/.gradle/caches/8.11.1/transforms/70db2dc0433be56a1be4e148b300d6d2/transformed/lifecycle-runtime-ktx-release-api.jar because:
  Build cache is disabled
Caching disabled for BuildToolsApiClasspathEntrySnapshotTransform: /home/runner/.gradle/caches/8.11.1/transforms/4a90acc45a374f0a75793e39292dce83/transformed/lifecycle-livedata-core-2.8.7-api.jar because:
  Build cache is disabled
Caching disabled for BuildToolsApiClasspathEntrySnapshotTransform: /home/runner/.gradle/caches/8.11.1/transforms/0318c744856a6a209e7ebffbc0925d2f/transformed/lifecycle-runtime-compose-release-api.jar because:
  Build cache is disabled
Caching disabled for BuildToolsApiClasspathEntrySnapshotTransform: /home/runner/.gradle/caches/8.11.1/transforms/2400e97a3c9c5d5fc45952a6477d4f6c/transformed/ui-release-api.jar because:
  Build cache is disabled
Caching disabled for BuildToolsApiClasspathEntrySnapshotTransform: /home/runner/.gradle/caches/8.11.1/transforms/27f14616cb789be95ec67696214e6412/transformed/lifecycle-viewmodel-compose-release-api.jar because:
  Build cache is disabled
Caching disabled for BuildToolsApiClasspathEntrySnapshotTransform: /home/runner/.gradle/caches/8.11.1/transforms/f9d93833790b6cd2a864f97dd088a3b8/transformed/lifecycle-viewmodel-savedstate-2.8.7-api.jar because:
  Build cache is disabled
Caching disabled for BuildToolsApiClasspathEntrySnapshotTransform: /home/runner/.gradle/caches/8.11.1/transforms/168b8d8a7a4cf9202f68505c5e5b5fb6/transformed/runtime-release-api.jar because:
  Build cache is disabled
Caching disabled for BuildToolsApiClasspathEntrySnapshotTransform: /home/runner/.gradle/caches/8.11.1/transforms/db5e5df0c73988ed1c4ac06f8ab63169/transformed/runtime-saveable-release-api.jar because:
  Build cache is disabled
Caching disabled for BuildToolsApiClasspathEntrySnapshotTransform: /home/runner/.gradle/caches/8.11.1/transforms/420df488327e0fe1388e017748eaf32d/transformed/savedstate-1.2.1-api.jar because:
  Build cache is disabled
Caching disabled for BuildToolsApiClasspathEntrySnapshotTransform: /home/runner/.gradle/caches/modules-2/files-2.1/androidx.collection/collection-jvm/1.4.4/da13a7e557c430276b8cb490420effebc1398c0d/collection-jvm-1.4.4.jar because:
  Build cache is disabled
Resource missing. [HTTP GET: https://dl.google.com/dl/android/maven2/org/jetbrains/kotlin/kotlin-compose-compiler-plugin-embeddable/2.1.0/kotlin-compose-compiler-plugin-embeddable-2.1.0.pom]
Downloading https://repo.maven.apache.org/maven2/org/jetbrains/kotlin/kotlin-compose-compiler-plugin-embeddable/2.1.0/kotlin-compose-compiler-plugin-embeddable-2.1.0.pom to /home/runner/.gradle/.tmp/gradle_download5809054941362850675bin
Downloading https://repo.maven.apache.org/maven2/org/jetbrains/kotlin/kotlin-compose-compiler-plugin-embeddable/2.1.0/kotlin-compose-compiler-plugin-embeddable-2.1.0.jar to /home/runner/.gradle/.tmp/gradle_download385244473838087260bin
Caching disabled for task ':weft-compose:compileDebugKotlin' because:
  Build cache is disabled
Task ':weft-compose:compileDebugKotlin' is not up-to-date because:
  No history is available.
The input changes require a full rebuild for incremental task ':weft-compose:compileDebugKotlin'.
file or directory '/home/runner/work/Weft/Weft/android/weft-compose/src/debug/kotlin', not found
file or directory '/home/runner/work/Weft/Weft/android/weft-compose/src/debug/java', not found
file or directory '/home/runner/work/Weft/Weft/android/weft-compose/src/debug/kotlin', not found
file or directory '/home/runner/work/Weft/Weft/android/weft-compose/src/debug/kotlin', not found
file or directory '/home/runner/work/Weft/Weft/android/weft-compose/src/debug/java', not found
file or directory '/home/runner/work/Weft/Weft/android/weft-compose/src/main/java', not found
file or directory '/home/runner/work/Weft/Weft/android/weft-compose/src/main/java', not found
file or directory '/home/runner/work/Weft/Weft/android/weft-compose/src/main/java', not found
file or directory '/home/runner/work/Weft/Weft/android/weft-compose/src/debug/java', not found
file or directory '/home/runner/work/Weft/Weft/android/weft-compose/src/debug/kotlin', not found
file or directory '/home/runner/work/Weft/Weft/android/weft-compose/src/debug/java', not found
file or directory '/home/runner/work/Weft/Weft/android/weft-compose/src/debug/kotlin', not found
file or directory '/home/runner/work/Weft/Weft/android/weft-compose/src/debug/kotlin', not found
file or directory '/home/runner/work/Weft/Weft/android/weft-compose/src/debug/java', not found
file or directory '/home/runner/work/Weft/Weft/android/weft-compose/src/debug/kotlin', not found
file or directory '/home/runner/work/Weft/Weft/android/weft-compose/src/debug/java', not found
file or directory '/home/runner/work/Weft/Weft/android/weft-compose/src/debug/kotlin', not found
file or directory '/home/runner/work/Weft/Weft/android/weft-compose/src/debug/kotlin', not found
file or directory '/home/runner/work/Weft/Weft/android/weft-compose/src/debug/java', not found
file or directory '/home/runner/work/Weft/Weft/android/weft-compose/src/main/java', not found
file or directory '/home/runner/work/Weft/Weft/android/weft-compose/src/main/java', not found
file or directory '/home/runner/work/Weft/Weft/android/weft-compose/src/main/java', not found
file or directory '/home/runner/work/Weft/Weft/android/weft-compose/src/debug/java', not found
file or directory '/home/runner/work/Weft/Weft/android/weft-compose/src/debug/kotlin', not found
file or directory '/home/runner/work/Weft/Weft/android/weft-compose/src/debug/java', not found
file or directory '/home/runner/work/Weft/Weft/android/weft-compose/src/debug/kotlin', not found
file or directory '/home/runner/work/Weft/Weft/android/weft-compose/src/debug/kotlin', not found
file or directory '/home/runner/work/Weft/Weft/android/weft-compose/src/debug/java', not found
file or directory '/home/runner/work/Weft/Weft/android/weft-compose/src/main/java', not found
file or directory '/home/runner/work/Weft/Weft/android/weft-compose/src/main/java', not found
file or directory '/home/runner/work/Weft/Weft/android/weft-compose/src/main/java', not found
file or directory '/home/runner/work/Weft/Weft/android/weft-compose/src/debug/java', not found
file or directory '/home/runner/work/Weft/Weft/android/weft-compose/src/debug/kotlin', not found
file or directory '/home/runner/work/Weft/Weft/android/weft-compose/src/debug/java', not found
file or directory '/home/runner/work/Weft/Weft/android/weft-compose/src/debug/kotlin', not found
file or directory '/home/runner/work/Weft/Weft/android/weft-compose/src/debug/kotlin', not found
file or directory '/home/runner/work/Weft/Weft/android/weft-compose/src/debug/java', not found
file or directory '/home/runner/work/Weft/Weft/android/weft-compose/src/main/java', not found
file or directory '/home/runner/work/Weft/Weft/android/weft-compose/src/main/java', not found
file or directory '/home/runner/work/Weft/Weft/android/weft-compose/src/main/java', not found
file or directory '/home/runner/work/Weft/Weft/android/weft-compose/src/debug/java', not found
Kotlin source files: /home/runner/work/Weft/Weft/android/weft-compose/src/main/kotlin/dev/weft/compose/WeftModifiers.kt, /home/runner/work/Weft/Weft/android/weft-compose/src/main/kotlin/dev/weft/compose/WeftHeddle.kt
Java source files: 
Script source files: 
Script file extensions: 
Using Kotlin/JVM incremental compilation
[KOTLIN] Kotlin compilation 'jdkHome' argument: null

Resolve mutations for :weft-compose:compileReleaseKotlin (Thread[included builds,5,main]) started.
:weft-compose:compileReleaseKotlin (Thread[included builds,5,main]) started.
Resolve mutations for :weft-core:bundleLibRuntimeToJarRelease (Thread[Execution worker Thread 3,5,main]) started.
:weft-core:bundleLibRuntimeToJarRelease (Thread[Execution worker Thread 3,5,main]) started.
Resolve mutations for :weft-core:processReleaseJavaRes (Thread[Execution worker Thread 2,5,main]) started.
:weft-core:processReleaseJavaRes (Thread[Execution worker Thread 2,5,main]) started.

> Task :weft-core:bundleLibRuntimeToJarRelease
Caching disabled for task ':weft-core:bundleLibRuntimeToJarRelease' because:
  Build cache is disabled
  Simple merging task
Task ':weft-core:bundleLibRuntimeToJarRelease' is not up-to-date because:
  No history is available.

> Task :weft-core:processReleaseJavaRes
file or directory '/home/runner/work/Weft/Weft/android/weft-core/src/main/resources', not found
file or directory '/home/runner/work/Weft/Weft/android/weft-core/src/release/resources', not found
file or directory '/home/runner/work/Weft/Weft/android/weft-core/src/main/resources', not found
file or directory '/home/runner/work/Weft/Weft/android/weft-core/src/release/resources', not found
Caching disabled for task ':weft-core:processReleaseJavaRes' because:
  Build cache is disabled
  Caching has been disabled for the task
Task ':weft-core:processReleaseJavaRes' is not up-to-date because:
  No history is available.
file or directory '/home/runner/work/Weft/Weft/android/weft-core/src/main/resources', not found
file or directory '/home/runner/work/Weft/Weft/android/weft-core/src/release/resources', not found
file or directory '/home/runner/work/Weft/Weft/android/weft-core/src/main/resources', not found
file or directory '/home/runner/work/Weft/Weft/android/weft-core/src/release/resources', not found
work action resolve out (project :weft-core) (Thread[Execution worker Thread 2,5,main]) started.
work action resolve classes.jar (project :weft-core) (Thread[Execution worker Thread 2,5,main]) started.
Resolve mutations for :weft-core:compileDebugUnitTestKotlin (Thread[Execution worker Thread 2,5,main]) started.
:weft-core:compileDebugUnitTestKotlin (Thread[Execution worker Thread 2,5,main]) started.
Resolve mutations for :weft-core:compileReleaseUnitTestKotlin (Thread[Execution worker Thread 3,5,main]) started.
:weft-core:compileReleaseUnitTestKotlin (Thread[Execution worker Thread 3,5,main]) started.

> Task :weft-core:compileDebugUnitTestKotlin FAILED
Transforming core-testing-2.2.0.aar (androidx.arch.core:core-testing:2.2.0) with AarToClassTransform
Transforming core-runtime-2.2.0.aar (androidx.arch.core:core-runtime:2.2.0) with AarToClassTransform
Caching disabled for AarToClassTransform: /home/runner/.gradle/caches/modules-2/files-2.1/androidx.arch.core/core-testing/2.2.0/fa0035bc85ef4918ff47bfdadc3d7eb3ea74aa54/core-testing-2.2.0.aar because:
  Build cache is disabled
  Caching not enabled.
Caching disabled for AarToClassTransform: /home/runner/.gradle/caches/modules-2/files-2.1/androidx.arch.core/core-runtime/2.2.0/39705982680d78556b679ef9d5400d4f17509b0b/core-runtime-2.2.0.aar because:
  Build cache is disabled
  Caching not enabled.
Downloading https://repo.maven.apache.org/maven2/org/mockito/mockito-core/2.25.0/mockito-core-2.25.0.jar to /home/runner/.gradle/.tmp/gradle_download1979269636437044533bin
Downloading https://repo.maven.apache.org/maven2/org/objenesis/objenesis/2.6/objenesis-2.6.jar to /home/runner/.gradle/.tmp/gradle_download791346191524539132bin
Transforming objenesis-2.6.jar (org.objenesis:objenesis:2.6) with IdentityTransform
Caching disabled for IdentityTransform: /home/runner/.gradle/caches/modules-2/files-2.1/org.objenesis/objenesis/2.6/639033469776fd37c08358c6b92a4761feb2af4b/objenesis-2.6.jar because:
  Build cache is disabled
  Caching not enabled.
Transforming mockito-core-2.25.0.jar (org.mockito:mockito-core:2.25.0) with IdentityTransform
Caching disabled for IdentityTransform: /home/runner/.gradle/caches/modules-2/files-2.1/org.mockito/mockito-core/2.25.0/1fcf2f6944d69b6f39cd579718d8b5395a97836b/mockito-core-2.25.0.jar because:
  Build cache is disabled
  Caching not enabled.
Downloading https://repo.maven.apache.org/maven2/org/hamcrest/hamcrest-core/1.3/hamcrest-core-1.3.jar to /home/runner/.gradle/.tmp/gradle_download3934527031919513340bin
Downloading https://repo.maven.apache.org/maven2/junit/junit/4.13.2/junit-4.13.2.jar to /home/runner/.gradle/.tmp/gradle_download3726859123004082345bin
Transforming hamcrest-core-1.3.jar (org.hamcrest:hamcrest-core:1.3) with IdentityTransform
Caching disabled for IdentityTransform: /home/runner/.gradle/caches/modules-2/files-2.1/org.hamcrest/hamcrest-core/1.3/42a25dc3219429f0e5d060061f71acb49bf010a0/hamcrest-core-1.3.jar because:
  Build cache is disabled
  Caching not enabled.
Transforming junit-4.13.2.jar (junit:junit:4.13.2) with IdentityTransform
Caching disabled for IdentityTransform: /home/runner/.gradle/caches/modules-2/files-2.1/junit/junit/4.13.2/8ac9e16d933b6fb43bc7f576336b8f4d7eb5ba12/junit-4.13.2.jar because:
  Build cache is disabled
  Caching not enabled.
Transforming R.jar with BuildToolsApiClasspathEntrySnapshotTransform
Transforming classes.jar with BuildToolsApiClasspathEntrySnapshotTransform
Transforming core-ktx-1.15.0-api.jar with BuildToolsApiClasspathEntrySnapshotTransform
Transforming core-1.15.0-api.jar with BuildToolsApiClasspathEntrySnapshotTransform
Transforming lifecycle-common-jvm-2.8.7.jar with BuildToolsApiClasspathEntrySnapshotTransform
Transforming lifecycle-runtime-release-api.jar with BuildToolsApiClasspathEntrySnapshotTransform
Transforming lifecycle-viewmodel-release-api.jar with BuildToolsApiClasspathEntrySnapshotTransform
Transforming lifecycle-viewmodel-ktx-2.8.7-api.jar with BuildToolsApiClasspathEntrySnapshotTransform
Transforming core-testing-2.2.0-api.jar with BuildToolsApiClasspathEntrySnapshotTransform
Transforming core-runtime-2.2.0-api.jar with BuildToolsApiClasspathEntrySnapshotTransform
Transforming versionedparcelable-1.1.1-api.jar with BuildToolsApiClasspathEntrySnapshotTransform
Transforming core-common-2.2.0.jar with BuildToolsApiClasspathEntrySnapshotTransform
Transforming collection-jvm-1.4.2.jar with BuildToolsApiClasspathEntrySnapshotTransform
Transforming annotation-jvm-1.8.1.jar with BuildToolsApiClasspathEntrySnapshotTransform
Transforming annotation-experimental-1.4.1-api.jar with BuildToolsApiClasspathEntrySnapshotTransform
Transforming kotlinx-coroutines-core-jvm-1.7.3.jar with BuildToolsApiClasspathEntrySnapshotTransform
Transforming kotlinx-coroutines-android-1.7.3.jar with BuildToolsApiClasspathEntrySnapshotTransform
Transforming kotlin-stdlib-jdk8-1.8.20.jar with BuildToolsApiClasspathEntrySnapshotTransform
Transforming kotlin-stdlib-jdk7-1.8.20.jar with BuildToolsApiClasspathEntrySnapshotTransform
Transforming kotlin-stdlib-2.1.0.jar with BuildToolsApiClasspathEntrySnapshotTransform
Transforming junit-4.13.2.jar with BuildToolsApiClasspathEntrySnapshotTransform
Transforming hamcrest-core-1.3.jar with BuildToolsApiClasspathEntrySnapshotTransform
Transforming annotations-23.0.0.jar with BuildToolsApiClasspathEntrySnapshotTransform
Transforming mockito-core-2.25.0.jar with BuildToolsApiClasspathEntrySnapshotTransform
Transforming objenesis-2.6.jar with BuildToolsApiClasspathEntrySnapshotTransform
Transforming android.jar with BuildToolsApiClasspathEntrySnapshotTransform
Transforming core-lambda-stubs.jar with BuildToolsApiClasspathEntrySnapshotTransform
Caching disabled for BuildToolsApiClasspathEntrySnapshotTransform: /home/runner/work/Weft/Weft/android/weft-core/build/intermediates/compile_and_runtime_not_namespaced_r_class_jar/debugUnitTest/generateDebugUnitTestStubRFile/R.jar because:
  Build cache is disabled
Caching disabled for BuildToolsApiClasspathEntrySnapshotTransform: /home/runner/.gradle/caches/8.11.1/transforms/a96c43d663210aa51c8330f434bc05a7/transformed/core-testing-2.2.0-api.jar because:
  Build cache is disabled
Caching disabled for BuildToolsApiClasspathEntrySnapshotTransform: /home/runner/.gradle/caches/modules-2/files-2.1/org.hamcrest/hamcrest-core/1.3/42a25dc3219429f0e5d060061f71acb49bf010a0/hamcrest-core-1.3.jar because:
  Build cache is disabled
Caching disabled for BuildToolsApiClasspathEntrySnapshotTransform: /home/runner/.gradle/caches/modules-2/files-2.1/org.objenesis/objenesis/2.6/639033469776fd37c08358c6b92a4761feb2af4b/objenesis-2.6.jar because:
  Build cache is disabled
Caching disabled for BuildToolsApiClasspathEntrySnapshotTransform: /home/runner/.gradle/caches/modules-2/files-2.1/org.mockito/mockito-core/2.25.0/1fcf2f6944d69b6f39cd579718d8b5395a97836b/mockito-core-2.25.0.jar because:
  Build cache is disabled
Caching disabled for BuildToolsApiClasspathEntrySnapshotTransform: /home/runner/.gradle/caches/modules-2/files-2.1/junit/junit/4.13.2/8ac9e16d933b6fb43bc7f576336b8f4d7eb5ba12/junit-4.13.2.jar because:
  Build cache is disabled
Caching disabled for BuildToolsApiClasspathEntrySnapshotTransform: /home/runner/.gradle/caches/8.11.1/transforms/d38ddcd6a4860d3ad1c8d1e362a1b1c8/transformed/core-runtime-2.2.0-api.jar because:
  Build cache is disabled
Caching disabled for task ':weft-core:compileDebugUnitTestKotlin' because:
  Build cache is disabled
Task ':weft-core:compileDebugUnitTestKotlin' is not up-to-date because:
  No history is available.
The input changes require a full rebuild for incremental task ':weft-core:compileDebugUnitTestKotlin'.
file or directory '/home/runner/work/Weft/Weft/android/weft-core/src/debugUnitTest/kotlin', not found
file or directory '/home/runner/work/Weft/Weft/android/weft-core/src/test/java', not found
file or directory '/home/runner/work/Weft/Weft/android/weft-core/src/test/java', not found
file or directory '/home/runner/work/Weft/Weft/android/weft-core/src/testDebug/kotlin', not found
file or directory '/home/runner/work/Weft/Weft/android/weft-core/src/testDebug/java', not found
file or directory '/home/runner/work/Weft/Weft/android/weft-core/src/testDebug/kotlin', not found
file or directory '/home/runner/work/Weft/Weft/android/weft-core/src/testDebug/kotlin', not found
file or directory '/home/runner/work/Weft/Weft/android/weft-core/src/testDebug/java', not found
file or directory '/home/runner/work/Weft/Weft/android/weft-core/src/test/java', not found
file or directory '/home/runner/work/Weft/Weft/android/weft-core/src/testDebug/java', not found
file or directory '/home/runner/work/Weft/Weft/android/weft-core/src/debugUnitTest/kotlin', not found
file or directory '/home/runner/work/Weft/Weft/android/weft-core/src/debugUnitTest/kotlin', not found
file or directory '/home/runner/work/Weft/Weft/android/weft-core/src/test/java', not found
file or directory '/home/runner/work/Weft/Weft/android/weft-core/src/test/java', not found
file or directory '/home/runner/work/Weft/Weft/android/weft-core/src/testDebug/kotlin', not found
file or directory '/home/runner/work/Weft/Weft/android/weft-core/src/testDebug/java', not found
file or directory '/home/runner/work/Weft/Weft/android/weft-core/src/testDebug/kotlin', not found
file or directory '/home/runner/work/Weft/Weft/android/weft-core/src/testDebug/kotlin', not found
file or directory '/home/runner/work/Weft/Weft/android/weft-core/src/testDebug/java', not found
file or directory '/home/runner/work/Weft/Weft/android/weft-core/src/test/java', not found
file or directory '/home/runner/work/Weft/Weft/android/weft-core/src/testDebug/java', not found
file or directory '/home/runner/work/Weft/Weft/android/weft-core/src/debugUnitTest/kotlin', not found
file or directory '/home/runner/work/Weft/Weft/android/weft-core/src/test/java', not found
file or directory '/home/runner/work/Weft/Weft/android/weft-core/src/test/java', not found
file or directory '/home/runner/work/Weft/Weft/android/weft-core/src/testDebug/kotlin', not found
file or directory '/home/runner/work/Weft/Weft/android/weft-core/src/testDebug/java', not found
file or directory '/home/runner/work/Weft/Weft/android/weft-core/src/testDebug/kotlin', not found
file or directory '/home/runner/work/Weft/Weft/android/weft-core/src/testDebug/kotlin', not found
file or directory '/home/runner/work/Weft/Weft/android/weft-core/src/testDebug/java', not found
file or directory '/home/runner/work/Weft/Weft/android/weft-core/src/test/java', not found
file or directory '/home/runner/work/Weft/Weft/android/weft-core/src/testDebug/java', not found
file or directory '/home/runner/work/Weft/Weft/android/weft-core/src/debugUnitTest/kotlin', not found
file or directory '/home/runner/work/Weft/Weft/android/weft-core/src/test/java', not found
file or directory '/home/runner/work/Weft/Weft/android/weft-core/src/test/java', not found
file or directory '/home/runner/work/Weft/Weft/android/weft-core/src/testDebug/kotlin', not found
file or directory '/home/runner/work/Weft/Weft/android/weft-core/src/testDebug/java', not found
file or directory '/home/runner/work/Weft/Weft/android/weft-core/src/testDebug/kotlin', not found
file or directory '/home/runner/work/Weft/Weft/android/weft-core/src/testDebug/kotlin', not found
file or directory '/home/runner/work/Weft/Weft/android/weft-core/src/testDebug/java', not found
file or directory '/home/runner/work/Weft/Weft/android/weft-core/src/test/java', not found
file or directory '/home/runner/work/Weft/Weft/android/weft-core/src/testDebug/java', not found
Kotlin source files: /home/runner/work/Weft/Weft/android/weft-core/src/test/kotlin/dev/weft/StewardLifecycleTest.kt, /home/runner/work/Weft/Weft/android/weft-core/src/test/kotlin/dev/weft/WeftTest.kt
Java source files: 
Script source files: 
Script file extensions: 
Using Kotlin/JVM incremental compilation
[KOTLIN] Kotlin compilation 'jdkHome' argument: null
Options for KOTLIN DAEMON: IncrementalCompilationOptions(super=CompilationOptions(compilerMode=INCREMENTAL_COMPILER, targetPlatform=JVM, reportCategories=[0, 3], reportSeverity=2, requestedCompilationResults=[0], kotlinScriptExtensions=[]), areFileChangesKnown=false, modifiedFiles=null, deletedFiles=null, classpathChanges=NotAvailableForNonIncrementalRun, workingDir=/home/runner/work/Weft/Weft/android/weft-core/build/kotlin/compileDebugUnitTestKotlin/cacheable, multiModuleICSettings=MultiModuleICSettings(buildHistoryFile=/home/runner/work/Weft/Weft/android/weft-core/build/kotlin/compileDebugUnitTestKotlin/local-state/build-history.bin, useModuleDetection=true), usePreciseJavaTracking=true, icFeatures=IncrementalCompilationFeatures(withAbiSnapshot=false, preciseCompilationResultsBackup=true, keepIncrementalCompilationCachesInMemory=true, enableUnsafeIncrementalCompilationForMultiplatform=false), outputFiles=[/home/runner/work/Weft/Weft/android/weft-core/build/tmp/kotlin-classes/debugUnitTest, /home/runner/work/Weft/Weft/android/weft-core/build/kotlin/compileDebugUnitTestKotlin/cacheable, /home/runner/work/Weft/Weft/android/weft-core/build/kotlin/compileDebugUnitTestKotlin/local-state])
e: file:///home/runner/work/Weft/Weft/android/weft-core/src/test/kotlin/dev/weft/StewardLifecycleTest.kt:29:32 This type is final, so it cannot be extended.
Finished executing kotlin compiler using DAEMON strategy

> Task :weft-core:compileReleaseUnitTestKotlin FAILED
Transforming R.jar with BuildToolsApiClasspathEntrySnapshotTransform
Transforming classes.jar with BuildToolsApiClasspathEntrySnapshotTransform
Transforming core-ktx-1.15.0-api.jar with BuildToolsApiClasspathEntrySnapshotTransform
Transforming core-1.15.0-api.jar with BuildToolsApiClasspathEntrySnapshotTransform
Transforming lifecycle-common-jvm-2.8.7.jar with BuildToolsApiClasspathEntrySnapshotTransform
Transforming lifecycle-runtime-release-api.jar with BuildToolsApiClasspathEntrySnapshotTransform
Transforming lifecycle-viewmodel-release-api.jar with BuildToolsApiClasspathEntrySnapshotTransform
Transforming lifecycle-viewmodel-ktx-2.8.7-api.jar with BuildToolsApiClasspathEntrySnapshotTransform
Transforming core-testing-2.2.0-api.jar with BuildToolsApiClasspathEntrySnapshotTransform
Transforming core-runtime-2.2.0-api.jar with BuildToolsApiClasspathEntrySnapshotTransform
Transforming versionedparcelable-1.1.1-api.jar with BuildToolsApiClasspathEntrySnapshotTransform
Transforming core-common-2.2.0.jar with BuildToolsApiClasspathEntrySnapshotTransform
Transforming collection-jvm-1.4.2.jar with BuildToolsApiClasspathEntrySnapshotTransform
Transforming annotation-jvm-1.8.1.jar with BuildToolsApiClasspathEntrySnapshotTransform
Transforming annotation-experimental-1.4.1-api.jar with BuildToolsApiClasspathEntrySnapshotTransform
Transforming kotlinx-coroutines-core-jvm-1.7.3.jar with BuildToolsApiClasspathEntrySnapshotTransform
Transforming kotlinx-coroutines-android-1.7.3.jar with BuildToolsApiClasspathEntrySnapshotTransform
Transforming kotlin-stdlib-jdk8-1.8.20.jar with BuildToolsApiClasspathEntrySnapshotTransform
Transforming kotlin-stdlib-jdk7-1.8.20.jar with BuildToolsApiClasspathEntrySnapshotTransform
Transforming kotlin-stdlib-2.1.0.jar with BuildToolsApiClasspathEntrySnapshotTransform
Transforming junit-4.13.2.jar with BuildToolsApiClasspathEntrySnapshotTransform
Transforming hamcrest-core-1.3.jar with BuildToolsApiClasspathEntrySnapshotTransform
Transforming annotations-23.0.0.jar with BuildToolsApiClasspathEntrySnapshotTransform
Transforming mockito-core-2.25.0.jar with BuildToolsApiClasspathEntrySnapshotTransform
Transforming objenesis-2.6.jar with BuildToolsApiClasspathEntrySnapshotTransform
Transforming android.jar with BuildToolsApiClasspathEntrySnapshotTransform
Transforming core-lambda-stubs.jar with BuildToolsApiClasspathEntrySnapshotTransform
Caching disabled for task ':weft-core:compileReleaseUnitTestKotlin' because:
  Build cache is disabled
Task ':weft-core:compileReleaseUnitTestKotlin' is not up-to-date because:
  No history is available.
The input changes require a full rebuild for incremental task ':weft-core:compileReleaseUnitTestKotlin'.
file or directory '/home/runner/work/Weft/Weft/android/weft-core/src/releaseUnitTest/kotlin', not found
file or directory '/home/runner/work/Weft/Weft/android/weft-core/src/test/java', not found
file or directory '/home/runner/work/Weft/Weft/android/weft-core/src/test/java', not found
file or directory '/home/runner/work/Weft/Weft/android/weft-core/src/testRelease/kotlin', not found
file or directory '/home/runner/work/Weft/Weft/android/weft-core/src/testRelease/java', not found
file or directory '/home/runner/work/Weft/Weft/android/weft-core/src/testRelease/kotlin', not found
file or directory '/home/runner/work/Weft/Weft/android/weft-core/src/testRelease/kotlin', not found
file or directory '/home/runner/work/Weft/Weft/android/weft-core/src/testRelease/java', not found
file or directory '/home/runner/work/Weft/Weft/android/weft-core/src/test/java', not found
file or directory '/home/runner/work/Weft/Weft/android/weft-core/src/testRelease/java', not found
file or directory '/home/runner/work/Weft/Weft/android/weft-core/src/releaseUnitTest/kotlin', not found
file or directory '/home/runner/work/Weft/Weft/android/weft-core/src/releaseUnitTest/kotlin', not found
file or directory '/home/runner/work/Weft/Weft/android/weft-core/src/test/java', not found
file or directory '/home/runner/work/Weft/Weft/android/weft-core/src/test/java', not found
file or directory '/home/runner/work/Weft/Weft/android/weft-core/src/testRelease/kotlin', not found
file or directory '/home/runner/work/Weft/Weft/android/weft-core/src/testRelease/java', not found
file or directory '/home/runner/work/Weft/Weft/android/weft-core/src/testRelease/kotlin', not found
file or directory '/home/runner/work/Weft/Weft/android/weft-core/src/testRelease/kotlin', not found
file or directory '/home/runner/work/Weft/Weft/android/weft-core/src/testRelease/java', not found
file or directory '/home/runner/work/Weft/Weft/android/weft-core/src/test/java', not found
file or directory '/home/runner/work/Weft/Weft/android/weft-core/src/testRelease/java', not found
file or directory '/home/runner/work/Weft/Weft/android/weft-core/src/releaseUnitTest/kotlin', not found
file or directory '/home/runner/work/Weft/Weft/android/weft-core/src/test/java', not found
file or directory '/home/runner/work/Weft/Weft/android/weft-core/src/test/java', not found
file or directory '/home/runner/work/Weft/Weft/android/weft-core/src/testRelease/kotlin', not found
file or directory '/home/runner/work/Weft/Weft/android/weft-core/src/testRelease/java', not found
file or directory '/home/runner/work/Weft/Weft/android/weft-core/src/testRelease/kotlin', not found
file or directory '/home/runner/work/Weft/Weft/android/weft-core/src/testRelease/kotlin', not found
file or directory '/home/runner/work/Weft/Weft/android/weft-core/src/testRelease/java', not found
file or directory '/home/runner/work/Weft/Weft/android/weft-core/src/test/java', not found
file or directory '/home/runner/work/Weft/Weft/android/weft-core/src/testRelease/java', not found
file or directory '/home/runner/work/Weft/Weft/android/weft-core/src/releaseUnitTest/kotlin', not found
file or directory '/home/runner/work/Weft/Weft/android/weft-core/src/test/java', not found
file or directory '/home/runner/work/Weft/Weft/android/weft-core/src/test/java', not found
file or directory '/home/runner/work/Weft/Weft/android/weft-core/src/testRelease/kotlin', not found
file or directory '/home/runner/work/Weft/Weft/android/weft-core/src/testRelease/java', not found
file or directory '/home/runner/work/Weft/Weft/android/weft-core/src/testRelease/kotlin', not found
file or directory '/home/runner/work/Weft/Weft/android/weft-core/src/testRelease/kotlin', not found
file or directory '/home/runner/work/Weft/Weft/android/weft-core/src/testRelease/java', not found
file or directory '/home/runner/work/Weft/Weft/android/weft-core/src/test/java', not found
file or directory '/home/runner/work/Weft/Weft/android/weft-core/src/testRelease/java', not found
Kotlin source files: /home/runner/work/Weft/Weft/android/weft-core/src/test/kotlin/dev/weft/StewardLifecycleTest.kt, /home/runner/work/Weft/Weft/android/weft-core/src/test/kotlin/dev/weft/WeftTest.kt
Java source files: 
Script source files: 
Script file extensions: 
Using Kotlin/JVM incremental compilation
[KOTLIN] Kotlin compilation 'jdkHome' argument: null
Options for KOTLIN DAEMON: IncrementalCompilationOptions(super=CompilationOptions(compilerMode=INCREMENTAL_COMPILER, targetPlatform=JVM, reportCategories=[0, 3], reportSeverity=2, requestedCompilationResults=[0], kotlinScriptExtensions=[]), areFileChangesKnown=false, modifiedFiles=null, deletedFiles=null, classpathChanges=NotAvailableForNonIncrementalRun, workingDir=/home/runner/work/Weft/Weft/android/weft-core/build/kotlin/compileReleaseUnitTestKotlin/cacheable, multiModuleICSettings=MultiModuleICSettings(buildHistoryFile=/home/runner/work/Weft/Weft/android/weft-core/build/kotlin/compileReleaseUnitTestKotlin/local-state/build-history.bin, useModuleDetection=true), usePreciseJavaTracking=true, icFeatures=IncrementalCompilationFeatures(withAbiSnapshot=false, preciseCompilationResultsBackup=true, keepIncrementalCompilationCachesInMemory=true, enableUnsafeIncrementalCompilationForMultiplatform=false), outputFiles=[/home/runner/work/Weft/Weft/android/weft-core/build/tmp/kotlin-classes/releaseUnitTest, /home/runner/work/Weft/Weft/android/weft-core/build/kotlin/compileReleaseUnitTestKotlin/cacheable, /home/runner/work/Weft/Weft/android/weft-core/build/kotlin/compileReleaseUnitTestKotlin/local-state])
e: file:///home/runner/work/Weft/Weft/android/weft-core/src/test/kotlin/dev/weft/StewardLifecycleTest.kt:29:32 This type is final, so it cannot be extended.
Finished executing kotlin compiler using DAEMON strategy

> Task :weft-compose:compileDebugKotlin
Options for KOTLIN DAEMON: IncrementalCompilationOptions(super=CompilationOptions(compilerMode=INCREMENTAL_COMPILER, targetPlatform=JVM, reportCategories=[0, 3], reportSeverity=2, requestedCompilationResults=[0], kotlinScriptExtensions=[]), areFileChangesKnown=false, modifiedFiles=null, deletedFiles=null, classpathChanges=NotAvailableForNonIncrementalRun, workingDir=/home/runner/work/Weft/Weft/android/weft-compose/build/kotlin/compileDebugKotlin/cacheable, multiModuleICSettings=MultiModuleICSettings(buildHistoryFile=/home/runner/work/Weft/Weft/android/weft-compose/build/kotlin/compileDebugKotlin/local-state/build-history.bin, useModuleDetection=true), usePreciseJavaTracking=true, icFeatures=IncrementalCompilationFeatures(withAbiSnapshot=false, preciseCompilationResultsBackup=true, keepIncrementalCompilationCachesInMemory=true, enableUnsafeIncrementalCompilationForMultiplatform=false), outputFiles=[/home/runner/work/Weft/Weft/android/weft-compose/build/tmp/kotlin-classes/debug, /home/runner/work/Weft/Weft/android/weft-compose/build/kotlin/compileDebugKotlin/cacheable, /home/runner/work/Weft/Weft/android/weft-compose/build/kotlin/compileDebugKotlin/local-state])

> Task :weft-compose:compileReleaseKotlin
Transforming R.jar with BuildToolsApiClasspathEntrySnapshotTransform
Transforming classes.jar with BuildToolsApiClasspathEntrySnapshotTransform
Transforming core-1.15.0-api.jar with BuildToolsApiClasspathEntrySnapshotTransform
Transforming ui-util-release-api.jar with BuildToolsApiClasspathEntrySnapshotTransform
Transforming ui-unit-release-api.jar with BuildToolsApiClasspathEntrySnapshotTransform
Transforming ui-text-release-api.jar with BuildToolsApiClasspathEntrySnapshotTransform
Transforming ui-graphics-release-api.jar with BuildToolsApiClasspathEntrySnapshotTransform
Transforming ui-geometry-release-api.jar with BuildToolsApiClasspathEntrySnapshotTransform
Transforming ui-release-api.jar with BuildToolsApiClasspathEntrySnapshotTransform
Transforming lifecycle-runtime-ktx-release-api.jar with BuildToolsApiClasspathEntrySnapshotTransform
Transforming lifecycle-livedata-core-2.8.7-api.jar with BuildToolsApiClasspathEntrySnapshotTransform
Transforming lifecycle-viewmodel-release-api.jar with BuildToolsApiClasspathEntrySnapshotTransform
Transforming lifecycle-common-jvm-2.8.7.jar with BuildToolsApiClasspathEntrySnapshotTransform
Transforming lifecycle-runtime-compose-release-api.jar with BuildToolsApiClasspathEntrySnapshotTransform
Transforming lifecycle-runtime-release-api.jar with BuildToolsApiClasspathEntrySnapshotTransform
Transforming lifecycle-viewmodel-compose-release-api.jar with BuildToolsApiClasspathEntrySnapshotTransform
Transforming lifecycle-viewmodel-savedstate-2.8.7-api.jar with BuildToolsApiClasspathEntrySnapshotTransform
Transforming core-ktx-1.15.0-api.jar with BuildToolsApiClasspathEntrySnapshotTransform
Transforming versionedparcelable-1.1.1-api.jar with BuildToolsApiClasspathEntrySnapshotTransform
Transforming runtime-release-api.jar with BuildToolsApiClasspathEntrySnapshotTransform
Transforming runtime-saveable-release-api.jar with BuildToolsApiClasspathEntrySnapshotTransform
Transforming savedstate-1.2.1-api.jar with BuildToolsApiClasspathEntrySnapshotTransform
Transforming core-common-2.2.0.jar with BuildToolsApiClasspathEntrySnapshotTransform
Transforming collection-jvm-1.4.4.jar with BuildToolsApiClasspathEntrySnapshotTransform
Transforming annotation-jvm-1.8.1.jar with BuildToolsApiClasspathEntrySnapshotTransform
Transforming annotation-experimental-1.4.1-api.jar with BuildToolsApiClasspathEntrySnapshotTransform
Transforming kotlinx-coroutines-core-jvm-1.7.3.jar with BuildToolsApiClasspathEntrySnapshotTransform
Transforming kotlinx-coroutines-android-1.7.3.jar with BuildToolsApiClasspathEntrySnapshotTransform
Transforming kotlin-stdlib-jdk8-1.8.20.jar with BuildToolsApiClasspathEntrySnapshotTransform
Transforming kotlin-stdlib-jdk7-1.8.20.jar with BuildToolsApiClasspathEntrySnapshotTransform
Transforming kotlin-stdlib-2.1.0.jar with BuildToolsApiClasspathEntrySnapshotTransform
Transforming annotations-23.0.0.jar with BuildToolsApiClasspathEntrySnapshotTransform
Transforming android.jar with BuildToolsApiClasspathEntrySnapshotTransform
Transforming core-lambda-stubs.jar with BuildToolsApiClasspathEntrySnapshotTransform
Caching disabled for BuildToolsApiClasspathEntrySnapshotTransform: /home/runner/work/Weft/Weft/android/weft-core/build/intermediates/compile_library_classes_jar/release/bundleLibCompileToJarRelease/classes.jar because:
  Build cache is disabled
Caching disabled for task ':weft-compose:compileReleaseKotlin' because:
  Build cache is disabled
Task ':weft-compose:compileReleaseKotlin' is not up-to-date because:
  No history is available.
The input changes require a full rebuild for incremental task ':weft-compose:compileReleaseKotlin'.
file or directory '/home/runner/work/Weft/Weft/android/weft-compose/src/release/kotlin', not found
file or directory '/home/runner/work/Weft/Weft/android/weft-compose/src/release/java', not found
file or directory '/home/runner/work/Weft/Weft/android/weft-compose/src/release/kotlin', not found
file or directory '/home/runner/work/Weft/Weft/android/weft-compose/src/release/kotlin', not found
file or directory '/home/runner/work/Weft/Weft/android/weft-compose/src/release/java', not found
file or directory '/home/runner/work/Weft/Weft/android/weft-compose/src/main/java', not found
file or directory '/home/runner/work/Weft/Weft/android/weft-compose/src/main/java', not found
file or directory '/home/runner/work/Weft/Weft/android/weft-compose/src/main/java', not found
file or directory '/home/runner/work/Weft/Weft/android/weft-compose/src/release/java', not found
file or directory '/home/runner/work/Weft/Weft/android/weft-compose/src/release/kotlin', not found
file or directory '/home/runner/work/Weft/Weft/android/weft-compose/src/release/java', not found
file or directory '/home/runner/work/Weft/Weft/android/weft-compose/src/release/kotlin', not found
file or directory '/home/runner/work/Weft/Weft/android/weft-compose/src/release/kotlin', not found
file or directory '/home/runner/work/Weft/Weft/android/weft-compose/src/release/java', not found
file or directory '/home/runner/work/Weft/Weft/android/weft-compose/src/release/kotlin', not found
file or directory '/home/runner/work/Weft/Weft/android/weft-compose/src/release/java', not found
file or directory '/home/runner/work/Weft/Weft/android/weft-compose/src/release/kotlin', not found
file or directory '/home/runner/work/Weft/Weft/android/weft-compose/src/release/kotlin', not found
file or directory '/home/runner/work/Weft/Weft/android/weft-compose/src/release/java', not found
file or directory '/home/runner/work/Weft/Weft/android/weft-compose/src/main/java', not found
file or directory '/home/runner/work/Weft/Weft/android/weft-compose/src/main/java', not found
file or directory '/home/runner/work/Weft/Weft/android/weft-compose/src/main/java', not found
file or directory '/home/runner/work/Weft/Weft/android/weft-compose/src/release/java', not found
file or directory '/home/runner/work/Weft/Weft/android/weft-compose/src/release/kotlin', not found
file or directory '/home/runner/work/Weft/Weft/android/weft-compose/src/release/java', not found
file or directory '/home/runner/work/Weft/Weft/android/weft-compose/src/release/kotlin', not found
file or directory '/home/runner/work/Weft/Weft/android/weft-compose/src/release/kotlin', not found
file or directory '/home/runner/work/Weft/Weft/android/weft-compose/src/release/java', not found
file or directory '/home/runner/work/Weft/Weft/android/weft-compose/src/main/java', not found
file or directory '/home/runner/work/Weft/Weft/android/weft-compose/src/main/java', not found
file or directory '/home/runner/work/Weft/Weft/android/weft-compose/src/main/java', not found
file or directory '/home/runner/work/Weft/Weft/android/weft-compose/src/release/java', not found
file or directory '/home/runner/work/Weft/Weft/android/weft-compose/src/release/kotlin', not found
file or directory '/home/runner/work/Weft/Weft/android/weft-compose/src/release/java', not found
file or directory '/home/runner/work/Weft/Weft/android/weft-compose/src/release/kotlin', not found
file or directory '/home/runner/work/Weft/Weft/android/weft-compose/src/release/kotlin', not found
file or directory '/home/runner/work/Weft/Weft/android/weft-compose/src/release/java', not found
file or directory '/home/runner/work/Weft/Weft/android/weft-compose/src/main/java', not found
file or directory '/home/runner/work/Weft/Weft/android/weft-compose/src/main/java', not found
file or directory '/home/runner/work/Weft/Weft/android/weft-compose/src/main/java', not found
file or directory '/home/runner/work/Weft/Weft/android/weft-compose/src/release/java', not found
Kotlin source files: /home/runner/work/Weft/Weft/android/weft-compose/src/main/kotlin/dev/weft/compose/WeftModifiers.kt, /home/runner/work/Weft/Weft/android/weft-compose/src/main/kotlin/dev/weft/compose/WeftHeddle.kt
Java source files: 
Script source files: 
Script file extensions: 
Using Kotlin/JVM incremental compilation
[KOTLIN] Kotlin compilation 'jdkHome' argument: null
Options for KOTLIN DAEMON: IncrementalCompilationOptions(super=CompilationOptions(compilerMode=INCREMENTAL_COMPILER, targetPlatform=JVM, reportCategories=[0, 3], reportSeverity=2, requestedCompilationResults=[0], kotlinScriptExtensions=[]), areFileChangesKnown=false, modifiedFiles=null, deletedFiles=null, classpathChanges=NotAvailableForNonIncrementalRun, workingDir=/home/runner/work/Weft/Weft/android/weft-compose/build/kotlin/compileReleaseKotlin/cacheable, multiModuleICSettings=MultiModuleICSettings(buildHistoryFile=/home/runner/work/Weft/Weft/android/weft-compose/build/kotlin/compileReleaseKotlin/local-state/build-history.bin, useModuleDetection=true), usePreciseJavaTracking=true, icFeatures=IncrementalCompilationFeatures(withAbiSnapshot=false, preciseCompilationResultsBackup=true, keepIncrementalCompilationCachesInMemory=true, enableUnsafeIncrementalCompilationForMultiplatform=false), outputFiles=[/home/runner/work/Weft/Weft/android/weft-compose/build/tmp/kotlin-classes/release, /home/runner/work/Weft/Weft/android/weft-compose/build/kotlin/compileReleaseKotlin/cacheable, /home/runner/work/Weft/Weft/android/weft-compose/build/kotlin/compileReleaseKotlin/local-state])
Finished executing kotlin compiler using DAEMON strategy

> Task :weft-compose:compileDebugKotlin
Finished executing kotlin compiler using DAEMON strategy
AAPT2 aapt2-8.7.3-12006047-linux Daemon #0: shutdown
gradle/actions: Writing build results to /home/runner/work/_temp/.gradle-actions/build-results/run_tests-1789491008944.json

FAILURE: Build completed with 2 failures.

1: Task failed with an exception.
-----------
* What went wrong:
Execution failed for task ':weft-core:compileDebugUnitTestKotlin'.
> A failure occurred while executing org.jetbrains.kotlin.compilerRunner.GradleCompilerRunnerWithWorkers$GradleKotlinCompilerWorkAction
   > Compilation error. See log for more details

* Try:
> Run with --debug option to get more log output.
> Run with --scan to get full insights.
> Get more help at https://help.gradle.org.

* Exception is:
org.gradle.api.tasks.TaskExecutionException: Execution failed for task ':weft-core:compileDebugUnitTestKotlin'.
	at org.gradle.api.internal.tasks.execution.ExecuteActionsTaskExecuter.lambda$executeIfValid$1(ExecuteActionsTaskExecuter.java:130)
	at org.gradle.internal.Try$Failure.ifSuccessfulOrElse(Try.java:293)
	at org.gradle.api.internal.tasks.execution.ExecuteActionsTaskExecuter.executeIfValid(ExecuteActionsTaskExecuter.java:128)
	at org.gradle.api.internal.tasks.execution.ExecuteActionsTaskExecuter.execute(ExecuteActionsTaskExecuter.java:116)
	at org.gradle.api.internal.tasks.execution.FinalizePropertiesTaskExecuter.execute(FinalizePropertiesTaskExecuter.java:46)
	at org.gradle.api.internal.tasks.execution.ResolveTaskExecutionModeExecuter.execute(ResolveTaskExecutionModeExecuter.java:51)
	at org.gradle.api.internal.tasks.execution.SkipTaskWithNoActionsExecuter.execute(SkipTaskWithNoActionsExecuter.java:57)
	at org.gradle.api.internal.tasks.execution.SkipOnlyIfTaskExecuter.execute(SkipOnlyIfTaskExecuter.java:74)
	at org.gradle.api.internal.tasks.execution.CatchExceptionTaskExecuter.execute(CatchExceptionTaskExecuter.java:36)
	at org.gradle.api.internal.tasks.execution.EventFiringTaskExecuter$1.executeTask(EventFiringTaskExecuter.java:77)
	at org.gradle.api.internal.tasks.execution.EventFiringTaskExecuter$1.call(EventFiringTaskExecuter.java:55)
	at org.gradle.api.internal.tasks.execution.EventFiringTaskExecuter$1.call(EventFiringTaskExecuter.java:52)
	at org.gradle.internal.operations.DefaultBuildOperationRunner$CallableBuildOperationWorker.execute(DefaultBuildOperationRunner.java:209)
	at org.gradle.internal.operations.DefaultBuildOperationRunner$CallableBuildOperationWorker.execute(DefaultBuildOperationRunner.java:204)
	at org.gradle.internal.operations.DefaultBuildOperationRunner$2.execute(DefaultBuildOperationRunner.java:66)
	at org.gradle.internal.operations.DefaultBuildOperationRunner$2.execute(DefaultBuildOperationRunner.java:59)
	at org.gradle.internal.operations.DefaultBuildOperationRunner.execute(DefaultBuildOperationRunner.java:166)
	at org.gradle.internal.operations.DefaultBuildOperationRunner.execute(DefaultBuildOperationRunner.java:59)
	at org.gradle.internal.operations.DefaultBuildOperationRunner.call(DefaultBuildOperationRunner.java:53)
	at org.gradle.api.internal.tasks.execution.EventFiringTaskExecuter.execute(EventFiringTaskExecuter.java:52)
	at org.gradle.execution.plan.LocalTaskNodeExecutor.execute(LocalTaskNodeExecutor.java:42)
	at org.gradle.execution.taskgraph.DefaultTaskExecutionGraph$InvokeNodeExecutorsAction.execute(DefaultTaskExecutionGraph.java:331)
	at org.gradle.execution.taskgraph.DefaultTaskExecutionGraph$InvokeNodeExecutorsAction.execute(DefaultTaskExecutionGraph.java:318)
	at org.gradle.execution.taskgraph.DefaultTaskExecutionGraph$BuildOperationAwareExecutionAction.lambda$execute$0(DefaultTaskExecutionGraph.java:314)
	at org.gradle.internal.operations.CurrentBuildOperationRef.with(CurrentBuildOperationRef.java:85)
	at org.gradle.execution.taskgraph.DefaultTaskExecutionGraph$BuildOperationAwareExecutionAction.execute(DefaultTaskExecutionGraph.java:314)
	at org.gradle.execution.taskgraph.DefaultTaskExecutionGraph$BuildOperationAwareExecutionAction.execute(DefaultTaskExecutionGraph.java:303)
	at org.gradle.execution.plan.DefaultPlanExecutor$ExecutorWorker.execute(DefaultPlanExecutor.java:459)
	at org.gradle.execution.plan.DefaultPlanExecutor$ExecutorWorker.run(DefaultPlanExecutor.java:376)
	at org.gradle.internal.concurrent.ExecutorPolicy$CatchAndRecordFailures.onExecute(ExecutorPolicy.java:64)
	at org.gradle.internal.concurrent.AbstractManagedExecutor$1.run(AbstractManagedExecutor.java:48)
Caused by: org.gradle.workers.internal.DefaultWorkerExecutor$WorkExecutionException: A failure occurred while executing org.jetbrains.kotlin.compilerRunner.GradleCompilerRunnerWithWorkers$GradleKotlinCompilerWorkAction
	at org.gradle.workers.internal.DefaultWorkerExecutor$WorkItemExecution.waitForCompletion(DefaultWorkerExecutor.java:287)
	at org.gradle.internal.work.DefaultAsyncWorkTracker.lambda$waitForItemsAndGatherFailures$2(DefaultAsyncWorkTracker.java:130)
	at org.gradle.internal.Factories$1.create(Factories.java:31)
	at org.gradle.internal.work.DefaultWorkerLeaseService.withoutLocks(DefaultWorkerLeaseService.java:335)
	at org.gradle.internal.work.DefaultWorkerLeaseService.withoutLocks(DefaultWorkerLeaseService.java:318)
	at org.gradle.internal.work.DefaultWorkerLeaseService.withoutLock(DefaultWorkerLeaseService.java:323)
	at org.gradle.internal.work.DefaultAsyncWorkTracker.waitForItemsAndGatherFailures(DefaultAsyncWorkTracker.java:126)
	at org.gradle.internal.work.DefaultAsyncWorkTracker.waitForItemsAndGatherFailures(DefaultAsyncWorkTracker.java:92)
	at org.gradle.internal.work.DefaultAsyncWorkTracker.waitForAll(DefaultAsyncWorkTracker.java:78)
	at org.gradle.internal.work.DefaultAsyncWorkTracker.waitForCompletion(DefaultAsyncWorkTracker.java:66)
	at org.gradle.api.internal.tasks.execution.TaskExecution$3.run(TaskExecution.java:252)
	at org.gradle.internal.operations.DefaultBuildOperationRunner$1.execute(DefaultBuildOperationRunner.java:29)
	at org.gradle.internal.operations.DefaultBuildOperationRunner$1.execute(DefaultBuildOperationRunner.java:26)
	at org.gradle.internal.operations.DefaultBuildOperationRunner$2.execute(DefaultBuildOperationRunner.java:66)
	at org.gradle.internal.operations.DefaultBuildOperationRunner$2.execute(DefaultBuildOperationRunner.java:59)
	at org.gradle.internal.operations.DefaultBuildOperationRunner.execute(DefaultBuildOperationRunner.java:166)
	at org.gradle.internal.operations.DefaultBuildOperationRunner.execute(DefaultBuildOperationRunner.java:59)
	at org.gradle.internal.operations.DefaultBuildOperationRunner.run(DefaultBuildOperationRunner.java:47)
	at org.gradle.api.internal.tasks.execution.TaskExecution.executeAction(TaskExecution.java:229)
	at org.gradle.api.internal.tasks.execution.TaskExecution.executeActions(TaskExecution.java:212)
	at org.gradle.api.internal.tasks.execution.TaskExecution.executeWithPreviousOutputFiles(TaskExecution.java:195)
	at org.gradle.api.internal.tasks.execution.TaskExecution.execute(TaskExecution.java:162)
	at org.gradle.internal.execution.steps.ExecuteStep.executeInternal(ExecuteStep.java:105)
	at org.gradle.internal.execution.steps.ExecuteStep.access$000(ExecuteStep.java:44)
	at org.gradle.internal.execution.steps.ExecuteStep$1.call(ExecuteStep.java:59)
	at org.gradle.internal.execution.steps.ExecuteStep$1.call(ExecuteStep.java:56)
	at org.gradle.internal.operations.DefaultBuildOperationRunner$CallableBuildOperationWorker.execute(DefaultBuildOperationRunner.java:209)
	at org.gradle.internal.operations.DefaultBuildOperationRunner$CallableBuildOperationWorker.execute(DefaultBuildOperationRunner.java:204)
	at org.gradle.internal.operations.DefaultBuildOperationRunner$2.execute(DefaultBuildOperationRunner.java:66)
	at org.gradle.internal.operations.DefaultBuildOperationRunner$2.execute(DefaultBuildOperationRunner.java:59)
	at org.gradle.internal.operations.DefaultBuildOperationRunner.execute(DefaultBuildOperationRunner.java:166)
	at org.gradle.internal.operations.DefaultBuildOperationRunner.execute(DefaultBuildOperationRunner.java:59)
	at org.gradle.internal.operations.DefaultBuildOperationRunner.call(DefaultBuildOperationRunner.java:53)
	at org.gradle.internal.execution.steps.ExecuteStep.execute(ExecuteStep.java:56)
	at org.gradle.internal.execution.steps.ExecuteStep.execute(ExecuteStep.java:44)
	at org.gradle.internal.execution.steps.CancelExecutionStep.execute(CancelExecutionStep.java:42)
	at org.gradle.internal.execution.steps.TimeoutStep.executeWithoutTimeout(TimeoutStep.java:75)
	at org.gradle.internal.execution.steps.TimeoutStep.execute(TimeoutStep.java:55)
	at org.gradle.internal.execution.steps.PreCreateOutputParentsStep.execute(PreCreateOutputParentsStep.java:50)
	at org.gradle.internal.execution.steps.PreCreateOutputParentsStep.execute(PreCreateOutputParentsStep.java:28)
	at org.gradle.internal.execution.steps.RemovePreviousOutputsStep.execute(RemovePreviousOutputsStep.java:67)
	at org.gradle.internal.execution.steps.RemovePreviousOutputsStep.execute(RemovePreviousOutputsStep.java:37)
	at org.gradle.internal.execution.steps.BroadcastChangingOutputsStep.execute(BroadcastChangingOutputsStep.java:61)
	at org.gradle.internal.execution.steps.BroadcastChangingOutputsStep.execute(BroadcastChangingOutputsStep.java:26)
	at org.gradle.internal.execution.steps.CaptureOutputsAfterExecutionStep.execute(CaptureOutputsAfterExecutionStep.java:69)
	at org.gradle.internal.execution.steps.CaptureOutputsAfterExecutionStep.execute(CaptureOutputsAfterExecutionStep.java:46)
	at org.gradle.internal.execution.steps.ResolveInputChangesStep.execute(ResolveInputChangesStep.java:40)
	at org.gradle.internal.execution.steps.ResolveInputChangesStep.execute(ResolveInputChangesStep.java:29)
	at org.gradle.internal.execution.steps.BuildCacheStep.executeWithoutCache(BuildCacheStep.java:189)
	at org.gradle.internal.execution.steps.BuildCacheStep.lambda$execute$1(BuildCacheStep.java:75)
	at org.gradle.internal.Either$Right.fold(Either.java:175)
	at org.gradle.internal.execution.caching.CachingState.fold(CachingState.java:62)
	at org.gradle.internal.execution.steps.BuildCacheStep.execute(BuildCacheStep.java:73)
	at org.gradle.internal.execution.steps.BuildCacheStep.execute(BuildCacheStep.java:48)
	at org.gradle.internal.execution.steps.StoreExecutionStateStep.execute(StoreExecutionStateStep.java:46)
	at org.gradle.internal.execution.steps.StoreExecutionStateStep.execute(StoreExecutionStateStep.java:35)
	at org.gradle.internal.execution.steps.SkipUpToDateStep.executeBecause(SkipUpToDateStep.java:75)
	at org.gradle.internal.execution.steps.SkipUpToDateStep.lambda$execute$2(SkipUpToDateStep.java:53)
	at org.gradle.internal.execution.steps.SkipUpToDateStep.execute(SkipUpToDateStep.java:53)
	at org.gradle.internal.execution.steps.SkipUpToDateStep.execute(SkipUpToDateStep.java:35)
	at org.gradle.internal.execution.steps.legacy.MarkSnapshottingInputsFinishedStep.execute(MarkSnapshottingInputsFinishedStep.java:37)
	at org.gradle.internal.execution.steps.legacy.MarkSnapshottingInputsFinishedStep.execute(MarkSnapshottingInputsFinishedStep.java:27)
	at org.gradle.internal.execution.steps.ResolveIncrementalCachingStateStep.executeDelegate(ResolveIncrementalCachingStateStep.java:49)
	at org.gradle.internal.execution.steps.ResolveIncrementalCachingStateStep.executeDelegate(ResolveIncrementalCachingStateStep.java:27)
	at org.gradle.internal.execution.steps.AbstractResolveCachingStateStep.execute(AbstractResolveCachingStateStep.java:71)
	at org.gradle.internal.execution.steps.AbstractResolveCachingStateStep.execute(AbstractResolveCachingStateStep.java:39)
	at org.gradle.internal.execution.steps.ResolveChangesStep.execute(ResolveChangesStep.java:65)
	at org.gradle.internal.execution.steps.ResolveChangesStep.execute(ResolveChangesStep.java:36)
	at org.gradle.internal.execution.steps.ValidateStep.execute(ValidateStep.java:107)
	at org.gradle.internal.execution.steps.ValidateStep.execute(ValidateStep.java:56)
	at org.gradle.internal.execution.steps.AbstractCaptureStateBeforeExecutionStep.execute(AbstractCaptureStateBeforeExecutionStep.java:64)
	at org.gradle.internal.execution.steps.AbstractCaptureStateBeforeExecutionStep.execute(AbstractCaptureStateBeforeExecutionStep.java:43)
	at org.gradle.internal.execution.steps.AbstractSkipEmptyWorkStep.executeWithNonEmptySources(AbstractSkipEmptyWorkStep.java:125)
	at org.gradle.internal.execution.steps.AbstractSkipEmptyWorkStep.execute(AbstractSkipEmptyWorkStep.java:61)
	at org.gradle.internal.execution.steps.AbstractSkipEmptyWorkStep.execute(AbstractSkipEmptyWorkStep.java:36)
	at org.gradle.internal.execution.steps.legacy.MarkSnapshottingInputsStartedStep.execute(MarkSnapshottingInputsStartedStep.java:38)
	at org.gradle.internal.execution.steps.LoadPreviousExecutionStateStep.execute(LoadPreviousExecutionStateStep.java:36)
	at org.gradle.internal.execution.steps.LoadPreviousExecutionStateStep.execute(LoadPreviousExecutionStateStep.java:23)
	at org.gradle.internal.execution.steps.HandleStaleOutputsStep.execute(HandleStaleOutputsStep.java:75)
	at org.gradle.internal.execution.steps.HandleStaleOutputsStep.execute(HandleStaleOutputsStep.java:41)
	at org.gradle.internal.execution.steps.AssignMutableWorkspaceStep.lambda$execute$0(AssignMutableWorkspaceStep.java:35)
	at org.gradle.api.internal.tasks.execution.TaskExecution$4.withWorkspace(TaskExecution.java:289)
	at org.gradle.internal.execution.steps.AssignMutableWorkspaceStep.execute(AssignMutableWorkspaceStep.java:31)
	at org.gradle.internal.execution.steps.AssignMutableWorkspaceStep.execute(AssignMutableWorkspaceStep.java:22)
	at org.gradle.internal.execution.steps.ChoosePipelineStep.execute(ChoosePipelineStep.java:40)
	at org.gradle.internal.execution.steps.ChoosePipelineStep.execute(ChoosePipelineStep.java:23)
	at org.gradle.internal.execution.steps.ExecuteWorkBuildOperationFiringStep.lambda$execute$2(ExecuteWorkBuildOperationFiringStep.java:67)
	at org.gradle.internal.execution.steps.ExecuteWorkBuildOperationFiringStep.execute(ExecuteWorkBuildOperationFiringStep.java:67)
	at org.gradle.internal.execution.steps.ExecuteWorkBuildOperationFiringStep.execute(ExecuteWorkBuildOperationFiringStep.java:39)
	at org.gradle.internal.execution.steps.IdentityCacheStep.execute(IdentityCacheStep.java:46)
	at org.gradle.internal.execution.steps.IdentityCacheStep.execute(IdentityCacheStep.java:34)
	at org.gradle.internal.execution.steps.IdentifyStep.execute(IdentifyStep.java:48)
	at org.gradle.internal.execution.steps.IdentifyStep.execute(IdentifyStep.java:35)
	at org.gradle.internal.execution.impl.DefaultExecutionEngine$1.execute(DefaultExecutionEngine.java:61)
	at org.gradle.api.internal.tasks.execution.ExecuteActionsTaskExecuter.executeIfValid(ExecuteActionsTaskExecuter.java:127)
	at org.gradle.api.internal.tasks.execution.ExecuteActionsTaskExecuter.execute(ExecuteActionsTaskExecuter.java:116)
	at org.gradle.api.internal.tasks.execution.FinalizePropertiesTaskExecuter.execute(FinalizePropertiesTaskExecuter.java:46)
	at org.gradle.api.internal.tasks.execution.ResolveTaskExecutionModeExecuter.execute(ResolveTaskExecutionModeExecuter.java:51)
	at org.gradle.api.internal.tasks.execution.SkipTaskWithNoActionsExecuter.execute(SkipTaskWithNoActionsExecuter.java:57)
	at org.gradle.api.internal.tasks.execution.SkipOnlyIfTaskExecuter.execute(SkipOnlyIfTaskExecuter.java:74)
	at org.gradle.api.internal.tasks.execution.CatchExceptionTaskExecuter.execute(CatchExceptionTaskExecuter.java:36)
	at org.gradle.api.internal.tasks.execution.EventFiringTaskExecuter$1.executeTask(EventFiringTaskExecuter.java:77)
	at org.gradle.api.internal.tasks.execution.EventFiringTaskExecuter$1.call(EventFiringTaskExecuter.java:55)
	at org.gradle.api.internal.tasks.execution.EventFiringTaskExecuter$1.call(EventFiringTaskExecuter.java:52)
	at org.gradle.internal.operations.DefaultBuildOperationRunner$CallableBuildOperationWorker.execute(DefaultBuildOperationRunner.java:209)
	at org.gradle.internal.operations.DefaultBuildOperationRunner$CallableBuildOperationWorker.execute(DefaultBuildOperationRunner.java:204)
	at org.gradle.internal.operations.DefaultBuildOperationRunner$2.execute(DefaultBuildOperationRunner.java:66)
	at org.gradle.internal.operations.DefaultBuildOperationRunner$2.execute(DefaultBuildOperationRunner.java:59)
	at org.gradle.internal.operations.DefaultBuildOperationRunner.execute(DefaultBuildOperationRunner.java:166)
	at org.gradle.internal.operations.DefaultBuildOperationRunner.execute(DefaultBuildOperationRunner.java:59)
	at org.gradle.internal.operations.DefaultBuildOperationRunner.call(DefaultBuildOperationRunner.java:53)
	at org.gradle.api.internal.tasks.execution.EventFiringTaskExecuter.execute(EventFiringTaskExecuter.java:52)
	at org.gradle.execution.plan.LocalTaskNodeExecutor.execute(LocalTaskNodeExecutor.java:42)
	at org.gradle.execution.taskgraph.DefaultTaskExecutionGraph$InvokeNodeExecutorsAction.execute(DefaultTaskExecutionGraph.java:331)
	at org.gradle.execution.taskgraph.DefaultTaskExecutionGraph$InvokeNodeExecutorsAction.execute(DefaultTaskExecutionGraph.java:318)
	at org.gradle.execution.taskgraph.DefaultTaskExecutionGraph$BuildOperationAwareExecutionAction.lambda$execute$0(DefaultTaskExecutionGraph.java:314)
	at org.gradle.internal.operations.CurrentBuildOperationRef.with(CurrentBuildOperationRef.java:85)
	at org.gradle.execution.taskgraph.DefaultTaskExecutionGraph$BuildOperationAwareExecutionAction.execute(DefaultTaskExecutionGraph.java:314)
	at org.gradle.execution.taskgraph.DefaultTaskExecutionGraph$BuildOperationAwareExecutionAction.execute(DefaultTaskExecutionGraph.java:303)
	at org.gradle.execution.plan.DefaultPlanExecutor$ExecutorWorker.execute(DefaultPlanExecutor.java:459)
	at org.gradle.execution.plan.DefaultPlanExecutor$ExecutorWorker.run(DefaultPlanExecutor.java:376)
	at org.gradle.internal.concurrent.ExecutorPolicy$CatchAndRecordFailures.onExecute(ExecutorPolicy.java:64)
	at org.gradle.internal.concurrent.AbstractManagedExecutor$1.run(AbstractManagedExecutor.java:48)
Caused by: org.jetbrains.kotlin.gradle.tasks.CompilationErrorException: Compilation error. See log for more details
	at org.jetbrains.kotlin.gradle.tasks.TasksUtilsKt.throwExceptionIfCompilationFailed(tasksUtils.kt:21)
	at org.jetbrains.kotlin.compilerRunner.GradleKotlinCompilerWork.run(GradleKotlinCompilerWork.kt:119)
	at org.jetbrains.kotlin.compilerRunner.GradleCompilerRunnerWithWorkers$GradleKotlinCompilerWorkAction.execute(GradleCompilerRunnerWithWorkers.kt:76)
	at org.gradle.workers.internal.DefaultWorkerServer.execute(DefaultWorkerServer.java:63)
	at org.gradle.workers.internal.NoIsolationWorkerFactory$1$1.create(NoIsolationWorkerFactory.java:66)
	at org.gradle.workers.internal.NoIsolationWorkerFactory$1$1.create(NoIsolationWorkerFactory.java:62)
	at org.gradle.internal.classloader.ClassLoaderUtils.executeInClassloader(ClassLoaderUtils.java:100)
	at org.gradle.workers.internal.NoIsolationWorkerFactory$1.lambda$execute$0(NoIsolationWorkerFactory.java:62)
	at org.gradle.workers.internal.AbstractWorker$1.call(AbstractWorker.java:44)
	at org.gradle.workers.internal.AbstractWorker$1.call(AbstractWorker.java:41)
	at org.gradle.internal.operations.DefaultBuildOperationRunner$CallableBuildOperationWorker.execute(DefaultBuildOperationRunner.java:209)
	at org.gradle.internal.operations.DefaultBuildOperationRunner$CallableBuildOperationWorker.execute(DefaultBuildOperationRunner.java:204)
	at org.gradle.internal.operations.DefaultBuildOperationRunner$2.execute(DefaultBuildOperationRunner.java:66)
	at org.gradle.internal.operations.DefaultBuildOperationRunner$2.execute(DefaultBuildOperationRunner.java:59)
	at org.gradle.internal.operations.DefaultBuildOperationRunner.execute(DefaultBuildOperationRunner.java:166)
	at org.gradle.internal.operations.DefaultBuildOperationRunner.execute(DefaultBuildOperationRunner.java:59)
	at org.gradle.internal.operations.DefaultBuildOperationRunner.call(DefaultBuildOperationRunner.java:53)
	at org.gradle.workers.internal.AbstractWorker.executeWrappedInBuildOperation(AbstractWorker.java:41)
	at org.gradle.workers.internal.NoIsolationWorkerFactory$1.execute(NoIsolationWorkerFactory.java:59)
	at org.gradle.workers.internal.DefaultWorkerExecutor.lambda$submitWork$0(DefaultWorkerExecutor.java:174)
	at org.gradle.internal.work.DefaultConditionalExecutionQueue$ExecutionRunner.runExecution(DefaultConditionalExecutionQueue.java:194)
	at org.gradle.internal.work.DefaultConditionalExecutionQueue$ExecutionRunner.access$700(DefaultConditionalExecutionQueue.java:127)
	at org.gradle.internal.work.DefaultConditionalExecutionQueue$ExecutionRunner$1.run(DefaultConditionalExecutionQueue.java:169)
	at org.gradle.internal.Factories$1.create(Factories.java:31)
	at org.gradle.internal.work.DefaultWorkerLeaseService.withLocks(DefaultWorkerLeaseService.java:263)
	at org.gradle.internal.work.DefaultWorkerLeaseService.runAsWorkerThread(DefaultWorkerLeaseService.java:127)
	at org.gradle.internal.work.DefaultWorkerLeaseService.runAsWorkerThread(DefaultWorkerLeaseService.java:132)
	at org.gradle.internal.work.DefaultConditionalExecutionQueue$ExecutionRunner.runBatch(DefaultConditionalExecutionQueue.java:164)
	at org.gradle.internal.work.DefaultConditionalExecutionQueue$ExecutionRunner.run(DefaultConditionalExecutionQueue.java:133)
	... 2 more

==============================================================================

2: Task failed with an exception.
-----------
* What went wrong:
Execution failed for task ':weft-core:compileReleaseUnitTestKotlin'.
> A failure occurred while executing org.jetbrains.kotlin.compilerRunner.GradleCompilerRunnerWithWorkers$GradleKotlinCompilerWorkAction
   > Compilation error. See log for more details

* Try:
> Run with --debug option to get more log output.
> Run with --scan to get full insights.
> Get more help at https://help.gradle.org.

* Exception is:
org.gradle.api.tasks.TaskExecutionException: Execution failed for task ':weft-core:compileReleaseUnitTestKotlin'.
	at org.gradle.api.internal.tasks.execution.ExecuteActionsTaskExecuter.lambda$executeIfValid$1(ExecuteActionsTaskExecuter.java:130)
	at org.gradle.internal.Try$Failure.ifSuccessfulOrElse(Try.java:293)
	at org.gradle.api.internal.tasks.execution.ExecuteActionsTaskExecuter.executeIfValid(ExecuteActionsTaskExecuter.java:128)
	at org.gradle.api.internal.tasks.execution.ExecuteActionsTaskExecuter.execute(ExecuteActionsTaskExecuter.java:116)
	at org.gradle.api.internal.tasks.execution.FinalizePropertiesTaskExecuter.execute(FinalizePropertiesTaskExecuter.java:46)
	at org.gradle.api.internal.tasks.execution.ResolveTaskExecutionModeExecuter.execute(ResolveTaskExecutionModeExecuter.java:51)
	at org.gradle.api.internal.tasks.execution.SkipTaskWithNoActionsExecuter.execute(SkipTaskWithNoActionsExecuter.java:57)
	at org.gradle.api.internal.tasks.execution.SkipOnlyIfTaskExecuter.execute(SkipOnlyIfTaskExecuter.java:74)
	at org.gradle.api.internal.tasks.execution.CatchExceptionTaskExecuter.execute(CatchExceptionTaskExecuter.java:36)
	at org.gradle.api.internal.tasks.execution.EventFiringTaskExecuter$1.executeTask(EventFiringTaskExecuter.java:77)
	at org.gradle.api.internal.tasks.execution.EventFiringTaskExecuter$1.call(EventFiringTaskExecuter.java:55)
	at org.gradle.api.internal.tasks.execution.EventFiringTaskExecuter$1.call(EventFiringTaskExecuter.java:52)
	at org.gradle.internal.operations.DefaultBuildOperationRunner$CallableBuildOperationWorker.execute(DefaultBuildOperationRunner.java:209)
	at org.gradle.internal.operations.DefaultBuildOperationRunner$CallableBuildOperationWorker.execute(DefaultBuildOperationRunner.java:204)
	at org.gradle.internal.operations.DefaultBuildOperationRunner$2.execute(DefaultBuildOperationRunner.java:66)
	at org.gradle.internal.operations.DefaultBuildOperationRunner$2.execute(DefaultBuildOperationRunner.java:59)
	at org.gradle.internal.operations.DefaultBuildOperationRunner.execute(DefaultBuildOperationRunner.java:166)
	at org.gradle.internal.operations.DefaultBuildOperationRunner.execute(DefaultBuildOperationRunner.java:59)
	at org.gradle.internal.operations.DefaultBuildOperationRunner.call(DefaultBuildOperationRunner.java:53)
	at org.gradle.api.internal.tasks.execution.EventFiringTaskExecuter.execute(EventFiringTaskExecuter.java:52)
	at org.gradle.execution.plan.LocalTaskNodeExecutor.execute(LocalTaskNodeExecutor.java:42)
	at org.gradle.execution.taskgraph.DefaultTaskExecutionGraph$InvokeNodeExecutorsAction.execute(DefaultTaskExecutionGraph.java:331)
	at org.gradle.execution.taskgraph.DefaultTaskExecutionGraph$InvokeNodeExecutorsAction.execute(DefaultTaskExecutionGraph.java:318)
	at org.gradle.execution.taskgraph.DefaultTaskExecutionGraph$BuildOperationAwareExecutionAction.lambda$execute$0(DefaultTaskExecutionGraph.java:314)
	at org.gradle.internal.operations.CurrentBuildOperationRef.with(CurrentBuildOperationRef.java:85)
	at org.gradle.execution.taskgraph.DefaultTaskExecutionGraph$BuildOperationAwareExecutionAction.execute(DefaultTaskExecutionGraph.java:314)
	at org.gradle.execution.taskgraph.DefaultTaskExecutionGraph$BuildOperationAwareExecutionAction.execute(DefaultTaskExecutionGraph.java:303)
	at org.gradle.execution.plan.DefaultPlanExecutor$ExecutorWorker.execute(DefaultPlanExecutor.java:459)
	at org.gradle.execution.plan.DefaultPlanExecutor$ExecutorWorker.run(DefaultPlanExecutor.java:376)
	at org.gradle.internal.concurrent.ExecutorPolicy$CatchAndRecordFailures.onExecute(ExecutorPolicy.java:64)
	at org.gradle.internal.concurrent.AbstractManagedExecutor$1.run(AbstractManagedExecutor.java:48)
	at java.base/java.util.concurrent.ThreadPoolExecutor.runWorker(ThreadPoolExecutor.java:1136)
	at java.base/java.util.concurrent.ThreadPoolExecutor$Worker.run(ThreadPoolExecutor.java:635)
	at java.base/java.lang.Thread.run(Thread.java:840)
Caused by: org.gradle.workers.internal.DefaultWorkerExecutor$WorkExecutionException: A failure occurred while executing org.jetbrains.kotlin.compilerRunner.GradleCompilerRunnerWithWorkers$GradleKotlinCompilerWorkAction
	at org.gradle.workers.internal.DefaultWorkerExecutor$WorkItemExecution.waitForCompletion(DefaultWorkerExecutor.java:287)
	at org.gradle.internal.work.DefaultAsyncWorkTracker.lambda$waitForItemsAndGatherFailures$2(DefaultAsyncWorkTracker.java:130)
	at org.gradle.internal.Factories$1.create(Factories.java:31)
	at org.gradle.internal.work.DefaultWorkerLeaseService.withoutLocks(DefaultWorkerLeaseService.java:335)
	at org.gradle.internal.work.DefaultWorkerLeaseService.withoutLocks(DefaultWorkerLeaseService.java:318)
	at org.gradle.internal.work.DefaultWorkerLeaseService.withoutLock(DefaultWorkerLeaseService.java:323)
	at org.gradle.internal.work.DefaultAsyncWorkTracker.waitForItemsAndGatherFailures(DefaultAsyncWorkTracker.java:126)
	at org.gradle.internal.work.DefaultAsyncWorkTracker.waitForItemsAndGatherFailures(DefaultAsyncWorkTracker.java:92)
	at org.gradle.internal.work.DefaultAsyncWorkTracker.waitForAll(DefaultAsyncWorkTracker.java:78)
	at org.gradle.internal.work.DefaultAsyncWorkTracker.waitForCompletion(DefaultAsyncWorkTracker.java:66)
	at org.gradle.api.internal.tasks.execution.TaskExecution$3.run(TaskExecution.java:252)
	at org.gradle.internal.operations.DefaultBuildOperationRunner$1.execute(DefaultBuildOperationRunner.java:29)
	at org.gradle.internal.operations.DefaultBuildOperationRunner$1.execute(DefaultBuildOperationRunner.java:26)
	at org.gradle.internal.operations.DefaultBuildOperationRunner$2.execute(DefaultBuildOperationRunner.java:66)
	at org.gradle.internal.operations.DefaultBuildOperationRunner$2.execute(DefaultBuildOperationRunner.java:59)
	at org.gradle.internal.operations.DefaultBuildOperationRunner.execute(DefaultBuildOperationRunner.java:166)
	at org.gradle.internal.operations.DefaultBuildOperationRunner.execute(DefaultBuildOperationRunner.java:59)
	at org.gradle.internal.operations.DefaultBuildOperationRunner.run(DefaultBuildOperationRunner.java:47)
	at org.gradle.api.internal.tasks.execution.TaskExecution.executeAction(TaskExecution.java:229)
	at org.gradle.api.internal.tasks.execution.TaskExecution.executeActions(TaskExecution.java:212)
	at org.gradle.api.internal.tasks.execution.TaskExecution.executeWithPreviousOutputFiles(TaskExecution.java:195)
	at org.gradle.api.internal.tasks.execution.TaskExecution.execute(TaskExecution.java:162)
	at org.gradle.internal.execution.steps.ExecuteStep.executeInternal(ExecuteStep.java:105)
	at org.gradle.internal.execution.steps.ExecuteStep.access$000(ExecuteStep.java:44)
	at org.gradle.internal.execution.steps.ExecuteStep$1.call(ExecuteStep.java:59)
	at org.gradle.internal.execution.steps.ExecuteStep$1.call(ExecuteStep.java:56)
	at org.gradle.internal.operations.DefaultBuildOperationRunner$CallableBuildOperationWorker.execute(DefaultBuildOperationRunner.java:209)
	at org.gradle.internal.operations.DefaultBuildOperationRunner$CallableBuildOperationWorker.execute(DefaultBuildOperationRunner.java:204)
	at org.gradle.internal.operations.DefaultBuildOperationRunner$2.execute(DefaultBuildOperationRunner.java:66)
	at org.gradle.internal.operations.DefaultBuildOperationRunner$2.execute(DefaultBuildOperationRunner.java:59)
	at org.gradle.internal.operations.DefaultBuildOperationRunner.execute(DefaultBuildOperationRunner.java:166)
	at org.gradle.internal.operations.DefaultBuildOperationRunner.execute(DefaultBuildOperationRunner.java:59)
	at org.gradle.internal.operations.DefaultBuildOperationRunner.call(DefaultBuildOperationRunner.java:53)
	at org.gradle.internal.execution.steps.ExecuteStep.execute(ExecuteStep.java:56)
	at org.gradle.internal.execution.steps.ExecuteStep.execute(ExecuteStep.java:44)
	at org.gradle.internal.execution.steps.CancelExecutionStep.execute(CancelExecutionStep.java:42)
	at org.gradle.internal.execution.steps.TimeoutStep.executeWithoutTimeout(TimeoutStep.java:75)
	at org.gradle.internal.execution.steps.TimeoutStep.execute(TimeoutStep.java:55)
	at org.gradle.internal.execution.steps.PreCreateOutputParentsStep.execute(PreCreateOutputParentsStep.java:50)
	at org.gradle.internal.execution.steps.PreCreateOutputParentsStep.execute(PreCreateOutputParentsStep.java:28)
	at org.gradle.internal.execution.steps.RemovePreviousOutputsStep.execute(RemovePreviousOutputsStep.java:67)
	at org.gradle.internal.execution.steps.RemovePreviousOutputsStep.execute(RemovePreviousOutputsStep.java:37)
	at org.gradle.internal.execution.steps.BroadcastChangingOutputsStep.execute(BroadcastChangingOutputsStep.java:61)
	at org.gradle.internal.execution.steps.BroadcastChangingOutputsStep.execute(BroadcastChangingOutputsStep.java:26)
	at org.gradle.internal.execution.steps.CaptureOutputsAfterExecutionStep.execute(CaptureOutputsAfterExecutionStep.java:69)
	at org.gradle.internal.execution.steps.CaptureOutputsAfterExecutionStep.execute(CaptureOutputsAfterExecutionStep.java:46)
	at org.gradle.internal.execution.steps.ResolveInputChangesStep.execute(ResolveInputChangesStep.java:40)
	at org.gradle.internal.execution.steps.ResolveInputChangesStep.execute(ResolveInputChangesStep.java:29)
	at org.gradle.internal.execution.steps.BuildCacheStep.executeWithoutCache(BuildCacheStep.java:189)
	at org.gradle.internal.execution.steps.BuildCacheStep.lambda$execute$1(BuildCacheStep.java:75)
	at org.gradle.internal.Either$Right.fold(Either.java:175)
	at org.gradle.internal.execution.caching.CachingState.fold(CachingState.java:62)
	at org.gradle.internal.execution.steps.BuildCacheStep.execute(BuildCacheStep.java:73)
	at org.gradle.internal.execution.steps.BuildCacheStep.execute(BuildCacheStep.java:48)
	at org.gradle.internal.execution.steps.StoreExecutionStateStep.execute(StoreExecutionStateStep.java:46)
	at org.gradle.internal.execution.steps.StoreExecutionStateStep.execute(StoreExecutionStateStep.java:35)
	at org.gradle.internal.execution.steps.SkipUpToDateStep.executeBecause(SkipUpToDateStep.java:75)
	at org.gradle.internal.execution.steps.SkipUpToDateStep.lambda$execute$2(SkipUpToDateStep.java:53)
	at java.base/java.util.Optional.orElseGet(Optional.java:364)
	at org.gradle.internal.execution.steps.SkipUpToDateStep.execute(SkipUpToDateStep.java:53)
	at org.gradle.internal.execution.steps.SkipUpToDateStep.execute(SkipUpToDateStep.java:35)
	at org.gradle.internal.execution.steps.legacy.MarkSnapshottingInputsFinishedStep.execute(MarkSnapshottingInputsFinishedStep.java:37)
	at org.gradle.internal.execution.steps.legacy.MarkSnapshottingInputsFinishedStep.execute(MarkSnapshottingInputsFinishedStep.java:27)
	at org.gradle.internal.execution.steps.ResolveIncrementalCachingStateStep.executeDelegate(ResolveIncrementalCachingStateStep.java:49)
	at org.gradle.internal.execution.steps.ResolveIncrementalCachingStateStep.executeDelegate(ResolveIncrementalCachingStateStep.java:27)
	at org.gradle.internal.execution.steps.AbstractResolveCachingStateStep.execute(AbstractResolveCachingStateStep.java:71)
	at org.gradle.internal.execution.steps.AbstractResolveCachingStateStep.execute(AbstractResolveCachingStateStep.java:39)
	at org.gradle.internal.execution.steps.ResolveChangesStep.execute(ResolveChangesStep.java:65)
	at org.gradle.internal.execution.steps.ResolveChangesStep.execute(ResolveChangesStep.java:36)
	at org.gradle.internal.execution.steps.ValidateStep.execute(ValidateStep.java:107)
	at org.gradle.internal.execution.steps.ValidateStep.execute(ValidateStep.java:56)
	at org.gradle.internal.execution.steps.AbstractCaptureStateBeforeExecutionStep.execute(AbstractCaptureStateBeforeExecutionStep.java:64)
	at org.gradle.internal.execution.steps.AbstractCaptureStateBeforeExecutionStep.execute(AbstractCaptureStateBeforeExecutionStep.java:43)
	at org.gradle.internal.execution.steps.AbstractSkipEmptyWorkStep.executeWithNonEmptySources(AbstractSkipEmptyWorkStep.java:125)
	at org.gradle.internal.execution.steps.AbstractSkipEmptyWorkStep.execute(AbstractSkipEmptyWorkStep.java:61)
	at org.gradle.internal.execution.steps.AbstractSkipEmptyWorkStep.execute(AbstractSkipEmptyWorkStep.java:36)
	at org.gradle.internal.execution.steps.legacy.MarkSnapshottingInputsStartedStep.execute(MarkSnapshottingInputsStartedStep.java:38)
	at org.gradle.internal.execution.steps.LoadPreviousExecutionStateStep.execute(LoadPreviousExecutionStateStep.java:36)
	at org.gradle.internal.execution.steps.LoadPreviousExecutionStateStep.execute(LoadPreviousExecutionStateStep.java:23)
	at org.gradle.internal.execution.steps.HandleStaleOutputsStep.execute(HandleStaleOutputsStep.java:75)
	at org.gradle.internal.execution.steps.HandleStaleOutputsStep.execute(HandleStaleOutputsStep.java:41)
	at org.gradle.internal.execution.steps.AssignMutableWorkspaceStep.lambda$execute$0(AssignMutableWorkspaceStep.java:35)
	at org.gradle.api.internal.tasks.execution.TaskExecution$4.withWorkspace(TaskExecution.java:289)
	at org.gradle.internal.execution.steps.AssignMutableWorkspaceStep.execute(AssignMutableWorkspaceStep.java:31)
	at org.gradle.internal.execution.steps.AssignMutableWorkspaceStep.execute(AssignMutableWorkspaceStep.java:22)
	at org.gradle.internal.execution.steps.ChoosePipelineStep.execute(ChoosePipelineStep.java:40)
	at org.gradle.internal.execution.steps.ChoosePipelineStep.execute(ChoosePipelineStep.java:23)
	at org.gradle.internal.execution.steps.ExecuteWorkBuildOperationFiringStep.lambda$execute$2(ExecuteWorkBuildOperationFiringStep.java:67)
	at java.base/java.util.Optional.orElseGet(Optional.java:364)
	at org.gradle.internal.execution.steps.ExecuteWorkBuildOperationFiringStep.execute(ExecuteWorkBuildOperationFiringStep.java:67)
	at org.gradle.internal.execution.steps.ExecuteWorkBuildOperationFiringStep.execute(ExecuteWorkBuildOperationFiringStep.java:39)
	at org.gradle.internal.execution.steps.IdentityCacheStep.execute(IdentityCacheStep.java:46)
	at org.gradle.internal.execution.steps.IdentityCacheStep.execute(IdentityCacheStep.java:34)
	at org.gradle.internal.execution.steps.IdentifyStep.execute(IdentifyStep.java:48)
	at org.gradle.internal.execution.steps.IdentifyStep.execute(IdentifyStep.java:35)
	at org.gradle.internal.execution.impl.DefaultExecutionEngine$1.execute(DefaultExecutionEngine.java:61)
	at org.gradle.api.internal.tasks.execution.ExecuteActionsTaskExecuter.executeIfValid(ExecuteActionsTaskExecuter.java:127)
	at org.gradle.api.internal.tasks.execution.ExecuteActionsTaskExecuter.execute(ExecuteActionsTaskExecuter.java:116)
	at org.gradle.api.internal.tasks.execution.FinalizePropertiesTaskExecuter.execute(FinalizePropertiesTaskExecuter.java:46)
	at org.gradle.api.internal.tasks.execution.ResolveTaskExecutionModeExecuter.execute(ResolveTaskExecutionModeExecuter.java:51)
	at org.gradle.api.internal.tasks.execution.SkipTaskWithNoActionsExecuter.execute(SkipTaskWithNoActionsExecuter.java:57)
	at org.gradle.api.internal.tasks.execution.SkipOnlyIfTaskExecuter.execute(SkipOnlyIfTaskExecuter.java:74)
	at org.gradle.api.internal.tasks.execution.CatchExceptionTaskExecuter.execute(CatchExceptionTaskExecuter.java:36)
	at org.gradle.api.internal.tasks.execution.EventFiringTaskExecuter$1.executeTask(EventFiringTaskExecuter.java:77)
	at org.gradle.api.internal.tasks.execution.EventFiringTaskExecuter$1.call(EventFiringTaskExecuter.java:55)
	at org.gradle.api.internal.tasks.execution.EventFiringTaskExecuter$1.call(EventFiringTaskExecuter.java:52)
	at org.gradle.internal.operations.DefaultBuildOperationRunner$CallableBuildOperationWorker.execute(DefaultBuildOperationRunner.java:209)
	at org.gradle.internal.operations.DefaultBuildOperationRunner$CallableBuildOperationWorker.execute(DefaultBuildOperationRunner.java:204)
	at org.gradle.internal.operations.DefaultBuildOperationRunner$2.execute(DefaultBuildOperationRunner.java:66)
	at org.gradle.internal.operations.DefaultBuildOperationRunner$2.execute(DefaultBuildOperationRunner.java:59)
	at org.gradle.internal.operations.DefaultBuildOperationRunner.execute(DefaultBuildOperationRunner.java:166)
	at org.gradle.internal.operations.DefaultBuildOperationRunner.execute(DefaultBuildOperationRunner.java:59)
	at org.gradle.internal.operations.DefaultBuildOperationRunner.call(DefaultBuildOperationRunner.java:53)
	at org.gradle.api.internal.tasks.execution.EventFiringTaskExecuter.execute(EventFiringTaskExecuter.java:52)
	at org.gradle.execution.plan.LocalTaskNodeExecutor.execute(LocalTaskNodeExecutor.java:42)
	at org.gradle.execution.taskgraph.DefaultTaskExecutionGraph$InvokeNodeExecutorsAction.execute(DefaultTaskExecutionGraph.java:331)
	at org.gradle.execution.taskgraph.DefaultTaskExecutionGraph$InvokeNodeExecutorsAction.execute(DefaultTaskExecutionGraph.java:318)
	at org.gradle.execution.taskgraph.DefaultTaskExecutionGraph$BuildOperationAwareExecutionAction.lambda$execute$0(DefaultTaskExecutionGraph.java:314)
	at org.gradle.internal.operations.CurrentBuildOperationRef.with(CurrentBuildOperationRef.java:85)
	at org.gradle.execution.taskgraph.DefaultTaskExecutionGraph$BuildOperationAwareExecutionAction.execute(DefaultTaskExecutionGraph.java:314)
	at org.gradle.execution.taskgraph.DefaultTaskExecutionGraph$BuildOperationAwareExecutionAction.execute(DefaultTaskExecutionGraph.java:303)
	at org.gradle.execution.plan.DefaultPlanExecutor$ExecutorWorker.execute(DefaultPlanExecutor.java:459)
	at org.gradle.execution.plan.DefaultPlanExecutor$ExecutorWorker.run(DefaultPlanExecutor.java:376)
	at org.gradle.internal.concurrent.ExecutorPolicy$CatchAndRecordFailures.onExecute(ExecutorPolicy.java:64)
	at org.gradle.internal.concurrent.AbstractManagedExecutor$1.run(AbstractManagedExecutor.java:48)
	at java.base/java.util.concurrent.ThreadPoolExecutor.runWorker(ThreadPoolExecutor.java:1136)
	at java.base/java.util.concurrent.ThreadPoolExecutor$Worker.run(ThreadPoolExecutor.java:635)
	at java.base/java.lang.Thread.run(Thread.java:840)
Caused by: org.jetbrains.kotlin.gradle.tasks.CompilationErrorException: Compilation error. See log for more details
	at org.jetbrains.kotlin.gradle.tasks.TasksUtilsKt.throwExceptionIfCompilationFailed(tasksUtils.kt:21)
	at org.jetbrains.kotlin.compilerRunner.GradleKotlinCompilerWork.run(GradleKotlinCompilerWork.kt:119)
	at org.jetbrains.kotlin.compilerRunner.GradleCompilerRunnerWithWorkers$GradleKotlinCompilerWorkAction.execute(GradleCompilerRunnerWithWorkers.kt:76)
	at org.gradle.workers.internal.DefaultWorkerServer.execute(DefaultWorkerServer.java:63)
	at org.gradle.workers.internal.NoIsolationWorkerFactory$1$1.create(NoIsolationWorkerFactory.java:66)
	at org.gradle.workers.internal.NoIsolationWorkerFactory$1$1.create(NoIsolationWorkerFactory.java:62)
	at org.gradle.internal.classloader.ClassLoaderUtils.executeInClassloader(ClassLoaderUtils.java:100)
	at org.gradle.workers.internal.NoIsolationWorkerFactory$1.lambda$execute$0(NoIsolationWorkerFactory.java:62)
	at org.gradle.workers.internal.AbstractWorker$1.call(AbstractWorker.java:44)
	at org.gradle.workers.internal.AbstractWorker$1.call(AbstractWorker.java:41)
	at org.gradle.internal.operations.DefaultBuildOperationRunner$CallableBuildOperationWorker.execute(DefaultBuildOperationRunner.java:209)
	at org.gradle.internal.operations.DefaultBuildOperationRunner$CallableBuildOperationWorker.execute(DefaultBuildOperationRunner.java:204)
	at org.gradle.internal.operations.DefaultBuildOperationRunner$2.execute(DefaultBuildOperationRunner.java:66)
	at org.gradle.internal.operations.DefaultBuildOperationRunner$2.execute(DefaultBuildOperationRunner.java:59)
	at org.gradle.internal.operations.DefaultBuildOperationRunner.execute(DefaultBuildOperationRunner.java:166)
	at org.gradle.internal.operations.DefaultBuildOperationRunner.execute(DefaultBuildOperationRunner.java:59)
	at org.gradle.internal.operations.DefaultBuildOperationRunner.call(DefaultBuildOperationRunner.java:53)
	at org.gradle.workers.internal.AbstractWorker.executeWrappedInBuildOperation(AbstractWorker.java:41)
	at org.gradle.workers.internal.NoIsolationWorkerFactory$1.execute(NoIsolationWorkerFactory.java:59)
	at org.gradle.workers.internal.DefaultWorkerExecutor.lambda$submitWork$0(DefaultWorkerExecutor.java:174)
	at java.base/java.util.concurrent.FutureTask.run(FutureTask.java:264)
	at org.gradle.internal.work.DefaultConditionalExecutionQueue$ExecutionRunner.runExecution(DefaultConditionalExecutionQueue.java:194)
	at org.gradle.internal.work.DefaultConditionalExecutionQueue$ExecutionRunner.access$700(DefaultConditionalExecutionQueue.java:127)
	at org.gradle.internal.work.DefaultConditionalExecutionQueue$ExecutionRunner$1.run(DefaultConditionalExecutionQueue.java:169)
	at org.gradle.internal.Factories$1.create(Factories.java:31)
	at org.gradle.internal.work.DefaultWorkerLeaseService.withLocks(DefaultWorkerLeaseService.java:263)
	at org.gradle.internal.work.DefaultWorkerLeaseService.runAsWorkerThread(DefaultWorkerLeaseService.java:127)
	at org.gradle.internal.work.DefaultWorkerLeaseService.runAsWorkerThread(DefaultWorkerLeaseService.java:132)
	at org.gradle.internal.work.DefaultConditionalExecutionQueue$ExecutionRunner.runBatch(DefaultConditionalExecutionQueue.java:164)
	at org.gradle.internal.work.DefaultConditionalExecutionQueue$ExecutionRunner.run(DefaultConditionalExecutionQueue.java:133)
	at java.base/java.util.concurrent.Executors$RunnableAdapter.call(Executors.java:539)
	at java.base/java.util.concurrent.FutureTask.run(FutureTask.java:264)
	... 5 more

==============================================================================

BUILD FAILED in 27s
91 actionable tasks: 91 executed
> Task :sample-app:buildKotlinToolingMetadata UP-TO-DATE
> Task :sample-app:checkKotlinGradlePluginConfigurationErrors SKIPPED
> Task :sample-app:preBuild UP-TO-DATE
> Task :sample-app:preReleaseBuild UP-TO-DATE
> Task :weft-compose:preBuild UP-TO-DATE
> Task :weft-compose:preReleaseBuild UP-TO-DATE
> Task :weft-compose:writeReleaseAarMetadata UP-TO-DATE
> Task :weft-core:preBuild UP-TO-DATE
> Task :weft-core:preReleaseBuild UP-TO-DATE
> Task :weft-core:writeReleaseAarMetadata UP-TO-DATE
> Task :sample-app:checkReleaseAarMetadata UP-TO-DATE
> Task :sample-app:generateReleaseResValues UP-TO-DATE
> Task :weft-compose:generateReleaseResValues UP-TO-DATE
> Task :weft-compose:generateReleaseResources UP-TO-DATE
> Task :weft-compose:packageReleaseResources UP-TO-DATE
> Task :weft-core:generateReleaseResValues UP-TO-DATE
> Task :weft-core:generateReleaseResources UP-TO-DATE
> Task :weft-core:packageReleaseResources UP-TO-DATE
> Task :sample-app:mapReleaseSourceSetPaths UP-TO-DATE
> Task :sample-app:generateReleaseResources UP-TO-DATE
> Task :sample-app:mergeReleaseResources UP-TO-DATE
> Task :sample-app:packageReleaseResources UP-TO-DATE
> Task :sample-app:parseReleaseLocalResources UP-TO-DATE
> Task :sample-app:createReleaseCompatibleScreenManifests UP-TO-DATE
> Task :sample-app:extractDeepLinksRelease UP-TO-DATE
> Task :weft-compose:extractDeepLinksRelease UP-TO-DATE
> Task :weft-compose:processReleaseManifest UP-TO-DATE
> Task :weft-core:extractDeepLinksRelease UP-TO-DATE
> Task :weft-core:processReleaseManifest UP-TO-DATE
> Task :sample-app:processReleaseMainManifest UP-TO-DATE
> Task :sample-app:processReleaseManifest UP-TO-DATE
> Task :sample-app:processReleaseManifestForPackage UP-TO-DATE
> Task :weft-compose:compileReleaseLibraryResources UP-TO-DATE
> Task :weft-compose:parseReleaseLocalResources UP-TO-DATE
> Task :weft-compose:generateReleaseRFile UP-TO-DATE
> Task :weft-core:compileReleaseLibraryResources UP-TO-DATE
> Task :weft-core:parseReleaseLocalResources UP-TO-DATE
> Task :weft-core:generateReleaseRFile UP-TO-DATE
> Task :sample-app:processReleaseResources UP-TO-DATE
> Task :weft-compose:checkKotlinGradlePluginConfigurationErrors SKIPPED
> Task :weft-core:checkKotlinGradlePluginConfigurationErrors SKIPPED
> Task :weft-core:compileReleaseKotlin UP-TO-DATE
> Task :weft-core:javaPreCompileRelease UP-TO-DATE
> Task :weft-core:compileReleaseJavaWithJavac NO-SOURCE
> Task :weft-core:bundleLibCompileToJarRelease UP-TO-DATE
> Task :weft-compose:compileReleaseKotlin UP-TO-DATE
> Task :weft-compose:javaPreCompileRelease UP-TO-DATE
> Task :weft-compose:compileReleaseJavaWithJavac NO-SOURCE
> Task :sample-app:javaPreCompileRelease UP-TO-DATE
> Task :weft-compose:bundleLibCompileToJarRelease
> Task :sample-app:extractProguardFiles
> Task :weft-compose:bundleLibRuntimeToJarRelease
> Task :weft-compose:processReleaseJavaRes
> Task :weft-compose:createFullJarRelease
> Task :weft-compose:extractProguardFiles
> Task :weft-core:bundleLibRuntimeToJarRelease UP-TO-DATE
> Task :weft-core:processReleaseJavaRes UP-TO-DATE
> Task :weft-core:createFullJarRelease
> Task :weft-core:extractProguardFiles
> Task :weft-core:generateReleaseLintModel
> Task :weft-core:prepareLintJarForPublish
> Task :weft-compose:prepareLintJarForPublish
> Task :sample-app:compileReleaseKotlin
> Task :weft-compose:generateReleaseLintModel
> Task :sample-app:compileReleaseJavaWithJavac NO-SOURCE
> Task :sample-app:generateReleaseLintVitalReportModel
> Task :weft-compose:mergeReleaseJniLibFolders
> Task :weft-compose:mergeReleaseNativeLibs NO-SOURCE
> Task :weft-compose:stripReleaseDebugSymbols NO-SOURCE
> Task :weft-compose:copyReleaseJniLibsProjectAndLocalJars
> Task :weft-compose:extractDeepLinksForAarRelease
> Task :weft-compose:extractReleaseAnnotations
> Task :weft-compose:mergeReleaseGeneratedProguardFiles
> Task :weft-compose:mergeReleaseConsumerProguardFiles
> Task :weft-compose:mergeReleaseShaders
> Task :weft-compose:compileReleaseShaders NO-SOURCE
> Task :weft-compose:generateReleaseAssets UP-TO-DATE
> Task :weft-compose:packageReleaseAssets
> Task :weft-compose:prepareReleaseArtProfile
> Task :weft-compose:mergeReleaseJavaResource
> Task :weft-core:configureCMakeRelWithDebInfo[arm64-v8a]
> Task :weft-compose:syncReleaseLibJars
> Task :weft-compose:bundleReleaseLocalLintAar
> Task :weft-core:buildCMakeRelWithDebInfo[arm64-v8a]
> Task :weft-core:configureCMakeRelWithDebInfo[armeabi-v7a]
> Task :weft-core:buildCMakeRelWithDebInfo[armeabi-v7a]
> Task :weft-core:configureCMakeRelWithDebInfo[x86_64]
> Task :weft-core:buildCMakeRelWithDebInfo[x86_64]
> Task :weft-core:mergeReleaseJniLibFolders
> Task :weft-core:extractDeepLinksForAarRelease
> Task :weft-core:mergeReleaseNativeLibs
> Task :weft-core:extractReleaseAnnotations
> Task :weft-core:mergeReleaseGeneratedProguardFiles
> Task :weft-core:mergeReleaseConsumerProguardFiles
> Task :weft-core:mergeReleaseShaders
> Task :weft-core:compileReleaseShaders NO-SOURCE
> Task :weft-core:generateReleaseAssets UP-TO-DATE
> Task :weft-core:packageReleaseAssets
> Task :weft-core:stripReleaseDebugSymbols
> Task :weft-core:prepareReleaseArtProfile
> Task :weft-core:copyReleaseJniLibsProjectAndLocalJars
> Task :weft-core:writeReleaseLintModelMetadata
> Task :weft-compose:writeReleaseLintModelMetadata
> Task :weft-core:mergeReleaseJavaResource
> Task :weft-core:syncReleaseLibJars
> Task :weft-core:bundleReleaseLocalLintAar
> Task :weft-compose:generateReleaseLintVitalModel
> Task :weft-core:generateReleaseLintVitalModel
> Task :sample-app:mergeReleaseJniLibFolders
> Task :weft-compose:copyReleaseJniLibsProjectOnly
> Task :weft-core:copyReleaseJniLibsProjectOnly
> Task :weft-compose:exportReleaseConsumerProguardFiles
> Task :weft-core:exportReleaseConsumerProguardFiles
> Task :sample-app:mergeReleaseNativeLibs
> Task :sample-app:checkReleaseDuplicateClasses
> Task :sample-app:stripReleaseDebugSymbols
> Task :sample-app:mergeReleaseArtProfile
> Task :sample-app:extractReleaseNativeSymbolTables
> Task :sample-app:mergeReleaseNativeDebugMetadata
> Task :sample-app:mergeReleaseGeneratedProguardFiles
> Task :sample-app:processReleaseJavaRes
> Task :sample-app:expandReleaseArtProfileWildcards
> Task :sample-app:mergeReleaseStartupProfile
> Task :sample-app:mergeReleaseShaders
> Task :sample-app:compileReleaseShaders NO-SOURCE
> Task :sample-app:generateReleaseAssets UP-TO-DATE
> Task :sample-app:mergeReleaseAssets
> Task :sample-app:compressReleaseAssets
> Task :sample-app:mergeReleaseJavaResource
> Task :sample-app:extractReleaseVersionControlInfo
> Task :sample-app:optimizeReleaseResources
> Task :sample-app:collectReleaseDependencies
> Task :sample-app:sdkReleaseDependencyData
> Task :sample-app:writeReleaseAppMetadata
> Task :sample-app:writeReleaseSigningConfigVersions
> Task :weft-compose:bundleReleaseAar
> Task :weft-compose:mapReleaseSourceSetPaths
> Task :weft-compose:mergeReleaseResources
> Task :weft-compose:verifyReleaseResources
> Task :weft-compose:assembleRelease
> Task :weft-core:bundleReleaseAar
> Task :weft-core:mapReleaseSourceSetPaths
> Task :weft-core:mergeReleaseResources
> Task :weft-core:verifyReleaseResources
> Task :weft-core:assembleRelease
> Task :weft-compose:lintVitalAnalyzeRelease
> Task :weft-core:lintVitalAnalyzeRelease
> Task :sample-app:lintVitalAnalyzeRelease
> Task :sample-app:lintVitalReportRelease
> Task :sample-app:lintVitalRelease
> Task :sample-app:minifyReleaseWithR8
> Task :sample-app:compileReleaseArtProfile
> Task :sample-app:packageRelease
> Task :sample-app:createReleaseApkListingFileRedirect
> Task :sample-app:assembleRelease
gradle/actions: Writing build results to /home/runner/work/_temp/.gradle-actions/build-results/assemble_release-1789491033806.json

BUILD SUCCESSFUL in 1m 9s
132 actionable tasks: 92 executed, 40 up-to-date
