=== Starting npm Packages CI (Node 20) ===
[PASS] core/kotlin/FrameCursor.kt  <->  android/weft-core/src/main/kotlin/dev/weft/FrameCursor.kt
[PASS] core/kotlin/Fanout.kt  <->  android/weft-core/src/main/kotlin/dev/weft/Fanout.kt
[PASS] core/kotlin/FanoutCompat.kt  <->  android/weft-core/src/main/kotlin/dev/weft/FanoutCompat.kt
[PASS] core/kotlin/Steward.kt  <->  android/weft-core/src/main/kotlin/dev/weft/Steward.kt
[PASS] core/kotlin/TriadNative.kt  <->  android/weft-core/src/main/kotlin/dev/weft/TriadNative.kt
[PASS] core/kotlin/Weft.kt  <->  android/weft-core/src/main/kotlin/dev/weft/Weft.kt
[PASS] core/kotlin/Governor.kt  <->  android/weft-core/src/main/kotlin/dev/weft/Governor.kt
[PASS] core/kotlin/Recycler.kt  <->  android/weft-core/src/main/kotlin/dev/weft/Recycler.kt
[PASS] core/kotlin/GovernedFanoutConsumer.kt  <->  android/weft-core/src/main/kotlin/dev/weft/GovernedFanoutConsumer.kt
[PASS] core/kotlin/FanoutVhBridge.java  <->  android/weft-core/src/main/java/dev/weft/FanoutVhBridge.java
[PASS] core/dart/frame_cursor.dart  <->  packages/flutter_weft/lib/src/reference/frame_cursor.dart
[PASS] core/dart/fanout.dart  <->  packages/flutter_weft/lib/src/reference/fanout.dart
[PASS] core/dart/heddle.dart  <->  packages/flutter_weft/lib/src/reference/heddle.dart
[PASS] core/dart/steward.dart  <->  packages/flutter_weft/lib/src/reference/steward.dart
[PASS] core/dart/weft.dart  <->  packages/flutter_weft/lib/src/reference/weft.dart
[PASS] core/ts/weft.ts  <->  packages/core/src/weft.ts
[PASS] core/ts/fanout.ts  <->  packages/core/src/fanout.ts
[PASS] core/ts/verified.ts  <->  packages/core/src/verified.ts
[PASS] core/kotlin/Verified.kt  <->  android/weft-core/src/main/kotlin/dev/weft/Verified.kt
[PASS] core/dart/verified.dart  <->  packages/flutter_weft/lib/src/reference/verified.dart
[PASS] core/dart/governor.dart  <->  packages/flutter_weft/lib/src/reference/governor.dart
[PASS] core/dart/recycler.dart  <->  packages/flutter_weft/lib/src/reference/recycler.dart
[PASS] core/dart/governed_consumer.dart  <->  packages/flutter_weft/lib/src/reference/governed_consumer.dart
[PASS] core/kotlin/BlendQ12.kt  <->  android/weft-core/src/main/kotlin/dev/weft/BlendQ12.kt
[PASS] core/kotlin/RenderQos.kt  <->  android/weft-core/src/main/kotlin/dev/weft/RenderQos.kt
[PASS] core/dart/blend_q12.dart  <->  packages/flutter_weft/lib/src/reference/blend_q12.dart
[PASS] core/dart/render_qos.dart  <->  packages/flutter_weft/lib/src/reference/render_qos.dart
{"shard":"binding-parity","passed":27,"failed":0,"total":27,"cells":{"core/kotlin/FrameCursor.kt":{"status":"PASS","detail":"identical"},"core/kotlin/Fanout.kt":{"status":"PASS","detail":"identical"},"core/kotlin/FanoutCompat.kt":{"status":"PASS","detail":"identical"},"core/kotlin/Steward.kt":{"status":"PASS","detail":"identical"},"core/kotlin/TriadNative.kt":{"status":"PASS","detail":"identical"},"core/kotlin/Weft.kt":{"status":"PASS","detail":"identical"},"core/kotlin/Governor.kt":{"status":"PASS","detail":"identical"},"core/kotlin/Recycler.kt":{"status":"PASS","detail":"identical"},"core/kotlin/GovernedFanoutConsumer.kt":{"status":"PASS","detail":"identical"},"core/kotlin/FanoutVhBridge.java":{"status":"PASS","detail":"identical"},"core/dart/frame_cursor.dart":{"status":"PASS","detail":"identical"},"core/dart/fanout.dart":{"status":"PASS","detail":"identical"},"core/dart/heddle.dart":{"status":"PASS","detail":"identical"},"core/dart/steward.dart":{"status":"PASS","detail":"identical"},"core/dart/weft.dart":{"status":"PASS","detail":"identical"},"core/ts/weft.ts":{"status":"PASS","detail":"identical"},"core/ts/fanout.ts":{"status":"PASS","detail":"identical"},"core/ts/verified.ts":{"status":"PASS","detail":"identical"},"core/kotlin/Verified.kt":{"status":"PASS","detail":"identical"},"core/dart/verified.dart":{"status":"PASS","detail":"identical"},"core/dart/governor.dart":{"status":"PASS","detail":"identical"},"core/dart/recycler.dart":{"status":"PASS","detail":"identical"},"core/dart/governed_consumer.dart":{"status":"PASS","detail":"identical"},"core/kotlin/BlendQ12.kt":{"status":"PASS","detail":"identical"},"core/kotlin/RenderQos.kt":{"status":"PASS","detail":"identical"},"core/dart/blend_q12.dart":{"status":"PASS","detail":"identical"},"core/dart/render_qos.dart":{"status":"PASS","detail":"identical"}}}
✅ Binding parity: 27/27 pairs byte-identical

=== heddles <-> packages surface parity (shim re-exports) ===
[PASS] heddles/react/WeftCanvas.tsx  ->  packages/react/src/index.ts
[PASS] heddles/vue/useWeft.ts  ->  packages/vue/src/index.ts
[PASS] heddles/svelte/weft-action.ts  ->  packages/svelte/src/index.ts
[PASS] heddles/react-native/weft-rn.ts  ->  packages/react-native/src/index.ts
✅ Heddles surface parity: 4/4 shims aligned
{"shard":"binding-parity","byte_pairs":{"passed":27,"failed":0,"total":27},"shim_pairs":{"passed":4,"failed":0,"total":4,"cells":{"heddles/react/WeftCanvas.tsx":{"status":"PASS","detail":"surface parity"},"heddles/vue/useWeft.ts":{"status":"PASS","detail":"surface parity"},"heddles/svelte/weft-action.ts":{"status":"PASS","detail":"surface parity"},"heddles/react-native/weft-rn.ts":{"status":"PASS","detail":"surface parity"}}}}
Scope: all 19 workspace projects
Lockfile is up to date, resolution step is skipped
Progress: resolved 1, reused 0, downloaded 0, added 0
Packages: +446
++++++++++++++++++++++++++++++++++++++++++++++++++++++++++++++++++++++++++++++++
Progress: resolved 446, reused 435, downloaded 0, added 446, done
.../esbuild@0.27.7/node_modules/esbuild postinstall$ node install.js
.../esbuild@0.21.5/node_modules/esbuild postinstall$ node install.js
.../esbuild@0.25.12/node_modules/esbuild postinstall$ node install.js
.../esbuild@0.27.7/node_modules/esbuild postinstall: Done
.../esbuild@0.21.5/node_modules/esbuild postinstall: Done
.../esbuild@0.25.12/node_modules/esbuild postinstall: Done

devDependencies:
+ @microsoft/api-extractor 7.59.1
+ tsup 8.5.1
+ typescript 5.9.3

Done in 2s
Scope: 18 of 19 workspace projects
packages/core build$ tsup
packages/heddle-canvas build$ tsup
packages/core build: [34mCLI[39m Building entry: src/index.ts, src/worker.ts
packages/core build: [34mCLI[39m Using tsconfig: tsconfig.json
packages/core build: [34mCLI[39m tsup v8.5.1
packages/core build: [34mCLI[39m Using tsup config: /home/runner/work/Weft/Weft/packages/core/tsup.config.ts
packages/heddle-canvas build: [34mCLI[39m Building entry: src/index.ts
packages/heddle-canvas build: [34mCLI[39m Using tsconfig: tsconfig.json
packages/heddle-canvas build: [34mCLI[39m tsup v8.5.1
packages/heddle-canvas build: [34mCLI[39m Using tsup config: /home/runner/work/Weft/Weft/packages/heddle-canvas/tsup.config.ts
packages/core build: [34mCLI[39m Target: es2022
packages/heddle-canvas build: [34mCLI[39m Target: es2022
packages/core build: [34mCLI[39m Cleaning output folder
packages/core build: [34mESM[39m Build start
packages/core build: [34mCJS[39m Build start
packages/heddle-canvas build: [34mCLI[39m Cleaning output folder
packages/heddle-canvas build: [34mESM[39m Build start
packages/heddle-canvas build: [34mCJS[39m Build start
packages/core build: [34mDTS[39m Build start
packages/heddle-canvas build: [34mDTS[39m Build start
packages/heddle-canvas build: [32mCJS[39m [1mdist/index.cjs     [22m[32m105.96 KB[39m
packages/heddle-canvas build: [32mCJS[39m [1mdist/index.cjs.map [22m[32m266.88 KB[39m
packages/heddle-canvas build: [32mCJS[39m ⚡️ Build success in 1538ms
packages/heddle-canvas build: [32mESM[39m [1mdist/index.js     [22m[32m103.78 KB[39m
packages/heddle-canvas build: [32mESM[39m [1mdist/index.js.map [22m[32m266.88 KB[39m
packages/heddle-canvas build: [32mESM[39m ⚡️ Build success in 1541ms
packages/core build: [32mESM[39m [1mdist/index.mjs      [22m[32m81.19 KB[39m
packages/core build: [32mESM[39m [1mdist/worker.mjs     [22m[32m5.09 KB[39m
packages/core build: [32mESM[39m [1mdist/index.mjs.map  [22m[32m221.69 KB[39m
packages/core build: [32mESM[39m [1mdist/worker.mjs.map [22m[32m16.83 KB[39m
packages/core build: [32mESM[39m ⚡️ Build success in 1642ms
packages/core build: [32mCJS[39m [1mdist/index.js      [22m[32m83.18 KB[39m
packages/core build: [32mCJS[39m [1mdist/worker.js     [22m[32m5.27 KB[39m
packages/core build: [32mCJS[39m [1mdist/index.js.map  [22m[32m221.69 KB[39m
packages/core build: [32mCJS[39m [1mdist/worker.js.map [22m[32m16.83 KB[39m
packages/core build: [32mCJS[39m ⚡️ Build success in 1643ms
packages/heddle-canvas build: [32mDTS[39m ⚡️ Build success in 3761ms
packages/heddle-canvas build: [32mDTS[39m [1mdist/index.d.ts  [22m[32m41.35 KB[39m
packages/heddle-canvas build: [32mDTS[39m [1mdist/index.d.cts [22m[32m41.35 KB[39m
packages/heddle-canvas build: Done
packages/core build: [32mDTS[39m ⚡️ Build success in 4223ms
packages/core build: [32mDTS[39m [1mdist/index.d.mts         [22m[32m15.65 KB[39m
packages/core build: [32mDTS[39m [1mdist/worker.d.mts        [22m[32m5.48 KB[39m
packages/core build: [32mDTS[39m [1mdist/weft-BrIlH2fY.d.mts [22m[32m4.04 KB[39m
packages/core build: [32mDTS[39m [1mdist/index.d.ts          [22m[32m15.65 KB[39m
packages/core build: [32mDTS[39m [1mdist/worker.d.ts         [22m[32m5.47 KB[39m
packages/core build: [32mDTS[39m [1mdist/weft-BrIlH2fY.d.ts  [22m[32m4.04 KB[39m
packages/core build: Done
fixtures/node-litmus build$ tsup litmus-packaged.ts --format esm --target node20
packages/react-native build$ tsup
packages/react build$ tsup
packages/svelte build$ tsup
packages/react-native build: [34mCLI[39m Building entry: src/index.ts
packages/react-native build: [34mCLI[39m Using tsconfig: tsconfig.json
packages/react-native build: [34mCLI[39m tsup v8.5.1
packages/react-native build: [34mCLI[39m Using tsup config: /home/runner/work/Weft/Weft/packages/react-native/tsup.config.ts
packages/react-native build: [34mCLI[39m Target: es2022
packages/react-native build: [34mCLI[39m Cleaning output folder
packages/react-native build: [34mESM[39m Build start
packages/react-native build: [34mCJS[39m Build start
packages/react build: [34mCLI[39m Building entry: src/index.ts
packages/react build: [34mCLI[39m Using tsconfig: tsconfig.json
packages/react build: [34mCLI[39m tsup v8.5.1
packages/react build: [34mCLI[39m Using tsup config: /home/runner/work/Weft/Weft/packages/react/tsup.config.ts
packages/react build: [34mCLI[39m Target: es2022
packages/react build: [34mCLI[39m Cleaning output folder
packages/react build: [34mESM[39m Build start
packages/react build: [34mCJS[39m Build start
packages/react-native build: [32mCJS[39m [1mdist/index.js     [22m[32m12.67 KB[39m
packages/react-native build: [32mCJS[39m [1mdist/index.js.map [22m[32m38.40 KB[39m
packages/react-native build: [32mCJS[39m ⚡️ Build success in 66ms
packages/react-native build: [32mESM[39m [1mdist/index.mjs     [22m[32m11.17 KB[39m
packages/react-native build: [32mESM[39m [1mdist/index.mjs.map [22m[32m38.33 KB[39m
packages/react-native build: [32mESM[39m ⚡️ Build success in 79ms
packages/react build: [32mESM[39m [1mdist/index.mjs     [22m[32m5.68 KB[39m
packages/react build: [32mESM[39m [1mdist/index.mjs.map [22m[32m16.94 KB[39m
packages/react build: [32mESM[39m ⚡️ Build success in 51ms
packages/react build: [32mCJS[39m [1mdist/index.js     [22m[32m7.49 KB[39m
packages/react build: [32mCJS[39m [1mdist/index.js.map [22m[32m16.96 KB[39m
packages/react build: [32mCJS[39m ⚡️ Build success in 56ms
fixtures/node-litmus build: [34mCLI[39m Building entry: litmus-packaged.ts
fixtures/node-litmus build: [34mCLI[39m tsup v8.5.1
packages/svelte build: [34mCLI[39m Building entry: src/index.ts
fixtures/node-litmus build: [34mCLI[39m Target: node20
packages/svelte build: [34mCLI[39m Using tsconfig: tsconfig.json
packages/svelte build: [34mCLI[39m tsup v8.5.1
packages/svelte build: [34mCLI[39m Using tsup config: /home/runner/work/Weft/Weft/packages/svelte/tsup.config.ts
fixtures/node-litmus build: [34mESM[39m Build start
packages/svelte build: [34mCLI[39m Target: es2022
packages/svelte build: [34mCLI[39m Cleaning output folder
packages/svelte build: [34mESM[39m Build start
packages/svelte build: [34mCJS[39m Build start
packages/svelte build: [32mESM[39m [1mdist/index.mjs     [22m[32m1.15 KB[39m
packages/svelte build: [32mESM[39m [1mdist/index.mjs.map [22m[32m4.43 KB[39m
packages/svelte build: [32mESM[39m ⚡️ Build success in 38ms
packages/svelte build: [32mCJS[39m [1mdist/index.js     [22m[32m2.18 KB[39m
packages/svelte build: [32mCJS[39m [1mdist/index.js.map [22m[32m4.48 KB[39m
packages/svelte build: [32mCJS[39m ⚡️ Build success in 39ms
fixtures/node-litmus build: [32mESM[39m [1mdist/litmus-packaged.js [22m[32m21.43 KB[39m
fixtures/node-litmus build: [32mESM[39m ⚡️ Build success in 61ms
fixtures/node-litmus build: Done
packages/vue build$ tsup
packages/react build: [34mDTS[39m Build start
packages/react-native build: [34mDTS[39m Build start
packages/svelte build: [34mDTS[39m Build start
packages/vue build: [34mCLI[39m Building entry: src/index.ts
packages/vue build: [34mCLI[39m Using tsconfig: tsconfig.json
packages/vue build: [34mCLI[39m tsup v8.5.1
packages/vue build: [34mCLI[39m Using tsup config: /home/runner/work/Weft/Weft/packages/vue/tsup.config.ts
packages/vue build: [34mCLI[39m Target: es2022
packages/vue build: [34mCLI[39m Cleaning output folder
packages/vue build: [34mESM[39m Build start
packages/vue build: [34mCJS[39m Build start
packages/vue build: [32mESM[39m [1mdist/index.mjs     [22m[32m3.09 KB[39m
packages/vue build: [32mESM[39m [1mdist/index.mjs.map [22m[32m8.58 KB[39m
packages/vue build: [32mESM[39m ⚡️ Build success in 58ms
packages/vue build: [32mCJS[39m [1mdist/index.js     [22m[32m4.18 KB[39m
packages/vue build: [32mCJS[39m [1mdist/index.js.map [22m[32m8.62 KB[39m
packages/vue build: [32mCJS[39m ⚡️ Build success in 59ms
packages/vue build: [34mDTS[39m Build start
packages/svelte build: [32mDTS[39m ⚡️ Build success in 2174ms
packages/svelte build: [32mDTS[39m [1mdist/index.d.mts [22m[32m645.00 B[39m
packages/svelte build: [32mDTS[39m [1mdist/index.d.ts  [22m[32m645.00 B[39m
packages/svelte build: Done
packages/react-native build: [32mDTS[39m ⚡️ Build success in 2617ms
packages/react-native build: [32mDTS[39m [1mdist/index.d.mts [22m[32m5.96 KB[39m
packages/react-native build: [32mDTS[39m [1mdist/index.d.ts  [22m[32m5.96 KB[39m
packages/react-native build: Done
packages/react build: [32mDTS[39m ⚡️ Build success in 3361ms
packages/react build: [32mDTS[39m [1mdist/index.d.mts [22m[32m36.68 KB[39m
packages/react build: [32mDTS[39m [1mdist/index.d.ts  [22m[32m36.68 KB[39m
packages/react build: Done
packages/vue build: [32mDTS[39m ⚡️ Build success in 2010ms
packages/vue build: [32mDTS[39m [1mdist/index.d.mts [22m[32m1.99 KB[39m
packages/vue build: [32mDTS[39m [1mdist/index.d.ts  [22m[32m1.99 KB[39m
packages/vue build: Done
demos/web build$ tsc && vite build
fixtures/vite-react build$ vite build
fixtures/vite-react build: [36mvite v6.4.3 [32mbuilding for production...[36m[39m
fixtures/vite-react build: transforming...
fixtures/vite-react build: [32m✓[39m 28 modules transformed.
fixtures/vite-react build: rendering chunks...
fixtures/vite-react build: computing gzip size...
fixtures/vite-react build: [2mdist/[22m[32mindex.html                [39m[1m[2m  0.33 kB[22m[1m[22m[2m │ gzip:  0.24 kB[22m
fixtures/vite-react build: [2mdist/[22m[2massets/[22m[36mindex-DgIEMwtT.js  [39m[1m[2m151.94 kB[22m[1m[22m[2m │ gzip: 48.92 kB[22m
fixtures/vite-react build: [32m✓ built in 1.38s[39m
fixtures/vite-react build: Done
demos/web build: [36mvite v6.4.3 [32mbuilding for production...[36m[39m
demos/web build: transforming...
demos/web build: [32m✓[39m 39 modules transformed.
demos/web build: rendering chunks...
demos/web build: computing gzip size...
demos/web build: [2mdist/[22m[32mindex.html                [39m[1m[2m  0.47 kB[22m[1m[22m[2m │ gzip:  0.35 kB[22m
demos/web build: [2mdist/[22m[2massets/[22m[36mindex-BfGpNA1C.js  [39m[1m[2m203.83 kB[22m[1m[22m[2m │ gzip: 64.29 kB[22m
demos/web build: [32m✓ built in 1.02s[39m
demos/web build: Done
Scope: 13 of 19 workspace projects
packages/core test$ vitest run
packages/heddle-canvas test$ vitest run
packages/heddle-core test$ node --test test/*.test.mjs
packages/heddle-hotplane test$ node test/golden.test.mjs
packages/heddle-core test: TAP version 13
packages/heddle-hotplane test: PASS J1 mode decoded (state)
packages/heddle-hotplane test: PASS J1 lane_count decoded
packages/heddle-hotplane test: PASS J1 lane_stride decoded
packages/heddle-hotplane test: PASS J1 sample_size decoded
packages/heddle-hotplane test: PASS J1 slot_capacity decoded
packages/heddle-hotplane test: PASS J1 plane_size decoded
packages/heddle-hotplane test: PASS J1 create_stamp_ns decoded
packages/heddle-hotplane test: PASS J1 magic constant parity
packages/heddle-hotplane test: PASS J2 begin_seq
packages/heddle-hotplane test: PASS J2 commit_seq
packages/heddle-hotplane test: PASS J2 dirty_mask
packages/heddle-hotplane test: PASS J2 dirty_transitions
packages/heddle-hotplane test: PASS J2 render_frame_id
packages/heddle-hotplane test: PASS J2 epoch (derived from commit_seq)
packages/heddle-hotplane test: PASS J3 lane 0 commit_count
packages/heddle-hotplane test: PASS J3 lane 0 min/max/current raw bits
packages/heddle-hotplane test: PASS J3 lane 0 bbox [0,31]
packages/heddle-hotplane test: PASS J4 lane 0: all 32 cells byte-exact
packages/heddle-hotplane test: PASS J3 lane 1 commit_count
packages/heddle-hotplane test: PASS J3 lane 1 min/max/current raw bits
packages/heddle-hotplane test: PASS J3 lane 1 bbox [0,31]
packages/heddle-hotplane test: PASS J4 lane 1: all 32 cells byte-exact
packages/heddle-hotplane test: PASS J3 lane 2 commit_count
packages/heddle-hotplane test: PASS J3 lane 2 min/max/current raw bits
packages/heddle-hotplane test: PASS J3 lane 2 bbox [2,31]
packages/heddle-hotplane test: PASS J4 lane 2: all 32 cells byte-exact
packages/heddle-hotplane test: PASS J3 lane 3 commit_count
packages/heddle-hotplane test: PASS J3 lane 3 min/max/current raw bits
packages/heddle-hotplane test: PASS J3 lane 3 bbox [0,31]
packages/heddle-hotplane test: PASS J4 lane 3: all 32 cells byte-exact
packages/heddle-hotplane test: PASS J5 harvest returns mask 0xf
packages/heddle-hotplane test: PASS J5 second harvest empty
packages/heddle-hotplane test: PASS J5 remark visible next harvest
packages/heddle-hotplane test: PASS J5 frame ids 1, 2
packages/heddle-hotplane test: PASS J6 producer-role harvest refused
packages/heddle-hotplane test: PASS J6 misaligned offset refused
packages/heddle-hotplane test: PASS J6 corrupt magic refused
packages/heddle-hotplane test: J-SERIES: 37 checks, 0 failures
packages/heddle-hotplane test: Done
packages/react-hooks test$ node --test test/hooks.test.mjs
packages/heddle-core test: # Subtest: fixture hpl1-basic-4x8: manifest sha256 matches bytes
packages/heddle-core test: ok 1 - fixture hpl1-basic-4x8: manifest sha256 matches bytes
packages/heddle-core test:   ---
packages/heddle-core test:   duration_ms: 3.661918
packages/heddle-core test:   ...
packages/heddle-core test: # Subtest: fixture hpl1-basic-4x8: validates and parses field-by-field through heddle-core
packages/heddle-core test: ok 2 - fixture hpl1-basic-4x8: validates and parses field-by-field through heddle-core
packages/heddle-core test:   ---
packages/heddle-core test:   duration_ms: 1.600187
packages/heddle-core test:   ...
packages/heddle-core test: # Subtest: fixture hpl1-edge-1x2: manifest sha256 matches bytes
packages/heddle-core test: ok 3 - fixture hpl1-edge-1x2: manifest sha256 matches bytes
packages/heddle-core test:   ---
packages/heddle-core test:   duration_ms: 0.483706
packages/heddle-core test:   ...
packages/heddle-core test: # Subtest: fixture hpl1-edge-1x2: validates and parses field-by-field through heddle-core
packages/heddle-core test: ok 4 - fixture hpl1-edge-1x2: validates and parses field-by-field through heddle-core
packages/heddle-core test:   ---
packages/heddle-core test:   duration_ms: 0.453449
packages/heddle-core test:   ...
packages/heddle-core test: # Subtest: fixture magic is the pinned HPL1 magic
packages/heddle-core test: ok 5 - fixture magic is the pinned HPL1 magic
packages/heddle-core test:   ---
packages/heddle-core test:   duration_ms: 0.315321
packages/heddle-core test:   ...
packages/heddle-core test: # Subtest: align8 + geometry derivation matches the spec tables
packages/heddle-core test: ok 6 - align8 + geometry derivation matches the spec tables
packages/heddle-core test:   ---
packages/heddle-core test:   duration_ms: 2.241899
packages/heddle-core test:   ...
packages/heddle-core test: # Subtest: isPow2 gate
packages/heddle-core test: ok 7 - isPow2 gate
packages/heddle-core test:   ---
packages/heddle-core test:   duration_ms: 0.289021
packages/heddle-core test:   ...
packages/heddle-core test: # Subtest: validatePlane accepts a well-formed plane and returns geometry
packages/heddle-core test: ok 8 - validatePlane accepts a well-formed plane and returns geometry
packages/heddle-core test:   ---
packages/heddle-core test:   duration_ms: 0.59851
packages/heddle-core test:   ...
packages/heddle-core test: # Subtest: validatePlane fails closed: bad magic
packages/react-hooks test: TAP version 13
packages/heddle-core test: ok 9 - validatePlane fails closed: bad magic
packages/heddle-core test:   ---
packages/heddle-core test:   duration_ms: 0.710321
packages/heddle-core test:   ...
packages/heddle-core test: # Subtest: validatePlane fails closed: bad version
packages/heddle-core test: ok 10 - validatePlane fails closed: bad version
packages/heddle-core test:   ---
packages/heddle-core test:   duration_ms: 3.270756
packages/heddle-core test:   ...
packages/heddle-core test: # Subtest: validatePlane fails closed: LE flag clear
packages/heddle-core test: ok 11 - validatePlane fails closed: LE flag clear
packages/heddle-core test:   ---
packages/heddle-core test:   duration_ms: 0.260818
packages/heddle-core test:   ...
packages/heddle-core test: # Subtest: validatePlane fails closed: laneCount 0
packages/heddle-core test: ok 12 - validatePlane fails closed: laneCount 0
packages/heddle-core test:   ---
packages/heddle-core test:   duration_ms: 0.246131
packages/heddle-core test:   ...
packages/heddle-core test: # Subtest: validatePlane fails closed: laneCount > MAX
packages/heddle-core test: ok 13 - validatePlane fails closed: laneCount > MAX
packages/heddle-core test:   ---
packages/heddle-core test:   duration_ms: 0.275016
packages/heddle-core test:   ...
packages/heddle-core test: # Subtest: validatePlane fails closed: non-pow2 samples
packages/heddle-core test: ok 14 - validatePlane fails closed: non-pow2 samples
packages/heddle-core test:   ---
packages/heddle-core test:   duration_ms: 9.406837
packages/heddle-core test:   ...
packages/heddle-core test: # Subtest: validatePlane fails closed: ringMask drift
packages/heddle-core test: ok 15 - validatePlane fails closed: ringMask drift
packages/heddle-core test:   ---
packages/heddle-core test:   duration_ms: 0.494977
packages/heddle-core test:   ...
packages/heddle-core test: # Subtest: validatePlane fails closed: dirtyWords drift
packages/heddle-core test: ok 16 - validatePlane fails closed: dirtyWords drift
packages/heddle-core test:   ---
packages/heddle-core test:   duration_ms: 0.343874
packages/heddle-core test:   ...
packages/heddle-core test: # Subtest: validatePlane fails closed: stride drift
packages/heddle-core test: ok 17 - validatePlane fails closed: stride drift
packages/heddle-core test:   ---
packages/heddle-core test:   duration_ms: 0.2938
packages/heddle-core test:   ...
packages/heddle-core test: # Subtest: validatePlane fails closed: ringBase drift
packages/heddle-core test: ok 18 - validatePlane fails closed: ringBase drift
packages/heddle-core test:   ---
packages/heddle-core test:   duration_ms: 0.305903
packages/heddle-core test:   ...
packages/heddle-core test: # Subtest: validatePlane fails closed: totalBytes drift
packages/heddle-core test: ok 19 - validatePlane fails closed: totalBytes drift
packages/heddle-core test:   ---
packages/heddle-core test:   duration_ms: 0.28795
packages/heddle-core test:   ...
packages/heddle-core test: # Subtest: validatePlane rejects undersized buffers and bad byteOffset
packages/heddle-core test: ok 20 - validatePlane rejects undersized buffers and bad byteOffset
packages/heddle-core test:   ---
packages/heddle-core test:   duration_ms: 2.383043
packages/heddle-core test:   ...
packages/heddle-core test: # Subtest: constants are the pinned HPL1 v1 values
packages/heddle-core test: ok 21 - constants are the pinned HPL1 v1 values
packages/heddle-core test:   ---
packages/heddle-core test:   duration_ms: 0.280636
packages/heddle-core test:   ...
packages/heddle-core test: # Subtest: readLane returns published stats in place (zero new objects)
packages/heddle-core test: ok 22 - readLane returns published stats in place (zero new objects)
packages/heddle-core test:   ---
packages/heddle-core test:   duration_ms: 3.779409
packages/heddle-core test:   ...
packages/heddle-core test: # Subtest: readRecent returns newest-first ring order and wraps
packages/heddle-core test: ok 23 - readRecent returns newest-first ring order and wraps
packages/heddle-core test:   ---
packages/heddle-core test:   duration_ms: 1.305675
packages/heddle-core test:   ...
packages/heddle-core test: # Subtest: readRecent underrun: fewer samples than requested returns available count
packages/heddle-core test: ok 24 - readRecent underrun: fewer samples than requested returns available count
packages/heddle-core test:   ---
packages/heddle-core test:   duration_ms: 0.429425
packages/heddle-core test:   ...
packages/heddle-core test: # Subtest: lane out of range is a caller error (Law 4 taxonomy code 5)
packages/heddle-core test: ok 25 - lane out of range is a caller error (Law 4 taxonomy code 5)
packages/heddle-core test:   ---
packages/heddle-core test:   duration_ms: 0.814114
packages/heddle-core test:   ...
packages/heddle-core test: # Subtest: header seqlock read + epoch change detection
packages/heddle-core test: ok 26 - header seqlock read + epoch change detection
packages/heddle-core test:   ---
packages/heddle-core test:   duration_ms: 0.943397
packages/heddle-core test:   ...
packages/heddle-core test: # Subtest: dirty mask: producer-set bits observed, consumers never write
packages/heddle-core test: ok 27 - dirty mask: producer-set bits observed, consumers never write
packages/heddle-core test:   ---
packages/heddle-core test:   duration_ms: 0.909042
packages/heddle-core test:   ...
packages/heddle-core test: # Subtest: torn seqlock: a concurrent writer is detected, value NOT returned
packages/heddle-core test: ok 28 - torn seqlock: a concurrent writer is detected, value NOT returned
packages/heddle-core test:   ---
packages/heddle-core test:   duration_ms: 0.561982
packages/heddle-core test:   ...
packages/heddle-core test: # Subtest: reader works on a plain ArrayBuffer (fixture mode, non-shared)
packages/heddle-core test: ok 29 - reader works on a plain ArrayBuffer (fixture mode, non-shared)
packages/heddle-core test:   ---
packages/heddle-core test:   duration_ms: 0.441417
packages/heddle-core test:   ...
packages/heddle-core test: # Subtest: SharedArrayBuffer path uses Atomics gates
packages/heddle-core test: ok 30 - SharedArrayBuffer path uses Atomics gates
packages/heddle-core test:   ---
packages/heddle-core test:   duration_ms: 0.569276
packages/heddle-core test:   ...
packages/heddle-core test: # Subtest: lane ctrl block stride is pinned at 64 and layout matches spec offsets
packages/heddle-core test: ok 31 - lane ctrl block stride is pinned at 64 and layout matches spec offsets
packages/heddle-core test:   ---
packages/heddle-core test:   duration_ms: 0.44815
packages/heddle-core test:   ...
packages/heddle-core test: # Subtest: publishLane: seqlock is even at rest, odd only mid-write (single thread probe)
packages/heddle-core test: ok 32 - publishLane: seqlock is even at rest, odd only mid-write (single thread probe)
packages/heddle-core test:   ---
packages/heddle-core test:   duration_ms: 5.857701
packages/heddle-core test:   ...
packages/heddle-core test: # Subtest: publishLane: stats update in place, min/max/avg correct over the session
packages/heddle-core test: ok 33 - publishLane: stats update in place, min/max/avg correct over the session
packages/heddle-core test:   ---
packages/heddle-core test:   duration_ms: 0.824674
packages/heddle-core test:   ...
packages/heddle-core test: # Subtest: running average converges to exact mean (recurrence honesty)
packages/heddle-core test: ok 34 - running average converges to exact mean (recurrence honesty)
packages/heddle-core test:   ---
packages/heddle-core test:   duration_ms: 0.748902
packages/heddle-core test:   ...
packages/heddle-core test: # Subtest: NaN and Infinity are rejected with HPL1_INVALID_SAMPLE — never published
packages/heddle-core test: ok 35 - NaN and Infinity are rejected with HPL1_INVALID_SAMPLE — never published
packages/heddle-core test:   ---
packages/heddle-core test:   duration_ms: 3.974824
packages/heddle-core test:   ...
packages/heddle-core test: # Subtest: head wraps by mask and laneFlags gain ACTIVE on first publish
packages/heddle-core test: ok 36 - head wraps by mask and laneFlags gain ACTIVE on first publish
packages/heddle-core test:   ---
packages/heddle-core test:   duration_ms: 0.382947
packages/heddle-core test:   ...
packages/heddle-core test: # Subtest: publishTick publishes globals under the header seqlock
packages/heddle-core test: ok 37 - publishTick publishes globals under the header seqlock
packages/heddle-core test:   ---
packages/heddle-core test:   duration_ms: 0.735508
packages/heddle-core test:   ...
packages/heddle-core test: # Subtest: epochRestart bumps epoch, resets session stats, keeps samplesSeen monotonic
packages/heddle-core test: ok 38 - epochRestart bumps epoch, resets session stats, keeps samplesSeen monotonic
packages/heddle-core test:   ---
packages/heddle-core test:   duration_ms: 0.610092
packages/heddle-core test:   ...
packages/heddle-core test: # Subtest: producer geometry agrees with the fixture generator (layout parity)
packages/heddle-core test: ok 39 - producer geometry agrees with the fixture generator (layout parity)
packages/heddle-core test:   ---
packages/heddle-core test:   duration_ms: 0.758761
packages/heddle-core test:   ...
packages/heddle-core test: # Subtest: renders once per interval at 240 Hz on a virtual clock
packages/heddle-core test: ok 40 - renders once per interval at 240 Hz on a virtual clock
packages/heddle-core test:   ---
packages/heddle-core test:   duration_ms: 2.681903
packages/heddle-core test:   ...
packages/heddle-core test: # Subtest: does not render before the interval elapses
packages/heddle-core test: ok 41 - does not render before the interval elapses
packages/heddle-core test:   ---
packages/heddle-core test:   duration_ms: 0.333775
packages/heddle-core test:   ...
packages/heddle-core test: # Subtest: drop-not-queue: a 10 ms stall is followed by ONE frame, skips counted
packages/heddle-core test: ok 42 - drop-not-queue: a 10 ms stall is followed by ONE frame, skips counted
packages/heddle-core test:   ---
packages/heddle-core test:   duration_ms: 0.387165
packages/heddle-core test:   ...
packages/heddle-core test: # Subtest: a 1-second stall produces ~240 skips and one render — never 240 renders
packages/heddle-core test: ok 43 - a 1-second stall produces ~240 skips and one render — never 240 renders
packages/heddle-core test:   ---
packages/heddle-core test:   duration_ms: 0.256751
packages/heddle-core test:   ...
packages/heddle-core test: # Subtest: frame context object is REUSED across frames (Law 1)
packages/heddle-core test: ok 44 - frame context object is REUSED across frames (Law 1)
packages/heddle-core test:   ---
packages/heddle-core test:   duration_ms: 0.315832
packages/heddle-core test:   ...
packages/heddle-core test: # Subtest: pause/resume: paused pumps render nothing; resume does not catch up
packages/heddle-core test: ok 45 - pause/resume: paused pumps render nothing; resume does not catch up
packages/heddle-core test:   ---
packages/heddle-core test:   duration_ms: 0.373089
packages/heddle-core test:   ...
packages/heddle-core test: # Subtest: startWithTimer drives a real timer loop (setTimeout path)
packages/heddle-core test: ok 46 - startWithTimer drives a real timer loop (setTimeout path)
packages/heddle-core test:   ---
packages/heddle-core test:   duration_ms: 22.039468
packages/heddle-core test:   ...
packages/heddle-core test: # Subtest: hz guard
packages/heddle-core test: ok 47 - hz guard
packages/heddle-core test:   ---
packages/heddle-core test:   duration_ms: 0.73725
packages/heddle-core test:   ...
packages/heddle-core test: 1..47
packages/heddle-core test: # tests 47
packages/heddle-core test: # suites 0
packages/heddle-core test: # pass 47
packages/heddle-core test: # fail 0
packages/heddle-core test: # cancelled 0
packages/heddle-core test: # skipped 0
packages/heddle-core test: # todo 0
packages/heddle-core test: # duration_ms 347.44298
packages/react-hooks test: # Subtest: createFrameSource: subscribe/emit/unsubscribe lifecycle
packages/react-hooks test: ok 1 - createFrameSource: subscribe/emit/unsubscribe lifecycle
packages/react-hooks test:   ---
packages/react-hooks test:   duration_ms: 3.975786
packages/react-hooks test:   ...
packages/react-hooks test: # Subtest: useWeftBuffer: 10,000 frames, ONE render — the zero-rerender contract
packages/react-hooks test: ok 2 - useWeftBuffer: 10,000 frames, ONE render — the zero-rerender contract
packages/react-hooks test:   ---
packages/react-hooks test:   duration_ms: 7.34842
packages/react-hooks test:   ...
packages/react-hooks test: # Subtest: useWeftBuffer: StrictMode double-mount leaves exactly one subscription
packages/react-hooks test: ok 3 - useWeftBuffer: StrictMode double-mount leaves exactly one subscription
packages/react-hooks test:   ---
packages/react-hooks test:   duration_ms: 2.026295
packages/react-hooks test:   ...
packages/react-hooks test: # Subtest: useWeftBuffer: latest-ref — new closure per render without resubscribe
packages/react-hooks test: ok 4 - useWeftBuffer: latest-ref — new closure per render without resubscribe
packages/react-hooks test:   ---
packages/react-hooks test:   duration_ms: 0.469639
packages/react-hooks test:   ...
packages/react-hooks test: # Subtest: useWeftCanvas: coalescing — 100 frames, one tick, newest frame wins
packages/react-hooks test: ok 5 - useWeftCanvas: coalescing — 100 frames, one tick, newest frame wins
packages/react-hooks test:   ---
packages/react-hooks test:   duration_ms: 1.345029
packages/react-hooks test:   ...
packages/react-hooks test: # Subtest: useWeftCanvas: parks when hidden, resumes on visibilitychange
packages/react-hooks test: ok 6 - useWeftCanvas: parks when hidden, resumes on visibilitychange
packages/react-hooks test:   ---
packages/react-hooks test:   duration_ms: 0.640399
packages/react-hooks test:   ...
packages/react-hooks test: # Subtest: useWeftCanvas: unmount cancels pending rAF and detaches listeners
packages/react-hooks test: ok 7 - useWeftCanvas: unmount cancels pending rAF and detaches listeners
packages/react-hooks test:   ---
packages/react-hooks test:   duration_ms: 0.470221
packages/react-hooks test:   ...
packages/react-hooks test: # Subtest: createSampleRing: fixed capacity, wraparound order, callback iteration
packages/heddle-core test: Done
packages/react-hooks test: ok 8 - createSampleRing: fixed capacity, wraparound order, callback iteration
packages/react-hooks test:   ---
packages/react-hooks test:   duration_ms: 1.174252
packages/react-hooks test:   ...
packages/react-hooks test: # Subtest: drawFrameGraph: auto-scale and painter ops (allocation-free reads)
packages/react-hooks test: ok 9 - drawFrameGraph: auto-scale and painter ops (allocation-free reads)
packages/react-hooks test:   ---
packages/react-hooks test:   duration_ms: 0.741609
packages/react-hooks test:   ...
packages/react-hooks test: # Subtest: attachWebSocket: binary messages flow, strings ignored, detach works
packages/react-hooks test: ok 10 - attachWebSocket: binary messages flow, strings ignored, detach works
packages/react-hooks test:   ---
packages/react-hooks test:   duration_ms: 0.524132
packages/react-hooks test:   ...
packages/react-hooks test: # Subtest: package surface: index.js re-exports the full API
packages/react-hooks test: ok 11 - package surface: index.js re-exports the full API
packages/react-hooks test:   ---
packages/react-hooks test:   duration_ms: 0.76856
packages/react-hooks test:   ...
packages/react-tensor test$ node --test test/*.test.mjs
packages/react-hooks test: 1..11
packages/react-hooks test: # tests 11
packages/react-hooks test: # suites 0
packages/react-hooks test: # pass 11
packages/react-hooks test: # fail 0
packages/react-hooks test: # cancelled 0
packages/react-hooks test: # skipped 0
packages/react-hooks test: # todo 0
packages/react-hooks test: # duration_ms 192.317707
packages/react-hooks test: Done
packages/weft-cluster test$ node --test test/*.test.mjs
packages/weft-cluster test: TAP version 13
packages/react-tensor test: TAP version 13
packages/core test: [33mThe CJS build of Vite's Node API is deprecated. See https://vite.dev/guide/troubleshooting.html#vite-cjs-node-api-deprecated for more details.[39m
packages/core test: [1m[7m[36m RUN [39m[27m[22m [36mv2.1.9 [39m[90m/home/runner/work/Weft/Weft/packages/core[39m
packages/weft-cluster test: # Subtest: shm: publish -> subscribe async iterator, seq monotonic, payload intact
packages/weft-cluster test: ok 1 - shm: publish -> subscribe async iterator, seq monotonic, payload intact
packages/weft-cluster test:   ---
packages/weft-cluster test:   duration_ms: 15.01434
packages/weft-cluster test:   ...
packages/weft-cluster test: # Subtest: shm: two subscribers fan out independently; unsubscribe stops flow
packages/weft-cluster test: ok 2 - shm: two subscribers fan out independently; unsubscribe stops flow
packages/weft-cluster test:   ---
packages/weft-cluster test:   duration_ms: 10.664854
packages/weft-cluster test:   ...
packages/weft-cluster test: # Subtest: shm: tryLatest reads newest without advancing the iterator
packages/weft-cluster test: ok 3 - shm: tryLatest reads newest without advancing the iterator
packages/weft-cluster test:   ---
packages/weft-cluster test:   duration_ms: 11.533871
packages/weft-cluster test:   ...
packages/weft-cluster test: # Subtest: Law 4: stale seq replays are dropped and counted (datagram path)
packages/weft-cluster test: ok 4 - Law 4: stale seq replays are dropped and counted (datagram path)
packages/weft-cluster test:   ---
packages/weft-cluster test:   duration_ms: 0.917499
packages/weft-cluster test:   ...
packages/react-tensor test: # Subtest: controller: every NEW frame renders exactly once — zero React involvement
packages/react-tensor test: ok 1 - controller: every NEW frame renders exactly once — zero React involvement
packages/react-tensor test:   ---
packages/react-tensor test:   duration_ms: 22.702889
packages/react-tensor test:   ...
packages/react-tensor test: # Subtest: controller: overlay receives the frame view and scratch is reused
packages/react-tensor test: ok 2 - controller: overlay receives the frame view and scratch is reused
packages/react-tensor test:   ---
packages/react-tensor test:   duration_ms: 2.83503
packages/react-tensor test:   ...
packages/react-tensor test: # Subtest: controller: requires ring and canvas (fail-fast)
packages/react-tensor test: ok 3 - controller: requires ring and canvas (fail-fast)
packages/react-tensor test:   ---
packages/react-tensor test:   duration_ms: 5.834518
packages/react-tensor test:   ...
packages/react-tensor test: # Subtest: useWeftTensorCanvas: single effect, live statsRef, clean teardown
packages/weft-cluster test: # Subtest: udp: two clients, SUB control plane, live datagram pub/sub
packages/weft-cluster test: ok 5 - udp: two clients, SUB control plane, live datagram pub/sub
packages/weft-cluster test:   ---
packages/weft-cluster test:   duration_ms: 72.916106
packages/weft-cluster test:   ...
packages/weft-cluster test: # Subtest: udp: publisher with zero subscribers stays silent (no peers dup)
packages/weft-cluster test: ok 6 - udp: publisher with zero subscribers stays silent (no peers dup)
packages/weft-cluster test:   ---
packages/weft-cluster test:   duration_ms: 11.158529
packages/weft-cluster test:   ...
packages/react-tensor test: ok 4 - useWeftTensorCanvas: single effect, live statsRef, clean teardown
packages/react-tensor test:   ---
packages/react-tensor test:   duration_ms: 4.395943
packages/react-tensor test:   ...
packages/react-tensor test: # Subtest: useWeftTensorCanvas: no canvas -> no effect work, no crash
packages/react-tensor test: ok 5 - useWeftTensorCanvas: no canvas -> no effect work, no crash
packages/react-tensor test:   ---
packages/react-tensor test:   duration_ms: 2.607276
packages/react-tensor test:   ...
packages/react-tensor test: 1..5
packages/react-tensor test: # tests 5
packages/react-tensor test: # suites 0
packages/react-tensor test: # pass 5
packages/react-tensor test: # fail 0
packages/react-tensor test: # cancelled 0
packages/react-tensor test: # skipped 0
packages/react-tensor test: # todo 0
packages/react-tensor test: # duration_ms 284.32637
packages/react-tensor test: Done
packages/weft-tensor test$ node --test test/*.test.mjs
packages/heddle-canvas test: [1m[7m[36m RUN [39m[27m[22m [36mv2.1.9 [39m[90m/home/runner/work/Weft/Weft/packages/heddle-canvas[39m
packages/weft-tensor test: TAP version 13
packages/heddle-canvas test:  [32m✓[39m test/engine.test.ts [2m([22m[2m7 tests[22m[2m)[22m[90m 51[2mms[22m[39m
packages/heddle-canvas test:  [32m✓[39m test/plane.test.ts [2m([22m[2m26 tests[22m[2m)[22m[33m 386[2mms[22m[39m
packages/heddle-canvas test:    [33m[2m✓[22m[39m WHP1 writer protocol (SynthProducer = executable spec)[2m > [22msynthSample is f32-stable and clamped (cross-engine hash precondition) [33m345[2mms[22m[39m
packages/heddle-canvas test:  [32m✓[39m test/dirty_mask.test.ts [2m([22m[2m6 tests[22m[2m)[22m[90m 83[2mms[22m[39m
packages/core test:  [32m✓[39m test/weft.test.ts [2m([22m[2m43 tests[22m[2m)[22m[33m 430[2mms[22m[39m
packages/weft-cluster test: # Subtest: crosslang: TS still decodes the frozen WCN1 vectors byte-exactly
packages/weft-cluster test: ok 7 - crosslang: TS still decodes the frozen WCN1 vectors byte-exactly
packages/weft-cluster test:   ---
packages/weft-cluster test:   duration_ms: 2.885174
packages/weft-cluster test:   ...
packages/weft-cluster test: # Subtest: crosslang: TS rejects malformed fixtures with the frozen codes
packages/weft-cluster test: ok 8 - crosslang: TS rejects malformed fixtures with the frozen codes
packages/weft-cluster test:   ---
packages/weft-cluster test:   duration_ms: 0.383408
packages/weft-cluster test:   ...
packages/weft-cluster test: # Subtest: crosslang: FNV/CRC reference vectors match the fixture
packages/weft-cluster test: ok 9 - crosslang: FNV/CRC reference vectors match the fixture
packages/weft-cluster test:   ---
packages/weft-cluster test:   duration_ms: 0.495058
packages/weft-cluster test:   ...
packages/weft-cluster test: # Subtest: registry: counters, gauges, histogram quantile sanity
packages/weft-cluster test: ok 10 - registry: counters, gauges, histogram quantile sanity
packages/weft-cluster test:   ---
packages/weft-cluster test:   duration_ms: 7.818493
packages/weft-cluster test:   ...
packages/weft-cluster test: # Subtest: histogram bucket bounds follow the 1, 2, 3, 4, 6, 8, 12... sequence
packages/weft-cluster test: ok 11 - histogram bucket bounds follow the 1, 2, 3, 4, 6, 8, 12... sequence
packages/weft-cluster test:   ---
packages/weft-cluster test:   duration_ms: 1.592212
packages/weft-cluster test:   ...
packages/weft-cluster test: # Subtest: prometheus: exposition format with cumulative histogram buckets
packages/weft-cluster test: ok 12 - prometheus: exposition format with cumulative histogram buckets
packages/weft-cluster test:   ---
packages/weft-cluster test:   duration_ms: 2.906253
packages/weft-cluster test:   ...
packages/weft-cluster test: # Subtest: otel: OTLP/JSON document shape (resourceMetrics -> metrics)
packages/weft-cluster test: ok 13 - otel: OTLP/JSON document shape (resourceMetrics -> metrics)
packages/weft-cluster test:   ---
packages/weft-cluster test:   duration_ms: 7.247144
packages/weft-cluster test:   ...
packages/weft-cluster test: # Subtest: perfetto: .pftrace protobuf round-trips packets and track events
packages/weft-cluster test: ok 14 - perfetto: .pftrace protobuf round-trips packets and track events
packages/weft-cluster test:   ---
packages/weft-cluster test:   duration_ms: 8.245713
packages/weft-cluster test:   ...
packages/weft-cluster test: # Subtest: prometheus: embedded /metrics server answers 200 over real HTTP
packages/weft-cluster test: ok 15 - prometheus: embedded /metrics server answers 200 over real HTTP
packages/weft-cluster test:   ---
packages/weft-cluster test:   duration_ms: 246.408151
packages/weft-cluster test:   ...
packages/weft-cluster test: # Subtest: router: deterministic owner across calls and instances
packages/weft-cluster test: ok 16 - router: deterministic owner across calls and instances
packages/weft-cluster test:   ---
packages/weft-cluster test:   duration_ms: 3.003736
packages/weft-cluster test:   ...
packages/weft-cluster test: # Subtest: router: cross-language owner vector (node seeds 11,22,33,44 / telemetry)
packages/weft-cluster test: ok 17 - router: cross-language owner vector (node seeds 11,22,33,44 / telemetry)
packages/weft-cluster test:   ---
packages/weft-cluster test:   duration_ms: 3.348892
packages/weft-cluster test:   ...
packages/weft-cluster test: # Subtest: router: 8-node balance within 3x envelope
packages/weft-cluster test: ok 18 - router: 8-node balance within 3x envelope
packages/weft-cluster test:   ---
packages/weft-cluster test:   duration_ms: 24.520433
packages/weft-cluster test:   ...
packages/weft-cluster test: # Subtest: router: minimal disruption — adding 1 of 9 nodes moves ~1/9 of topics
packages/weft-cluster test: ok 19 - router: minimal disruption — adding 1 of 9 nodes moves ~1/9 of topics
packages/weft-cluster test:   ---
packages/weft-cluster test:   duration_ms: 9.271334
packages/weft-cluster test:   ...
packages/weft-cluster test: # Subtest: router: unrouted topic -> WC_E_TOPIC_UNROUTED
packages/weft-cluster test: ok 20 - router: unrouted topic -> WC_E_TOPIC_UNROUTED
packages/weft-cluster test:   ---
packages/weft-cluster test:   duration_ms: 0.4382
packages/weft-cluster test:   ...
packages/weft-cluster test: # Subtest: router: removeNode stops routing to it; version bumps
packages/weft-cluster test: ok 21 - router: removeNode stops routing to it; version bumps
packages/weft-cluster test:   ---
packages/weft-cluster test:   duration_ms: 0.355967
packages/weft-cluster test:   ...
packages/weft-cluster test: # Subtest: membership: upsert + hash-index lookup round-trip
packages/weft-cluster test: ok 22 - membership: upsert + hash-index lookup round-trip
packages/weft-cluster test:   ---
packages/weft-cluster test:   duration_ms: 5.694405
packages/weft-cluster test:   ...
packages/weft-cluster test: # Subtest: membership: open addressing survives heavy collisions
packages/weft-cluster test: ok 23 - membership: open addressing survives heavy collisions
packages/weft-cluster test:   ---
packages/weft-cluster test:   duration_ms: 2.046472
packages/weft-cluster test:   ...
packages/weft-cluster test: # Subtest: gossip: 3 engines converge to a full membership view (socketless)
packages/weft-cluster test: ok 24 - gossip: 3 engines converge to a full membership view (socketless)
packages/weft-cluster test:   ---
packages/weft-cluster test:   duration_ms: 13.729744
packages/weft-cluster test:   ...
packages/weft-cluster test: # Subtest: gossip: stale incarnation ignored, higher incarnation wins
packages/weft-cluster test: ok 25 - gossip: stale incarnation ignored, higher incarnation wins
packages/weft-cluster test:   ---
packages/weft-cluster test:   duration_ms: 11.472867
packages/weft-cluster test:   ...
packages/weft-cluster test: # Subtest: gossip: LEAVING is sticky at equal incarnation, revive needs higher
packages/weft-cluster test: ok 26 - gossip: LEAVING is sticky at equal incarnation, revive needs higher
packages/weft-cluster test:   ---
packages/weft-cluster test:   duration_ms: 0.468117
packages/weft-cluster test:   ...
packages/weft-cluster test: # Subtest: gossip: SWIM refutation — falsely-leaving node bumps incarnation
packages/weft-cluster test: ok 27 - gossip: SWIM refutation — falsely-leaving node bumps incarnation
packages/weft-cluster test:   ---
packages/weft-cluster test:   duration_ms: 0.471313
packages/weft-cluster test:   ...
packages/weft-cluster test: # Subtest: gossip: silent nodes suspect then evicted (fake clock)
packages/weft-cluster test: ok 28 - gossip: silent nodes suspect then evicted (fake clock)
packages/weft-cluster test:   ---
packages/weft-cluster test:   duration_ms: 7.572041
packages/weft-cluster test:   ...
packages/weft-cluster test: # Subtest: gossip: graceful leave announces and propagates LEAVING
packages/weft-cluster test: ok 29 - gossip: graceful leave announces and propagates LEAVING
packages/weft-cluster test:   ---
packages/weft-cluster test:   duration_ms: 0.654977
packages/weft-cluster test:   ...
packages/weft-cluster test: # Subtest: crc32 IEEE vectors (parity with Python zlib.crc32)
packages/weft-cluster test: ok 30 - crc32 IEEE vectors (parity with Python zlib.crc32)
packages/weft-cluster test:   ---
packages/weft-cluster test:   duration_ms: 2.257628
packages/weft-cluster test:   ...
packages/weft-cluster test: # Subtest: fnv1a64 topic hash vectors (parity with Python impl)
packages/weft-cluster test: ok 31 - fnv1a64 topic hash vectors (parity with Python impl)
packages/weft-cluster test:   ---
packages/weft-cluster test:   duration_ms: 0.417542
packages/weft-cluster test:   ...
packages/weft-cluster test: # Subtest: WCN1 header: little-endian byte layout is normative
packages/weft-cluster test: ok 32 - WCN1 header: little-endian byte layout is normative
packages/weft-cluster test:   ---
packages/weft-cluster test:   duration_ms: 0.48576
packages/weft-cluster test:   ...
packages/weft-cluster test: # Subtest: WCN1 round-trip: encode -> decode -> same fields
packages/weft-cluster test: ok 33 - WCN1 round-trip: encode -> decode -> same fields
packages/weft-cluster test:   ---
packages/weft-cluster test:   duration_ms: 9.216441
packages/weft-cluster test:   ...
packages/weft-cluster test: # Subtest: Law 4: malformed datagrams map to the exact error taxonomy
packages/weft-cluster test: ok 34 - Law 4: malformed datagrams map to the exact error taxonomy
packages/weft-cluster test:   ---
packages/weft-cluster test:   duration_ms: 4.732213
packages/weft-cluster test:   ...
packages/weft-cluster test: # Subtest: error names are stable (Law 4 contract)
packages/weft-cluster test: ok 35 - error names are stable (Law 4 contract)
packages/weft-cluster test:   ---
packages/weft-cluster test:   duration_ms: 3.367938
packages/weft-cluster test:   ...
packages/weft-cluster test: # Subtest: WGS1 gossip: encode + entries + decode round-trip
packages/weft-cluster test: ok 36 - WGS1 gossip: encode + entries + decode round-trip
packages/weft-cluster test:   ---
packages/weft-cluster test:   duration_ms: 0.625181
packages/weft-cluster test:   ...
packages/weft-cluster test: # Subtest: WGS1: entry_count overrun is WC_E_TRUNCATED, not a crash
packages/weft-cluster test: ok 37 - WGS1: entry_count overrun is WC_E_TRUNCATED, not a crash
packages/weft-cluster test:   ---
packages/weft-cluster test:   duration_ms: 0.300062
packages/weft-cluster test:   ...
packages/weft-cluster test: # Subtest: Law 1: decodeInto is allocation-free (structural check)
packages/weft-cluster test: ok 38 - Law 1: decodeInto is allocation-free (structural check)
packages/weft-cluster test:   ---
packages/weft-cluster test:   duration_ms: 0.404247
packages/weft-cluster test:   ...
packages/weft-cluster test: 1..38
packages/weft-cluster test: # tests 38
packages/weft-cluster test: # suites 0
packages/weft-cluster test: # pass 38
packages/weft-cluster test: # fail 0
packages/weft-cluster test: # cancelled 0
packages/weft-cluster test: # skipped 0
packages/weft-cluster test: # todo 0
packages/weft-cluster test: # duration_ms 2334.064112
packages/weft-cluster test: Done
packages/core test:  [32m✓[39m test/verified.test.ts [2m([22m[2m17 tests[22m[2m)[22m[33m 752[2mms[22m[39m
packages/core test:  [32m✓[39m test/fanout.test.ts [2m([22m[2m28 tests[22m[2m)[22m[33m 819[2mms[22m[39m
packages/core test:    [33m[2m✓[22m[39m fanout cross-thread protocol litmus[2m > [22mgeometry variant (M=8, P=640, 50k frames): zero torn claims [33m313[2mms[22m[39m
packages/heddle-canvas test:  [32m✓[39m test/shaders.test.ts [2m([22m[2m4 tests[22m[2m)[22m[90m 145[2mms[22m[39m
packages/heddle-canvas test:  [32m✓[39m test/layout_parity.test.ts [2m([22m[2m6 tests[22m[2m)[22m[33m 1377[2mms[22m[39m
packages/heddle-canvas test:    [33m[2m✓[22m[39m WHP1 layout parity: native/whp1_layout.h == src/plane/whp1.ts[2m > [22mthe C plane-size function agrees with whp1PlaneBytes (via clang eval) [33m1344[2mms[22m[39m
packages/heddle-canvas test:  [32m✓[39m test/oracle.test.ts [2m([22m[2m6 tests[22m[2m)[22m[90m 282[2mms[22m[39m
packages/heddle-canvas test:  [32m✓[39m test/law1.test.ts [2m([22m[2m6 tests[22m[2m | [22m[33m1 skipped[39m[2m)[22m[90m 22[2mms[22m[39m
packages/heddle-canvas test:  [32m✓[39m test/budget.test.ts [2m([22m[2m5 tests[22m[2m)[22m[90m 28[2mms[22m[39m
packages/heddle-canvas test: [2m Test Files [22m [1m[32m8 passed[39m[22m[90m (8)[39m
packages/heddle-canvas test: [2m      Tests [22m [1m[32m65 passed[39m[22m[2m | [22m[33m1 skipped[39m[90m (66)[39m
packages/heddle-canvas test: [2m   Start at [22m 12:12:21
packages/heddle-canvas test: [2m   Duration [22m 3.03s[2m (transform 730ms, setup 0ms, collect 1.20s, tests 2.37s, environment 2ms, prepare 1.91s)[22m
packages/heddle-canvas test: Done
packages/core test:  [32m✓[39m test/cadence-predictive.test.ts [2m([22m[2m12 tests[22m[2m)[22m[33m 1021[2mms[22m[39m
packages/core test:    [33m[2m✓[22m[39m RFC-0012 §PREDICTIVE_PACED[2m > [22mPC8 (integer equivalence): tick-for-tick identical to PACED_INTERPOLATE on every stable integer beat g=1..12 [33m425[2mms[22m[39m
packages/core test:    [33m[2m✓[22m[39m RFC-0012 §PREDICTIVE_PACED[2m > [22mPC9 (the judder gate): on the 12/5 beat every post-warmup window is monotone and within 5% of the ideal fractional ladder [33m336[2mms[22m[39m
packages/core test:  [32m✓[39m test/governor.test.ts [2m([22m[2m7 tests[22m[2m)[22m[90m 52[2mms[22m[39m
packages/core test:  [32m✓[39m test/worker.test.ts [2m([22m[2m8 tests[22m[2m)[22m[90m 136[2mms[22m[39m
packages/weft-tensor test: # Subtest: zero-alloc probe [ring] — 100k steady-state ops stay flat
packages/weft-tensor test: ok 1 - zero-alloc probe [ring] — 100k steady-state ops stay flat
packages/weft-tensor test:   ---
packages/weft-tensor test:   duration_ms: 445.960306
packages/weft-tensor test:   ...
packages/weft-tensor test: # Subtest: zero-alloc probe [ingest] — 100k steady-state ops stay flat
packages/weft-tensor test: ok 2 - zero-alloc probe [ingest] — 100k steady-state ops stay flat
packages/weft-tensor test:   ---
packages/weft-tensor test:   duration_ms: 420.125364
packages/weft-tensor test:   ...
packages/weft-tensor test: # Subtest: zero-alloc probe [audio] — 100k steady-state ops stay flat
packages/weft-tensor test: ok 3 - zero-alloc probe [audio] — 100k steady-state ops stay flat
packages/weft-tensor test:   ---
packages/weft-tensor test:   duration_ms: 348.456755
packages/weft-tensor test:   ...
packages/weft-tensor test: # Subtest: zero-alloc probe [render] — 100k steady-state ops stay flat
packages/weft-tensor test: ok 4 - zero-alloc probe [render] — 100k steady-state ops stay flat
packages/weft-tensor test:   ---
packages/weft-tensor test:   duration_ms: 2662.846224
packages/weft-tensor test:   ...
packages/weft-tensor test: # Subtest: zero-alloc probe [overlay] — 100k steady-state ops stay flat
packages/weft-tensor test: ok 5 - zero-alloc probe [overlay] — 100k steady-state ops stay flat
packages/weft-tensor test:   ---
packages/weft-tensor test:   duration_ms: 148.052221
packages/weft-tensor test:   ...
packages/weft-tensor test: # Subtest: negative control: a deliberately-allocating loop IS caught
packages/weft-tensor test: ok 6 - negative control: a deliberately-allocating loop IS caught
packages/weft-tensor test:   ---
packages/weft-tensor test:   duration_ms: 122.406945
packages/weft-tensor test:   ...
packages/weft-tensor test: # Subtest: f32 fixture: header fields, 10 frames, dyadic payload parity
packages/weft-tensor test: ok 7 - f32 fixture: header fields, 10 frames, dyadic payload parity
packages/weft-tensor test:   ---
packages/weft-tensor test:   duration_ms: 11.95493
packages/weft-tensor test:   ...
packages/weft-tensor test: # Subtest: u8 fixture: header fields, 6 frames, byte payload parity
packages/weft-tensor test: ok 8 - u8 fixture: header fields, 6 frames, byte payload parity
packages/weft-tensor test:   ---
packages/weft-tensor test:   duration_ms: 1.47379
packages/weft-tensor test:   ...
packages/weft-tensor test: # Subtest: WebCodecs sync fast path: bytes land in ring, no intermediate
packages/weft-tensor test: ok 9 - WebCodecs sync fast path: bytes land in ring, no intermediate
packages/weft-tensor test:   ---
packages/weft-tensor test:   duration_ms: 4.679093
packages/weft-tensor test:   ...
packages/weft-tensor test: # Subtest: WebCodecs async fast path resolves after the GPU readback lands
packages/weft-tensor test: ok 10 - WebCodecs async fast path resolves after the GPU readback lands
packages/weft-tensor test:   ---
packages/weft-tensor test:   duration_ms: 8.393961
packages/weft-tensor test:   ...
packages/weft-tensor test: # Subtest: copyTo failure is a DROP, never a throw into the frame loop
packages/weft-tensor test: ok 11 - copyTo failure is a DROP, never a throw into the frame loop
packages/weft-tensor test:   ---
packages/weft-tensor test:   duration_ms: 0.457186
packages/weft-tensor test:   ...
packages/weft-tensor test: # Subtest: legacy sync copyTo returning void still commits the full slot
packages/weft-tensor test: ok 12 - legacy sync copyTo returning void still commits the full slot
packages/weft-tensor test:   ---
packages/weft-tensor test:   duration_ms: 0.415688
packages/weft-tensor test:   ...
packages/weft-tensor test: # Subtest: ImageData + raw paths
packages/weft-tensor test: ok 13 - ImageData + raw paths
packages/weft-tensor test:   ---
packages/weft-tensor test:   duration_ms: 0.719839
packages/weft-tensor test:   ...
packages/weft-tensor test: # Subtest: ingestor dtype gate: f32 ring rejected (Law 4)
packages/weft-tensor test: ok 14 - ingestor dtype gate: f32 ring rejected (Law 4)
packages/weft-tensor test:   ---
packages/weft-tensor test:   duration_ms: 1.642897
packages/weft-tensor test:   ...
packages/weft-tensor test: # Subtest: AudioPcmFeeder: exact-fit chunks roll one slot per chunk
packages/weft-tensor test: ok 15 - AudioPcmFeeder: exact-fit chunks roll one slot per chunk
packages/weft-tensor test:   ---
packages/weft-tensor test:   duration_ms: 0.946212
packages/weft-tensor test:   ...
packages/weft-tensor test: # Subtest: AudioPcmFeeder: chunk spanning slot boundaries carries with zero gaps
packages/weft-tensor test: ok 16 - AudioPcmFeeder: chunk spanning slot boundaries carries with zero gaps
packages/weft-tensor test:   ---
packages/weft-tensor test:   duration_ms: 1.504768
packages/weft-tensor test:   ...
packages/weft-tensor test: # Subtest: AudioPcmFeeder: tiny chunks accumulate then roll (worklet cadence)
packages/weft-tensor test: ok 17 - AudioPcmFeeder: tiny chunks accumulate then roll (worklet cadence)
packages/weft-tensor test:   ---
packages/weft-tensor test:   duration_ms: 0.817722
packages/weft-tensor test:   ...
packages/weft-tensor test: # Subtest: AudioPcmFeeder dtype gate + chunk size gate (Law 4)
packages/weft-tensor test: ok 18 - AudioPcmFeeder dtype gate + chunk size gate (Law 4)
packages/weft-tensor test:   ---
packages/weft-tensor test:   duration_ms: 0.791703
packages/weft-tensor test:   ...
packages/weft-tensor test: # Subtest: crc32 matches node:zlib over the static header region
packages/weft-tensor test: ok 19 - crc32 matches node:zlib over the static header region
packages/weft-tensor test:   ---
packages/weft-tensor test:   duration_ms: 7.225603
packages/weft-tensor test:   ...
packages/weft-tensor test: # Subtest: f16FromBits matches numpy float16 decode exactly
packages/weft-tensor test: ok 20 - f16FromBits matches numpy float16 decode exactly
packages/weft-tensor test:   ---
packages/weft-tensor test:   duration_ms: 0.564898
packages/weft-tensor test:   ...
packages/weft-tensor test: # Subtest: f16ToBits matches numpy round-to-nearest-even
packages/weft-tensor test: ok 21 - f16ToBits matches numpy round-to-nearest-even
packages/weft-tensor test:   ---
packages/weft-tensor test:   duration_ms: 8.602531
packages/weft-tensor test:   ...
packages/weft-tensor test: # Subtest: fourcc round-trips as LE ASCII
packages/weft-tensor test: ok 22 - fourcc round-trips as LE ASCII
packages/weft-tensor test:   ---
packages/weft-tensor test:   duration_ms: 0.310782
packages/weft-tensor test:   ...
packages/weft-tensor test: # Subtest: validateRingHeader accepts both golden fixtures
packages/weft-tensor test: ok 23 - validateRingHeader accepts both golden fixtures
packages/weft-tensor test:   ---
packages/weft-tensor test:   duration_ms: 1.911991
packages/weft-tensor test:   ...
packages/weft-tensor test: # Subtest: fail-closed corruption matrix — every mutation gets a machine-readable code
packages/weft-tensor test: ok 24 - fail-closed corruption matrix — every mutation gets a machine-readable code
packages/weft-tensor test:   ---
packages/weft-tensor test:   duration_ms: 3.576048
packages/weft-tensor test:   ...
packages/weft-tensor test: # Subtest: dtype validity table
packages/weft-tensor test: ok 25 - dtype validity table
packages/weft-tensor test:   ---
packages/weft-tensor test:   duration_ms: 0.24561
packages/weft-tensor test:   ...
packages/weft-tensor test: # Subtest: create() writes a self-validating header (round trip through attach)
packages/weft-tensor test: ok 26 - create() writes a self-validating header (round trip through attach)
packages/weft-tensor test:   ---
packages/weft-tensor test:   duration_ms: 6.899101
packages/weft-tensor test:   ...
packages/weft-tensor test: # Subtest: Canvas2DPlane: ONE ImageData reused, pixel-accurate blit per frame
packages/weft-tensor test: ok 27 - Canvas2DPlane: ONE ImageData reused, pixel-accurate blit per frame
packages/weft-tensor test:   ---
packages/weft-tensor test:   duration_ms: 10.373417
packages/weft-tensor test:   ...
packages/weft-tensor test: # Subtest: Canvas2DPlane dtype gate (Law 4)
packages/weft-tensor test: ok 28 - Canvas2DPlane dtype gate (Law 4)
packages/weft-tensor test:   ---
packages/weft-tensor test:   duration_ms: 0.790861
packages/weft-tensor test:   ...
packages/weft-tensor test: # Subtest: OverlayScratch + drawBoxes2D: bounded, reused, pixel records
packages/weft-tensor test: ok 29 - OverlayScratch + drawBoxes2D: bounded, reused, pixel records
packages/weft-tensor test:   ---
packages/weft-tensor test:   duration_ms: 5.24327
packages/weft-tensor test:   ...
packages/weft-tensor test: # Subtest: drawSkeleton2D honours confidence gating
packages/weft-tensor test: ok 30 - drawSkeleton2D honours confidence gating
packages/weft-tensor test:   ---
packages/weft-tensor test:   duration_ms: 0.470892
packages/weft-tensor test:   ...
packages/weft-tensor test: # Subtest: WebGL2Plane: zero-alloc texSubImage2D from the slot view + fullscreen tri
packages/weft-tensor test: ok 31 - WebGL2Plane: zero-alloc texSubImage2D from the slot view + fullscreen tri
packages/weft-tensor test:   ---
packages/weft-tensor test:   duration_ms: 4.2869
packages/weft-tensor test:   ...
packages/weft-tensor test: # Subtest: create + typed commit + acquireLatest returns exact values, zero surprises
packages/weft-tensor test: ok 32 - create + typed commit + acquireLatest returns exact values, zero surprises
packages/weft-tensor test:   ---
packages/weft-tensor test:   duration_ms: 38.908841
packages/weft-tensor test:   ...
packages/weft-tensor test: # Subtest: byte commit path (Uint8Array) with short payload (bounded loop, no throw)
packages/weft-tensor test: ok 33 - byte commit path (Uint8Array) with short payload (bounded loop, no throw)
packages/weft-tensor test:   ---
packages/weft-tensor test:   duration_ms: 0.576821
packages/weft-tensor test:   ...
packages/weft-tensor test: # Subtest: acquireLatest(lastSeq) returns null when nothing new; acquireFrame bounds
packages/weft-tensor test: ok 34 - acquireLatest(lastSeq) returns null when nothing new; acquireFrame bounds
packages/weft-tensor test:   ---
packages/weft-tensor test:   duration_ms: 0.571981
packages/weft-tensor test:   ...
packages/weft-tensor test: # Subtest: overrun: slotCount=2, 5 commits -> old seq gone, latest correct
packages/weft-tensor test: ok 35 - overrun: slotCount=2, 5 commits -> old seq gone, latest correct
packages/weft-tensor test:   ---
packages/weft-tensor test:   duration_ms: 0.65123
packages/weft-tensor test:   ...
packages/weft-tensor test: # Subtest: torn read: uncommitted slot is invisible, then visible after commit marker
packages/weft-tensor test: ok 36 - torn read: uncommitted slot is invisible, then visible after commit marker
packages/weft-tensor test:   ---
packages/weft-tensor test:   duration_ms: 0.58713
packages/weft-tensor test:   ...
packages/weft-tensor test: # Subtest: zero-copy begin/finish path matches convenience commit
packages/weft-tensor test: ok 37 - zero-copy begin/finish path matches convenience commit
packages/weft-tensor test:   ---
packages/weft-tensor test:   duration_ms: 0.38449
packages/weft-tensor test:   ...
packages/weft-tensor test: # Subtest: commit rejects wrong dtype / oversized payloads (fail-closed)
packages/weft-tensor test: ok 38 - commit rejects wrong dtype / oversized payloads (fail-closed)
packages/weft-tensor test:   ---
packages/weft-tensor test:   duration_ms: 3.133979
packages/weft-tensor test:   ...
packages/weft-tensor test: # Subtest: create() input validation is fail-closed
packages/weft-tensor test: ok 39 - create() input validation is fail-closed
packages/weft-tensor test:   ---
packages/weft-tensor test:   duration_ms: 0.620953
packages/weft-tensor test:   ...
packages/weft-tensor test: # Subtest: waitForNewFrame resolves via injected scheduler; timeout path returns null
packages/weft-tensor test: ok 40 - waitForNewFrame resolves via injected scheduler; timeout path returns null
packages/weft-tensor test:   ---
packages/weft-tensor test:   duration_ms: 32.648786
packages/weft-tensor test:   ...
packages/weft-tensor test: # Subtest: SharedArrayBuffer smoke: create(shared) + atomics publish + acquire
packages/weft-tensor test: ok 41 - SharedArrayBuffer smoke: create(shared) + atomics publish + acquire
packages/weft-tensor test:   ---
packages/weft-tensor test:   duration_ms: 0.841737
packages/weft-tensor test:   ...
packages/weft-tensor test: # Subtest: ring stats counters are sealed and monotonic
packages/weft-tensor test: ok 42 - ring stats counters are sealed and monotonic
packages/weft-tensor test:   ---
packages/weft-tensor test:   duration_ms: 0.446606
packages/weft-tensor test:   ...
packages/weft-tensor test: # Subtest: detectRuntime identifies node (this process)
packages/weft-tensor test: ok 43 - detectRuntime identifies node (this process)
packages/weft-tensor test:   ---
packages/weft-tensor test:   duration_ms: 4.782988
packages/weft-tensor test:   ...
packages/weft-tensor test: # Subtest: detectRuntime: browser / deno / bun / worker / electron fakes
packages/weft-tensor test: ok 44 - detectRuntime: browser / deno / bun / worker / electron fakes
packages/weft-tensor test:   ---
packages/weft-tensor test:   duration_ms: 3.49759
packages/weft-tensor test:   ...
packages/weft-tensor test: # Subtest: runtimeMatrix feature list stays sorted/deterministic
packages/weft-tensor test: ok 45 - runtimeMatrix feature list stays sorted/deterministic
packages/weft-tensor test:   ---
packages/weft-tensor test:   duration_ms: 1.266372
packages/weft-tensor test:   ...
packages/weft-tensor test: # Subtest: assertShareable accepts SAB, rejects plain ArrayBuffer
packages/weft-tensor test: ok 46 - assertShareable accepts SAB, rejects plain ArrayBuffer
packages/weft-tensor test:   ---
packages/weft-tensor test:   duration_ms: 4.948458
packages/weft-tensor test:   ...
packages/weft-tensor test: 1..46
packages/weft-tensor test: # tests 46
packages/weft-tensor test: # suites 0
packages/weft-tensor test: # pass 46
packages/weft-tensor test: # fail 0
packages/weft-tensor test: # cancelled 0
packages/weft-tensor test: # skipped 0
packages/weft-tensor test: # todo 0
packages/weft-tensor test: # duration_ms 4428.279561
packages/weft-tensor test: Done
packages/core test:  [32m✓[39m test/cursor.test.ts [2m([22m[2m6 tests[22m[2m)[22m[90m 12[2mms[22m[39m
packages/core test:  [32m✓[39m test/cadence.test.ts [2m([22m[2m17 tests[22m[2m)[22m[33m 2435[2mms[22m[39m
packages/core test:    [33m[2m✓[22m[39m RFC-0009 §cadence — cross-policy gates[2m > [22mPC1: no policy ever presents twice in one tick (structural: one step, one decision) [33m1938[2mms[22m[39m
packages/core test:  [32m✓[39m test/blend.test.ts [2m([22m[2m4 tests[22m[2m)[22m[90m 88[2mms[22m[39m
packages/core test:  [32m✓[39m test/trend.test.ts [2m([22m[2m6 tests[22m[2m)[22m[90m 18[2mms[22m[39m
packages/core test:  [32m✓[39m test/chaos.test.ts [2m([22m[2m3 tests[22m[2m)[22m[90m 30[2mms[22m[39m
packages/core test:  [32m✓[39m test/replay.test.ts [2m([22m[2m9 tests[22m[2m)[22m[33m 3715[2mms[22m[39m
packages/core test:    [33m[2m✓[22m[39m RFC 0019 replay fold (TS port)[2m > [22mR8: 100k soak — pinned cross-port parity vector [33m3429[2mms[22m[39m
packages/core test: [2m Test Files [22m [1m[32m12 passed[39m[22m[90m (12)[39m
packages/core test: [2m      Tests [22m [1m[32m160 passed[39m[22m[90m (160)[39m
packages/core test: [2m   Start at [22m 12:12:21
packages/core test: [2m   Duration [22m 6.58s[2m (transform 1.35s, setup 0ms, collect 2.57s, tests 9.51s, environment 5ms, prepare 2.20s)[22m
packages/core test: Done
packages/react test$ vitest run
packages/react-heddle test$ node --test test/*.test.mjs
packages/react-native test$ vitest run
packages/svelte test$ vitest run
packages/react-heddle test: TAP version 13
packages/react-heddle test: # Subtest: WeftCanvas: engine init once, render per scheduled frame, ZERO setState
packages/react-heddle test: ok 1 - WeftCanvas: engine init once, render per scheduled frame, ZERO setState
packages/react-heddle test:   ---
packages/react-heddle test:   duration_ms: 40.588466
packages/react-heddle test:   ...
packages/react-heddle test: # Subtest: WeftCanvas: engine without init/render is a Law-4 fatal (BAD_RENDER_ENGINE)
packages/react-heddle test: ok 2 - WeftCanvas: engine without init/render is a Law-4 fatal (BAD_RENDER_ENGINE)
packages/react-heddle test:   ---
packages/react-heddle test:   duration_ms: 1.386746
packages/react-heddle test:   ...
packages/react-heddle test: # Subtest: WeftCanvas: null GPU context → CONTEXT_LOST fatal
packages/react-heddle test: ok 3 - WeftCanvas: null GPU context → CONTEXT_LOST fatal
packages/react-heddle test:   ---
packages/react-heddle test:   duration_ms: 0.514563
packages/react-heddle test:   ...
packages/react-heddle test: # Subtest: WeftCanvas: webglcontextlost event → explicit CONTEXT_LOST fallback (Law 4)
packages/react-heddle test: ok 4 - WeftCanvas: webglcontextlost event → explicit CONTEXT_LOST fallback (Law 4)
packages/react-heddle test:   ---
packages/react-heddle test:   duration_ms: 2.499269
packages/react-heddle test:   ...
packages/react-heddle test: # Subtest: WeftCanvas: Page Visibility pauses the scheduler, resume does not catch up
packages/react-heddle test: ok 5 - WeftCanvas: Page Visibility pauses the scheduler, resume does not catch up
packages/react-heddle test:   ---
packages/react-heddle test:   duration_ms: 1.364123
packages/react-heddle test:   ...
packages/react-heddle test: # Subtest: WeftCanvas: raw SharedArrayBuffer plane prop (no PlaneContext) also works
packages/react-heddle test: ok 6 - WeftCanvas: raw SharedArrayBuffer plane prop (no PlaneContext) also works
packages/react-heddle test:   ---
packages/react-heddle test:   duration_ms: 2.929825
packages/react-heddle test:   ...
packages/react-heddle test: # Subtest: useWeftSignal: binds node, mutates nodeValue per tick, ZERO setState
packages/react-heddle test: ok 7 - useWeftSignal: binds node, mutates nodeValue per tick, ZERO setState
packages/react-heddle test:   ---
packages/react-heddle test:   duration_ms: 38.385172
packages/react-heddle test:   ...
packages/react-heddle test: # Subtest: useWeftSignal: textDivider honored (custom cadence)
packages/react-heddle test: ok 8 - useWeftSignal: textDivider honored (custom cadence)
packages/react-heddle test:   ---
packages/react-heddle test:   duration_ms: 4.323835
packages/react-heddle test:   ...
packages/react-heddle test: # Subtest: useWeftStats: stable object mutated in place — identity never changes
packages/react-heddle test: ok 9 - useWeftStats: stable object mutated in place — identity never changes
packages/react-heddle test:   ---
packages/react-heddle test:   duration_ms: 1.186873
packages/react-heddle test:   ...
packages/react-heddle test: # Subtest: useWeftBuffer: stable buffer + publish routes through the producer
packages/react-heddle test: ok 10 - useWeftBuffer: stable buffer + publish routes through the producer
packages/react-heddle test:   ---
packages/react-heddle test:   duration_ms: 4.604801
packages/react-heddle test:   ...
packages/react-heddle test: # Subtest: useWeftBuffer: publish without producer fails EXPLICITLY (Law 4)
packages/react-heddle test: ok 11 - useWeftBuffer: publish without producer fails EXPLICITLY (Law 4)
packages/react-heddle test:   ---
packages/react-heddle test:   duration_ms: 1.007647
packages/react-heddle test:   ...
packages/react-heddle test: # Subtest: provider resolution: hooks read the plane from context when no prop given
packages/react-heddle test: ok 12 - provider resolution: hooks read the plane from context when no prop given
packages/react-heddle test:   ---
packages/react-heddle test:   duration_ms: 0.856042
packages/react-heddle test:   ...
packages/react-heddle test: # Subtest: no plane anywhere → explicit HPL1_PLAN_DETACHED error, not a mystery
packages/react-heddle test: ok 13 - no plane anywhere → explicit HPL1_PLAN_DETACHED error, not a mystery
packages/react-heddle test:   ---
packages/react-heddle test:   duration_ms: 0.438501
packages/react-heddle test:   ...
packages/react-heddle test: # Subtest: 100k frames through signal + stats: zero setState (mandate-scale re-render probe)
packages/react-heddle test: ok 14 - 100k frames through signal + stats: zero setState (mandate-scale re-render probe)
packages/react-heddle test:   ---
packages/react-heddle test:   duration_ms: 119.757408
packages/react-heddle test:   ...
packages/react-heddle test: # Subtest: HUD builds 7 telemetry rows and streams values from the plane
packages/react-heddle test: ok 15 - HUD builds 7 telemetry rows and streams values from the plane
packages/react-heddle test:   ---
packages/react-heddle test:   duration_ms: 17.766481
packages/react-heddle test:   ...
packages/react-heddle test: # Subtest: HUD FPS(prod) rises with publish rate; MEM throughput reflects lane 0
packages/react-heddle test: ok 16 - HUD FPS(prod) rises with publish rate; MEM throughput reflects lane 0
packages/react-heddle test:   ---
packages/react-heddle test:   duration_ms: 1.322326
packages/react-heddle test:   ...
packages/react-heddle test: # Subtest: ISOLATION: a host UI crash does not stop the HUD (rows keep updating)
packages/react-heddle test: ok 17 - ISOLATION: a host UI crash does not stop the HUD (rows keep updating)
packages/react-heddle test:   ---
packages/react-heddle test:   duration_ms: 4.227073
packages/react-heddle test:   ...
packages/react-heddle test: # Subtest: WORKER CRASH: explicit FALLBACK banner, HUD stays alive (Law 4)
packages/react-heddle test: ok 18 - WORKER CRASH: explicit FALLBACK banner, HUD stays alive (Law 4)
packages/react-heddle test:   ---
packages/react-heddle test:   duration_ms: 0.589634
packages/react-heddle test:   ...
packages/react-heddle test: # Subtest: Seqlock tears surface in the TEARS row — never silent
packages/react-heddle test: ok 19 - Seqlock tears surface in the TEARS row — never silent
packages/react-heddle test:   ---
packages/react-heddle test:   duration_ms: 0.687006
packages/react-heddle test:   ...
packages/react-heddle test: # Subtest: <WeftHud /> mounts on ref host and destroy() removes the box + stops ticks
packages/react-heddle test: ok 20 - <WeftHud /> mounts on ref host and destroy() removes the box + stops ticks
packages/react-heddle test:   ---
packages/react-heddle test:   duration_ms: 4.366274
packages/react-heddle test:   ...
packages/react-heddle test: # Subtest: mountWeftHud with a null host fails explicitly (Law 4)
packages/react-heddle test: ok 21 - mountWeftHud with a null host fails explicitly (Law 4)
packages/react-heddle test:   ---
packages/react-heddle test:   duration_ms: 0.788857
packages/react-heddle test:   ...
packages/react-heddle test: # Subtest: Oscilloscope engine: newest-first window, full wave path drawn per frame
packages/react-heddle test: ok 22 - Oscilloscope engine: newest-first window, full wave path drawn per frame
packages/react-heddle test:   ---
packages/react-heddle test:   duration_ms: 34.125176
packages/react-heddle test:   ...
packages/react-heddle test: # Subtest: Candlestick engine: OHLC derivation is exact on a monotonic ramp
packages/react-heddle test: ok 23 - Candlestick engine: OHLC derivation is exact on a monotonic ramp
packages/react-heddle test:   ---
packages/react-heddle test:   duration_ms: 1.277372
packages/react-heddle test:   ...
packages/react-heddle test: # Subtest: Candlestick engine: mixed direction yields red down-candles
packages/react-heddle test: ok 24 - Candlestick engine: mixed direction yields red down-candles
packages/react-heddle test:   ---
packages/react-heddle test:   duration_ms: 0.862465
packages/react-heddle test:   ...
packages/react-heddle test: # Subtest: OrderBook engine: one row per lane level, mid line drawn
packages/react-heddle test: ok 25 - OrderBook engine: one row per lane level, mid line drawn
packages/react-heddle test:   ---
packages/react-heddle test:   duration_ms: 1.295466
packages/react-heddle test:   ...
packages/react-heddle test: # Subtest: AudioMeter engine: levels clamp, peak-hold holds then releases
packages/react-heddle test: ok 26 - AudioMeter engine: levels clamp, peak-hold holds then releases
packages/react-heddle test:   ---
packages/react-heddle test:   duration_ms: 4.587418
packages/react-heddle test:   ...
packages/react-heddle test: # Subtest: Visualizer components wire through WeftCanvas with ZERO setState
packages/react-heddle test: ok 27 - Visualizer components wire through WeftCanvas with ZERO setState
packages/react-heddle test:   ---
packages/react-heddle test:   duration_ms: 6.517612
packages/react-heddle test:   ...
packages/react-heddle test: # Subtest: All four visualizers exist with stable component identity
packages/react-heddle test: ok 28 - All four visualizers exist with stable component identity
packages/react-heddle test:   ---
packages/react-heddle test:   duration_ms: 0.453369
packages/react-heddle test:   ...
packages/react-heddle test: 1..28
packages/react-heddle test: # tests 28
packages/react-heddle test: # suites 0
packages/react-heddle test: # pass 28
packages/react-heddle test: # fail 0
packages/react-heddle test: # cancelled 0
packages/react-heddle test: # skipped 0
packages/react-heddle test: # todo 0
packages/react-heddle test: # duration_ms 450.494117
packages/react-heddle test: Done
packages/vue test$ vitest run
packages/react test: [33mThe CJS build of Vite's Node API is deprecated. See https://vite.dev/guide/troubleshooting.html#vite-cjs-node-api-deprecated for more details.[39m
packages/react test: [1m[7m[36m RUN [39m[27m[22m [36mv2.1.9 [39m[90m/home/runner/work/Weft/Weft/packages/react[39m
packages/react-native test: [33mThe CJS build of Vite's Node API is deprecated. See https://vite.dev/guide/troubleshooting.html#vite-cjs-node-api-deprecated for more details.[39m
packages/svelte test: [33mThe CJS build of Vite's Node API is deprecated. See https://vite.dev/guide/troubleshooting.html#vite-cjs-node-api-deprecated for more details.[39m
packages/react-native test: [1m[7m[36m RUN [39m[27m[22m [36mv2.1.9 [39m[90m/home/runner/work/Weft/Weft/packages/react-native[39m
packages/svelte test: [1m[7m[36m RUN [39m[27m[22m [36mv2.1.9 [39m[90m/home/runner/work/Weft/Weft/packages/svelte[39m
packages/vue test: [33mThe CJS build of Vite's Node API is deprecated. See https://vite.dev/guide/troubleshooting.html#vite-cjs-node-api-deprecated for more details.[39m
packages/vue test: [1m[7m[36m RUN [39m[27m[22m [36mv2.1.9 [39m[90m/home/runner/work/Weft/Weft/packages/vue[39m
packages/react-native test:  [32m✓[39m test/weft-fanout-rn.test.ts [2m([22m[2m5 tests[22m[2m)[22m[90m 23[2mms[22m[39m
packages/svelte test:  [32m✓[39m test/weft-action.test.ts [2m([22m[2m4 tests[22m[2m)[22m[90m 15[2mms[22m[39m
packages/svelte test:  [32m✓[39m test/weft-fanout-action.test.ts [2m([22m[2m5 tests[22m[2m)[22m[90m 19[2mms[22m[39m
packages/svelte test: [2m Test Files [22m [1m[32m2 passed[39m[22m[90m (2)[39m
packages/svelte test: [2m      Tests [22m [1m[32m9 passed[39m[22m[90m (9)[39m
packages/svelte test: [2m   Start at [22m 12:12:28
packages/svelte test: [2m   Duration [22m 1.72s[2m (transform 667ms, setup 0ms, collect 1.31s, tests 34ms, environment 1ms, prepare 685ms)[22m
packages/svelte test: Done
packages/react-native test:  [32m✓[39m test/governed-ui-thread.test.ts [2m([22m[2m5 tests[22m[2m)[22m[33m 443[2mms[22m[39m
packages/react-native test:    [33m[2m✓[22m[39m RFC-0009 Series 7 — governed UI-thread worklets[2m > [22mworklet flattening is byte-identical to @weft/core on the canonical trace (all three policies) [33m404[2mms[22m[39m
packages/react-native test:  [32m✓[39m test/weft-rn.test.ts [2m([22m[2m4 tests[22m[2m)[22m[90m 18[2mms[22m[39m
packages/react-native test:  [32m✓[39m test/ui-thread.test.ts [2m([22m[2m6 tests[22m[2m)[22m[33m 1180[2mms[22m[39m
packages/react-native test:    [33m[2m✓[22m[39m Phase-7 UI-thread port[2m > [22mUT1 integrity: 20k frames, concurrent-style interleave, zero torn accepted [33m1172[2mms[22m[39m
packages/react-native test: [2m Test Files [22m [1m[32m4 passed[39m[22m[90m (4)[39m
packages/react-native test: [2m      Tests [22m [1m[32m20 passed[39m[22m[90m (20)[39m
packages/react-native test: [2m   Start at [22m 12:12:28
packages/react-native test: [2m   Duration [22m 2.88s[2m (transform 1.26s, setup 0ms, collect 2.84s, tests 1.66s, environment 3ms, prepare 1.04s)[22m
packages/react-native test: Done
packages/react test: [90mstderr[2m | test/WeftHud.test.tsx[2m > [22m[2mWeftHud (RFC 0016 §9)[2m > [22m[2mteardown cancels the loop
packages/react test: [22m[39mWarning: An update to Root inside a test was not wrapped in act(...).
packages/react test: When testing, code that causes React state updates should be wrapped into act(...):
packages/react test: act(() => {
packages/react test:   /* fire events that update state */
packages/react test: });
packages/react test: /* assert on the output */
packages/react test: This ensures that you're testing the behavior the user would see in the browser. Learn more at https://reactjs.org/link/wrap-tests-with-act
packages/react test: [90mstderr[2m | test/WeftCanvas.test.tsx[2m > [22m[2mWeftCanvas[2m > [22m[2mrenders a canvas element
packages/react test: [22m[39mWarning: The current testing environment is not configured to support act(...)
packages/react test: Warning: The current testing environment is not configured to support act(...)
packages/react test: [90mstderr[2m | test/WeftCanvas.test.tsx[2m > [22m[2mWeftCanvas[2m > [22m[2mclaims and reads the live buffer inside the frame callback (draw receives payload)
packages/react test: [22m[39mWarning: The current testing environment is not configured to support act(...)
packages/react test: Warning: The current testing environment is not configured to support act(...)
packages/react test: [90mstderr[2m | test/WeftCanvas.test.tsx[2m > [22m[2mWeftCanvas[2m > [22m[2msurvives draw identity changes without restarting the loop (no teardown on rerender)
packages/react test: [22m[39mWarning: The current testing environment is not configured to support act(...)
packages/react test: Warning: The current testing environment is not configured to support act(...)
packages/react test: Warning: The current testing environment is not configured to support act(...)
packages/react test: [90mstderr[2m | test/WeftCanvas.test.tsx[2m > [22m[2mWeftCanvas[2m > [22m[2mrestarts the loop only when the Weft instance changes
packages/react test: [22m[39mWarning: The current testing environment is not configured to support act(...)
packages/react test: Warning: The current testing environment is not configured to support act(...)
packages/react test: Warning: The current testing environment is not configured to support act(...)
packages/react test: [90mstderr[2m | test/WeftCanvas.test.tsx[2m > [22m[2mWeftCanvas[2m > [22m[2mdraws the freshest frame after additional publishes (latest-wins through the binding)
packages/react test: [22m[39mWarning: The current testing environment is not configured to support act(...)
packages/react test: Warning: The current testing environment is not configured to support act(...)
packages/react test:  [32m✓[39m test/WeftCanvas.test.tsx [2m([22m[2m5 tests[22m[2m)[22m[90m 107[2mms[22m[39m
packages/react test:  [32m✓[39m test/WeftHud.test.tsx [2m([22m[2m5 tests[22m[2m)[22m[90m 128[2mms[22m[39m
packages/react test: [90mstderr[2m | test/WeftFanoutCanvas.test.tsx[2m > [22m[2mWeftFanoutCanvas[2m > [22m[2mrenders a canvas element
packages/react test: [22m[39mWarning: The current testing environment is not configured to support act(...)
packages/react test: Warning: The current testing environment is not configured to support act(...)
packages/react test: [90mstderr[2m | test/WeftFanoutCanvas.test.tsx[2m > [22m[2mWeftFanoutCanvas[2m > [22m[2mclaims and draws inside the frame callback (draw receives the reader buffer + claim)
packages/react test: [22m[39mWarning: The current testing environment is not configured to support act(...)
packages/react test: Warning: The current testing environment is not configured to support act(...)
packages/react test: [90mstderr[2m | test/WeftFanoutCanvas.test.tsx[2m > [22m[2mWeftFanoutCanvas[2m > [22m[2mmulti-canvas: two components on one broadcaster are two independent readers
packages/react test: [22m[39mWarning: The current testing environment is not configured to support act(...)
packages/react test: Warning: The current testing environment is not configured to support act(...)
packages/react test: Warning: The current testing environment is not configured to support act(...)
packages/react test: Warning: The current testing environment is not configured to support act(...)
packages/react test: [90mstderr[2m | test/WeftFanoutCanvas.test.tsx[2m > [22m[2mWeftFanoutCanvas[2m > [22m[2msurvives draw identity changes without restarting the loop
packages/react test: [22m[39mWarning: The current testing environment is not configured to support act(...)
packages/react test: Warning: The current testing environment is not configured to support act(...)
packages/react test: Warning: The current testing environment is not configured to support act(...)
packages/react test: [90mstderr[2m | test/WeftFanoutCanvas.test.tsx[2m > [22m[2mWeftFanoutCanvas[2m > [22m[2mthe claim record is identity-stable across frames (zero alloc through the binding)
packages/react test: [22m[39mWarning: The current testing environment is not configured to support act(...)
packages/react test: Warning: The current testing environment is not configured to support act(...)
packages/react test: [90mstderr[2m | test/WeftFanoutCanvas.test.tsx[2m > [22m[2mWeftFanoutCanvas[2m > [22m[2mlatest-wins through the binding: each pump draws the then-freshest frame
packages/react test: [22m[39mWarning: The current testing environment is not configured to support act(...)
packages/react test: Warning: The current testing environment is not configured to support act(...)
packages/react test:  [32m✓[39m test/WeftFanoutCanvas.test.tsx [2m([22m[2m6 tests[22m[2m)[22m[90m 119[2mms[22m[39m
packages/react test: [2m Test Files [22m [1m[32m3 passed[39m[22m[90m (3)[39m
packages/react test: [2m      Tests [22m [1m[32m16 passed[39m[22m[90m (16)[39m
packages/react test: [2m   Start at [22m 12:12:28
packages/react test: [2m   Duration [22m 3.38s[2m (transform 664ms, setup 0ms, collect 1.77s, tests 353ms, environment 5.31s, prepare 1.13s)[22m
packages/react test: Done
packages/vue test:  [32m✓[39m test/useWeftFanout.test.ts [2m([22m[2m7 tests[22m[2m)[22m[90m 47[2mms[22m[39m
packages/vue test:  [32m✓[39m test/useWeft.test.ts [2m([22m[2m5 tests[22m[2m)[22m[90m 34[2mms[22m[39m
packages/vue test: [2m Test Files [22m [1m[32m2 passed[39m[22m[90m (2)[39m
packages/vue test: [2m      Tests [22m [1m[32m12 passed[39m[22m[90m (12)[39m
packages/vue test: [2m   Start at [22m 12:12:29
packages/vue test: [2m   Duration [22m 2.70s[2m (transform 377ms, setup 0ms, collect 955ms, tests 81ms, environment 2.53s, prepare 652ms)[22m
packages/vue test: Done

[1mapi-extractor 7.59.1 [36m - https://api-extractor.com/[39m
[22m
Analysis will use the bundled TypeScript version 5.9.3
[33mWarning: dist/index.d.ts:161:25 - (tsdoc-escape-greater-than) The ">" character should be escaped using a backslash to avoid confusion with an HTML tag[39m

API Extractor completed successfully

[1mapi-extractor 7.59.1 [36m - https://api-extractor.com/[39m
[22m
Analysis will use the bundled TypeScript version 5.9.3

API Extractor completed successfully

[1mapi-extractor 7.59.1 [36m - https://api-extractor.com/[39m
[22m
Analysis will use the bundled TypeScript version 5.9.3

API Extractor completed successfully

[1mapi-extractor 7.59.1 [36m - https://api-extractor.com/[39m
[22m
Analysis will use the bundled TypeScript version 5.9.3

API Extractor completed successfully

[1mapi-extractor 7.59.1 [36m - https://api-extractor.com/[39m
[22m
Analysis will use the bundled TypeScript version 5.9.3
[33mWarning: dist/index.d.ts:96:4 - (tsdoc-param-tag-missing-hyphen) The @param block should be followed by a parameter name and then a hyphen[39m
[33mWarning: dist/index.d.ts:98:4 - (tsdoc-param-tag-missing-hyphen) The @param block should be followed by a parameter name and then a hyphen[39m
[33mWarning: dist/index.d.ts:100:4 - (tsdoc-param-tag-missing-hyphen) The @param block should be followed by a parameter name and then a hyphen[39m
[33mWarning: dist/index.d.ts:102:4 - (tsdoc-param-tag-missing-hyphen) The @param block should be followed by a parameter name and then a hyphen[39m

API Extractor completed successfully

> fixture-node-litmus@0.1.0 build /home/runner/work/Weft/Weft/fixtures/node-litmus
> tsup litmus-packaged.ts --format esm --target node20

[34mCLI[39m Building entry: litmus-packaged.ts
[34mCLI[39m tsup v8.5.1
[34mCLI[39m Target: node20
[34mESM[39m Build start
[32mESM[39m [1mdist/litmus-packaged.js [22m[32m21.43 KB[39m
[32mESM[39m ⚡️ Build success in 18ms
L8 roundtrip=true unknown=true negotiation=true coexist=true pass=true
{"test":"L8-envelope","lang":"ts","pass":true,"metrics":{"roundtrip":true,"unknown_fields":true,"negotiation":true,"coexist":true}}
L7 reclaim_ok=true post_revoke_revoked=100 poison_intact=true pass=true
{"test":"L7-revocation","lang":"ts","pass":true,"metrics":{"reclaim_ok":true,"post_revoke_revoked":100,"poison_intact":true,"first_revoked_at":0}}
L6 trials=200 violations=0 seed=0x00c0ffee pass=true
{"test":"L6-ownership","lang":"ts","pass":true,"metrics":{"trials":200,"frames_per_trial":64,"violations":0,"seed":"0x00c0ffee"}}

> fixture-vite-react@0.1.0 build /home/runner/work/Weft/Weft/fixtures/vite-react
> vite build

[36mvite v6.4.3 [32mbuilding for production...[36m[39m
transforming...
[32m✓[39m 28 modules transformed.
rendering chunks...
computing gzip size...
[2mdist/[22m[32mindex.html                [39m[1m[2m  0.33 kB[22m[1m[22m[2m │ gzip:  0.24 kB[22m
[2mdist/[22m[2massets/[22m[36mindex-DgIEMwtT.js  [39m[1m[2m151.94 kB[22m[1m[22m[2m │ gzip: 48.92 kB[22m
[32m✓ built in 861ms[39m
npm notice
npm notice 📦  @weft/core@0.2.0
npm notice Tarball Contents
npm notice 1.1kB LICENSE
npm notice 7.4kB README.md
npm notice 16.1kB dist/index.d.mts
npm notice 16.1kB dist/index.d.ts
npm notice 85.3kB dist/index.js
npm notice 227.5kB dist/index.js.map
npm notice 83.2kB dist/index.mjs
npm notice 227.5kB dist/index.mjs.map
npm notice 4.1kB dist/weft-BrIlH2fY.d.mts
npm notice 4.1kB dist/weft-BrIlH2fY.d.ts
npm notice 5.6kB dist/worker.d.mts
npm notice 5.6kB dist/worker.d.ts
npm notice 5.4kB dist/worker.js
npm notice 17.4kB dist/worker.js.map
npm notice 5.2kB dist/worker.mjs
npm notice 17.4kB dist/worker.mjs.map
npm notice 943B package.json
npm notice Tarball Details
npm notice name: @weft/core
npm notice version: 0.2.0
npm notice filename: weft-core-0.2.0.tgz
npm notice package size: 181.0 kB
npm notice unpacked size: 729.9 kB
npm notice shasum: d0c71c586b3bff3b60ce3b208c0c70e7aadbc28f
npm notice integrity: sha512-SPvEzWiroD+tq[...]hM+M9d+hIIHVg==
npm notice total files: 17
npm notice
npm warn This command requires you to be logged in to https://registry.npmjs.org/ (dry-run)
npm notice Publishing to https://registry.npmjs.org/ with tag latest and default access (dry-run)
+ @weft/core@0.2.0
npm notice
npm notice 📦  @weft/heddle-canvas@0.1.0
npm notice Tarball Contents
npm notice 1.1kB LICENSE
npm notice 3.9kB README.md
npm notice 108.6kB dist/index.cjs
npm notice 273.8kB dist/index.cjs.map
npm notice 42.5kB dist/index.d.cts
npm notice 42.5kB dist/index.d.ts
npm notice 106.3kB dist/index.js
npm notice 273.8kB dist/index.js.map
npm notice 1.2kB package.json
npm notice 530B shaders/glsl/webgl2/candles.frag
npm notice 1.5kB shaders/glsl/webgl2/candles.vert
npm notice 107B shaders/glsl/webgl2/depth_ladder.frag
npm notice 1.1kB shaders/glsl/webgl2/depth_ladder.vert
npm notice 1.9kB shaders/glsl/webgl2/oscillo_decimate_tf.vert
npm notice 308B shaders/glsl/webgl2/oscillo_pass.frag
npm notice 107B shaders/glsl/webgl2/oscillo_ribbon.frag
npm notice 1.1kB shaders/glsl/webgl2/oscillo_ribbon.vert
npm notice 107B shaders/glsl/webgl2/pointcloud.frag
npm notice 1.2kB shaders/glsl/webgl2/pointcloud.vert
npm notice 3.2kB shaders/msl/heddle_shaders.metal
npm notice 1.9kB shaders/vk/osc_decimate.comp
npm notice 3.3kB shaders/vk/osc_decimate.spv
npm notice 3.2kB shaders/wgsl/candles.wgsl
npm notice 2.2kB shaders/wgsl/depth_ladder.wgsl
npm notice 2.0kB shaders/wgsl/oscillo_decimate.wgsl
npm notice 1.8kB shaders/wgsl/oscillo_ribbon.wgsl
npm notice 2.9kB shaders/wgsl/pointcloud.wgsl
npm notice Tarball Details
npm notice name: @weft/heddle-canvas
npm notice version: 0.1.0
npm notice filename: weft-heddle-canvas-0.1.0.tgz
npm notice package size: 218.0 kB
npm notice unpacked size: 882.1 kB
npm notice shasum: 7257df17f43d67af904324d4213c4d9d3988fcb9
npm notice integrity: sha512-7JsGID5o+Vh9R[...]S9AHu0nKoI8ZA==
npm notice total files: 27
npm notice
npm warn This command requires you to be logged in to https://registry.npmjs.org/ (dry-run)
npm notice Publishing to https://registry.npmjs.org/ with tag latest and default access (dry-run)
+ @weft/heddle-canvas@0.1.0
npm notice
npm notice 📦  @weft/heddle-core@0.1.0
npm notice Tarball Contents
npm notice 1.1kB LICENSE
npm notice 2.1kB README.md
npm notice 782B package.json
npm notice 3.6kB probes/alloc-probe.mjs
npm notice 1.3kB src/errors.js
npm notice 4.5kB src/index.d.ts
npm notice 602B src/index.js
npm notice 6.4kB src/layout.js
npm notice 8.9kB src/plane.js
npm notice 9.1kB src/producer.js
npm notice 4.2kB src/scheduler.js
npm notice Tarball Details
npm notice name: @weft/heddle-core
npm notice version: 0.1.0
npm notice filename: weft-heddle-core-0.1.0.tgz
npm notice package size: 13.5 kB
npm notice unpacked size: 42.6 kB
npm notice shasum: 47e809a446cdf97d1d32d2bda66b11f985f6608a
npm notice integrity: sha512-Ls5+kgI3bc++C[...]bgf6E7Ttsoe7Q==
npm notice total files: 11
npm notice
npm warn This command requires you to be logged in to https://registry.npmjs.org/ (dry-run)
npm notice Publishing to https://registry.npmjs.org/ with tag latest and default access (dry-run)
+ @weft/heddle-core@0.1.0
npm notice
npm notice 📦  @weft/heddle-hotplane@0.1.0
npm notice Tarball Contents
npm notice 1.1kB LICENSE
npm notice 1.9kB README.md
npm notice 932B package.json
npm notice 12.3kB src/hotplane.js
npm notice 2.4kB src/index.d.ts
npm notice 125B src/index.js
npm notice 4.6kB src/layout.js
npm notice Tarball Details
npm notice name: @weft/heddle-hotplane
npm notice version: 0.1.0
npm notice filename: weft-heddle-hotplane-0.1.0.tgz
npm notice package size: 7.5 kB
npm notice unpacked size: 23.2 kB
npm notice shasum: 91dbde90a7e4d651bcf8b120b49ebc0c5eac0e1a
npm notice integrity: sha512-tphlV5NdAK+Gz[...]+D9OYjFvOjaLA==
npm notice total files: 7
npm notice
npm warn This command requires you to be logged in to https://registry.npmjs.org/ (dry-run)
npm notice Publishing to https://registry.npmjs.org/ with tag latest and default access (dry-run)
+ @weft/heddle-hotplane@0.1.0
npm notice
npm notice 📦  @weft/react-hooks@0.1.0
npm notice Tarball Contents
npm notice 1.1kB LICENSE
npm notice 3.0kB README.md
npm notice 695B package.json
npm notice 7.1kB src/core.js
npm notice 3.1kB src/index.d.ts
npm notice 565B src/index.js
npm notice Tarball Details
npm notice name: @weft/react-hooks
npm notice version: 0.1.0
npm notice filename: weft-react-hooks-0.1.0.tgz
npm notice package size: 5.8 kB
npm notice unpacked size: 15.6 kB
npm notice shasum: 8401eed35b398eaf490f41de2112df3457e77817
npm notice integrity: sha512-yFoQEo6k1ux1M[...]9LMa6/YQkPcfg==
npm notice total files: 6
npm notice
npm warn This command requires you to be logged in to https://registry.npmjs.org/ (dry-run)
npm notice Publishing to https://registry.npmjs.org/ with tag latest and default access (dry-run)
+ @weft/react-hooks@0.1.0
npm notice
npm notice 📦  @weft/react-tensor@0.1.0
npm notice Tarball Contents
npm notice 1.1kB LICENSE
npm notice 2.5kB README.md
npm notice 733B package.json
npm notice 4.4kB src/core.js
npm notice 1.3kB src/index.d.ts
npm notice 410B src/index.js
npm notice Tarball Details
npm notice name: @weft/react-tensor
npm notice version: 0.1.0
npm notice filename: weft-react-tensor-0.1.0.tgz
npm notice package size: 4.4 kB
npm notice unpacked size: 10.4 kB
npm notice shasum: 9ae69439556f62fab75b3c47201a0f1021f8de13
npm notice integrity: sha512-cg9rsc8vndA96[...]jfW8Fq1bBmw6A==
npm notice total files: 6
npm notice
npm warn This command requires you to be logged in to https://registry.npmjs.org/ (dry-run)
npm notice Publishing to https://registry.npmjs.org/ with tag latest and default access (dry-run)
+ @weft/react-tensor@0.1.0
npm notice
npm notice 📦  @weft/cluster@0.1.0
npm notice Tarball Contents
npm notice 1.1kB LICENSE
npm notice 1.1kB package.json
npm notice 14.2kB src/client.js
npm notice 1.1kB src/crc32.js
npm notice 1.5kB src/errors.js
npm notice 3.1kB src/exporters/otel.js
npm notice 4.9kB src/exporters/perfetto.js
npm notice 2.7kB src/exporters/prometheus.js
npm notice 1.2kB src/index.js
npm notice 5.3kB src/mesh.js
npm notice 5.2kB src/metrics.js
npm notice 4.7kB src/router.js
npm notice 17.2kB src/topology.js
npm notice 178B src/transport/index.js
npm notice 7.4kB src/transport/shm.js
npm notice 9.1kB src/transport/udp.js
npm notice 13.3kB src/wire.js
npm notice Tarball Details
npm notice name: @weft/cluster
npm notice version: 0.1.0
npm notice filename: weft-cluster-0.1.0.tgz
npm notice package size: 29.7 kB
npm notice unpacked size: 93.2 kB
npm notice shasum: 140aaada25c152340dd28e45ad9f803fdd583b3b
npm notice integrity: sha512-I67yugsNn6UOl[...]Crthgicg08E5g==
npm notice total files: 17
npm notice
npm warn This command requires you to be logged in to https://registry.npmjs.org/ (dry-run)
npm notice Publishing to https://registry.npmjs.org/ with tag latest and default access (dry-run)
+ @weft/cluster@0.1.0
npm notice
npm notice 📦  @weft/tensor@0.1.0
npm notice Tarball Contents
npm notice 1.1kB LICENSE
npm notice 935B package.json
npm notice 5.8kB src/frame-view.js
npm notice 10.4kB src/index.d.ts
npm notice 656B src/index.js
npm notice 4.6kB src/ingest/audio.js
npm notice 4.7kB src/ingest/video.js
npm notice 13.0kB src/layout.js
npm notice 2.7kB src/listener.js
npm notice 2.6kB src/render/canvas2d.js
npm notice 3.5kB src/render/overlay.js
npm notice 4.7kB src/render/webgl2.js
npm notice 19.6kB src/ring.js
npm notice 2.2kB src/runtime.js
npm notice Tarball Details
npm notice name: @weft/tensor
npm notice version: 0.1.0
npm notice filename: weft-tensor-0.1.0.tgz
npm notice package size: 24.0 kB
npm notice unpacked size: 76.5 kB
npm notice shasum: 2af969969d1453f490a739010bb9890b7bf8bfea
npm notice integrity: sha512-nUtj/PxP3vO1d[...]9x7iAhmZ5nUcw==
npm notice total files: 14
npm notice
npm warn This command requires you to be logged in to https://registry.npmjs.org/ (dry-run)
npm notice Publishing to https://registry.npmjs.org/ with tag latest and default access (dry-run)
+ @weft/tensor@0.1.0
npm notice
npm notice 📦  @weft/react@0.1.0
npm notice Tarball Contents
npm notice 1.1kB LICENSE
npm notice 37.6kB dist/index.d.mts
npm notice 37.6kB dist/index.d.ts
npm notice 7.7kB dist/index.js
npm notice 17.4kB dist/index.js.map
npm notice 5.8kB dist/index.mjs
npm notice 17.4kB dist/index.mjs.map
npm notice 1.0kB package.json
npm notice Tarball Details
npm notice name: @weft/react
npm notice version: 0.1.0
npm notice filename: weft-react-0.1.0.tgz
npm notice package size: 14.0 kB
npm notice unpacked size: 125.5 kB
npm notice shasum: 8810f63bae992bfc62f88d35662d4b5a3c72afcc
npm notice integrity: sha512-ii6EoJBQxrEP5[...]UDV6nov6ZB2/g==
npm notice total files: 8
npm notice
npm warn This command requires you to be logged in to https://registry.npmjs.org/ (dry-run)
npm notice Publishing to https://registry.npmjs.org/ with tag latest and default access (dry-run)
+ @weft/react@0.1.0
npm notice
npm notice 📦  @weft/react-heddle@0.1.0
npm notice Tarball Contents
npm notice 1.1kB LICENSE
npm notice 2.4kB README.md
npm notice 959B package.json
npm notice 14.7kB src/core.js
npm notice 8.6kB src/hud.js
npm notice 2.9kB src/index.d.ts
npm notice 870B src/index.js
npm notice 12.5kB src/visualizers.js
npm notice Tarball Details
npm notice name: @weft/react-heddle
npm notice version: 0.1.0
npm notice filename: weft-react-heddle-0.1.0.tgz
npm notice package size: 14.0 kB
npm notice unpacked size: 43.9 kB
npm notice shasum: 08b02764dea3403bfe8ef28240292a4ca3a6a8f5
npm notice integrity: sha512-THNj/GJ5qLHkp[...]h1lhS7fMt9Gzg==
npm notice total files: 8
npm notice
npm warn This command requires you to be logged in to https://registry.npmjs.org/ (dry-run)
npm notice Publishing to https://registry.npmjs.org/ with tag latest and default access (dry-run)
+ @weft/react-heddle@0.1.0
npm notice
npm notice 📦  @weft/react-native@0.1.0
npm notice Tarball Contents
npm notice 1.1kB LICENSE
npm notice 6.1kB dist/index.d.mts
npm notice 6.1kB dist/index.d.ts
npm notice 13.0kB dist/index.js
npm notice 39.4kB dist/index.js.map
npm notice 11.4kB dist/index.mjs
npm notice 39.4kB dist/index.mjs.map
npm notice 1.0kB package.json
npm notice Tarball Details
npm notice name: @weft/react-native
npm notice version: 0.1.0
npm notice filename: weft-react-native-0.1.0.tgz
npm notice package size: 28.2 kB
npm notice unpacked size: 117.6 kB
npm notice shasum: c35c47588beeb9f37dfdba0eb13a9c78eb863625
npm notice integrity: sha512-Ai9KpCewWZQXq[...]R6eOFUhxfMPbA==
npm notice total files: 8
npm notice
npm warn This command requires you to be logged in to https://registry.npmjs.org/ (dry-run)
npm notice Publishing to https://registry.npmjs.org/ with tag latest and default access (dry-run)
+ @weft/react-native@0.1.0
npm notice
npm notice 📦  @weft/svelte@0.1.0
npm notice Tarball Contents
npm notice 1.1kB LICENSE
npm notice 645B dist/index.d.mts
npm notice 645B dist/index.d.ts
npm notice 2.2kB dist/index.js
npm notice 4.6kB dist/index.js.map
npm notice 1.2kB dist/index.mjs
npm notice 4.5kB dist/index.mjs.map
npm notice 934B package.json
npm notice Tarball Details
npm notice name: @weft/svelte
npm notice version: 0.1.0
npm notice filename: weft-svelte-0.1.0.tgz
npm notice package size: 3.8 kB
npm notice unpacked size: 15.8 kB
npm notice shasum: 7cd53b5693bc9673853e252f282c469034cda371
npm notice integrity: sha512-gyUpl679w2FoT[...]0eirOFI3DeQ1Q==
npm notice total files: 8
npm notice
npm warn This command requires you to be logged in to https://registry.npmjs.org/ (dry-run)
npm notice Publishing to https://registry.npmjs.org/ with tag latest and default access (dry-run)
+ @weft/svelte@0.1.0
npm notice
npm notice 📦  @weft/vue@0.1.0
npm notice Tarball Contents
npm notice 1.1kB LICENSE
npm notice 2.0kB dist/index.d.mts
npm notice 2.0kB dist/index.d.ts
npm notice 4.3kB dist/index.js
npm notice 8.9kB dist/index.js.map
npm notice 3.2kB dist/index.mjs
npm notice 8.8kB dist/index.mjs.map
npm notice 984B package.json
npm notice Tarball Details
npm notice name: @weft/vue
npm notice version: 0.1.0
npm notice filename: weft-vue-0.1.0.tgz
npm notice package size: 5.0 kB
npm notice unpacked size: 31.2 kB
npm notice shasum: 47d5212b4351d7683383ff8ab96e152fd1008e54
npm notice integrity: sha512-LURwqc35BWU+S[...]1qhYeBbAt1mpw==
npm notice total files: 8
npm notice
npm warn This command requires you to be logged in to https://registry.npmjs.org/ (dry-run)
npm notice Publishing to https://registry.npmjs.org/ with tag latest and default access (dry-run)
+ @weft/vue@0.1.0
