Downloading https://services.gradle.org/distributions/gradle-8.11.1-bin.zip
.............10%.............20%.............30%.............40%.............50%.............60%.............70%.............80%.............90%.............100%
Initialized native services in: /home/runner/.gradle/native
Initialized jansi services in: /home/runner/.gradle/native

Welcome to Gradle 8.11.1!

Here are the highlights of this release:
 - Parallel load and store for Configuration Cache
 - Java compilation errors at the end of the build output
 - Consolidated report for warnings and deprecations

For more details see https://docs.gradle.org/8.11.1/release-notes.html

Removing 0 daemon stop events from registry
Starting a Gradle Daemon (subsequent builds will be faster)
Starting process 'Gradle build daemon'. Working directory: /home/runner/.gradle/daemon/8.11.1 Command: /usr/lib/jvm/temurin-17-jdk-amd64/bin/java --add-opens=java.base/java.lang=ALL-UNNAMED --add-opens=java.base/java.lang.invoke=ALL-UNNAMED --add-opens=java.base/java.util=ALL-UNNAMED --add-opens=java.prefs/java.util.prefs=ALL-UNNAMED --add-exports=jdk.compiler/com.sun.tools.javac.api=ALL-UNNAMED --add-exports=jdk.compiler/com.sun.tools.javac.util=ALL-UNNAMED --add-opens=java.base/java.util=ALL-UNNAMED --add-opens=java.prefs/java.util.prefs=ALL-UNNAMED --add-opens=java.base/java.nio.charset=ALL-UNNAMED --add-opens=java.base/java.net=ALL-UNNAMED --add-opens=java.base/java.util.concurrent.atomic=ALL-UNNAMED --add-opens=java.xml/javax.xml.namespace=ALL-UNNAMED -Xmx2048m -Dfile.encoding=UTF-8 -Duser.country -Duser.language=en -Duser.variant -cp /home/runner/.gradle/wrapper/dists/gradle-8.11.1-bin/bpt9gzteqjrbo1mjrsomdt32c/gradle-8.11.1/lib/gradle-daemon-main-8.11.1.jar -javaagent:/home/runner/.gradle/wrapper/dists/gradle-8.11.1-bin/bpt9gzteqjrbo1mjrsomdt32c/gradle-8.11.1/lib/agents/gradle-instrumentation-agent-8.11.1.jar org.gradle.launcher.daemon.bootstrap.GradleDaemon 8.11.1
Successfully started process 'Gradle build daemon'
An attempt to start the daemon took 1.13 secs.
The client will now receive all logging from the daemon (pid: 2728). The daemon log file: /home/runner/.gradle/daemon/8.11.1/daemon-2728.out.log
Starting build in new daemon [memory: 2 GiB]
Using 4 worker leases.
Received JVM installation metadata from '/usr/lib/jvm/temurin-17-jdk-amd64': {JAVA_HOME=/usr/lib/jvm/temurin-17-jdk-amd64, JAVA_VERSION=17.0.20.1, JAVA_VENDOR=Eclipse Adoptium, RUNTIME_NAME=OpenJDK Runtime Environment, RUNTIME_VERSION=17.0.20.1+1, VM_NAME=OpenJDK 64-Bit Server VM, VM_VERSION=17.0.20.1+1, VM_VENDOR=Eclipse Adoptium, OS_ARCH=amd64}
Watching the file system is configured to be enabled if available
Now considering [/home/runner/work/Weft/Weft/android] as hierarchies to watch
File system watching is active
Starting Build
Generating /home/runner/.gradle/caches/8.11.1/generated-gradle-jars/gradle-api-8.11.1.jar
Cannot use Kotlin build script compile avoidance with /home/runner/.gradle/caches/8.11.1/generated-gradle-jars/gradle-api-8.11.1.jar: class org/gradle/internal/impldep/kotlinx/coroutines/scheduling/CoroutineScheduler: inline fun availableCpuPermits(): compile avoidance is not supported with public inline functions
Cannot use Kotlin build script compile avoidance with /home/runner/.gradle/wrapper/dists/gradle-8.11.1-bin/bpt9gzteqjrbo1mjrsomdt32c/gradle-8.11.1/lib/gradle-kotlin-dsl-extensions-8.11.1.jar: class org/gradle/kotlin/dsl/GradleApiKotlinDslExtensions_1cbh1oqkvm762j10e96dawuh5Kt: inline fun domainObjectContainer(): compile avoidance is not supported with public inline functions
Cannot use Kotlin build script compile avoidance with /home/runner/.gradle/wrapper/dists/gradle-8.11.1-bin/bpt9gzteqjrbo1mjrsomdt32c/gradle-8.11.1/lib/gradle-kotlin-dsl-8.11.1.jar: class org/gradle/kotlin/dsl/ArtifactHandlerScope: inline fun invoke(): compile avoidance is not supported with public inline functions
Caching disabled for Kotlin DSL script compilation (Settings/TopLevel/stage1) because:
  Build cache is disabled
Caching disabled for Kotlin DSL accessors for settings 'android' because:
  Build cache is disabled
Caching disabled for Kotlin DSL script compilation (Settings/TopLevel/stage2) because:
  Build cache is disabled
Settings evaluated using settings file '/home/runner/work/Weft/Weft/android/settings.gradle.kts'.
Projects loaded. Root project using build file '/home/runner/work/Weft/Weft/android/build.gradle.kts'.
Included projects: [root project 'weft-android', project ':sample-app', project ':weft-bom', project ':weft-compose', project ':weft-core']

> Configure project :
Evaluating root project 'weft-android' using build file '/home/runner/work/Weft/Weft/android/build.gradle.kts'.
Caching disabled for Kotlin DSL plugin specs accessors for classpath 'fa73ef836ef32cc79b3ef264638f04aa' because:
  Build cache is disabled
Caching disabled for Kotlin DSL script compilation (Project/TopLevel/stage1) because:
  Build cache is disabled
Downloading https://dl.google.com/dl/android/maven2/com/android/library/com.android.library.gradle.plugin/8.7.3/com.android.library.gradle.plugin-8.7.3.pom to /home/runner/.gradle/.tmp/gradle_download14422763734383420195bin
Resource missing. [HTTP HEAD: https://dl.google.com/dl/android/maven2/com/android/library/com.android.library.gradle.plugin/8.7.3/com.android.library.gradle.plugin-8.7.3.jar]
Downloading https://dl.google.com/dl/android/maven2/com/android/application/com.android.application.gradle.plugin/8.7.3/com.android.application.gradle.plugin-8.7.3.pom to /home/runner/.gradle/.tmp/gradle_download1997920569493480388bin
Resource missing. [HTTP HEAD: https://dl.google.com/dl/android/maven2/com/android/application/com.android.application.gradle.plugin/8.7.3/com.android.application.gradle.plugin-8.7.3.jar]
Resource missing. [HTTP GET: https://dl.google.com/dl/android/maven2/org/jetbrains/kotlin/android/org.jetbrains.kotlin.android.gradle.plugin/2.1.0/org.jetbrains.kotlin.android.gradle.plugin-2.1.0.pom]
Downloading https://repo.maven.apache.org/maven2/org/jetbrains/kotlin/android/org.jetbrains.kotlin.android.gradle.plugin/2.1.0/org.jetbrains.kotlin.android.gradle.plugin-2.1.0.pom to /home/runner/.gradle/.tmp/gradle_download5430339927099903069bin
Resource missing. [HTTP HEAD: https://repo.maven.apache.org/maven2/org/jetbrains/kotlin/android/org.jetbrains.kotlin.android.gradle.plugin/2.1.0/org.jetbrains.kotlin.android.gradle.plugin-2.1.0.jar]
Resource missing. [HTTP GET: https://dl.google.com/dl/android/maven2/org/jetbrains/kotlin/plugin/compose/org.jetbrains.kotlin.plugin.compose.gradle.plugin/2.1.0/org.jetbrains.kotlin.plugin.compose.gradle.plugin-2.1.0.pom]
Downloading https://repo.maven.apache.org/maven2/org/jetbrains/kotlin/plugin/compose/org.jetbrains.kotlin.plugin.compose.gradle.plugin/2.1.0/org.jetbrains.kotlin.plugin.compose.gradle.plugin-2.1.0.pom to /home/runner/.gradle/.tmp/gradle_download7050411443596386726bin
Resource missing. [HTTP HEAD: https://repo.maven.apache.org/maven2/org/jetbrains/kotlin/plugin/compose/org.jetbrains.kotlin.plugin.compose.gradle.plugin/2.1.0/org.jetbrains.kotlin.plugin.compose.gradle.plugin-2.1.0.jar]
Downloading https://dl.google.com/dl/android/maven2/com/android/tools/build/gradle/8.7.3/gradle-8.7.3.pom to /home/runner/.gradle/.tmp/gradle_download17778113860294758137bin
Downloading https://dl.google.com/dl/android/maven2/com/android/tools/build/gradle/8.7.3/gradle-8.7.3.module to /home/runner/.gradle/.tmp/gradle_download1084065977988566030bin
Resource missing. [HTTP GET: https://dl.google.com/dl/android/maven2/org/jetbrains/kotlin/kotlin-gradle-plugin/2.1.0/kotlin-gradle-plugin-2.1.0.pom]
Downloading https://repo.maven.apache.org/maven2/org/jetbrains/kotlin/kotlin-gradle-plugin/2.1.0/kotlin-gradle-plugin-2.1.0.pom to /home/runner/.gradle/.tmp/gradle_download8147218670798629922bin
Resource missing. [HTTP GET: https://dl.google.com/dl/android/maven2/org/jetbrains/kotlin/kotlin-gradle-plugins-bom/2.1.0/kotlin-gradle-plugins-bom-2.1.0.pom]
Downloading https://repo.maven.apache.org/maven2/org/jetbrains/kotlin/kotlin-gradle-plugins-bom/2.1.0/kotlin-gradle-plugins-bom-2.1.0.pom to /home/runner/.gradle/.tmp/gradle_download17304161243616485239bin
Downloading https://repo.maven.apache.org/maven2/org/jetbrains/kotlin/kotlin-gradle-plugins-bom/2.1.0/kotlin-gradle-plugins-bom-2.1.0.module to /home/runner/.gradle/.tmp/gradle_download12443440615746705272bin
Downloading https://repo.maven.apache.org/maven2/org/jetbrains/kotlin/kotlin-gradle-plugin/2.1.0/kotlin-gradle-plugin-2.1.0.module to /home/runner/.gradle/.tmp/gradle_download1204407447265070597bin
Resource missing. [HTTP GET: https://dl.google.com/dl/android/maven2/org/jetbrains/kotlin/compose-compiler-gradle-plugin/2.1.0/compose-compiler-gradle-plugin-2.1.0.pom]
Downloading https://repo.maven.apache.org/maven2/org/jetbrains/kotlin/compose-compiler-gradle-plugin/2.1.0/compose-compiler-gradle-plugin-2.1.0.pom to /home/runner/.gradle/.tmp/gradle_download1509475961671691541bin
Downloading https://repo.maven.apache.org/maven2/org/jetbrains/kotlin/compose-compiler-gradle-plugin/2.1.0/compose-compiler-gradle-plugin-2.1.0.module to /home/runner/.gradle/.tmp/gradle_download12888231404933068092bin
Downloading https://dl.google.com/dl/android/maven2/com/android/tools/build/gradle-settings-api/8.7.3/gradle-settings-api-8.7.3.pom to /home/runner/.gradle/.tmp/gradle_download3537559632604351070bin
Downloading https://dl.google.com/dl/android/maven2/com/android/tools/sdk-common/31.7.3/sdk-common-31.7.3.pom to /home/runner/.gradle/.tmp/gradle_download18223346419774532432bin
Downloading https://dl.google.com/dl/android/maven2/com/android/tools/repository/31.7.3/repository-31.7.3.pom to /home/runner/.gradle/.tmp/gradle_download2359449123265606460bin
Downloading https://dl.google.com/dl/android/maven2/com/android/tools/sdklib/31.7.3/sdklib-31.7.3.pom to /home/runner/.gradle/.tmp/gradle_download10322036552502379370bin
Downloading https://dl.google.com/dl/android/maven2/com/android/tools/build/gradle-settings-api/8.7.3/gradle-settings-api-8.7.3.module to /home/runner/.gradle/.tmp/gradle_download5393740279731889222bin
Downloading https://dl.google.com/dl/android/maven2/com/android/tools/build/aapt2-proto/8.7.3-12006047/aapt2-proto-8.7.3-12006047.pom to /home/runner/.gradle/.tmp/gradle_download4576991783224583691bin
Downloading https://dl.google.com/dl/android/maven2/com/android/tools/ddms/ddmlib/31.7.3/ddmlib-31.7.3.pom to /home/runner/.gradle/.tmp/gradle_download8826513052405317724bin
Downloading https://dl.google.com/dl/android/maven2/com/android/tools/build/aaptcompiler/8.7.3/aaptcompiler-8.7.3.pom to /home/runner/.gradle/.tmp/gradle_download4984059197879203615bin
Downloading https://dl.google.com/dl/android/maven2/com/android/tools/build/aapt2-proto/8.7.3-12006047/aapt2-proto-8.7.3-12006047.module to /home/runner/.gradle/.tmp/gradle_download11342693064438161505bin
Downloading https://dl.google.com/dl/android/maven2/com/android/tools/analytics-library/shared/31.7.3/shared-31.7.3.pom to /home/runner/.gradle/.tmp/gradle_download12033792490303805908bin
Downloading https://dl.google.com/dl/android/maven2/com/android/tools/lint/lint-model/31.7.3/lint-model-31.7.3.pom to /home/runner/.gradle/.tmp/gradle_download11843643707149544347bin
Downloading https://dl.google.com/dl/android/maven2/androidx/databinding/databinding-compiler-common/8.7.3/databinding-compiler-common-8.7.3.pom to /home/runner/.gradle/.tmp/gradle_download15081960707708024803bin
Downloading https://dl.google.com/dl/android/maven2/com/android/tools/analytics-library/crash/31.7.3/crash-31.7.3.pom to /home/runner/.gradle/.tmp/gradle_download2800435419174221603bin
Downloading https://dl.google.com/dl/android/maven2/com/android/tools/build/aaptcompiler/8.7.3/aaptcompiler-8.7.3.module to /home/runner/.gradle/.tmp/gradle_download6256237484867369494bin
Downloading https://dl.google.com/dl/android/maven2/com/android/tools/build/builder-test-api/8.7.3/builder-test-api-8.7.3.pom to /home/runner/.gradle/.tmp/gradle_download6042200117469376801bin
Downloading https://dl.google.com/dl/android/maven2/com/android/tools/build/builder-test-api/8.7.3/builder-test-api-8.7.3.module to /home/runner/.gradle/.tmp/gradle_download12321009496236274400bin
Downloading https://dl.google.com/dl/android/maven2/com/android/databinding/baseLibrary/8.7.3/baseLibrary-8.7.3.pom to /home/runner/.gradle/.tmp/gradle_download11616640086651560723bin
Downloading https://dl.google.com/dl/android/maven2/androidx/databinding/databinding-common/8.7.3/databinding-common-8.7.3.pom to /home/runner/.gradle/.tmp/gradle_download14288341841706515445bin
Downloading https://dl.google.com/dl/android/maven2/com/android/tools/utp/android-device-provider-ddmlib-proto/31.7.3/android-device-provider-ddmlib-proto-31.7.3.pom to /home/runner/.gradle/.tmp/gradle_download4521481723249448797bin
Downloading https://dl.google.com/dl/android/maven2/com/android/tools/layoutlib/layoutlib-api/31.7.3/layoutlib-api-31.7.3.pom to /home/runner/.gradle/.tmp/gradle_download3702634610265539075bin
Downloading https://dl.google.com/dl/android/maven2/com/android/tools/utp/android-device-provider-profile-proto/31.7.3/android-device-provider-profile-proto-31.7.3.pom to /home/runner/.gradle/.tmp/gradle_download12500428276043885978bin
Downloading https://dl.google.com/dl/android/maven2/com/android/tools/utp/android-device-provider-gradle-proto/31.7.3/android-device-provider-gradle-proto-31.7.3.pom to /home/runner/.gradle/.tmp/gradle_download18302056445370398147bin
Downloading https://dl.google.com/dl/android/maven2/com/android/tools/utp/android-test-plugin-host-additional-test-output-proto/31.7.3/android-test-plugin-host-additional-test-output-proto-31.7.3.pom to /home/runner/.gradle/.tmp/gradle_download1816106439405091877bin
Downloading https://dl.google.com/dl/android/maven2/com/android/tools/utp/android-test-plugin-host-coverage-proto/31.7.3/android-test-plugin-host-coverage-proto-31.7.3.pom to /home/runner/.gradle/.tmp/gradle_download9640990009638958849bin
Downloading https://dl.google.com/dl/android/maven2/com/android/tools/utp/android-test-plugin-host-emulator-control-proto/31.7.3/android-test-plugin-host-emulator-control-proto-31.7.3.pom to /home/runner/.gradle/.tmp/gradle_download3352461185835256799bin
Downloading https://dl.google.com/dl/android/maven2/com/android/tools/utp/android-test-plugin-host-logcat-proto/31.7.3/android-test-plugin-host-logcat-proto-31.7.3.pom to /home/runner/.gradle/.tmp/gradle_download16507313726953237121bin
Downloading https://dl.google.com/dl/android/maven2/com/android/tools/utp/android-test-plugin-host-apk-installer-proto/31.7.3/android-test-plugin-host-apk-installer-proto-31.7.3.pom to /home/runner/.gradle/.tmp/gradle_download4228152712515634201bin
Downloading https://dl.google.com/dl/android/maven2/com/android/tools/utp/android-test-plugin-host-retention-proto/31.7.3/android-test-plugin-host-retention-proto-31.7.3.pom to /home/runner/.gradle/.tmp/gradle_download17889508344130236bin
Downloading https://dl.google.com/dl/android/maven2/com/android/tools/utp/android-test-plugin-result-listener-gradle-proto/31.7.3/android-test-plugin-result-listener-gradle-proto-31.7.3.pom to /home/runner/.gradle/.tmp/gradle_download17658755315535570619bin
Downloading https://dl.google.com/dl/android/maven2/com/android/tools/lint/lint-typedef-remover/31.7.3/lint-typedef-remover-31.7.3.pom to /home/runner/.gradle/.tmp/gradle_download6349801207865306469bin
Resource missing. [HTTP GET: https://dl.google.com/dl/android/maven2/org/jetbrains/kotlin/kotlin-stdlib-jdk8/1.9.20/kotlin-stdlib-jdk8-1.9.20.pom]
Resource missing. [HTTP GET: https://dl.google.com/dl/android/maven2/org/apache/httpcomponents/httpmime/4.5.6/httpmime-4.5.6.pom]
Resource missing. [HTTP GET: https://dl.google.com/dl/android/maven2/commons-io/commons-io/2.13.0/commons-io-2.13.0.pom]
Downloading https://repo.maven.apache.org/maven2/org/jetbrains/kotlin/kotlin-stdlib-jdk8/1.9.20/kotlin-stdlib-jdk8-1.9.20.pom to /home/runner/.gradle/.tmp/gradle_download16740471417517778580bin
Resource missing. [HTTP GET: https://dl.google.com/dl/android/maven2/org/ow2/asm/asm/9.6/asm-9.6.pom]
Downloading https://repo.maven.apache.org/maven2/commons-io/commons-io/2.13.0/commons-io-2.13.0.pom to /home/runner/.gradle/.tmp/gradle_download2473699229307875985bin
Downloading https://repo.maven.apache.org/maven2/org/apache/httpcomponents/httpmime/4.5.6/httpmime-4.5.6.pom to /home/runner/.gradle/.tmp/gradle_download5405548473317675861bin
Downloading https://dl.google.com/dl/android/maven2/com/android/tools/build/transform-api/2.0.0-deprecated-use-gradle-api/transform-api-2.0.0-deprecated-use-gradle-api.pom to /home/runner/.gradle/.tmp/gradle_download17219283588058575708bin
Downloading https://repo.maven.apache.org/maven2/org/ow2/asm/asm/9.6/asm-9.6.pom to /home/runner/.gradle/.tmp/gradle_download3728672166871802093bin
Resource missing. [HTTP GET: https://dl.google.com/dl/android/maven2/org/apache/commons/commons-parent/58/commons-parent-58.pom]
Resource missing. [HTTP GET: https://dl.google.com/dl/android/maven2/org/apache/httpcomponents/httpcomponents-client/4.5.6/httpcomponents-client-4.5.6.pom]
Resource missing. [HTTP GET: https://dl.google.com/dl/android/maven2/org/ow2/asm/asm-analysis/9.6/asm-analysis-9.6.pom]
Resource missing. [HTTP GET: https://dl.google.com/dl/android/maven2/org/ow2/ow2/1.5.1/ow2-1.5.1.pom]
Downloading https://repo.maven.apache.org/maven2/org/apache/commons/commons-parent/58/commons-parent-58.pom to /home/runner/.gradle/.tmp/gradle_download1121399452548501120bin
Downloading https://repo.maven.apache.org/maven2/org/ow2/asm/asm-analysis/9.6/asm-analysis-9.6.pom to /home/runner/.gradle/.tmp/gradle_download4519022756137559007bin
Downloading https://repo.maven.apache.org/maven2/org/apache/httpcomponents/httpcomponents-client/4.5.6/httpcomponents-client-4.5.6.pom to /home/runner/.gradle/.tmp/gradle_download6683971277622593094bin
Downloading https://repo.maven.apache.org/maven2/org/ow2/ow2/1.5.1/ow2-1.5.1.pom to /home/runner/.gradle/.tmp/gradle_download16304069064241122189bin
Resource missing. [HTTP GET: https://dl.google.com/dl/android/maven2/org/apache/apache/29/apache-29.pom]
Resource missing. [HTTP GET: https://dl.google.com/dl/android/maven2/org/apache/httpcomponents/httpcomponents-parent/10/httpcomponents-parent-10.pom]
Resource missing. [HTTP GET: https://dl.google.com/dl/android/maven2/org/ow2/asm/asm-commons/9.6/asm-commons-9.6.pom]
Resource missing. [HTTP GET: https://dl.google.com/dl/android/maven2/org/ow2/asm/asm-util/9.6/asm-util-9.6.pom]
Downloading https://repo.maven.apache.org/maven2/org/apache/apache/29/apache-29.pom to /home/runner/.gradle/.tmp/gradle_download17962955546499655465bin
Downloading https://repo.maven.apache.org/maven2/org/apache/httpcomponents/httpcomponents-parent/10/httpcomponents-parent-10.pom to /home/runner/.gradle/.tmp/gradle_download17740441921185105157bin
Downloading https://repo.maven.apache.org/maven2/org/ow2/asm/asm-commons/9.6/asm-commons-9.6.pom to /home/runner/.gradle/.tmp/gradle_download16004998778562457521bin
Downloading https://repo.maven.apache.org/maven2/org/ow2/asm/asm-util/9.6/asm-util-9.6.pom to /home/runner/.gradle/.tmp/gradle_download14443504750490426558bin
Resource missing. [HTTP GET: https://dl.google.com/dl/android/maven2/org/junit/junit-bom/5.9.3/junit-bom-5.9.3.pom]
Resource missing. [HTTP GET: https://dl.google.com/dl/android/maven2/org/apache/apache/18/apache-18.pom]
Resource missing. [HTTP GET: https://dl.google.com/dl/android/maven2/org/bouncycastle/bcpkix-jdk18on/1.77/bcpkix-jdk18on-1.77.pom]
Downloading https://repo.maven.apache.org/maven2/org/junit/junit-bom/5.9.3/junit-bom-5.9.3.pom to /home/runner/.gradle/.tmp/gradle_download1740450755569771901bin
Downloading https://repo.maven.apache.org/maven2/org/apache/apache/18/apache-18.pom to /home/runner/.gradle/.tmp/gradle_download9780411384540573274bin
Downloading https://repo.maven.apache.org/maven2/org/bouncycastle/bcpkix-jdk18on/1.77/bcpkix-jdk18on-1.77.pom to /home/runner/.gradle/.tmp/gradle_download3831645561250251049bin
Downloading https://repo.maven.apache.org/maven2/org/junit/junit-bom/5.9.3/junit-bom-5.9.3.module to /home/runner/.gradle/.tmp/gradle_download8069975569762322199bin
Resource missing. [HTTP GET: https://dl.google.com/dl/android/maven2/net/sf/jopt-simple/jopt-simple/4.9/jopt-simple-4.9.pom]
Resource missing. [HTTP GET: https://dl.google.com/dl/android/maven2/org/glassfish/jaxb/jaxb-runtime/2.3.2/jaxb-runtime-2.3.2.pom]
Downloading https://dl.google.com/dl/android/maven2/com/android/tools/build/bundletool/1.17.1/bundletool-1.17.1.pom to /home/runner/.gradle/.tmp/gradle_download4718098566741399048bin
Downloading https://repo.maven.apache.org/maven2/net/sf/jopt-simple/jopt-simple/4.9/jopt-simple-4.9.pom to /home/runner/.gradle/.tmp/gradle_download13518974343562100597bin
Downloading https://repo.maven.apache.org/maven2/org/glassfish/jaxb/jaxb-runtime/2.3.2/jaxb-runtime-2.3.2.pom to /home/runner/.gradle/.tmp/gradle_download1843518345353225221bin
Downloading https://dl.google.com/dl/android/maven2/com/android/tools/build/jetifier/jetifier-core/1.0.0-beta10/jetifier-core-1.0.0-beta10.pom to /home/runner/.gradle/.tmp/gradle_download15449358737241127749bin
Downloading https://dl.google.com/dl/android/maven2/com/android/tools/build/jetifier/jetifier-processor/1.0.0-beta10/jetifier-processor-1.0.0-beta10.pom to /home/runner/.gradle/.tmp/gradle_download16623853060776302188bin
Resource missing. [HTTP GET: https://dl.google.com/dl/android/maven2/org/sonatype/oss/oss-parent/7/oss-parent-7.pom]
Resource missing. [HTTP GET: https://dl.google.com/dl/android/maven2/com/sun/xml/bind/mvn/jaxb-runtime-parent/2.3.2/jaxb-runtime-parent-2.3.2.pom]
Downloading https://dl.google.com/dl/android/maven2/com/android/tools/build/jetifier/jetifier-core/1.0.0-beta10/jetifier-core-1.0.0-beta10.module to /home/runner/.gradle/.tmp/gradle_download7428455195913152594bin
Downloading https://dl.google.com/dl/android/maven2/com/android/tools/build/jetifier/jetifier-processor/1.0.0-beta10/jetifier-processor-1.0.0-beta10.module to /home/runner/.gradle/.tmp/gradle_download4173208208166866684bin
Downloading https://repo.maven.apache.org/maven2/org/sonatype/oss/oss-parent/7/oss-parent-7.pom to /home/runner/.gradle/.tmp/gradle_download2296586498112247321bin
Resource missing. [HTTP GET: https://dl.google.com/dl/android/maven2/com/squareup/javapoet/1.10.0/javapoet-1.10.0.pom]
Downloading https://repo.maven.apache.org/maven2/com/sun/xml/bind/mvn/jaxb-runtime-parent/2.3.2/jaxb-runtime-parent-2.3.2.pom to /home/runner/.gradle/.tmp/gradle_download2440898088740825689bin
Resource missing. [HTTP GET: https://dl.google.com/dl/android/maven2/com/google/protobuf/protobuf-java/3.22.3/protobuf-java-3.22.3.pom]
Resource missing. [HTTP GET: https://dl.google.com/dl/android/maven2/com/sun/xml/bind/mvn/jaxb-parent/2.3.2/jaxb-parent-2.3.2.pom]
Resource missing. [HTTP GET: https://dl.google.com/dl/android/maven2/com/google/protobuf/protobuf-java-util/3.22.3/protobuf-java-util-3.22.3.pom]
Downloading https://repo.maven.apache.org/maven2/com/google/protobuf/protobuf-java/3.22.3/protobuf-java-3.22.3.pom to /home/runner/.gradle/.tmp/gradle_download10770228633145966669bin
Downloading https://repo.maven.apache.org/maven2/com/squareup/javapoet/1.10.0/javapoet-1.10.0.pom to /home/runner/.gradle/.tmp/gradle_download955212063810202831bin
Downloading https://repo.maven.apache.org/maven2/com/sun/xml/bind/mvn/jaxb-parent/2.3.2/jaxb-parent-2.3.2.pom to /home/runner/.gradle/.tmp/gradle_download10047048566969916433bin
Downloading https://repo.maven.apache.org/maven2/com/google/protobuf/protobuf-java-util/3.22.3/protobuf-java-util-3.22.3.pom to /home/runner/.gradle/.tmp/gradle_download5726633659697563245bin
Resource missing. [HTTP GET: https://dl.google.com/dl/android/maven2/com/google/code/gson/gson/2.10.1/gson-2.10.1.pom]
Resource missing. [HTTP GET: https://dl.google.com/dl/android/maven2/com/google/protobuf/protobuf-parent/3.22.3/protobuf-parent-3.22.3.pom]
Resource missing. [HTTP GET: https://dl.google.com/dl/android/maven2/com/sun/xml/bind/jaxb-bom-ext/2.3.2/jaxb-bom-ext-2.3.2.pom]
Downloading https://repo.maven.apache.org/maven2/com/google/protobuf/protobuf-parent/3.22.3/protobuf-parent-3.22.3.pom to /home/runner/.gradle/.tmp/gradle_download5338084346095280653bin
Downloading https://repo.maven.apache.org/maven2/com/google/code/gson/gson/2.10.1/gson-2.10.1.pom to /home/runner/.gradle/.tmp/gradle_download3213966977490450117bin
Resource missing. [HTTP GET: https://dl.google.com/dl/android/maven2/com/google/code/gson/gson-parent/2.10.1/gson-parent-2.10.1.pom]
Resource missing. [HTTP GET: https://dl.google.com/dl/android/maven2/com/google/protobuf/protobuf-bom/3.22.3/protobuf-bom-3.22.3.pom]
Downloading https://repo.maven.apache.org/maven2/com/sun/xml/bind/jaxb-bom-ext/2.3.2/jaxb-bom-ext-2.3.2.pom to /home/runner/.gradle/.tmp/gradle_download2199093752596282120bin
Downloading https://repo.maven.apache.org/maven2/com/google/protobuf/protobuf-bom/3.22.3/protobuf-bom-3.22.3.pom to /home/runner/.gradle/.tmp/gradle_download12654648479778624970bin
Downloading https://repo.maven.apache.org/maven2/com/google/code/gson/gson-parent/2.10.1/gson-parent-2.10.1.pom to /home/runner/.gradle/.tmp/gradle_download3702668132608396933bin
Resource missing. [HTTP GET: https://dl.google.com/dl/android/maven2/org/glassfish/jaxb/jaxb-bom/2.3.2/jaxb-bom-2.3.2.pom]
Downloading https://repo.maven.apache.org/maven2/org/glassfish/jaxb/jaxb-bom/2.3.2/jaxb-bom-2.3.2.pom to /home/runner/.gradle/.tmp/gradle_download6041836591032320720bin
Resource missing. [HTTP GET: https://dl.google.com/dl/android/maven2/io/grpc/grpc-core/1.57.0/grpc-core-1.57.0.pom]
Resource missing. [HTTP GET: https://dl.google.com/dl/android/maven2/io/grpc/grpc-netty/1.57.0/grpc-netty-1.57.0.pom]
Resource missing. [HTTP GET: https://dl.google.com/dl/android/maven2/io/grpc/grpc-protobuf/1.57.0/grpc-protobuf-1.57.0.pom]
Resource missing. [HTTP GET: https://dl.google.com/dl/android/maven2/org/eclipse/ee4j/project/1.0.5/project-1.0.5.pom]
Downloading https://repo.maven.apache.org/maven2/io/grpc/grpc-core/1.57.0/grpc-core-1.57.0.pom to /home/runner/.gradle/.tmp/gradle_download11097925414404456905bin
Downloading https://repo.maven.apache.org/maven2/io/grpc/grpc-protobuf/1.57.0/grpc-protobuf-1.57.0.pom to /home/runner/.gradle/.tmp/gradle_download12650795716800307038bin
Downloading https://repo.maven.apache.org/maven2/io/grpc/grpc-netty/1.57.0/grpc-netty-1.57.0.pom to /home/runner/.gradle/.tmp/gradle_download10124443733683714287bin
Downloading https://repo.maven.apache.org/maven2/org/eclipse/ee4j/project/1.0.5/project-1.0.5.pom to /home/runner/.gradle/.tmp/gradle_download16149314344019645096bin
Resource missing. [HTTP GET: https://dl.google.com/dl/android/maven2/io/grpc/grpc-stub/1.57.0/grpc-stub-1.57.0.pom]
Resource missing. [HTTP GET: https://dl.google.com/dl/android/maven2/com/google/crypto/tink/tink/1.7.0/tink-1.7.0.pom]
Downloading https://dl.google.com/dl/android/maven2/com/google/testing/platform/core-proto/0.0.9-alpha02/core-proto-0.0.9-alpha02.pom to /home/runner/.gradle/.tmp/gradle_download9494862633096293220bin
Downloading https://repo.maven.apache.org/maven2/io/grpc/grpc-stub/1.57.0/grpc-stub-1.57.0.pom to /home/runner/.gradle/.tmp/gradle_download3499376834582259152bin
Resource missing. [HTTP GET: https://dl.google.com/dl/android/maven2/com/google/flatbuffers/flatbuffers-java/1.12.0/flatbuffers-java-1.12.0.pom]
Downloading https://repo.maven.apache.org/maven2/com/google/crypto/tink/tink/1.7.0/tink-1.7.0.pom to /home/runner/.gradle/.tmp/gradle_download13573491383520221672bin
Resource missing. [HTTP GET: https://dl.google.com/dl/android/maven2/org/tensorflow/tensorflow-lite-metadata/0.1.0-rc2/tensorflow-lite-metadata-0.1.0-rc2.pom]
Downloading https://repo.maven.apache.org/maven2/com/google/flatbuffers/flatbuffers-java/1.12.0/flatbuffers-java-1.12.0.pom to /home/runner/.gradle/.tmp/gradle_download12406654444242260897bin
Downloading https://dl.google.com/dl/android/maven2/com/android/tools/build/builder/8.7.3/builder-8.7.3.pom to /home/runner/.gradle/.tmp/gradle_download14085858274834250696bin
Downloading https://dl.google.com/dl/android/maven2/com/android/tools/build/builder-model/8.7.3/builder-model-8.7.3.pom to /home/runner/.gradle/.tmp/gradle_download708923522714833521bin
Downloading https://repo.maven.apache.org/maven2/org/tensorflow/tensorflow-lite-metadata/0.1.0-rc2/tensorflow-lite-metadata-0.1.0-rc2.pom to /home/runner/.gradle/.tmp/gradle_download14541084908422555395bin
Downloading https://dl.google.com/dl/android/maven2/com/android/tools/build/builder/8.7.3/builder-8.7.3.module to /home/runner/.gradle/.tmp/gradle_download3721182365525177313bin
Downloading https://dl.google.com/dl/android/maven2/com/android/tools/build/builder-model/8.7.3/builder-model-8.7.3.module to /home/runner/.gradle/.tmp/gradle_download9939014505901136101bin
Downloading https://dl.google.com/dl/android/maven2/com/android/tools/build/gradle-api/8.7.3/gradle-api-8.7.3.pom to /home/runner/.gradle/.tmp/gradle_download18284841457053103494bin
Downloading https://dl.google.com/dl/android/maven2/com/android/tools/build/gradle-api/8.7.3/gradle-api-8.7.3.module to /home/runner/.gradle/.tmp/gradle_download2797376209334880998bin
Resource missing. [HTTP GET: https://dl.google.com/dl/android/maven2/org/jetbrains/kotlin/kotlin-klib-commonizer-api/2.1.0/kotlin-klib-commonizer-api-2.1.0.pom]
Resource missing. [HTTP GET: https://dl.google.com/dl/android/maven2/org/jetbrains/kotlin/kotlin-build-statistics/2.1.0/kotlin-build-statistics-2.1.0.pom]
Resource missing. [HTTP GET: https://dl.google.com/dl/android/maven2/org/jetbrains/kotlin/kotlin-gradle-plugin-idea-proto/2.1.0/kotlin-gradle-plugin-idea-proto-2.1.0.pom]
Resource missing. [HTTP GET: https://dl.google.com/dl/android/maven2/org/jetbrains/kotlin/kotlin-gradle-plugin-idea/2.1.0/kotlin-gradle-plugin-idea-2.1.0.pom]
Downloading https://repo.maven.apache.org/maven2/org/jetbrains/kotlin/kotlin-klib-commonizer-api/2.1.0/kotlin-klib-commonizer-api-2.1.0.pom to /home/runner/.gradle/.tmp/gradle_download6130095959698023355bin
Downloading https://repo.maven.apache.org/maven2/org/jetbrains/kotlin/kotlin-gradle-plugin-idea/2.1.0/kotlin-gradle-plugin-idea-2.1.0.pom to /home/runner/.gradle/.tmp/gradle_download8690967142662624004bin
Downloading https://repo.maven.apache.org/maven2/org/jetbrains/kotlin/kotlin-build-statistics/2.1.0/kotlin-build-statistics-2.1.0.pom to /home/runner/.gradle/.tmp/gradle_download1869478956631731758bin
Resource missing. [HTTP GET: https://dl.google.com/dl/android/maven2/org/jetbrains/kotlin/kotlin-util-klib-metadata/2.1.0/kotlin-util-klib-metadata-2.1.0.pom]
Downloading https://repo.maven.apache.org/maven2/org/jetbrains/kotlin/kotlin-gradle-plugin-idea-proto/2.1.0/kotlin-gradle-plugin-idea-proto-2.1.0.pom to /home/runner/.gradle/.tmp/gradle_download6793590879005641581bin
Downloading https://repo.maven.apache.org/maven2/org/jetbrains/kotlin/kotlin-gradle-plugin-idea/2.1.0/kotlin-gradle-plugin-idea-2.1.0.module to /home/runner/.gradle/.tmp/gradle_download827036773451161229bin
Resource missing. [HTTP GET: https://dl.google.com/dl/android/maven2/org/jetbrains/kotlin/kotlin-gradle-plugin-api/2.1.0/kotlin-gradle-plugin-api-2.1.0.pom]
Downloading https://repo.maven.apache.org/maven2/org/jetbrains/kotlin/kotlin-util-klib-metadata/2.1.0/kotlin-util-klib-metadata-2.1.0.pom to /home/runner/.gradle/.tmp/gradle_download18313481765478937372bin
Resource missing. [HTTP GET: https://dl.google.com/dl/android/maven2/org/jetbrains/kotlin/kotlin-gradle-plugin-model/2.1.0/kotlin-gradle-plugin-model-2.1.0.pom]
Resource missing. [HTTP GET: https://dl.google.com/dl/android/maven2/org/jetbrains/kotlin/kotlin-compiler-runner/2.1.0/kotlin-compiler-runner-2.1.0.pom]
Downloading https://repo.maven.apache.org/maven2/org/jetbrains/kotlin/kotlin-gradle-plugin-api/2.1.0/kotlin-gradle-plugin-api-2.1.0.pom to /home/runner/.gradle/.tmp/gradle_download16317788083429334517bin
Downloading https://repo.maven.apache.org/maven2/org/jetbrains/kotlin/kotlin-gradle-plugin-model/2.1.0/kotlin-gradle-plugin-model-2.1.0.pom to /home/runner/.gradle/.tmp/gradle_download17725857317206806688bin
Downloading https://repo.maven.apache.org/maven2/org/jetbrains/kotlin/kotlin-gradle-plugin-api/2.1.0/kotlin-gradle-plugin-api-2.1.0.module to /home/runner/.gradle/.tmp/gradle_download14552107258283585131bin
Downloading https://repo.maven.apache.org/maven2/org/jetbrains/kotlin/kotlin-compiler-runner/2.1.0/kotlin-compiler-runner-2.1.0.pom to /home/runner/.gradle/.tmp/gradle_download7805054761613084482bin
Downloading https://repo.maven.apache.org/maven2/org/jetbrains/kotlin/kotlin-gradle-plugin-model/2.1.0/kotlin-gradle-plugin-model-2.1.0.module to /home/runner/.gradle/.tmp/gradle_download7623417796259926983bin
Resource missing. [HTTP GET: https://dl.google.com/dl/android/maven2/com/google/guava/guava/32.0.1-jre/guava-32.0.1-jre.pom]
Resource missing. [HTTP GET: https://dl.google.com/dl/android/maven2/net/sf/kxml/kxml2/2.3.0/kxml2-2.3.0.pom]
Resource missing. [HTTP GET: https://dl.google.com/dl/android/maven2/javax/inject/javax.inject/1/javax.inject-1.pom]
Downloading https://dl.google.com/dl/android/maven2/com/android/tools/common/31.7.3/common-31.7.3.pom to /home/runner/.gradle/.tmp/gradle_download5414594619518183310bin
Downloading https://repo.maven.apache.org/maven2/javax/inject/javax.inject/1/javax.inject-1.pom to /home/runner/.gradle/.tmp/gradle_download13742390274855942473bin
Downloading https://repo.maven.apache.org/maven2/com/google/guava/guava/32.0.1-jre/guava-32.0.1-jre.pom to /home/runner/.gradle/.tmp/gradle_download12706783888006615335bin
Resource missing. [HTTP GET: https://dl.google.com/dl/android/maven2/org/bouncycastle/bcprov-jdk18on/1.77/bcprov-jdk18on-1.77.pom]
Downloading https://repo.maven.apache.org/maven2/net/sf/kxml/kxml2/2.3.0/kxml2-2.3.0.pom to /home/runner/.gradle/.tmp/gradle_download15983994986330322592bin
Resource missing. [HTTP GET: https://dl.google.com/dl/android/maven2/org/jetbrains/intellij/deps/trove4j/1.0.20200330/trove4j-1.0.20200330.pom]
Resource missing. [HTTP GET: https://dl.google.com/dl/android/maven2/com/google/guava/guava-parent/32.0.1-jre/guava-parent-32.0.1-jre.pom]
Downloading https://repo.maven.apache.org/maven2/org/bouncycastle/bcprov-jdk18on/1.77/bcprov-jdk18on-1.77.pom to /home/runner/.gradle/.tmp/gradle_download5342861619624641854bin
Downloading https://repo.maven.apache.org/maven2/com/google/guava/guava-parent/32.0.1-jre/guava-parent-32.0.1-jre.pom to /home/runner/.gradle/.tmp/gradle_download7433703267411207670bin
Downloading https://repo.maven.apache.org/maven2/org/jetbrains/intellij/deps/trove4j/1.0.20200330/trove4j-1.0.20200330.pom to /home/runner/.gradle/.tmp/gradle_download17540494883929988359bin
Resource missing. [HTTP GET: https://dl.google.com/dl/android/maven2/org/jetbrains/kotlin/kotlin-reflect/2.0.20/kotlin-reflect-2.0.20.pom]
Downloading https://repo.maven.apache.org/maven2/org/jetbrains/kotlin/kotlin-reflect/2.0.20/kotlin-reflect-2.0.20.pom to /home/runner/.gradle/.tmp/gradle_download1617606339935746048bin
Resource missing. [HTTP GET: https://dl.google.com/dl/android/maven2/org/apache/commons/commons-compress/1.21/commons-compress-1.21.pom]
Resource missing. [HTTP GET: https://dl.google.com/dl/android/maven2/org/apache/httpcomponents/httpcore/4.4.16/httpcore-4.4.16.pom]
Downloading https://dl.google.com/dl/android/maven2/com/android/tools/dvlib/31.7.3/dvlib-31.7.3.pom to /home/runner/.gradle/.tmp/gradle_download4731402703486594490bin
Downloading https://repo.maven.apache.org/maven2/org/apache/commons/commons-compress/1.21/commons-compress-1.21.pom to /home/runner/.gradle/.tmp/gradle_download11362942731534537652bin
Downloading https://repo.maven.apache.org/maven2/org/apache/httpcomponents/httpcore/4.4.16/httpcore-4.4.16.pom to /home/runner/.gradle/.tmp/gradle_download4897450983260284735bin
Resource missing. [HTTP GET: https://dl.google.com/dl/android/maven2/org/apache/commons/commons-parent/52/commons-parent-52.pom]
Resource missing. [HTTP GET: https://dl.google.com/dl/android/maven2/org/apache/httpcomponents/httpcomponents-core/4.4.16/httpcomponents-core-4.4.16.pom]
Downloading https://repo.maven.apache.org/maven2/org/apache/commons/commons-parent/52/commons-parent-52.pom to /home/runner/.gradle/.tmp/gradle_download17928109472389460696bin
Downloading https://repo.maven.apache.org/maven2/org/apache/httpcomponents/httpcomponents-core/4.4.16/httpcomponents-core-4.4.16.pom to /home/runner/.gradle/.tmp/gradle_download12158703701565821491bin
Resource missing. [HTTP GET: https://dl.google.com/dl/android/maven2/org/apache/apache/23/apache-23.pom]
Resource missing. [HTTP GET: https://dl.google.com/dl/android/maven2/org/apache/httpcomponents/httpcomponents-parent/11/httpcomponents-parent-11.pom]
Downloading https://repo.maven.apache.org/maven2/org/apache/apache/23/apache-23.pom to /home/runner/.gradle/.tmp/gradle_download2162702381776770975bin
Downloading https://repo.maven.apache.org/maven2/org/apache/httpcomponents/httpcomponents-parent/11/httpcomponents-parent-11.pom to /home/runner/.gradle/.tmp/gradle_download6807049498532013647bin
Resource missing. [HTTP GET: https://dl.google.com/dl/android/maven2/org/apache/apache/21/apache-21.pom]
Downloading https://repo.maven.apache.org/maven2/org/apache/apache/21/apache-21.pom to /home/runner/.gradle/.tmp/gradle_download3929363765428107931bin
Resource missing. [HTTP GET: https://dl.google.com/dl/android/maven2/com/google/jimfs/jimfs/1.1/jimfs-1.1.pom]
Resource missing. [HTTP GET: https://dl.google.com/dl/android/maven2/com/sun/activation/javax.activation/1.2.0/javax.activation-1.2.0.pom]
Downloading https://repo.maven.apache.org/maven2/com/sun/activation/javax.activation/1.2.0/javax.activation-1.2.0.pom to /home/runner/.gradle/.tmp/gradle_download6671260421140263969bin
Downloading https://repo.maven.apache.org/maven2/com/google/jimfs/jimfs/1.1/jimfs-1.1.pom to /home/runner/.gradle/.tmp/gradle_download13371181463137556887bin
Resource missing. [HTTP GET: https://dl.google.com/dl/android/maven2/com/sun/activation/all/1.2.0/all-1.2.0.pom]
Resource missing. [HTTP GET: https://dl.google.com/dl/android/maven2/com/google/jimfs/jimfs-parent/1.1/jimfs-parent-1.1.pom]
Downloading https://repo.maven.apache.org/maven2/com/sun/activation/all/1.2.0/all-1.2.0.pom to /home/runner/.gradle/.tmp/gradle_download14286666206738922796bin
Downloading https://repo.maven.apache.org/maven2/com/google/jimfs/jimfs-parent/1.1/jimfs-parent-1.1.pom to /home/runner/.gradle/.tmp/gradle_download12345324305164249002bin
Resource missing. [HTTP GET: https://dl.google.com/dl/android/maven2/net/java/jvnet-parent/1/jvnet-parent-1.pom]
Downloading https://repo.maven.apache.org/maven2/net/java/jvnet-parent/1/jvnet-parent-1.pom to /home/runner/.gradle/.tmp/gradle_download13370969522211565608bin
Resource missing. [HTTP GET: https://dl.google.com/dl/android/maven2/org/jetbrains/annotations/13.0/annotations-13.0.pom]
Downloading https://repo.maven.apache.org/maven2/org/jetbrains/annotations/13.0/annotations-13.0.pom to /home/runner/.gradle/.tmp/gradle_download15132969164211007215bin
Resource missing. [HTTP GET: https://dl.google.com/dl/android/maven2/org/apache/httpcomponents/httpclient/4.5.14/httpclient-4.5.14.pom]
Downloading https://dl.google.com/dl/android/maven2/com/android/tools/annotations/31.7.3/annotations-31.7.3.pom to /home/runner/.gradle/.tmp/gradle_download6950764563768801018bin
Downloading https://repo.maven.apache.org/maven2/org/apache/httpcomponents/httpclient/4.5.14/httpclient-4.5.14.pom to /home/runner/.gradle/.tmp/gradle_download16556234930042643511bin
Resource missing. [HTTP GET: https://dl.google.com/dl/android/maven2/org/apache/httpcomponents/httpcomponents-client/4.5.14/httpcomponents-client-4.5.14.pom]
Downloading https://repo.maven.apache.org/maven2/org/apache/httpcomponents/httpcomponents-client/4.5.14/httpcomponents-client-4.5.14.pom to /home/runner/.gradle/.tmp/gradle_download18326104613694587446bin
Downloading https://dl.google.com/dl/android/maven2/com/android/tools/analytics-library/protos/31.7.3/protos-31.7.3.pom to /home/runner/.gradle/.tmp/gradle_download7167122650817757037bin
Resource missing. [HTTP GET: https://dl.google.com/dl/android/maven2/net/java/dev/jna/jna-platform/5.6.0/jna-platform-5.6.0.pom]
Downloading https://repo.maven.apache.org/maven2/net/java/dev/jna/jna-platform/5.6.0/jna-platform-5.6.0.pom to /home/runner/.gradle/.tmp/gradle_download14114488440815965810bin
Resource missing. [HTTP GET: https://dl.google.com/dl/android/maven2/com/googlecode/juniversalchardet/juniversalchardet/1.0.3/juniversalchardet-1.0.3.pom]
Downloading https://repo.maven.apache.org/maven2/com/googlecode/juniversalchardet/juniversalchardet/1.0.3/juniversalchardet-1.0.3.pom to /home/runner/.gradle/.tmp/gradle_download8809188369862321872bin
Resource missing. [HTTP GET: https://dl.google.com/dl/android/maven2/javax/annotation/javax.annotation-api/1.3.2/javax.annotation-api-1.3.2.pom]
Downloading https://repo.maven.apache.org/maven2/javax/annotation/javax.annotation-api/1.3.2/javax.annotation-api-1.3.2.pom to /home/runner/.gradle/.tmp/gradle_download7159011248105335568bin
Resource missing. [HTTP GET: https://dl.google.com/dl/android/maven2/net/java/jvnet-parent/3/jvnet-parent-3.pom]
Downloading https://repo.maven.apache.org/maven2/net/java/jvnet-parent/3/jvnet-parent-3.pom to /home/runner/.gradle/.tmp/gradle_download464157131078215969bin
Resource missing. [HTTP GET: https://dl.google.com/dl/android/maven2/org/jetbrains/kotlin/kotlin-stdlib-jdk7/1.9.20/kotlin-stdlib-jdk7-1.9.20.pom]
Downloading https://repo.maven.apache.org/maven2/org/jetbrains/kotlin/kotlin-stdlib-jdk7/1.9.20/kotlin-stdlib-jdk7-1.9.20.pom to /home/runner/.gradle/.tmp/gradle_download13060901786793581408bin
Resource missing. [HTTP GET: https://dl.google.com/dl/android/maven2/org/jetbrains/kotlin/kotlin-stdlib/2.0.20/kotlin-stdlib-2.0.20.pom]
Downloading https://repo.maven.apache.org/maven2/org/jetbrains/kotlin/kotlin-stdlib/2.0.20/kotlin-stdlib-2.0.20.pom to /home/runner/.gradle/.tmp/gradle_download2177211883511150122bin
Downloading https://repo.maven.apache.org/maven2/org/jetbrains/kotlin/kotlin-stdlib/2.0.20/kotlin-stdlib-2.0.20.module to /home/runner/.gradle/.tmp/gradle_download15922502341461667038bin
Resource missing. [HTTP GET: https://dl.google.com/dl/android/maven2/org/ow2/asm/asm-tree/9.6/asm-tree-9.6.pom]
Downloading https://repo.maven.apache.org/maven2/org/ow2/asm/asm-tree/9.6/asm-tree-9.6.pom to /home/runner/.gradle/.tmp/gradle_download1519167954075257430bin
Resource missing. [HTTP GET: https://dl.google.com/dl/android/maven2/org/bouncycastle/bcutil-jdk18on/1.77/bcutil-jdk18on-1.77.pom]
Downloading https://repo.maven.apache.org/maven2/org/bouncycastle/bcutil-jdk18on/1.77/bcutil-jdk18on-1.77.pom to /home/runner/.gradle/.tmp/gradle_download5853517838913340043bin
Resource missing. [HTTP GET: https://dl.google.com/dl/android/maven2/org/glassfish/jaxb/txw2/2.3.2/txw2-2.3.2.pom]
Resource missing. [HTTP GET: https://dl.google.com/dl/android/maven2/com/sun/istack/istack-commons-runtime/3.0.8/istack-commons-runtime-3.0.8.pom]
Resource missing. [HTTP GET: https://dl.google.com/dl/android/maven2/org/jvnet/staxex/stax-ex/1.8.1/stax-ex-1.8.1.pom]
Downloading https://repo.maven.apache.org/maven2/org/jvnet/staxex/stax-ex/1.8.1/stax-ex-1.8.1.pom to /home/runner/.gradle/.tmp/gradle_download4419887268216497310bin
Downloading https://repo.maven.apache.org/maven2/org/glassfish/jaxb/txw2/2.3.2/txw2-2.3.2.pom to /home/runner/.gradle/.tmp/gradle_download15608580527471393649bin
Downloading https://repo.maven.apache.org/maven2/com/sun/istack/istack-commons-runtime/3.0.8/istack-commons-runtime-3.0.8.pom to /home/runner/.gradle/.tmp/gradle_download17614907382238200428bin
Resource missing. [HTTP GET: https://dl.google.com/dl/android/maven2/com/sun/xml/bind/mvn/jaxb-txw-parent/2.3.2/jaxb-txw-parent-2.3.2.pom]
Resource missing. [HTTP GET: https://dl.google.com/dl/android/maven2/com/sun/xml/fastinfoset/FastInfoset/1.2.16/FastInfoset-1.2.16.pom]
Resource missing. [HTTP GET: https://dl.google.com/dl/android/maven2/com/sun/istack/istack-commons/3.0.8/istack-commons-3.0.8.pom]
Downloading https://repo.maven.apache.org/maven2/com/sun/istack/istack-commons/3.0.8/istack-commons-3.0.8.pom to /home/runner/.gradle/.tmp/gradle_download5032375822391862608bin
Downloading https://repo.maven.apache.org/maven2/com/sun/xml/fastinfoset/FastInfoset/1.2.16/FastInfoset-1.2.16.pom to /home/runner/.gradle/.tmp/gradle_download13432082990039081321bin
Downloading https://repo.maven.apache.org/maven2/com/sun/xml/bind/mvn/jaxb-txw-parent/2.3.2/jaxb-txw-parent-2.3.2.pom to /home/runner/.gradle/.tmp/gradle_download10069577126699744007bin
Resource missing. [HTTP GET: https://dl.google.com/dl/android/maven2/com/sun/xml/fastinfoset/fastinfoset-project/1.2.16/fastinfoset-project-1.2.16.pom]
Resource missing. [HTTP GET: https://dl.google.com/dl/android/maven2/jakarta/activation/jakarta.activation-api/1.2.1/jakarta.activation-api-1.2.1.pom]
Downloading https://repo.maven.apache.org/maven2/jakarta/activation/jakarta.activation-api/1.2.1/jakarta.activation-api-1.2.1.pom to /home/runner/.gradle/.tmp/gradle_download13521669254946365943bin
Downloading https://repo.maven.apache.org/maven2/com/sun/xml/fastinfoset/fastinfoset-project/1.2.16/fastinfoset-project-1.2.16.pom to /home/runner/.gradle/.tmp/gradle_download17774248829595380644bin
Resource missing. [HTTP GET: https://dl.google.com/dl/android/maven2/com/sun/activation/all/1.2.1/all-1.2.1.pom]
Downloading https://repo.maven.apache.org/maven2/com/sun/activation/all/1.2.1/all-1.2.1.pom to /home/runner/.gradle/.tmp/gradle_download14927779281663377269bin
Resource missing. [HTTP GET: https://dl.google.com/dl/android/maven2/jakarta/xml/bind/jakarta.xml.bind-api/2.3.2/jakarta.xml.bind-api-2.3.2.pom]
Resource missing. [HTTP GET: https://dl.google.com/dl/android/maven2/org/eclipse/ee4j/project/1.0.2/project-1.0.2.pom]
Downloading https://repo.maven.apache.org/maven2/org/eclipse/ee4j/project/1.0.2/project-1.0.2.pom to /home/runner/.gradle/.tmp/gradle_download2059946492503103521bin
Downloading https://repo.maven.apache.org/maven2/jakarta/xml/bind/jakarta.xml.bind-api/2.3.2/jakarta.xml.bind-api-2.3.2.pom to /home/runner/.gradle/.tmp/gradle_download18334505624160227959bin
Resource missing. [HTTP GET: https://dl.google.com/dl/android/maven2/jakarta/xml/bind/jakarta.xml.bind-api-parent/2.3.2/jakarta.xml.bind-api-parent-2.3.2.pom]
Downloading https://repo.maven.apache.org/maven2/jakarta/xml/bind/jakarta.xml.bind-api-parent/2.3.2/jakarta.xml.bind-api-parent-2.3.2.pom to /home/runner/.gradle/.tmp/gradle_download6243291388601297909bin
Resource missing. [HTTP GET: https://dl.google.com/dl/android/maven2/org/bitbucket/b_c/jose4j/0.9.5/jose4j-0.9.5.pom]
Resource missing. [HTTP GET: https://dl.google.com/dl/android/maven2/com/google/dagger/dagger/2.28.3/dagger-2.28.3.pom]
Resource missing. [HTTP GET: https://dl.google.com/dl/android/maven2/com/google/auto/value/auto-value-annotations/1.6.2/auto-value-annotations-1.6.2.pom]
Resource missing. [HTTP GET: https://dl.google.com/dl/android/maven2/com/google/errorprone/error_prone_annotations/2.3.1/error_prone_annotations-2.3.1.pom]
Downloading https://repo.maven.apache.org/maven2/com/google/errorprone/error_prone_annotations/2.3.1/error_prone_annotations-2.3.1.pom to /home/runner/.gradle/.tmp/gradle_download429010603577263578bin
Downloading https://repo.maven.apache.org/maven2/com/google/auto/value/auto-value-annotations/1.6.2/auto-value-annotations-1.6.2.pom to /home/runner/.gradle/.tmp/gradle_download15150049173930579318bin
Downloading https://repo.maven.apache.org/maven2/com/google/dagger/dagger/2.28.3/dagger-2.28.3.pom to /home/runner/.gradle/.tmp/gradle_download13829071494849949746bin
Downloading https://repo.maven.apache.org/maven2/org/bitbucket/b_c/jose4j/0.9.5/jose4j-0.9.5.pom to /home/runner/.gradle/.tmp/gradle_download9467114628986953647bin
Resource missing. [HTTP GET: https://dl.google.com/dl/android/maven2/com/google/auto/value/auto-value-parent/1.6.2/auto-value-parent-1.6.2.pom]
Resource missing. [HTTP GET: https://dl.google.com/dl/android/maven2/com/google/errorprone/error_prone_parent/2.3.1/error_prone_parent-2.3.1.pom]
Resource missing. [HTTP GET: https://dl.google.com/dl/android/maven2/org/slf4j/slf4j-api/1.7.30/slf4j-api-1.7.30.pom]
Downloading https://repo.maven.apache.org/maven2/org/slf4j/slf4j-api/1.7.30/slf4j-api-1.7.30.pom to /home/runner/.gradle/.tmp/gradle_download8578344366943800080bin
Downloading https://repo.maven.apache.org/maven2/com/google/auto/value/auto-value-parent/1.6.2/auto-value-parent-1.6.2.pom to /home/runner/.gradle/.tmp/gradle_download1798680683080714404bin
Downloading https://repo.maven.apache.org/maven2/com/google/errorprone/error_prone_parent/2.3.1/error_prone_parent-2.3.1.pom to /home/runner/.gradle/.tmp/gradle_download10891481881871183427bin
Resource missing. [HTTP GET: https://dl.google.com/dl/android/maven2/org/slf4j/slf4j-parent/1.7.30/slf4j-parent-1.7.30.pom]
Resource missing. [HTTP GET: https://dl.google.com/dl/android/maven2/com/google/auto/auto-parent/6/auto-parent-6.pom]
Downloading https://repo.maven.apache.org/maven2/org/slf4j/slf4j-parent/1.7.30/slf4j-parent-1.7.30.pom to /home/runner/.gradle/.tmp/gradle_download16673462027006938381bin
Downloading https://repo.maven.apache.org/maven2/com/google/auto/auto-parent/6/auto-parent-6.pom to /home/runner/.gradle/.tmp/gradle_download12827281206183347190bin
Resource missing. [HTTP GET: https://dl.google.com/dl/android/maven2/org/jdom/jdom2/2.0.6/jdom2-2.0.6.pom]
Downloading https://repo.maven.apache.org/maven2/org/jdom/jdom2/2.0.6/jdom2-2.0.6.pom to /home/runner/.gradle/.tmp/gradle_download9006840552858326979bin
Resource missing. [HTTP GET: https://dl.google.com/dl/android/maven2/com/google/errorprone/error_prone_annotations/2.11.0/error_prone_annotations-2.11.0.pom]
Downloading https://repo.maven.apache.org/maven2/com/google/errorprone/error_prone_annotations/2.11.0/error_prone_annotations-2.11.0.pom to /home/runner/.gradle/.tmp/gradle_download14840252552449711837bin
Resource missing. [HTTP GET: https://dl.google.com/dl/android/maven2/com/google/errorprone/error_prone_parent/2.11.0/error_prone_parent-2.11.0.pom]
Downloading https://repo.maven.apache.org/maven2/com/google/errorprone/error_prone_parent/2.11.0/error_prone_parent-2.11.0.pom to /home/runner/.gradle/.tmp/gradle_download8331947510209487780bin
Resource missing. [HTTP GET: https://dl.google.com/dl/android/maven2/com/google/code/findbugs/jsr305/3.0.2/jsr305-3.0.2.pom]
Resource missing. [HTTP GET: https://dl.google.com/dl/android/maven2/com/google/j2objc/j2objc-annotations/1.3/j2objc-annotations-1.3.pom]
Downloading https://repo.maven.apache.org/maven2/com/google/j2objc/j2objc-annotations/1.3/j2objc-annotations-1.3.pom to /home/runner/.gradle/.tmp/gradle_download348019949147063526bin
Downloading https://repo.maven.apache.org/maven2/com/google/code/findbugs/jsr305/3.0.2/jsr305-3.0.2.pom to /home/runner/.gradle/.tmp/gradle_download11844246030771326477bin
Resource missing. [HTTP GET: https://dl.google.com/dl/android/maven2/com/google/errorprone/error_prone_annotations/2.18.0/error_prone_annotations-2.18.0.pom]
Downloading https://repo.maven.apache.org/maven2/com/google/errorprone/error_prone_annotations/2.18.0/error_prone_annotations-2.18.0.pom to /home/runner/.gradle/.tmp/gradle_download139107483613047949bin
Resource missing. [HTTP GET: https://dl.google.com/dl/android/maven2/com/google/errorprone/error_prone_parent/2.18.0/error_prone_parent-2.18.0.pom]
Downloading https://repo.maven.apache.org/maven2/com/google/errorprone/error_prone_parent/2.18.0/error_prone_parent-2.18.0.pom to /home/runner/.gradle/.tmp/gradle_download16963617362255791257bin
Resource missing. [HTTP GET: https://dl.google.com/dl/android/maven2/org/codehaus/mojo/animal-sniffer-annotations/1.23/animal-sniffer-annotations-1.23.pom]
Resource missing. [HTTP GET: https://dl.google.com/dl/android/maven2/io/perfmark/perfmark-api/0.26.0/perfmark-api-0.26.0.pom]
Resource missing. [HTTP GET: https://dl.google.com/dl/android/maven2/io/grpc/grpc-api/1.57.0/grpc-api-1.57.0.pom]
Resource missing. [HTTP GET: https://dl.google.com/dl/android/maven2/com/google/android/annotations/4.1.1.4/annotations-4.1.1.4.pom]
Downloading https://repo.maven.apache.org/maven2/com/google/android/annotations/4.1.1.4/annotations-4.1.1.4.pom to /home/runner/.gradle/.tmp/gradle_download10324820045449424272bin
Downloading https://repo.maven.apache.org/maven2/io/grpc/grpc-api/1.57.0/grpc-api-1.57.0.pom to /home/runner/.gradle/.tmp/gradle_download11762689138567060165bin
Downloading https://repo.maven.apache.org/maven2/io/perfmark/perfmark-api/0.26.0/perfmark-api-0.26.0.pom to /home/runner/.gradle/.tmp/gradle_download1797298793975816862bin
Downloading https://repo.maven.apache.org/maven2/org/codehaus/mojo/animal-sniffer-annotations/1.23/animal-sniffer-annotations-1.23.pom to /home/runner/.gradle/.tmp/gradle_download8459320941991515688bin
Resource missing. [HTTP GET: https://dl.google.com/dl/android/maven2/io/grpc/grpc-context/1.57.0/grpc-context-1.57.0.pom]
Downloading https://repo.maven.apache.org/maven2/io/perfmark/perfmark-api/0.26.0/perfmark-api-0.26.0.module to /home/runner/.gradle/.tmp/gradle_download13066813692970001446bin
Resource missing. [HTTP GET: https://dl.google.com/dl/android/maven2/org/codehaus/mojo/animal-sniffer-parent/1.23/animal-sniffer-parent-1.23.pom]
Downloading https://repo.maven.apache.org/maven2/io/grpc/grpc-context/1.57.0/grpc-context-1.57.0.pom to /home/runner/.gradle/.tmp/gradle_download9198047330883676597bin
Downloading https://repo.maven.apache.org/maven2/org/codehaus/mojo/animal-sniffer-parent/1.23/animal-sniffer-parent-1.23.pom to /home/runner/.gradle/.tmp/gradle_download8258288645829599853bin
Resource missing. [HTTP GET: https://dl.google.com/dl/android/maven2/org/codehaus/mojo/mojo-parent/74/mojo-parent-74.pom]
Downloading https://repo.maven.apache.org/maven2/org/codehaus/mojo/mojo-parent/74/mojo-parent-74.pom to /home/runner/.gradle/.tmp/gradle_download2105206244843592922bin
Resource missing. [HTTP GET: https://dl.google.com/dl/android/maven2/org/junit/junit-bom/5.9.2/junit-bom-5.9.2.pom]
Downloading https://repo.maven.apache.org/maven2/org/junit/junit-bom/5.9.2/junit-bom-5.9.2.pom to /home/runner/.gradle/.tmp/gradle_download11353326454283838925bin
Downloading https://repo.maven.apache.org/maven2/org/junit/junit-bom/5.9.2/junit-bom-5.9.2.module to /home/runner/.gradle/.tmp/gradle_download17827077986101407125bin
Resource missing. [HTTP GET: https://dl.google.com/dl/android/maven2/io/netty/netty-handler-proxy/4.1.93.Final/netty-handler-proxy-4.1.93.Final.pom]
Resource missing. [HTTP GET: https://dl.google.com/dl/android/maven2/io/netty/netty-codec-http2/4.1.93.Final/netty-codec-http2-4.1.93.Final.pom]
Resource missing. [HTTP GET: https://dl.google.com/dl/android/maven2/io/netty/netty-transport-native-unix-common/4.1.93.Final/netty-transport-native-unix-common-4.1.93.Final.pom]
Downloading https://repo.maven.apache.org/maven2/io/netty/netty-handler-proxy/4.1.93.Final/netty-handler-proxy-4.1.93.Final.pom to /home/runner/.gradle/.tmp/gradle_download14214969105970809309bin
Downloading https://repo.maven.apache.org/maven2/io/netty/netty-codec-http2/4.1.93.Final/netty-codec-http2-4.1.93.Final.pom to /home/runner/.gradle/.tmp/gradle_download2956390878119875320bin
Resource missing. [HTTP GET: https://dl.google.com/dl/android/maven2/io/netty/netty-parent/4.1.93.Final/netty-parent-4.1.93.Final.pom]
Downloading https://repo.maven.apache.org/maven2/io/netty/netty-transport-native-unix-common/4.1.93.Final/netty-transport-native-unix-common-4.1.93.Final.pom to /home/runner/.gradle/.tmp/gradle_download624783667326380386bin
Downloading https://repo.maven.apache.org/maven2/io/netty/netty-parent/4.1.93.Final/netty-parent-4.1.93.Final.pom to /home/runner/.gradle/.tmp/gradle_download16277671229301348139bin
Resource missing. [HTTP GET: https://dl.google.com/dl/android/maven2/org/sonatype/oss/oss-parent/9/oss-parent-9.pom]
Downloading https://repo.maven.apache.org/maven2/org/sonatype/oss/oss-parent/9/oss-parent-9.pom to /home/runner/.gradle/.tmp/gradle_download13933257074873540066bin
Resource missing. [HTTP GET: https://dl.google.com/dl/android/maven2/com/google/api/grpc/proto-google-common-protos/2.17.0/proto-google-common-protos-2.17.0.pom]
Resource missing. [HTTP GET: https://dl.google.com/dl/android/maven2/io/grpc/grpc-protobuf-lite/1.57.0/grpc-protobuf-lite-1.57.0.pom]
Downloading https://repo.maven.apache.org/maven2/io/grpc/grpc-protobuf-lite/1.57.0/grpc-protobuf-lite-1.57.0.pom to /home/runner/.gradle/.tmp/gradle_download7036443436060163877bin
Downloading https://repo.maven.apache.org/maven2/com/google/api/grpc/proto-google-common-protos/2.17.0/proto-google-common-protos-2.17.0.pom to /home/runner/.gradle/.tmp/gradle_download1835345095997674383bin
Resource missing. [HTTP GET: https://dl.google.com/dl/android/maven2/org/checkerframework/checker-qual/2.5.8/checker-qual-2.5.8.pom]
Downloading https://repo.maven.apache.org/maven2/org/checkerframework/checker-qual/2.5.8/checker-qual-2.5.8.pom to /home/runner/.gradle/.tmp/gradle_download17785664306342457930bin
Resource missing. [HTTP GET: https://dl.google.com/dl/android/maven2/commons-codec/commons-codec/1.10/commons-codec-1.10.pom]
Downloading https://dl.google.com/dl/android/maven2/com/android/tools/analytics-library/tracker/31.7.3/tracker-31.7.3.pom to /home/runner/.gradle/.tmp/gradle_download15010104409292616380bin
Downloading https://dl.google.com/dl/android/maven2/com/android/signflinger/8.7.3/signflinger-8.7.3.pom to /home/runner/.gradle/.tmp/gradle_download748031092012241686bin
Downloading https://dl.google.com/dl/android/maven2/com/android/tools/build/manifest-merger/31.7.3/manifest-merger-31.7.3.pom to /home/runner/.gradle/.tmp/gradle_download12988312534543761524bin
Downloading https://dl.google.com/dl/android/maven2/com/android/tools/build/apksig/8.7.3/apksig-8.7.3.pom to /home/runner/.gradle/.tmp/gradle_download8424248367812530009bin
Downloading https://repo.maven.apache.org/maven2/commons-codec/commons-codec/1.10/commons-codec-1.10.pom to /home/runner/.gradle/.tmp/gradle_download15423628247728894578bin
Downloading https://dl.google.com/dl/android/maven2/com/android/zipflinger/8.7.3/zipflinger-8.7.3.pom to /home/runner/.gradle/.tmp/gradle_download3394523299163239491bin
Downloading https://dl.google.com/dl/android/maven2/com/android/tools/build/manifest-merger/31.7.3/manifest-merger-31.7.3.module to /home/runner/.gradle/.tmp/gradle_download1756256580199063763bin
Downloading https://dl.google.com/dl/android/maven2/com/android/tools/build/apkzlib/8.7.3/apkzlib-8.7.3.pom to /home/runner/.gradle/.tmp/gradle_download17410471576907973118bin
Resource missing. [HTTP GET: https://dl.google.com/dl/android/maven2/org/apache/commons/commons-parent/35/commons-parent-35.pom]
Resource missing. [HTTP GET: https://dl.google.com/dl/android/maven2/com/squareup/javawriter/2.5.0/javawriter-2.5.0.pom]
Downloading https://repo.maven.apache.org/maven2/com/squareup/javawriter/2.5.0/javawriter-2.5.0.pom to /home/runner/.gradle/.tmp/gradle_download811628614547873920bin
Downloading https://repo.maven.apache.org/maven2/org/apache/commons/commons-parent/35/commons-parent-35.pom to /home/runner/.gradle/.tmp/gradle_download327216985052772967bin
Resource missing. [HTTP GET: https://dl.google.com/dl/android/maven2/org/apache/apache/15/apache-15.pom]
Downloading https://repo.maven.apache.org/maven2/org/apache/apache/15/apache-15.pom to /home/runner/.gradle/.tmp/gradle_download151791208514007777bin
Resource missing. [HTTP GET: https://dl.google.com/dl/android/maven2/org/jetbrains/kotlin/kotlin-tooling-core/2.1.0/kotlin-tooling-core-2.1.0.pom]
Resource missing. [HTTP GET: https://dl.google.com/dl/android/maven2/org/jetbrains/kotlin/kotlin-gradle-plugin-annotations/2.1.0/kotlin-gradle-plugin-annotations-2.1.0.pom]
Downloading https://repo.maven.apache.org/maven2/org/jetbrains/kotlin/kotlin-gradle-plugin-annotations/2.1.0/kotlin-gradle-plugin-annotations-2.1.0.pom to /home/runner/.gradle/.tmp/gradle_download2638607227263061563bin
Downloading https://repo.maven.apache.org/maven2/org/jetbrains/kotlin/kotlin-tooling-core/2.1.0/kotlin-tooling-core-2.1.0.pom to /home/runner/.gradle/.tmp/gradle_download11187576666360973937bin
Resource missing. [HTTP GET: https://dl.google.com/dl/android/maven2/org/jetbrains/kotlin/kotlin-native-utils/2.1.0/kotlin-native-utils-2.1.0.pom]
Downloading https://repo.maven.apache.org/maven2/org/jetbrains/kotlin/kotlin-native-utils/2.1.0/kotlin-native-utils-2.1.0.pom to /home/runner/.gradle/.tmp/gradle_download5292255702152351501bin
Resource missing. [HTTP GET: https://dl.google.com/dl/android/maven2/org/jetbrains/kotlin/kotlin-build-tools-api/2.1.0/kotlin-build-tools-api-2.1.0.pom]
Downloading https://repo.maven.apache.org/maven2/org/jetbrains/kotlin/kotlin-build-tools-api/2.1.0/kotlin-build-tools-api-2.1.0.pom to /home/runner/.gradle/.tmp/gradle_download7867699862314812905bin
Resource missing. [HTTP GET: https://dl.google.com/dl/android/maven2/org/jetbrains/kotlin/kotlin-util-klib/2.1.0/kotlin-util-klib-2.1.0.pom]
Resource missing. [HTTP GET: https://dl.google.com/dl/android/maven2/org/jetbrains/kotlin/kotlin-util-io/2.1.0/kotlin-util-io-2.1.0.pom]
Downloading https://repo.maven.apache.org/maven2/org/jetbrains/kotlin/kotlin-util-io/2.1.0/kotlin-util-io-2.1.0.pom to /home/runner/.gradle/.tmp/gradle_download12779611082943612699bin
Downloading https://repo.maven.apache.org/maven2/org/jetbrains/kotlin/kotlin-util-klib/2.1.0/kotlin-util-klib-2.1.0.pom to /home/runner/.gradle/.tmp/gradle_download12900880585863833799bin
Resource missing. [HTTP GET: https://dl.google.com/dl/android/maven2/org/jetbrains/kotlin/kotlin-daemon-client/2.1.0/kotlin-daemon-client-2.1.0.pom]
Resource missing. [HTTP GET: https://dl.google.com/dl/android/maven2/org/jetbrains/kotlinx/kotlinx-coroutines-core-jvm/1.6.4/kotlinx-coroutines-core-jvm-1.6.4.pom]
Downloading https://repo.maven.apache.org/maven2/org/jetbrains/kotlin/kotlin-daemon-client/2.1.0/kotlin-daemon-client-2.1.0.pom to /home/runner/.gradle/.tmp/gradle_download8335661172758409437bin
Downloading https://repo.maven.apache.org/maven2/org/jetbrains/kotlinx/kotlinx-coroutines-core-jvm/1.6.4/kotlinx-coroutines-core-jvm-1.6.4.pom to /home/runner/.gradle/.tmp/gradle_download5937262543475211071bin
Resource missing. [HTTP GET: https://dl.google.com/dl/android/maven2/org/jetbrains/kotlinx/kotlinx-coroutines-bom/1.6.4/kotlinx-coroutines-bom-1.6.4.pom]
Downloading https://repo.maven.apache.org/maven2/org/jetbrains/kotlinx/kotlinx-coroutines-bom/1.6.4/kotlinx-coroutines-bom-1.6.4.pom to /home/runner/.gradle/.tmp/gradle_download5309540754988563407bin
Downloading https://repo.maven.apache.org/maven2/org/jetbrains/kotlinx/kotlinx-coroutines-core-jvm/1.6.4/kotlinx-coroutines-core-jvm-1.6.4.module to /home/runner/.gradle/.tmp/gradle_download14508901350293152903bin
Resource missing. [HTTP GET: https://dl.google.com/dl/android/maven2/org/checkerframework/checker-qual/3.33.0/checker-qual-3.33.0.pom]
Downloading https://repo.maven.apache.org/maven2/org/checkerframework/checker-qual/3.33.0/checker-qual-3.33.0.pom to /home/runner/.gradle/.tmp/gradle_download13972799422816833005bin
Downloading https://repo.maven.apache.org/maven2/org/checkerframework/checker-qual/3.33.0/checker-qual-3.33.0.module to /home/runner/.gradle/.tmp/gradle_download8401622328039688833bin
Resource missing. [HTTP GET: https://dl.google.com/dl/android/maven2/com/google/j2objc/j2objc-annotations/2.8/j2objc-annotations-2.8.pom]
Downloading https://repo.maven.apache.org/maven2/com/google/j2objc/j2objc-annotations/2.8/j2objc-annotations-2.8.pom to /home/runner/.gradle/.tmp/gradle_download1039520776067368138bin
Resource missing. [HTTP GET: https://dl.google.com/dl/android/maven2/com/google/guava/listenablefuture/9999.0-empty-to-avoid-conflict-with-guava/listenablefuture-9999.0-empty-to-avoid-conflict-with-guava.pom]
Resource missing. [HTTP GET: https://dl.google.com/dl/android/maven2/com/google/guava/failureaccess/1.0.1/failureaccess-1.0.1.pom]
Downloading https://repo.maven.apache.org/maven2/com/google/guava/failureaccess/1.0.1/failureaccess-1.0.1.pom to /home/runner/.gradle/.tmp/gradle_download18008948025351277692bin
Downloading https://repo.maven.apache.org/maven2/com/google/guava/listenablefuture/9999.0-empty-to-avoid-conflict-with-guava/listenablefuture-9999.0-empty-to-avoid-conflict-with-guava.pom to /home/runner/.gradle/.tmp/gradle_download15774697260119859942bin
Resource missing. [HTTP GET: https://dl.google.com/dl/android/maven2/com/google/guava/guava-parent/26.0-android/guava-parent-26.0-android.pom]
Downloading https://repo.maven.apache.org/maven2/com/google/guava/guava-parent/26.0-android/guava-parent-26.0-android.pom to /home/runner/.gradle/.tmp/gradle_download14660953508465567453bin
Resource missing. [HTTP GET: https://dl.google.com/dl/android/maven2/commons-codec/commons-codec/1.11/commons-codec-1.11.pom]
Downloading https://repo.maven.apache.org/maven2/commons-codec/commons-codec/1.11/commons-codec-1.11.pom to /home/runner/.gradle/.tmp/gradle_download2480636318891214470bin
Resource missing. [HTTP GET: https://dl.google.com/dl/android/maven2/org/apache/commons/commons-parent/42/commons-parent-42.pom]
Downloading https://repo.maven.apache.org/maven2/org/apache/commons/commons-parent/42/commons-parent-42.pom to /home/runner/.gradle/.tmp/gradle_download17913503613921550682bin
Resource missing. [HTTP GET: https://dl.google.com/dl/android/maven2/commons-logging/commons-logging/1.2/commons-logging-1.2.pom]
Downloading https://repo.maven.apache.org/maven2/commons-logging/commons-logging/1.2/commons-logging-1.2.pom to /home/runner/.gradle/.tmp/gradle_download7282327548705660139bin
Resource missing. [HTTP GET: https://dl.google.com/dl/android/maven2/org/apache/commons/commons-parent/34/commons-parent-34.pom]
Downloading https://repo.maven.apache.org/maven2/org/apache/commons/commons-parent/34/commons-parent-34.pom to /home/runner/.gradle/.tmp/gradle_download12985579517869656731bin
Resource missing. [HTTP GET: https://dl.google.com/dl/android/maven2/org/apache/apache/13/apache-13.pom]
Downloading https://repo.maven.apache.org/maven2/org/apache/apache/13/apache-13.pom to /home/runner/.gradle/.tmp/gradle_download8571701887018613691bin
Resource missing. [HTTP GET: https://dl.google.com/dl/android/maven2/net/java/dev/jna/jna/5.6.0/jna-5.6.0.pom]
Downloading https://repo.maven.apache.org/maven2/net/java/dev/jna/jna/5.6.0/jna-5.6.0.pom to /home/runner/.gradle/.tmp/gradle_download15135963982311304005bin
Resource missing. [HTTP GET: https://dl.google.com/dl/android/maven2/io/netty/netty-transport/4.1.93.Final/netty-transport-4.1.93.Final.pom]
Resource missing. [HTTP GET: https://dl.google.com/dl/android/maven2/io/netty/netty-buffer/4.1.93.Final/netty-buffer-4.1.93.Final.pom]
Downloading https://repo.maven.apache.org/maven2/io/netty/netty-transport/4.1.93.Final/netty-transport-4.1.93.Final.pom to /home/runner/.gradle/.tmp/gradle_download11654624587064057276bin
Resource missing. [HTTP GET: https://dl.google.com/dl/android/maven2/io/netty/netty-common/4.1.93.Final/netty-common-4.1.93.Final.pom]
Resource missing. [HTTP GET: https://dl.google.com/dl/android/maven2/io/netty/netty-codec/4.1.93.Final/netty-codec-4.1.93.Final.pom]
Downloading https://repo.maven.apache.org/maven2/io/netty/netty-buffer/4.1.93.Final/netty-buffer-4.1.93.Final.pom to /home/runner/.gradle/.tmp/gradle_download8782985129714246906bin
Resource missing. [HTTP GET: https://dl.google.com/dl/android/maven2/io/netty/netty-handler/4.1.93.Final/netty-handler-4.1.93.Final.pom]
Downloading https://repo.maven.apache.org/maven2/io/netty/netty-codec/4.1.93.Final/netty-codec-4.1.93.Final.pom to /home/runner/.gradle/.tmp/gradle_download8063969984360818198bin
Downloading https://repo.maven.apache.org/maven2/io/netty/netty-common/4.1.93.Final/netty-common-4.1.93.Final.pom to /home/runner/.gradle/.tmp/gradle_download5269732177724306999bin
Resource missing. [HTTP GET: https://dl.google.com/dl/android/maven2/io/netty/netty-codec-http/4.1.93.Final/netty-codec-http-4.1.93.Final.pom]
Downloading https://repo.maven.apache.org/maven2/io/netty/netty-handler/4.1.93.Final/netty-handler-4.1.93.Final.pom to /home/runner/.gradle/.tmp/gradle_download10313107606798623060bin
Downloading https://repo.maven.apache.org/maven2/io/netty/netty-codec-http/4.1.93.Final/netty-codec-http-4.1.93.Final.pom to /home/runner/.gradle/.tmp/gradle_download5139191777231217336bin
Resource missing. [HTTP GET: https://dl.google.com/dl/android/maven2/io/netty/netty-codec-socks/4.1.93.Final/netty-codec-socks-4.1.93.Final.pom]
Downloading https://repo.maven.apache.org/maven2/io/netty/netty-codec-socks/4.1.93.Final/netty-codec-socks-4.1.93.Final.pom to /home/runner/.gradle/.tmp/gradle_download12097676586665827092bin
Resource missing. [HTTP GET: https://dl.google.com/dl/android/maven2/io/netty/netty-resolver/4.1.93.Final/netty-resolver-4.1.93.Final.pom]
Downloading https://repo.maven.apache.org/maven2/io/netty/netty-resolver/4.1.93.Final/netty-resolver-4.1.93.Final.pom to /home/runner/.gradle/.tmp/gradle_download13594101351858866179bin
Downloading https://dl.google.com/dl/android/maven2/com/android/tools/build/gradle-settings-api/8.7.3/gradle-settings-api-8.7.3.jar to /home/runner/.gradle/.tmp/gradle_download5143037533170761997bin
Downloading https://dl.google.com/dl/android/maven2/com/android/tools/lint/lint-model/31.7.3/lint-model-31.7.3.jar to /home/runner/.gradle/.tmp/gradle_download16924541573237776725bin
Downloading https://dl.google.com/dl/android/maven2/com/android/tools/build/builder/8.7.3/builder-8.7.3.jar to /home/runner/.gradle/.tmp/gradle_download2339986629310925197bin
Downloading https://dl.google.com/dl/android/maven2/com/android/tools/build/manifest-merger/31.7.3/manifest-merger-31.7.3.jar to /home/runner/.gradle/.tmp/gradle_download17245660585866824667bin
Downloading https://dl.google.com/dl/android/maven2/com/android/tools/sdk-common/31.7.3/sdk-common-31.7.3.jar to /home/runner/.gradle/.tmp/gradle_download9203610638276207907bin
Downloading https://dl.google.com/dl/android/maven2/com/android/tools/sdklib/31.7.3/sdklib-31.7.3.jar to /home/runner/.gradle/.tmp/gradle_download15123899486780219369bin
Downloading https://dl.google.com/dl/android/maven2/com/android/tools/build/gradle/8.7.3/gradle-8.7.3.jar to /home/runner/.gradle/.tmp/gradle_download369362409832081282bin
Downloading https://dl.google.com/dl/android/maven2/com/android/tools/repository/31.7.3/repository-31.7.3.jar to /home/runner/.gradle/.tmp/gradle_download4222327229020773754bin
Downloading https://dl.google.com/dl/android/maven2/com/android/tools/build/aaptcompiler/8.7.3/aaptcompiler-8.7.3.jar to /home/runner/.gradle/.tmp/gradle_download15512340841486075005bin
Downloading https://dl.google.com/dl/android/maven2/com/android/tools/analytics-library/tracker/31.7.3/tracker-31.7.3.jar to /home/runner/.gradle/.tmp/gradle_download6844145315096029006bin
Downloading https://dl.google.com/dl/android/maven2/com/android/tools/analytics-library/shared/31.7.3/shared-31.7.3.jar to /home/runner/.gradle/.tmp/gradle_download12182654202226372391bin
Downloading https://dl.google.com/dl/android/maven2/androidx/databinding/databinding-compiler-common/8.7.3/databinding-compiler-common-8.7.3.jar to /home/runner/.gradle/.tmp/gradle_download4160171785461737035bin
Downloading https://dl.google.com/dl/android/maven2/com/android/tools/utp/android-test-plugin-host-emulator-control-proto/31.7.3/android-test-plugin-host-emulator-control-proto-31.7.3.jar to /home/runner/.gradle/.tmp/gradle_download3780516075315835650bin
Downloading https://dl.google.com/dl/android/maven2/com/android/tools/utp/android-test-plugin-host-retention-proto/31.7.3/android-test-plugin-host-retention-proto-31.7.3.jar to /home/runner/.gradle/.tmp/gradle_download11162142004654648696bin
Downloading https://dl.google.com/dl/android/maven2/com/android/tools/build/builder-model/8.7.3/builder-model-8.7.3.jar to /home/runner/.gradle/.tmp/gradle_download2639830815455156703bin
Downloading https://dl.google.com/dl/android/maven2/com/android/tools/build/gradle-api/8.7.3/gradle-api-8.7.3.jar to /home/runner/.gradle/.tmp/gradle_download8348858969671248973bin
Downloading https://dl.google.com/dl/android/maven2/com/android/tools/build/builder-test-api/8.7.3/builder-test-api-8.7.3.jar to /home/runner/.gradle/.tmp/gradle_download18026624565002647443bin
Downloading https://dl.google.com/dl/android/maven2/com/android/tools/ddms/ddmlib/31.7.3/ddmlib-31.7.3.jar to /home/runner/.gradle/.tmp/gradle_download17674058312214174546bin
Downloading https://dl.google.com/dl/android/maven2/com/android/tools/layoutlib/layoutlib-api/31.7.3/layoutlib-api-31.7.3.jar to /home/runner/.gradle/.tmp/gradle_download3062670719482380581bin
Downloading https://dl.google.com/dl/android/maven2/com/android/tools/common/31.7.3/common-31.7.3.jar to /home/runner/.gradle/.tmp/gradle_download14836387256045066675bin
Downloading https://dl.google.com/dl/android/maven2/com/android/tools/dvlib/31.7.3/dvlib-31.7.3.jar to /home/runner/.gradle/.tmp/gradle_download2299209560029203657bin
Downloading https://repo.maven.apache.org/maven2/org/jetbrains/kotlin/kotlin-stdlib-jdk8/1.9.20/kotlin-stdlib-jdk8-1.9.20.jar to /home/runner/.gradle/.tmp/gradle_download614149968386672905bin
Downloading https://dl.google.com/dl/android/maven2/com/android/tools/build/jetifier/jetifier-processor/1.0.0-beta10/jetifier-processor-1.0.0-beta10.jar to /home/runner/.gradle/.tmp/gradle_download18295894802038883178bin
Downloading https://dl.google.com/dl/android/maven2/com/android/tools/build/jetifier/jetifier-core/1.0.0-beta10/jetifier-core-1.0.0-beta10.jar to /home/runner/.gradle/.tmp/gradle_download15899946383779287127bin
Downloading https://repo.maven.apache.org/maven2/org/jetbrains/kotlin/kotlin-reflect/2.0.20/kotlin-reflect-2.0.20.jar to /home/runner/.gradle/.tmp/gradle_download2863242626094198449bin
Downloading https://repo.maven.apache.org/maven2/org/jetbrains/kotlin/kotlin-stdlib-jdk7/1.9.20/kotlin-stdlib-jdk7-1.9.20.jar to /home/runner/.gradle/.tmp/gradle_download2974985002638434142bin
Downloading https://repo.maven.apache.org/maven2/org/jetbrains/kotlin/kotlin-stdlib/2.0.20/kotlin-stdlib-2.0.20.jar to /home/runner/.gradle/.tmp/gradle_download6605152064858125962bin
Downloading https://repo.maven.apache.org/maven2/org/jetbrains/annotations/13.0/annotations-13.0.jar to /home/runner/.gradle/.tmp/gradle_download7948797032159610084bin
Downloading https://repo.maven.apache.org/maven2/org/jetbrains/kotlin/kotlin-gradle-plugin-model/2.1.0/kotlin-gradle-plugin-model-2.1.0.jar to /home/runner/.gradle/.tmp/gradle_download2055323134375681949bin
Downloading https://repo.maven.apache.org/maven2/org/jetbrains/kotlin/kotlin-gradle-plugin-api/2.1.0/kotlin-gradle-plugin-api-2.1.0-gradle85.jar to /home/runner/.gradle/.tmp/gradle_download6064111175869484018bin
Downloading https://repo.maven.apache.org/maven2/org/jetbrains/kotlin/kotlin-gradle-plugin/2.1.0/kotlin-gradle-plugin-2.1.0-gradle85.jar to /home/runner/.gradle/.tmp/gradle_download14194639703900927077bin
Downloading https://repo.maven.apache.org/maven2/org/jetbrains/kotlin/kotlin-gradle-plugin-api/2.1.0/kotlin-gradle-plugin-api-2.1.0.jar to /home/runner/.gradle/.tmp/gradle_download9984636951461327690bin
Downloading https://repo.maven.apache.org/maven2/org/jetbrains/kotlin/compose-compiler-gradle-plugin/2.1.0/compose-compiler-gradle-plugin-2.1.0-gradle85.jar to /home/runner/.gradle/.tmp/gradle_download11886307001851961725bin
Downloading https://dl.google.com/dl/android/maven2/com/android/tools/build/aapt2-proto/8.7.3-12006047/aapt2-proto-8.7.3-12006047.jar to /home/runner/.gradle/.tmp/gradle_download11450302861743688669bin
Downloading https://dl.google.com/dl/android/maven2/com/android/tools/build/bundletool/1.17.1/bundletool-1.17.1.jar to /home/runner/.gradle/.tmp/gradle_download6082079844108673580bin
Downloading https://dl.google.com/dl/android/maven2/com/android/tools/analytics-library/crash/31.7.3/crash-31.7.3.jar to /home/runner/.gradle/.tmp/gradle_download8570842980682446213bin
Downloading https://dl.google.com/dl/android/maven2/androidx/databinding/databinding-common/8.7.3/databinding-common-8.7.3.jar to /home/runner/.gradle/.tmp/gradle_download3216369700456981873bin
Downloading https://dl.google.com/dl/android/maven2/com/android/tools/lint/lint-typedef-remover/31.7.3/lint-typedef-remover-31.7.3.jar to /home/runner/.gradle/.tmp/gradle_download6175245990103519983bin
Downloading https://dl.google.com/dl/android/maven2/com/android/databinding/baseLibrary/8.7.3/baseLibrary-8.7.3.jar to /home/runner/.gradle/.tmp/gradle_download1737410177720701931bin
Downloading https://dl.google.com/dl/android/maven2/com/android/tools/utp/android-device-provider-ddmlib-proto/31.7.3/android-device-provider-ddmlib-proto-31.7.3.jar to /home/runner/.gradle/.tmp/gradle_download3117091940029572000bin
Downloading https://dl.google.com/dl/android/maven2/com/android/tools/utp/android-device-provider-gradle-proto/31.7.3/android-device-provider-gradle-proto-31.7.3.jar to /home/runner/.gradle/.tmp/gradle_download10745268097419939341bin
Downloading https://dl.google.com/dl/android/maven2/com/android/tools/utp/android-device-provider-profile-proto/31.7.3/android-device-provider-profile-proto-31.7.3.jar to /home/runner/.gradle/.tmp/gradle_download7723754877395921990bin
Downloading https://dl.google.com/dl/android/maven2/com/android/tools/utp/android-test-plugin-host-additional-test-output-proto/31.7.3/android-test-plugin-host-additional-test-output-proto-31.7.3.jar to /home/runner/.gradle/.tmp/gradle_download11399758927985491276bin
Downloading https://dl.google.com/dl/android/maven2/com/android/tools/utp/android-test-plugin-host-coverage-proto/31.7.3/android-test-plugin-host-coverage-proto-31.7.3.jar to /home/runner/.gradle/.tmp/gradle_download2910938229738865799bin
Downloading https://dl.google.com/dl/android/maven2/com/android/tools/utp/android-test-plugin-host-logcat-proto/31.7.3/android-test-plugin-host-logcat-proto-31.7.3.jar to /home/runner/.gradle/.tmp/gradle_download17362580801292144623bin
Downloading https://dl.google.com/dl/android/maven2/com/android/tools/utp/android-test-plugin-host-apk-installer-proto/31.7.3/android-test-plugin-host-apk-installer-proto-31.7.3.jar to /home/runner/.gradle/.tmp/gradle_download14487954733973914721bin
Downloading https://dl.google.com/dl/android/maven2/com/android/tools/utp/android-test-plugin-result-listener-gradle-proto/31.7.3/android-test-plugin-result-listener-gradle-proto-31.7.3.jar to /home/runner/.gradle/.tmp/gradle_download13060459596806960430bin
Downloading https://dl.google.com/dl/android/maven2/com/android/tools/build/transform-api/2.0.0-deprecated-use-gradle-api/transform-api-2.0.0-deprecated-use-gradle-api.jar to /home/runner/.gradle/.tmp/gradle_download4181100181719121389bin
Downloading https://repo.maven.apache.org/maven2/commons-io/commons-io/2.13.0/commons-io-2.13.0.jar to /home/runner/.gradle/.tmp/gradle_download15257660425373958678bin
Downloading https://repo.maven.apache.org/maven2/org/apache/httpcomponents/httpmime/4.5.6/httpmime-4.5.6.jar to /home/runner/.gradle/.tmp/gradle_download18348659578874029543bin
Downloading https://repo.maven.apache.org/maven2/org/ow2/asm/asm-commons/9.6/asm-commons-9.6.jar to /home/runner/.gradle/.tmp/gradle_download16545209351327669440bin
Downloading https://repo.maven.apache.org/maven2/org/ow2/asm/asm-analysis/9.6/asm-analysis-9.6.jar to /home/runner/.gradle/.tmp/gradle_download7469865246910702372bin
Downloading https://repo.maven.apache.org/maven2/org/ow2/asm/asm-tree/9.6/asm-tree-9.6.jar to /home/runner/.gradle/.tmp/gradle_download4217493086634151658bin
Downloading https://repo.maven.apache.org/maven2/org/ow2/asm/asm-util/9.6/asm-util-9.6.jar to /home/runner/.gradle/.tmp/gradle_download13628726534738390510bin
Downloading https://repo.maven.apache.org/maven2/org/ow2/asm/asm/9.6/asm-9.6.jar to /home/runner/.gradle/.tmp/gradle_download12331681517611273326bin
Downloading https://dl.google.com/dl/android/maven2/com/android/tools/build/apkzlib/8.7.3/apkzlib-8.7.3.jar to /home/runner/.gradle/.tmp/gradle_download3696268116405142724bin
Downloading https://repo.maven.apache.org/maven2/org/bouncycastle/bcpkix-jdk18on/1.77/bcpkix-jdk18on-1.77.jar to /home/runner/.gradle/.tmp/gradle_download5275533101608924291bin
Downloading https://repo.maven.apache.org/maven2/org/glassfish/jaxb/jaxb-runtime/2.3.2/jaxb-runtime-2.3.2.jar to /home/runner/.gradle/.tmp/gradle_download517307792050372328bin
Downloading https://repo.maven.apache.org/maven2/net/sf/jopt-simple/jopt-simple/4.9/jopt-simple-4.9.jar to /home/runner/.gradle/.tmp/gradle_download7634356143969734409bin
Downloading https://repo.maven.apache.org/maven2/com/squareup/javapoet/1.10.0/javapoet-1.10.0.jar to /home/runner/.gradle/.tmp/gradle_download8377796839856835347bin
Downloading https://repo.maven.apache.org/maven2/com/google/crypto/tink/tink/1.7.0/tink-1.7.0.jar to /home/runner/.gradle/.tmp/gradle_download13839966922553765858bin
Downloading https://repo.maven.apache.org/maven2/io/grpc/grpc-protobuf/1.57.0/grpc-protobuf-1.57.0.jar to /home/runner/.gradle/.tmp/gradle_download18077119755955746134bin
Downloading https://repo.maven.apache.org/maven2/com/google/protobuf/protobuf-java-util/3.22.3/protobuf-java-util-3.22.3.jar to /home/runner/.gradle/.tmp/gradle_download5493442405904271318bin
Downloading https://dl.google.com/dl/android/maven2/com/android/tools/analytics-library/protos/31.7.3/protos-31.7.3.jar to /home/runner/.gradle/.tmp/gradle_download504454417181424827bin
Downloading https://repo.maven.apache.org/maven2/com/google/api/grpc/proto-google-common-protos/2.17.0/proto-google-common-protos-2.17.0.jar to /home/runner/.gradle/.tmp/gradle_download6859979652378921663bin
Downloading https://repo.maven.apache.org/maven2/io/grpc/grpc-netty/1.57.0/grpc-netty-1.57.0.jar to /home/runner/.gradle/.tmp/gradle_download5737293824763720959bin
Downloading https://repo.maven.apache.org/maven2/com/google/protobuf/protobuf-java/3.22.3/protobuf-java-3.22.3.jar to /home/runner/.gradle/.tmp/gradle_download13031643009605335109bin
Downloading https://repo.maven.apache.org/maven2/io/grpc/grpc-core/1.57.0/grpc-core-1.57.0.jar to /home/runner/.gradle/.tmp/gradle_download543582722224018515bin
Downloading https://repo.maven.apache.org/maven2/org/jetbrains/kotlin/kotlin-build-statistics/2.1.0/kotlin-build-statistics-2.1.0.jar to /home/runner/.gradle/.tmp/gradle_download17550535867389091564bin
Downloading https://repo.maven.apache.org/maven2/com/google/code/gson/gson/2.10.1/gson-2.10.1.jar to /home/runner/.gradle/.tmp/gradle_download9961799921240930698bin
Downloading https://repo.maven.apache.org/maven2/io/grpc/grpc-stub/1.57.0/grpc-stub-1.57.0.jar to /home/runner/.gradle/.tmp/gradle_download11810807638367165314bin
Downloading https://dl.google.com/dl/android/maven2/com/google/testing/platform/core-proto/0.0.9-alpha02/core-proto-0.0.9-alpha02.jar to /home/runner/.gradle/.tmp/gradle_download7990135873991312999bin
Downloading https://repo.maven.apache.org/maven2/org/tensorflow/tensorflow-lite-metadata/0.1.0-rc2/tensorflow-lite-metadata-0.1.0-rc2.jar to /home/runner/.gradle/.tmp/gradle_download4674644788821924369bin
Downloading https://repo.maven.apache.org/maven2/org/jetbrains/kotlin/kotlin-gradle-plugin-idea-proto/2.1.0/kotlin-gradle-plugin-idea-proto-2.1.0.jar to /home/runner/.gradle/.tmp/gradle_download15965642894858578691bin
Downloading https://repo.maven.apache.org/maven2/org/jetbrains/kotlin/kotlin-gradle-plugin-idea/2.1.0/kotlin-gradle-plugin-idea-2.1.0.jar to /home/runner/.gradle/.tmp/gradle_download1005489926057885065bin
Downloading https://repo.maven.apache.org/maven2/com/google/flatbuffers/flatbuffers-java/1.12.0/flatbuffers-java-1.12.0.jar to /home/runner/.gradle/.tmp/gradle_download4391462013300188415bin
Downloading https://repo.maven.apache.org/maven2/org/jetbrains/kotlin/kotlin-klib-commonizer-api/2.1.0/kotlin-klib-commonizer-api-2.1.0.jar to /home/runner/.gradle/.tmp/gradle_download13274686910505927149bin
Downloading https://repo.maven.apache.org/maven2/org/jetbrains/kotlin/kotlin-util-klib-metadata/2.1.0/kotlin-util-klib-metadata-2.1.0.jar to /home/runner/.gradle/.tmp/gradle_download5121385427715457425bin
Downloading https://repo.maven.apache.org/maven2/org/jetbrains/kotlin/kotlin-compiler-runner/2.1.0/kotlin-compiler-runner-2.1.0.jar to /home/runner/.gradle/.tmp/gradle_download15773518446422858088bin
Downloading https://repo.maven.apache.org/maven2/com/google/jimfs/jimfs/1.1/jimfs-1.1.jar to /home/runner/.gradle/.tmp/gradle_download18159531821471672578bin
Downloading https://repo.maven.apache.org/maven2/io/grpc/grpc-context/1.57.0/grpc-context-1.57.0.jar to /home/runner/.gradle/.tmp/gradle_download11131300894041317870bin
Downloading https://repo.maven.apache.org/maven2/io/grpc/grpc-protobuf-lite/1.57.0/grpc-protobuf-lite-1.57.0.jar to /home/runner/.gradle/.tmp/gradle_download5345562260417825755bin
Downloading https://repo.maven.apache.org/maven2/com/google/guava/guava/32.0.1-jre/guava-32.0.1-jre.jar to /home/runner/.gradle/.tmp/gradle_download18276960397894160066bin
Downloading https://repo.maven.apache.org/maven2/com/google/dagger/dagger/2.28.3/dagger-2.28.3.jar to /home/runner/.gradle/.tmp/gradle_download2393957346237850386bin
Downloading https://repo.maven.apache.org/maven2/javax/inject/javax.inject/1/javax.inject-1.jar to /home/runner/.gradle/.tmp/gradle_download18367420280566049908bin
Downloading https://repo.maven.apache.org/maven2/io/grpc/grpc-api/1.57.0/grpc-api-1.57.0.jar to /home/runner/.gradle/.tmp/gradle_download11996131013783429247bin
Downloading https://repo.maven.apache.org/maven2/net/sf/kxml/kxml2/2.3.0/kxml2-2.3.0.jar to /home/runner/.gradle/.tmp/gradle_download4336715498357199581bin
Downloading https://repo.maven.apache.org/maven2/org/bouncycastle/bcutil-jdk18on/1.77/bcutil-jdk18on-1.77.jar to /home/runner/.gradle/.tmp/gradle_download497487690638052577bin
Downloading https://repo.maven.apache.org/maven2/org/apache/commons/commons-compress/1.21/commons-compress-1.21.jar to /home/runner/.gradle/.tmp/gradle_download6553597966010447319bin
Downloading https://repo.maven.apache.org/maven2/org/jetbrains/intellij/deps/trove4j/1.0.20200330/trove4j-1.0.20200330.jar to /home/runner/.gradle/.tmp/gradle_download4575938663215322254bin
Downloading https://repo.maven.apache.org/maven2/org/apache/httpcomponents/httpclient/4.5.14/httpclient-4.5.14.jar to /home/runner/.gradle/.tmp/gradle_download3210679029892362193bin
Downloading https://repo.maven.apache.org/maven2/org/bouncycastle/bcprov-jdk18on/1.77/bcprov-jdk18on-1.77.jar to /home/runner/.gradle/.tmp/gradle_download9875408052547751523bin
Downloading https://repo.maven.apache.org/maven2/com/sun/activation/javax.activation/1.2.0/javax.activation-1.2.0.jar to /home/runner/.gradle/.tmp/gradle_download11550942453271208255bin
Downloading https://repo.maven.apache.org/maven2/org/apache/httpcomponents/httpcore/4.4.16/httpcore-4.4.16.jar to /home/runner/.gradle/.tmp/gradle_download16667797224152806465bin
Downloading https://dl.google.com/dl/android/maven2/com/android/signflinger/8.7.3/signflinger-8.7.3.jar to /home/runner/.gradle/.tmp/gradle_download8490860960412628279bin
Downloading https://dl.google.com/dl/android/maven2/com/android/zipflinger/8.7.3/zipflinger-8.7.3.jar to /home/runner/.gradle/.tmp/gradle_download8978603713616200898bin
Downloading https://dl.google.com/dl/android/maven2/com/android/tools/annotations/31.7.3/annotations-31.7.3.jar to /home/runner/.gradle/.tmp/gradle_download2311256036370191339bin
Downloading https://repo.maven.apache.org/maven2/net/java/dev/jna/jna-platform/5.6.0/jna-platform-5.6.0.jar to /home/runner/.gradle/.tmp/gradle_download759216679420442410bin
Downloading https://repo.maven.apache.org/maven2/com/googlecode/juniversalchardet/juniversalchardet/1.0.3/juniversalchardet-1.0.3.jar to /home/runner/.gradle/.tmp/gradle_download10308747707295759517bin
Downloading https://repo.maven.apache.org/maven2/javax/annotation/javax.annotation-api/1.3.2/javax.annotation-api-1.3.2.jar to /home/runner/.gradle/.tmp/gradle_download16634596719462131308bin
Downloading https://repo.maven.apache.org/maven2/org/glassfish/jaxb/txw2/2.3.2/txw2-2.3.2.jar to /home/runner/.gradle/.tmp/gradle_download17049543840559995624bin
Downloading https://repo.maven.apache.org/maven2/com/sun/istack/istack-commons-runtime/3.0.8/istack-commons-runtime-3.0.8.jar to /home/runner/.gradle/.tmp/gradle_download10080676678557689193bin
Downloading https://repo.maven.apache.org/maven2/jakarta/xml/bind/jakarta.xml.bind-api/2.3.2/jakarta.xml.bind-api-2.3.2.jar to /home/runner/.gradle/.tmp/gradle_download9693476387189641250bin
Downloading https://repo.maven.apache.org/maven2/jakarta/activation/jakarta.activation-api/1.2.1/jakarta.activation-api-1.2.1.jar to /home/runner/.gradle/.tmp/gradle_download14705167671995680667bin
Downloading https://repo.maven.apache.org/maven2/com/google/auto/value/auto-value-annotations/1.6.2/auto-value-annotations-1.6.2.jar to /home/runner/.gradle/.tmp/gradle_download1172031517749889916bin
Downloading https://repo.maven.apache.org/maven2/com/sun/xml/fastinfoset/FastInfoset/1.2.16/FastInfoset-1.2.16.jar to /home/runner/.gradle/.tmp/gradle_download10706505416385458022bin
Downloading https://repo.maven.apache.org/maven2/org/jvnet/staxex/stax-ex/1.8.1/stax-ex-1.8.1.jar to /home/runner/.gradle/.tmp/gradle_download12301290684365363682bin
Downloading https://repo.maven.apache.org/maven2/com/google/errorprone/error_prone_annotations/2.18.0/error_prone_annotations-2.18.0.jar to /home/runner/.gradle/.tmp/gradle_download3452809887965983348bin
Downloading https://repo.maven.apache.org/maven2/org/slf4j/slf4j-api/1.7.30/slf4j-api-1.7.30.jar to /home/runner/.gradle/.tmp/gradle_download14552693615274762899bin
Downloading https://repo.maven.apache.org/maven2/org/bitbucket/b_c/jose4j/0.9.5/jose4j-0.9.5.jar to /home/runner/.gradle/.tmp/gradle_download1534364310712365169bin
Downloading https://repo.maven.apache.org/maven2/org/jdom/jdom2/2.0.6/jdom2-2.0.6.jar to /home/runner/.gradle/.tmp/gradle_download13221936788829107162bin
Downloading https://repo.maven.apache.org/maven2/com/google/code/findbugs/jsr305/3.0.2/jsr305-3.0.2.jar to /home/runner/.gradle/.tmp/gradle_download15721080229609963999bin
Downloading https://repo.maven.apache.org/maven2/com/google/j2objc/j2objc-annotations/2.8/j2objc-annotations-2.8.jar to /home/runner/.gradle/.tmp/gradle_download10316977518427382443bin
Downloading https://repo.maven.apache.org/maven2/com/google/android/annotations/4.1.1.4/annotations-4.1.1.4.jar to /home/runner/.gradle/.tmp/gradle_download16887656193350566730bin
Downloading https://repo.maven.apache.org/maven2/io/perfmark/perfmark-api/0.26.0/perfmark-api-0.26.0.jar to /home/runner/.gradle/.tmp/gradle_download1424515315056518367bin
Downloading https://repo.maven.apache.org/maven2/io/netty/netty-codec-http2/4.1.93.Final/netty-codec-http2-4.1.93.Final.jar to /home/runner/.gradle/.tmp/gradle_download11311546170561611814bin
Downloading https://repo.maven.apache.org/maven2/io/netty/netty-handler-proxy/4.1.93.Final/netty-handler-proxy-4.1.93.Final.jar to /home/runner/.gradle/.tmp/gradle_download8223348705190187706bin
Downloading https://repo.maven.apache.org/maven2/org/codehaus/mojo/animal-sniffer-annotations/1.23/animal-sniffer-annotations-1.23.jar to /home/runner/.gradle/.tmp/gradle_download6701457383797488374bin
Downloading https://repo.maven.apache.org/maven2/io/netty/netty-codec-http/4.1.93.Final/netty-codec-http-4.1.93.Final.jar to /home/runner/.gradle/.tmp/gradle_download7638665599129103bin
Downloading https://repo.maven.apache.org/maven2/io/netty/netty-handler/4.1.93.Final/netty-handler-4.1.93.Final.jar to /home/runner/.gradle/.tmp/gradle_download3839360513534397973bin
Downloading https://repo.maven.apache.org/maven2/org/checkerframework/checker-qual/3.33.0/checker-qual-3.33.0.jar to /home/runner/.gradle/.tmp/gradle_download941769542132178215bin
Downloading https://repo.maven.apache.org/maven2/commons-codec/commons-codec/1.11/commons-codec-1.11.jar to /home/runner/.gradle/.tmp/gradle_download1675455327771695656bin
Downloading https://repo.maven.apache.org/maven2/io/netty/netty-transport-native-unix-common/4.1.93.Final/netty-transport-native-unix-common-4.1.93.Final.jar to /home/runner/.gradle/.tmp/gradle_download14874972813915558530bin
Downloading https://dl.google.com/dl/android/maven2/com/android/tools/build/apksig/8.7.3/apksig-8.7.3.jar to /home/runner/.gradle/.tmp/gradle_download18019769128780357277bin
Downloading https://repo.maven.apache.org/maven2/org/jetbrains/kotlin/kotlin-native-utils/2.1.0/kotlin-native-utils-2.1.0.jar to /home/runner/.gradle/.tmp/gradle_download8542942149693865603bin
Downloading https://repo.maven.apache.org/maven2/com/squareup/javawriter/2.5.0/javawriter-2.5.0.jar to /home/runner/.gradle/.tmp/gradle_download9297157586723972501bin
Downloading https://repo.maven.apache.org/maven2/org/jetbrains/kotlin/kotlin-gradle-plugin-annotations/2.1.0/kotlin-gradle-plugin-annotations-2.1.0.jar to /home/runner/.gradle/.tmp/gradle_download12541316681551095865bin
Downloading https://repo.maven.apache.org/maven2/org/jetbrains/kotlin/kotlin-build-tools-api/2.1.0/kotlin-build-tools-api-2.1.0.jar to /home/runner/.gradle/.tmp/gradle_download7877907259562644275bin
Downloading https://repo.maven.apache.org/maven2/org/jetbrains/kotlin/kotlin-tooling-core/2.1.0/kotlin-tooling-core-2.1.0.jar to /home/runner/.gradle/.tmp/gradle_download808035913914586838bin
Downloading https://repo.maven.apache.org/maven2/org/jetbrains/kotlin/kotlin-util-io/2.1.0/kotlin-util-io-2.1.0.jar to /home/runner/.gradle/.tmp/gradle_download9370266800193317311bin
Downloading https://repo.maven.apache.org/maven2/org/jetbrains/kotlin/kotlin-util-klib/2.1.0/kotlin-util-klib-2.1.0.jar to /home/runner/.gradle/.tmp/gradle_download17610901239148133694bin
Downloading https://repo.maven.apache.org/maven2/org/jetbrains/kotlin/kotlin-daemon-client/2.1.0/kotlin-daemon-client-2.1.0.jar to /home/runner/.gradle/.tmp/gradle_download14575789035029410276bin
Downloading https://repo.maven.apache.org/maven2/org/jetbrains/kotlinx/kotlinx-coroutines-core-jvm/1.6.4/kotlinx-coroutines-core-jvm-1.6.4.jar to /home/runner/.gradle/.tmp/gradle_download6047171526460004599bin
Downloading https://repo.maven.apache.org/maven2/com/google/guava/failureaccess/1.0.1/failureaccess-1.0.1.jar to /home/runner/.gradle/.tmp/gradle_download9511529625479433780bin
Downloading https://repo.maven.apache.org/maven2/com/google/guava/listenablefuture/9999.0-empty-to-avoid-conflict-with-guava/listenablefuture-9999.0-empty-to-avoid-conflict-with-guava.jar to /home/runner/.gradle/.tmp/gradle_download13478401315883265371bin
Downloading https://repo.maven.apache.org/maven2/commons-logging/commons-logging/1.2/commons-logging-1.2.jar to /home/runner/.gradle/.tmp/gradle_download1786878934550071082bin
Downloading https://repo.maven.apache.org/maven2/io/netty/netty-codec-socks/4.1.93.Final/netty-codec-socks-4.1.93.Final.jar to /home/runner/.gradle/.tmp/gradle_download9239743672054439220bin
Downloading https://repo.maven.apache.org/maven2/net/java/dev/jna/jna/5.6.0/jna-5.6.0.jar to /home/runner/.gradle/.tmp/gradle_download1928260479719952055bin
Downloading https://repo.maven.apache.org/maven2/io/netty/netty-codec/4.1.93.Final/netty-codec-4.1.93.Final.jar to /home/runner/.gradle/.tmp/gradle_download4173365251571611935bin
Downloading https://repo.maven.apache.org/maven2/io/netty/netty-transport/4.1.93.Final/netty-transport-4.1.93.Final.jar to /home/runner/.gradle/.tmp/gradle_download4359548400008567299bin
Downloading https://repo.maven.apache.org/maven2/io/netty/netty-buffer/4.1.93.Final/netty-buffer-4.1.93.Final.jar to /home/runner/.gradle/.tmp/gradle_download7001991283839787809bin
Downloading https://repo.maven.apache.org/maven2/io/netty/netty-resolver/4.1.93.Final/netty-resolver-4.1.93.Final.jar to /home/runner/.gradle/.tmp/gradle_download8295927444662128977bin
Downloading https://repo.maven.apache.org/maven2/io/netty/netty-common/4.1.93.Final/netty-common-4.1.93.Final.jar to /home/runner/.gradle/.tmp/gradle_download9468754271137177785bin
Transforming gradle-8.7.3.jar (com.android.tools.build:gradle:8.7.3) with InstrumentationAnalysisTransform
Transforming gradle-settings-api-8.7.3.jar (com.android.tools.build:gradle-settings-api:8.7.3) with InstrumentationAnalysisTransform
Transforming lint-model-31.7.3.jar (com.android.tools.lint:lint-model:31.7.3) with InstrumentationAnalysisTransform
Transforming builder-8.7.3.jar (com.android.tools.build:builder:8.7.3) with InstrumentationAnalysisTransform
Caching disabled for InstrumentationAnalysisTransform: /home/runner/.gradle/caches/modules-2/files-2.1/com.android.tools.lint/lint-model/31.7.3/97083bcf1d06633487523abd3e340ea216e988d2/lint-model-31.7.3.jar because:
  Build cache is disabled
  Caching not enabled.
Caching disabled for InstrumentationAnalysisTransform: /home/runner/.gradle/caches/modules-2/files-2.1/com.android.tools.build/gradle-settings-api/8.7.3/4ff585b83bf1443f3e96f9d833458d19b29bdce3/gradle-settings-api-8.7.3.jar because:
  Build cache is disabled
  Caching not enabled.
Caching disabled for InstrumentationAnalysisTransform: /home/runner/.gradle/caches/modules-2/files-2.1/com.android.tools.build/gradle/8.7.3/557c0eaed243df7b293d8b1f2c252d97fcc71dda/gradle-8.7.3.jar because:
  Build cache is disabled
  Caching not enabled.
Transforming manifest-merger-31.7.3.jar (com.android.tools.build:manifest-merger:31.7.3) with InstrumentationAnalysisTransform
Transforming sdk-common-31.7.3.jar (com.android.tools:sdk-common:31.7.3) with InstrumentationAnalysisTransform
Transforming sdklib-31.7.3.jar (com.android.tools:sdklib:31.7.3) with InstrumentationAnalysisTransform
Caching disabled for InstrumentationAnalysisTransform: /home/runner/.gradle/caches/modules-2/files-2.1/com.android.tools.build/builder/8.7.3/8d3e529cc87e89552433c8337bd0b616ef545fa1/builder-8.7.3.jar because:
  Build cache is disabled
  Caching not enabled.
Caching disabled for InstrumentationAnalysisTransform: /home/runner/.gradle/caches/modules-2/files-2.1/com.android.tools.build/manifest-merger/31.7.3/d0489e76e4eb785336317add6b65d57b928a429/manifest-merger-31.7.3.jar because:
  Build cache is disabled
  Caching not enabled.
Transforming repository-31.7.3.jar (com.android.tools:repository:31.7.3) with InstrumentationAnalysisTransform
Transforming aaptcompiler-8.7.3.jar (com.android.tools.build:aaptcompiler:8.7.3) with InstrumentationAnalysisTransform
Transforming tracker-31.7.3.jar (com.android.tools.analytics-library:tracker:31.7.3) with InstrumentationAnalysisTransform
Transforming shared-31.7.3.jar (com.android.tools.analytics-library:shared:31.7.3) with InstrumentationAnalysisTransform
Transforming databinding-compiler-common-8.7.3.jar (androidx.databinding:databinding-compiler-common:8.7.3) with InstrumentationAnalysisTransform
Transforming android-test-plugin-host-emulator-control-proto-31.7.3.jar (com.android.tools.utp:android-test-plugin-host-emulator-control-proto:31.7.3) with InstrumentationAnalysisTransform
Transforming android-test-plugin-host-retention-proto-31.7.3.jar (com.android.tools.utp:android-test-plugin-host-retention-proto:31.7.3) with InstrumentationAnalysisTransform
Transforming builder-model-8.7.3.jar (com.android.tools.build:builder-model:8.7.3) with InstrumentationAnalysisTransform
Transforming gradle-api-8.7.3.jar (com.android.tools.build:gradle-api:8.7.3) with InstrumentationAnalysisTransform
Transforming builder-test-api-8.7.3.jar (com.android.tools.build:builder-test-api:8.7.3) with InstrumentationAnalysisTransform
Transforming ddmlib-31.7.3.jar (com.android.tools.ddms:ddmlib:31.7.3) with InstrumentationAnalysisTransform
Transforming layoutlib-api-31.7.3.jar (com.android.tools.layoutlib:layoutlib-api:31.7.3) with InstrumentationAnalysisTransform
Transforming dvlib-31.7.3.jar (com.android.tools:dvlib:31.7.3) with InstrumentationAnalysisTransform
Transforming common-31.7.3.jar (com.android.tools:common:31.7.3) with InstrumentationAnalysisTransform
Transforming kotlin-stdlib-jdk8-1.9.20.jar (org.jetbrains.kotlin:kotlin-stdlib-jdk8:1.9.20) with InstrumentationAnalysisTransform
Caching disabled for InstrumentationAnalysisTransform: /home/runner/.gradle/caches/modules-2/files-2.1/com.android.tools/sdk-common/31.7.3/d17c3d28724a5f3e90a5ae053714627b740ff80c/sdk-common-31.7.3.jar because:
  Build cache is disabled
  Caching not enabled.
Transforming jetifier-processor-1.0.0-beta10.jar (com.android.tools.build.jetifier:jetifier-processor:1.0.0-beta10) with InstrumentationAnalysisTransform
Transforming jetifier-core-1.0.0-beta10.jar (com.android.tools.build.jetifier:jetifier-core:1.0.0-beta10) with InstrumentationAnalysisTransform
Transforming kotlin-reflect-2.0.20.jar (org.jetbrains.kotlin:kotlin-reflect:2.0.20) with InstrumentationAnalysisTransform
Transforming kotlin-stdlib-jdk7-1.9.20.jar (org.jetbrains.kotlin:kotlin-stdlib-jdk7:1.9.20) with InstrumentationAnalysisTransform
Transforming kotlin-stdlib-2.0.20.jar (org.jetbrains.kotlin:kotlin-stdlib:2.0.20) with InstrumentationAnalysisTransform
Transforming annotations-13.0.jar (org.jetbrains:annotations:13.0) with InstrumentationAnalysisTransform
Transforming kotlin-gradle-plugin-model-2.1.0.jar (org.jetbrains.kotlin:kotlin-gradle-plugin-model:2.1.0) with InstrumentationAnalysisTransform
Transforming kotlin-gradle-plugin-api-2.1.0.jar (org.jetbrains.kotlin:kotlin-gradle-plugin-api:2.1.0) with InstrumentationAnalysisTransform
Transforming kotlin-gradle-plugin-api-2.1.0-gradle85.jar (org.jetbrains.kotlin:kotlin-gradle-plugin-api:2.1.0) with InstrumentationAnalysisTransform
Transforming compose-compiler-gradle-plugin-2.1.0-gradle85.jar (org.jetbrains.kotlin:compose-compiler-gradle-plugin:2.1.0) with InstrumentationAnalysisTransform
Transforming kotlin-gradle-plugin-2.1.0-gradle85.jar (org.jetbrains.kotlin:kotlin-gradle-plugin:2.1.0) with InstrumentationAnalysisTransform
Caching disabled for InstrumentationAnalysisTransform: /home/runner/.gradle/caches/modules-2/files-2.1/com.android.tools/sdklib/31.7.3/adb7cac2ab282100e2b8b6d66b997a69ed06adf/sdklib-31.7.3.jar because:
  Build cache is disabled
  Caching not enabled.
Transforming bundletool-1.17.1.jar (com.android.tools.build:bundletool:1.17.1) with InstrumentationAnalysisTransform
Transforming aapt2-proto-8.7.3-12006047.jar (com.android.tools.build:aapt2-proto:8.7.3-12006047) with InstrumentationAnalysisTransform
Transforming crash-31.7.3.jar (com.android.tools.analytics-library:crash:31.7.3) with InstrumentationAnalysisTransform
Transforming lint-typedef-remover-31.7.3.jar (com.android.tools.lint:lint-typedef-remover:31.7.3) with InstrumentationAnalysisTransform
Transforming databinding-common-8.7.3.jar (androidx.databinding:databinding-common:8.7.3) with InstrumentationAnalysisTransform
Transforming baseLibrary-8.7.3.jar (com.android.databinding:baseLibrary:8.7.3) with InstrumentationAnalysisTransform
Transforming android-device-provider-ddmlib-proto-31.7.3.jar (com.android.tools.utp:android-device-provider-ddmlib-proto:31.7.3) with InstrumentationAnalysisTransform
Transforming android-device-provider-gradle-proto-31.7.3.jar (com.android.tools.utp:android-device-provider-gradle-proto:31.7.3) with InstrumentationAnalysisTransform
Transforming android-device-provider-profile-proto-31.7.3.jar (com.android.tools.utp:android-device-provider-profile-proto:31.7.3) with InstrumentationAnalysisTransform
Transforming android-test-plugin-host-additional-test-output-proto-31.7.3.jar (com.android.tools.utp:android-test-plugin-host-additional-test-output-proto:31.7.3) with InstrumentationAnalysisTransform
Transforming android-test-plugin-host-coverage-proto-31.7.3.jar (com.android.tools.utp:android-test-plugin-host-coverage-proto:31.7.3) with InstrumentationAnalysisTransform
Transforming android-test-plugin-host-logcat-proto-31.7.3.jar (com.android.tools.utp:android-test-plugin-host-logcat-proto:31.7.3) with InstrumentationAnalysisTransform
Caching disabled for InstrumentationAnalysisTransform: /home/runner/.gradle/caches/modules-2/files-2.1/com.android.tools/repository/31.7.3/97e2e59d682d3f40706ec140f74e784bca0dc6dc/repository-31.7.3.jar because:
  Build cache is disabled
  Caching not enabled.
Transforming android-test-plugin-host-apk-installer-proto-31.7.3.jar (com.android.tools.utp:android-test-plugin-host-apk-installer-proto:31.7.3) with InstrumentationAnalysisTransform
Transforming android-test-plugin-result-listener-gradle-proto-31.7.3.jar (com.android.tools.utp:android-test-plugin-result-listener-gradle-proto:31.7.3) with InstrumentationAnalysisTransform
Transforming transform-api-2.0.0-deprecated-use-gradle-api.jar (com.android.tools.build:transform-api:2.0.0-deprecated-use-gradle-api) with InstrumentationAnalysisTransform
Transforming httpmime-4.5.6.jar (org.apache.httpcomponents:httpmime:4.5.6) with InstrumentationAnalysisTransform
Transforming commons-io-2.13.0.jar (commons-io:commons-io:2.13.0) with InstrumentationAnalysisTransform
Transforming asm-commons-9.6.jar (org.ow2.asm:asm-commons:9.6) with InstrumentationAnalysisTransform
Transforming asm-util-9.6.jar (org.ow2.asm:asm-util:9.6) with InstrumentationAnalysisTransform
Transforming asm-analysis-9.6.jar (org.ow2.asm:asm-analysis:9.6) with InstrumentationAnalysisTransform
Transforming asm-tree-9.6.jar (org.ow2.asm:asm-tree:9.6) with InstrumentationAnalysisTransform
Transforming asm-9.6.jar (org.ow2.asm:asm:9.6) with InstrumentationAnalysisTransform
Transforming apkzlib-8.7.3.jar (com.android.tools.build:apkzlib:8.7.3) with InstrumentationAnalysisTransform
Transforming bcpkix-jdk18on-1.77.jar (org.bouncycastle:bcpkix-jdk18on:1.77) with InstrumentationAnalysisTransform
Transforming jaxb-runtime-2.3.2.jar (org.glassfish.jaxb:jaxb-runtime:2.3.2) with InstrumentationAnalysisTransform
Transforming jopt-simple-4.9.jar (net.sf.jopt-simple:jopt-simple:4.9) with InstrumentationAnalysisTransform
Transforming javapoet-1.10.0.jar (com.squareup:javapoet:1.10.0) with InstrumentationAnalysisTransform
Caching disabled for InstrumentationAnalysisTransform: /home/runner/.gradle/caches/modules-2/files-2.1/com.android.tools.build/aaptcompiler/8.7.3/899fa2a76cb7447343d3701de123186b65d63e92/aaptcompiler-8.7.3.jar because:
  Build cache is disabled
  Caching not enabled.
Transforming protobuf-java-util-3.22.3.jar (com.google.protobuf:protobuf-java-util:3.22.3) with InstrumentationAnalysisTransform
Transforming grpc-protobuf-1.57.0.jar (io.grpc:grpc-protobuf:1.57.0) with InstrumentationAnalysisTransform
Transforming tink-1.7.0.jar (com.google.crypto.tink:tink:1.7.0) with InstrumentationAnalysisTransform
Transforming protos-31.7.3.jar (com.android.tools.analytics-library:protos:31.7.3) with InstrumentationAnalysisTransform
Caching disabled for InstrumentationAnalysisTransform: /home/runner/.gradle/caches/modules-2/files-2.1/com.android.tools.analytics-library/tracker/31.7.3/4f92e4165dc453485633b1461e1b822451484000/tracker-31.7.3.jar because:
  Build cache is disabled
  Caching not enabled.
Transforming proto-google-common-protos-2.17.0.jar (com.google.api.grpc:proto-google-common-protos:2.17.0) with InstrumentationAnalysisTransform
Caching disabled for InstrumentationAnalysisTransform: /home/runner/.gradle/caches/modules-2/files-2.1/com.android.tools.analytics-library/shared/31.7.3/c7741b6bc45fcd3e0bb9dc82739a84273922fb05/shared-31.7.3.jar because:
  Build cache is disabled
  Caching not enabled.
Transforming protobuf-java-3.22.3.jar (com.google.protobuf:protobuf-java:3.22.3) with InstrumentationAnalysisTransform
Transforming grpc-netty-1.57.0.jar (io.grpc:grpc-netty:1.57.0) with InstrumentationAnalysisTransform
Transforming grpc-core-1.57.0.jar (io.grpc:grpc-core:1.57.0) with InstrumentationAnalysisTransform
Transforming kotlin-build-statistics-2.1.0.jar (org.jetbrains.kotlin:kotlin-build-statistics:2.1.0) with InstrumentationAnalysisTransform
Caching disabled for InstrumentationAnalysisTransform: /home/runner/.gradle/caches/modules-2/files-2.1/androidx.databinding/databinding-compiler-common/8.7.3/72f4e6aa81b849277d5601b88a4c94b4ac73d3a2/databinding-compiler-common-8.7.3.jar because:
  Build cache is disabled
  Caching not enabled.
Transforming gson-2.10.1.jar (com.google.code.gson:gson:2.10.1) with InstrumentationAnalysisTransform
Transforming grpc-stub-1.57.0.jar (io.grpc:grpc-stub:1.57.0) with InstrumentationAnalysisTransform
Transforming core-proto-0.0.9-alpha02.jar (com.google.testing.platform:core-proto:0.0.9-alpha02) with InstrumentationAnalysisTransform
Transforming tensorflow-lite-metadata-0.1.0-rc2.jar (org.tensorflow:tensorflow-lite-metadata:0.1.0-rc2) with InstrumentationAnalysisTransform
Transforming flatbuffers-java-1.12.0.jar (com.google.flatbuffers:flatbuffers-java:1.12.0) with InstrumentationAnalysisTransform
Transforming kotlin-gradle-plugin-idea-proto-2.1.0.jar (org.jetbrains.kotlin:kotlin-gradle-plugin-idea-proto:2.1.0) with InstrumentationAnalysisTransform
Transforming kotlin-gradle-plugin-idea-2.1.0.jar (org.jetbrains.kotlin:kotlin-gradle-plugin-idea:2.1.0) with InstrumentationAnalysisTransform
Transforming kotlin-klib-commonizer-api-2.1.0.jar (org.jetbrains.kotlin:kotlin-klib-commonizer-api:2.1.0) with InstrumentationAnalysisTransform
Transforming kotlin-util-klib-metadata-2.1.0.jar (org.jetbrains.kotlin:kotlin-util-klib-metadata:2.1.0) with InstrumentationAnalysisTransform
Transforming kotlin-compiler-runner-2.1.0.jar (org.jetbrains.kotlin:kotlin-compiler-runner:2.1.0) with InstrumentationAnalysisTransform
Transforming jimfs-1.1.jar (com.google.jimfs:jimfs:1.1) with InstrumentationAnalysisTransform
Transforming grpc-context-1.57.0.jar (io.grpc:grpc-context:1.57.0) with InstrumentationAnalysisTransform
Transforming grpc-protobuf-lite-1.57.0.jar (io.grpc:grpc-protobuf-lite:1.57.0) with InstrumentationAnalysisTransform
Transforming grpc-api-1.57.0.jar (io.grpc:grpc-api:1.57.0) with InstrumentationAnalysisTransform
Transforming guava-32.0.1-jre.jar (com.google.guava:guava:32.0.1-jre) with InstrumentationAnalysisTransform
Transforming dagger-2.28.3.jar (com.google.dagger:dagger:2.28.3) with InstrumentationAnalysisTransform
Transforming javax.inject-1.jar (javax.inject:javax.inject:1) with InstrumentationAnalysisTransform
Transforming kxml2-2.3.0.jar (net.sf.kxml:kxml2:2.3.0) with InstrumentationAnalysisTransform
Transforming bcutil-jdk18on-1.77.jar (org.bouncycastle:bcutil-jdk18on:1.77) with InstrumentationAnalysisTransform
Transforming bcprov-jdk18on-1.77.jar (org.bouncycastle:bcprov-jdk18on:1.77) with InstrumentationAnalysisTransform
Caching disabled for InstrumentationAnalysisTransform: /home/runner/.gradle/caches/modules-2/files-2.1/com.android.tools.utp/android-test-plugin-host-emulator-control-proto/31.7.3/faaddb0258a839e6ab89fe2acbe20ce29b403b43/android-test-plugin-host-emulator-control-proto-31.7.3.jar because:
  Build cache is disabled
  Caching not enabled.
Caching disabled for InstrumentationAnalysisTransform: /home/runner/.gradle/caches/modules-2/files-2.1/com.android.tools.utp/android-test-plugin-host-retention-proto/31.7.3/8ef946d4477f3b40b3bcb7d151131483b6d77d67/android-test-plugin-host-retention-proto-31.7.3.jar because:
  Build cache is disabled
  Caching not enabled.
Caching disabled for InstrumentationAnalysisTransform: /home/runner/.gradle/caches/modules-2/files-2.1/com.android.tools.build/builder-model/8.7.3/149bea893f64cd61fe89b519550bf779e4314e94/builder-model-8.7.3.jar because:
  Build cache is disabled
  Caching not enabled.
Transforming trove4j-1.0.20200330.jar (org.jetbrains.intellij.deps:trove4j:1.0.20200330) with InstrumentationAnalysisTransform
Transforming commons-compress-1.21.jar (org.apache.commons:commons-compress:1.21) with InstrumentationAnalysisTransform
Transforming httpclient-4.5.14.jar (org.apache.httpcomponents:httpclient:4.5.14) with InstrumentationAnalysisTransform
Transforming httpcore-4.4.16.jar (org.apache.httpcomponents:httpcore:4.4.16) with InstrumentationAnalysisTransform
Transforming javax.activation-1.2.0.jar (com.sun.activation:javax.activation:1.2.0) with InstrumentationAnalysisTransform
Transforming signflinger-8.7.3.jar (com.android:signflinger:8.7.3) with InstrumentationAnalysisTransform
Transforming zipflinger-8.7.3.jar (com.android:zipflinger:8.7.3) with InstrumentationAnalysisTransform
Caching disabled for InstrumentationAnalysisTransform: /home/runner/.gradle/caches/modules-2/files-2.1/com.android.tools.build/gradle-api/8.7.3/7b90ce26dc62c0748b6de923ed76c50a91ab9b26/gradle-api-8.7.3.jar because:
  Build cache is disabled
  Caching not enabled.
Transforming annotations-31.7.3.jar (com.android.tools:annotations:31.7.3) with InstrumentationAnalysisTransform
Transforming jna-platform-5.6.0.jar (net.java.dev.jna:jna-platform:5.6.0) with InstrumentationAnalysisTransform
Transforming juniversalchardet-1.0.3.jar (com.googlecode.juniversalchardet:juniversalchardet:1.0.3) with InstrumentationAnalysisTransform
Transforming javax.annotation-api-1.3.2.jar (javax.annotation:javax.annotation-api:1.3.2) with InstrumentationAnalysisTransform
Caching disabled for InstrumentationAnalysisTransform: /home/runner/.gradle/caches/modules-2/files-2.1/com.android.tools.build/builder-test-api/8.7.3/bed86f7492b4df193e3dd0217ea622c9fdb232d2/builder-test-api-8.7.3.jar because:
  Build cache is disabled
  Caching not enabled.
Transforming stax-ex-1.8.1.jar (org.jvnet.staxex:stax-ex:1.8.1) with InstrumentationAnalysisTransform
Transforming jakarta.xml.bind-api-2.3.2.jar (jakarta.xml.bind:jakarta.xml.bind-api:2.3.2) with InstrumentationAnalysisTransform
Transforming txw2-2.3.2.jar (org.glassfish.jaxb:txw2:2.3.2) with InstrumentationAnalysisTransform
Transforming istack-commons-runtime-3.0.8.jar (com.sun.istack:istack-commons-runtime:3.0.8) with InstrumentationAnalysisTransform
Transforming FastInfoset-1.2.16.jar (com.sun.xml.fastinfoset:FastInfoset:1.2.16) with InstrumentationAnalysisTransform
Transforming jakarta.activation-api-1.2.1.jar (jakarta.activation:jakarta.activation-api:1.2.1) with InstrumentationAnalysisTransform
Transforming auto-value-annotations-1.6.2.jar (com.google.auto.value:auto-value-annotations:1.6.2) with InstrumentationAnalysisTransform
Transforming error_prone_annotations-2.18.0.jar (com.google.errorprone:error_prone_annotations:2.18.0) with InstrumentationAnalysisTransform
Caching disabled for InstrumentationAnalysisTransform: /home/runner/.gradle/caches/modules-2/files-2.1/com.android.tools.ddms/ddmlib/31.7.3/525b44de6936a7c487095652f014d0bfc84bb9ad/ddmlib-31.7.3.jar because:
  Build cache is disabled
  Caching not enabled.
Transforming jose4j-0.9.5.jar (org.bitbucket.b_c:jose4j:0.9.5) with InstrumentationAnalysisTransform
Transforming slf4j-api-1.7.30.jar (org.slf4j:slf4j-api:1.7.30) with InstrumentationAnalysisTransform
Caching disabled for InstrumentationAnalysisTransform: /home/runner/.gradle/caches/modules-2/files-2.1/com.android.tools.layoutlib/layoutlib-api/31.7.3/6abada4555fa60825ea5f353443a7e561445c4f0/layoutlib-api-31.7.3.jar because:
  Build cache is disabled
  Caching not enabled.
Transforming jdom2-2.0.6.jar (org.jdom:jdom2:2.0.6) with InstrumentationAnalysisTransform
Transforming jsr305-3.0.2.jar (com.google.code.findbugs:jsr305:3.0.2) with InstrumentationAnalysisTransform
Transforming j2objc-annotations-2.8.jar (com.google.j2objc:j2objc-annotations:2.8) with InstrumentationAnalysisTransform
Transforming annotations-4.1.1.4.jar (com.google.android:annotations:4.1.1.4) with InstrumentationAnalysisTransform
Transforming animal-sniffer-annotations-1.23.jar (org.codehaus.mojo:animal-sniffer-annotations:1.23) with InstrumentationAnalysisTransform
Transforming perfmark-api-0.26.0.jar (io.perfmark:perfmark-api:0.26.0) with InstrumentationAnalysisTransform
Transforming netty-codec-http2-4.1.93.Final.jar (io.netty:netty-codec-http2:4.1.93.Final) with InstrumentationAnalysisTransform
Transforming netty-handler-proxy-4.1.93.Final.jar (io.netty:netty-handler-proxy:4.1.93.Final) with InstrumentationAnalysisTransform
Transforming netty-codec-http-4.1.93.Final.jar (io.netty:netty-codec-http:4.1.93.Final) with InstrumentationAnalysisTransform
Transforming netty-handler-4.1.93.Final.jar (io.netty:netty-handler:4.1.93.Final) with InstrumentationAnalysisTransform
Transforming netty-transport-native-unix-common-4.1.93.Final.jar (io.netty:netty-transport-native-unix-common:4.1.93.Final) with InstrumentationAnalysisTransform
Transforming checker-qual-3.33.0.jar (org.checkerframework:checker-qual:3.33.0) with InstrumentationAnalysisTransform
Caching disabled for InstrumentationAnalysisTransform: /home/runner/.gradle/caches/modules-2/files-2.1/com.android.tools/dvlib/31.7.3/2632b8524a1f8673e394f5e8477172884d90ed3f/dvlib-31.7.3.jar because:
  Build cache is disabled
  Caching not enabled.
Transforming commons-codec-1.11.jar (commons-codec:commons-codec:1.11) with InstrumentationAnalysisTransform
Transforming apksig-8.7.3.jar (com.android.tools.build:apksig:8.7.3) with InstrumentationAnalysisTransform
Transforming javawriter-2.5.0.jar (com.squareup:javawriter:2.5.0) with InstrumentationAnalysisTransform
Transforming kotlin-gradle-plugin-annotations-2.1.0.jar (org.jetbrains.kotlin:kotlin-gradle-plugin-annotations:2.1.0) with InstrumentationAnalysisTransform
Transforming kotlin-native-utils-2.1.0.jar (org.jetbrains.kotlin:kotlin-native-utils:2.1.0) with InstrumentationAnalysisTransform
Caching disabled for InstrumentationAnalysisTransform: /home/runner/.gradle/caches/modules-2/files-2.1/com.android.tools/common/31.7.3/c3df7b51ee1a72acf051e0e5efbeb8023fb4ea57/common-31.7.3.jar because:
  Build cache is disabled
  Caching not enabled.
Transforming kotlin-tooling-core-2.1.0.jar (org.jetbrains.kotlin:kotlin-tooling-core:2.1.0) with InstrumentationAnalysisTransform
Transforming kotlin-build-tools-api-2.1.0.jar (org.jetbrains.kotlin:kotlin-build-tools-api:2.1.0) with InstrumentationAnalysisTransform
Transforming kotlin-util-klib-2.1.0.jar (org.jetbrains.kotlin:kotlin-util-klib:2.1.0) with InstrumentationAnalysisTransform
Transforming kotlin-util-io-2.1.0.jar (org.jetbrains.kotlin:kotlin-util-io:2.1.0) with InstrumentationAnalysisTransform
Transforming kotlin-daemon-client-2.1.0.jar (org.jetbrains.kotlin:kotlin-daemon-client:2.1.0) with InstrumentationAnalysisTransform
Transforming kotlinx-coroutines-core-jvm-1.6.4.jar (org.jetbrains.kotlinx:kotlinx-coroutines-core-jvm:1.6.4) with InstrumentationAnalysisTransform
Caching disabled for InstrumentationAnalysisTransform: /home/runner/.gradle/caches/modules-2/files-2.1/org.jetbrains.kotlin/kotlin-stdlib-jdk8/1.9.20/e2b4d1f475ae0606d063a84fce4dccdb45c7e12a/kotlin-stdlib-jdk8-1.9.20.jar because:
  Build cache is disabled
  Caching not enabled.
Transforming failureaccess-1.0.1.jar (com.google.guava:failureaccess:1.0.1) with InstrumentationAnalysisTransform
Transforming listenablefuture-9999.0-empty-to-avoid-conflict-with-guava.jar (com.google.guava:listenablefuture:9999.0-empty-to-avoid-conflict-with-guava) with InstrumentationAnalysisTransform
Transforming commons-logging-1.2.jar (commons-logging:commons-logging:1.2) with InstrumentationAnalysisTransform
Transforming jna-5.6.0.jar (net.java.dev.jna:jna:5.6.0) with InstrumentationAnalysisTransform
Transforming netty-codec-socks-4.1.93.Final.jar (io.netty:netty-codec-socks:4.1.93.Final) with InstrumentationAnalysisTransform
Transforming netty-codec-4.1.93.Final.jar (io.netty:netty-codec:4.1.93.Final) with InstrumentationAnalysisTransform
Caching disabled for InstrumentationAnalysisTransform: /home/runner/.gradle/caches/modules-2/files-2.1/com.android.tools.build.jetifier/jetifier-processor/1.0.0-beta10/946c39eb0c052ff4f60a8939648a8b99af20d604/jetifier-processor-1.0.0-beta10.jar because:
  Build cache is disabled
  Caching not enabled.
Transforming netty-transport-4.1.93.Final.jar (io.netty:netty-transport:4.1.93.Final) with InstrumentationAnalysisTransform
Transforming netty-buffer-4.1.93.Final.jar (io.netty:netty-buffer:4.1.93.Final) with InstrumentationAnalysisTransform
Transforming netty-resolver-4.1.93.Final.jar (io.netty:netty-resolver:4.1.93.Final) with InstrumentationAnalysisTransform
Transforming netty-common-4.1.93.Final.jar (io.netty:netty-common:4.1.93.Final) with InstrumentationAnalysisTransform
Caching disabled for InstrumentationAnalysisTransform: /home/runner/.gradle/caches/modules-2/files-2.1/com.android.tools.build.jetifier/jetifier-core/1.0.0-beta10/6e621022a9c95af12a7004d6b55805bbd1126837/jetifier-core-1.0.0-beta10.jar because:
  Build cache is disabled
  Caching not enabled.
Caching disabled for InstrumentationAnalysisTransform: /home/runner/.gradle/caches/modules-2/files-2.1/org.jetbrains.kotlin/kotlin-reflect/2.0.20/580c610641d75b6448825cbe455a1ded220e148b/kotlin-reflect-2.0.20.jar because:
  Build cache is disabled
  Caching not enabled.
Caching disabled for InstrumentationAnalysisTransform: /home/runner/.gradle/caches/modules-2/files-2.1/org.jetbrains.kotlin/kotlin-stdlib-jdk7/1.9.20/8b4b73f4e08efaae93fc01d8c6eaab58a72d2ab3/kotlin-stdlib-jdk7-1.9.20.jar because:
  Build cache is disabled
  Caching not enabled.
Caching disabled for InstrumentationAnalysisTransform: /home/runner/.gradle/caches/modules-2/files-2.1/org.jetbrains/annotations/13.0/919f0dfe192fb4e063e7dacadee7f8bb9a2672a9/annotations-13.0.jar because:
  Build cache is disabled
  Caching not enabled.
Caching disabled for InstrumentationAnalysisTransform: /home/runner/.gradle/caches/modules-2/files-2.1/org.jetbrains.kotlin/kotlin-stdlib/2.0.20/7388d355f7cceb002cd387ccb7ab3850e4e0a07f/kotlin-stdlib-2.0.20.jar because:
  Build cache is disabled
  Caching not enabled.
Caching disabled for InstrumentationAnalysisTransform: /home/runner/.gradle/caches/modules-2/files-2.1/org.jetbrains.kotlin/kotlin-gradle-plugin-model/2.1.0/26371147deb7b95e33bee53f3be7354af6c4fe7c/kotlin-gradle-plugin-model-2.1.0.jar because:
  Build cache is disabled
  Caching not enabled.
Caching disabled for InstrumentationAnalysisTransform: /home/runner/.gradle/caches/modules-2/files-2.1/org.jetbrains.kotlin/kotlin-gradle-plugin-api/2.1.0/3d61c5c520b7e6f562d78b16f7b64c2608088ae7/kotlin-gradle-plugin-api-2.1.0.jar because:
  Build cache is disabled
  Caching not enabled.
Caching disabled for InstrumentationAnalysisTransform: /home/runner/.gradle/caches/modules-2/files-2.1/org.jetbrains.kotlin/kotlin-gradle-plugin-api/2.1.0/3d61c5c520b7e6f562d78b16f7b64c2608088ae7/kotlin-gradle-plugin-api-2.1.0-gradle85.jar because:
  Build cache is disabled
  Caching not enabled.
Caching disabled for InstrumentationAnalysisTransform: /home/runner/.gradle/caches/modules-2/files-2.1/org.jetbrains.kotlin/compose-compiler-gradle-plugin/2.1.0/2913efd22b0a2450f73f41e040287ba360549bdd/compose-compiler-gradle-plugin-2.1.0-gradle85.jar because:
  Build cache is disabled
  Caching not enabled.
Caching disabled for InstrumentationAnalysisTransform: /home/runner/.gradle/caches/modules-2/files-2.1/org.jetbrains.kotlin/kotlin-gradle-plugin/2.1.0/43b225a353673533d9b523667983ee0276baf947/kotlin-gradle-plugin-2.1.0-gradle85.jar because:
  Build cache is disabled
  Caching not enabled.
Caching disabled for InstrumentationAnalysisTransform: /home/runner/.gradle/caches/modules-2/files-2.1/com.android.tools.build/bundletool/1.17.1/267feb0f9bcff527cdf35a3544d77ad4d3e636dd/bundletool-1.17.1.jar because:
  Build cache is disabled
  Caching not enabled.
Caching disabled for InstrumentationAnalysisTransform: /home/runner/.gradle/caches/modules-2/files-2.1/com.android.tools.build/aapt2-proto/8.7.3-12006047/605bc2d642e5812469ff0333df1b65ead289ccd8/aapt2-proto-8.7.3-12006047.jar because:
  Build cache is disabled
  Caching not enabled.
Caching disabled for InstrumentationAnalysisTransform: /home/runner/.gradle/caches/modules-2/files-2.1/com.android.tools.analytics-library/crash/31.7.3/80c9f1f06e8d48d60fa91f4db811cf863e13c67f/crash-31.7.3.jar because:
  Build cache is disabled
  Caching not enabled.
Caching disabled for InstrumentationAnalysisTransform: /home/runner/.gradle/caches/modules-2/files-2.1/com.android.tools.lint/lint-typedef-remover/31.7.3/644ab9b8a697ba83702c4e32eaaf95c504e1a522/lint-typedef-remover-31.7.3.jar because:
  Build cache is disabled
  Caching not enabled.
Caching disabled for InstrumentationAnalysisTransform: /home/runner/.gradle/caches/modules-2/files-2.1/androidx.databinding/databinding-common/8.7.3/2be3530b78477835e69dce953b17adc1dbc5c6fa/databinding-common-8.7.3.jar because:
  Build cache is disabled
  Caching not enabled.
Caching disabled for InstrumentationAnalysisTransform: /home/runner/.gradle/caches/modules-2/files-2.1/com.android.databinding/baseLibrary/8.7.3/7e7399239e52d4069896277615e005add7ae8e5a/baseLibrary-8.7.3.jar because:
  Build cache is disabled
  Caching not enabled.
Caching disabled for InstrumentationAnalysisTransform: /home/runner/.gradle/caches/modules-2/files-2.1/com.android.tools.utp/android-device-provider-ddmlib-proto/31.7.3/732647a1df2d9405dbbc944ccb1a9153d7dc3e3a/android-device-provider-ddmlib-proto-31.7.3.jar because:
  Build cache is disabled
  Caching not enabled.
Caching disabled for InstrumentationAnalysisTransform: /home/runner/.gradle/caches/modules-2/files-2.1/com.android.tools.utp/android-device-provider-gradle-proto/31.7.3/9f4923a6c0e213f00c1cc31720d1535f2d8517fe/android-device-provider-gradle-proto-31.7.3.jar because:
  Build cache is disabled
  Caching not enabled.
Caching disabled for InstrumentationAnalysisTransform: /home/runner/.gradle/caches/modules-2/files-2.1/com.android.tools.utp/android-device-provider-profile-proto/31.7.3/5d4fe489b09ee45524d665a175aad834ecf2c81d/android-device-provider-profile-proto-31.7.3.jar because:
  Build cache is disabled
  Caching not enabled.
Caching disabled for InstrumentationAnalysisTransform: /home/runner/.gradle/caches/modules-2/files-2.1/com.android.tools.utp/android-test-plugin-host-additional-test-output-proto/31.7.3/c02332c53d95a3e0ccd7ad9d6d97f8fec5d1a469/android-test-plugin-host-additional-test-output-proto-31.7.3.jar because:
  Build cache is disabled
  Caching not enabled.
Caching disabled for InstrumentationAnalysisTransform: /home/runner/.gradle/caches/modules-2/files-2.1/com.android.tools.utp/android-test-plugin-host-coverage-proto/31.7.3/c780344aab70a33c454ad697295e12278fed16db/android-test-plugin-host-coverage-proto-31.7.3.jar because:
  Build cache is disabled
  Caching not enabled.
Caching disabled for InstrumentationAnalysisTransform: /home/runner/.gradle/caches/modules-2/files-2.1/com.android.tools.utp/android-test-plugin-host-logcat-proto/31.7.3/d8f873c14c5c65746b97801c2c6cae506d0b3d29/android-test-plugin-host-logcat-proto-31.7.3.jar because:
  Build cache is disabled
  Caching not enabled.
Caching disabled for InstrumentationAnalysisTransform: /home/runner/.gradle/caches/modules-2/files-2.1/com.android.tools.utp/android-test-plugin-host-apk-installer-proto/31.7.3/695cf71232626eeca4d84f72314196b270ca1c11/android-test-plugin-host-apk-installer-proto-31.7.3.jar because:
  Build cache is disabled
  Caching not enabled.
Caching disabled for InstrumentationAnalysisTransform: /home/runner/.gradle/caches/modules-2/files-2.1/com.android.tools.utp/android-test-plugin-result-listener-gradle-proto/31.7.3/f51d5e35aa252438265500d79fc2d314b7555b94/android-test-plugin-result-listener-gradle-proto-31.7.3.jar because:
  Build cache is disabled
  Caching not enabled.
Caching disabled for InstrumentationAnalysisTransform: /home/runner/.gradle/caches/modules-2/files-2.1/com.android.tools.build/transform-api/2.0.0-deprecated-use-gradle-api/47f6c56527c42425742fa9b56ffd3fd80763fe03/transform-api-2.0.0-deprecated-use-gradle-api.jar because:
  Build cache is disabled
  Caching not enabled.
Caching disabled for InstrumentationAnalysisTransform: /home/runner/.gradle/caches/modules-2/files-2.1/org.apache.httpcomponents/httpmime/4.5.6/164343da11db817e81e24e0d9869527e069850c9/httpmime-4.5.6.jar because:
  Build cache is disabled
  Caching not enabled.
Caching disabled for InstrumentationAnalysisTransform: /home/runner/.gradle/caches/modules-2/files-2.1/commons-io/commons-io/2.13.0/8bb2bc9b4df17e2411533a0708a69f983bf5e83b/commons-io-2.13.0.jar because:
  Build cache is disabled
  Caching not enabled.
Caching disabled for InstrumentationAnalysisTransform: /home/runner/.gradle/caches/modules-2/files-2.1/org.ow2.asm/asm-commons/9.6/f1a9e5508eff490744144565c47326c8648be309/asm-commons-9.6.jar because:
  Build cache is disabled
  Caching not enabled.
Caching disabled for InstrumentationAnalysisTransform: /home/runner/.gradle/caches/modules-2/files-2.1/org.ow2.asm/asm-util/9.6/f77caf84eb93786a749b2baa40865b9613e3eaee/asm-util-9.6.jar because:
  Build cache is disabled
  Caching not enabled.
Caching disabled for InstrumentationAnalysisTransform: /home/runner/.gradle/caches/modules-2/files-2.1/org.ow2.asm/asm-analysis/9.6/9ce6c7b174bd997fc2552dff47964546bd7a5ec3/asm-analysis-9.6.jar because:
  Build cache is disabled
  Caching not enabled.
Caching disabled for InstrumentationAnalysisTransform: /home/runner/.gradle/caches/modules-2/files-2.1/org.ow2.asm/asm-tree/9.6/c0cdda9d211e965d2a4448aa3fd86110f2f8c2de/asm-tree-9.6.jar because:
  Build cache is disabled
  Caching not enabled.
Caching disabled for InstrumentationAnalysisTransform: /home/runner/.gradle/caches/modules-2/files-2.1/org.ow2.asm/asm/9.6/aa205cf0a06dbd8e04ece91c0b37c3f5d567546a/asm-9.6.jar because:
  Build cache is disabled
  Caching not enabled.
Caching disabled for InstrumentationAnalysisTransform: /home/runner/.gradle/caches/modules-2/files-2.1/com.android.tools.build/apkzlib/8.7.3/d656b52facbb301b8bdc1e40a5ae008bcf335fe9/apkzlib-8.7.3.jar because:
  Build cache is disabled
  Caching not enabled.
Caching disabled for InstrumentationAnalysisTransform: /home/runner/.gradle/caches/modules-2/files-2.1/org.bouncycastle/bcpkix-jdk18on/1.77/ed953791ba0229747dd0fd9911e3d76a462acfd3/bcpkix-jdk18on-1.77.jar because:
  Build cache is disabled
  Caching not enabled.
Caching disabled for InstrumentationAnalysisTransform: /home/runner/.gradle/caches/modules-2/files-2.1/org.glassfish.jaxb/jaxb-runtime/2.3.2/5528bc882ea499a09d720b42af11785c4fc6be2a/jaxb-runtime-2.3.2.jar because:
  Build cache is disabled
  Caching not enabled.
Caching disabled for InstrumentationAnalysisTransform: /home/runner/.gradle/caches/modules-2/files-2.1/net.sf.jopt-simple/jopt-simple/4.9/ee9e9eaa0a35360dcfeac129ff4923215fd65904/jopt-simple-4.9.jar because:
  Build cache is disabled
  Caching not enabled.
Caching disabled for InstrumentationAnalysisTransform: /home/runner/.gradle/caches/modules-2/files-2.1/com.squareup/javapoet/1.10.0/712c178d35185d8261295913c9f2a7d6867a6007/javapoet-1.10.0.jar because:
  Build cache is disabled
  Caching not enabled.
Caching disabled for InstrumentationAnalysisTransform: /home/runner/.gradle/caches/modules-2/files-2.1/com.google.protobuf/protobuf-java-util/3.22.3/749cd4fe8ab52f37bc186193802ba19f5b284647/protobuf-java-util-3.22.3.jar because:
  Build cache is disabled
  Caching not enabled.
Caching disabled for InstrumentationAnalysisTransform: /home/runner/.gradle/caches/modules-2/files-2.1/io.grpc/grpc-protobuf/1.57.0/49986e40de6cbd14ba26247639b18ab0bac921c1/grpc-protobuf-1.57.0.jar because:
  Build cache is disabled
  Caching not enabled.
Caching disabled for InstrumentationAnalysisTransform: /home/runner/.gradle/caches/modules-2/files-2.1/com.google.crypto.tink/tink/1.7.0/668b57f109d32349b2870448f06ae6f202713edc/tink-1.7.0.jar because:
  Build cache is disabled
  Caching not enabled.
Caching disabled for InstrumentationAnalysisTransform: /home/runner/.gradle/caches/modules-2/files-2.1/com.android.tools.analytics-library/protos/31.7.3/71afde62826a0dd766603edb6ff96d291c138083/protos-31.7.3.jar because:
  Build cache is disabled
  Caching not enabled.
Caching disabled for InstrumentationAnalysisTransform: /home/runner/.gradle/caches/modules-2/files-2.1/com.google.api.grpc/proto-google-common-protos/2.17.0/7edf1e3aa96dc3861f7a8f24556c714e9c5b292/proto-google-common-protos-2.17.0.jar because:
  Build cache is disabled
  Caching not enabled.
Caching disabled for InstrumentationAnalysisTransform: /home/runner/.gradle/caches/modules-2/files-2.1/com.google.protobuf/protobuf-java/3.22.3/fdee98b8f6abab73f146a4edb4c09e56f8278d03/protobuf-java-3.22.3.jar because:
  Build cache is disabled
  Caching not enabled.
Caching disabled for InstrumentationAnalysisTransform: /home/runner/.gradle/caches/modules-2/files-2.1/io.grpc/grpc-netty/1.57.0/99cc01516c2fd1d134bf2585c2b38fa400804986/grpc-netty-1.57.0.jar because:
  Build cache is disabled
  Caching not enabled.
Caching disabled for InstrumentationAnalysisTransform: /home/runner/.gradle/caches/modules-2/files-2.1/io.grpc/grpc-core/1.57.0/2b6ef5166f31315098fff9bb85f33ab5fed58f6b/grpc-core-1.57.0.jar because:
  Build cache is disabled
  Caching not enabled.
Caching disabled for InstrumentationAnalysisTransform: /home/runner/.gradle/caches/modules-2/files-2.1/org.jetbrains.kotlin/kotlin-build-statistics/2.1.0/fb2159d08af2b785a8bed3b6102dc81a00f469fc/kotlin-build-statistics-2.1.0.jar because:
  Build cache is disabled
  Caching not enabled.
Caching disabled for InstrumentationAnalysisTransform: /home/runner/.gradle/caches/modules-2/files-2.1/com.google.code.gson/gson/2.10.1/b3add478d4382b78ea20b1671390a858002feb6c/gson-2.10.1.jar because:
  Build cache is disabled
  Caching not enabled.
Caching disabled for InstrumentationAnalysisTransform: /home/runner/.gradle/caches/modules-2/files-2.1/io.grpc/grpc-stub/1.57.0/262e1469c080164d5e2459f4908394d66f4e8828/grpc-stub-1.57.0.jar because:
  Build cache is disabled
  Caching not enabled.
Caching disabled for InstrumentationAnalysisTransform: /home/runner/.gradle/caches/modules-2/files-2.1/com.google.testing.platform/core-proto/0.0.9-alpha02/ee54219cbb4a7fb83cdc528e9a85e0383f3ee726/core-proto-0.0.9-alpha02.jar because:
  Build cache is disabled
  Caching not enabled.
Caching disabled for InstrumentationAnalysisTransform: /home/runner/.gradle/caches/modules-2/files-2.1/org.tensorflow/tensorflow-lite-metadata/0.1.0-rc2/7aa9b3e16d85c2aae5eff741265315a37c9f731a/tensorflow-lite-metadata-0.1.0-rc2.jar because:
  Build cache is disabled
  Caching not enabled.
Caching disabled for InstrumentationAnalysisTransform: /home/runner/.gradle/caches/modules-2/files-2.1/com.google.flatbuffers/flatbuffers-java/1.12.0/8201cc7b511177a37071249e891f2f2fea4b32e9/flatbuffers-java-1.12.0.jar because:
  Build cache is disabled
  Caching not enabled.
Caching disabled for InstrumentationAnalysisTransform: /home/runner/.gradle/caches/modules-2/files-2.1/org.jetbrains.kotlin/kotlin-gradle-plugin-idea-proto/2.1.0/66ae2c0c68fdb6dd8b7ee09b1599153fc6c2ab93/kotlin-gradle-plugin-idea-proto-2.1.0.jar because:
  Build cache is disabled
  Caching not enabled.
Caching disabled for InstrumentationAnalysisTransform: /home/runner/.gradle/caches/modules-2/files-2.1/org.jetbrains.kotlin/kotlin-gradle-plugin-idea/2.1.0/68dc62267176b4484dcc63973f5887eca4d5ff86/kotlin-gradle-plugin-idea-2.1.0.jar because:
  Build cache is disabled
  Caching not enabled.
Caching disabled for InstrumentationAnalysisTransform: /home/runner/.gradle/caches/modules-2/files-2.1/org.jetbrains.kotlin/kotlin-klib-commonizer-api/2.1.0/fdd21b2515a824ef7937111dad250f0756482f64/kotlin-klib-commonizer-api-2.1.0.jar because:
  Build cache is disabled
  Caching not enabled.
Caching disabled for InstrumentationAnalysisTransform: /home/runner/.gradle/caches/modules-2/files-2.1/org.jetbrains.kotlin/kotlin-util-klib-metadata/2.1.0/c0f515d35d514c0689afd56c0bd3b35cdb64d1d/kotlin-util-klib-metadata-2.1.0.jar because:
  Build cache is disabled
  Caching not enabled.
Caching disabled for InstrumentationAnalysisTransform: /home/runner/.gradle/caches/modules-2/files-2.1/org.jetbrains.kotlin/kotlin-compiler-runner/2.1.0/aeff856eff94e2ca0582f155b414a57cc7837e07/kotlin-compiler-runner-2.1.0.jar because:
  Build cache is disabled
  Caching not enabled.
Caching disabled for InstrumentationAnalysisTransform: /home/runner/.gradle/caches/modules-2/files-2.1/com.google.jimfs/jimfs/1.1/8fbd0579dc68aba6186935cc1bee21d2f3e7ec1c/jimfs-1.1.jar because:
  Build cache is disabled
  Caching not enabled.
Caching disabled for InstrumentationAnalysisTransform: /home/runner/.gradle/caches/modules-2/files-2.1/io.grpc/grpc-context/1.57.0/8d8f26a9b0bed637ee4592e1df3ef134ed2c54fd/grpc-context-1.57.0.jar because:
  Build cache is disabled
  Caching not enabled.
Caching disabled for InstrumentationAnalysisTransform: /home/runner/.gradle/caches/modules-2/files-2.1/io.grpc/grpc-protobuf-lite/1.57.0/ca0084219b71d29cd9bfc3b81780aca91a965753/grpc-protobuf-lite-1.57.0.jar because:
  Build cache is disabled
  Caching not enabled.
Caching disabled for InstrumentationAnalysisTransform: /home/runner/.gradle/caches/modules-2/files-2.1/io.grpc/grpc-api/1.57.0/768ab3e583b213a3672ec776e70765b594e8bbe5/grpc-api-1.57.0.jar because:
  Build cache is disabled
  Caching not enabled.
Caching disabled for InstrumentationAnalysisTransform: /home/runner/.gradle/caches/modules-2/files-2.1/com.google.guava/guava/32.0.1-jre/6e5d51a72d142f2d40a57dfb897188b36a95b489/guava-32.0.1-jre.jar because:
  Build cache is disabled
  Caching not enabled.
Caching disabled for InstrumentationAnalysisTransform: /home/runner/.gradle/caches/modules-2/files-2.1/com.google.dagger/dagger/2.28.3/10d83810ef9e19714116ed518896c90c6606d633/dagger-2.28.3.jar because:
  Build cache is disabled
  Caching not enabled.
Caching disabled for InstrumentationAnalysisTransform: /home/runner/.gradle/caches/modules-2/files-2.1/javax.inject/javax.inject/1/6975da39a7040257bd51d21a231b76c915872d38/javax.inject-1.jar because:
  Build cache is disabled
  Caching not enabled.
Caching disabled for InstrumentationAnalysisTransform: /home/runner/.gradle/caches/modules-2/files-2.1/net.sf.kxml/kxml2/2.3.0/ccbc77a5fd907ef863c29f3596c6f54ffa4e9442/kxml2-2.3.0.jar because:
  Build cache is disabled
  Caching not enabled.
Caching disabled for InstrumentationAnalysisTransform: /home/runner/.gradle/caches/modules-2/files-2.1/org.bouncycastle/bcutil-jdk18on/1.77/de3eaef351545fe8562cf29ddff4a403a45b49b7/bcutil-jdk18on-1.77.jar because:
  Build cache is disabled
  Caching not enabled.
Caching disabled for InstrumentationAnalysisTransform: /home/runner/.gradle/caches/modules-2/files-2.1/org.bouncycastle/bcprov-jdk18on/1.77/2cc971b6c20949c1ff98d1a4bc741ee848a09523/bcprov-jdk18on-1.77.jar because:
  Build cache is disabled
  Caching not enabled.
Caching disabled for InstrumentationAnalysisTransform: /home/runner/.gradle/caches/modules-2/files-2.1/org.jetbrains.intellij.deps/trove4j/1.0.20200330/3afb14d5f9ceb459d724e907a21145e8ff394f02/trove4j-1.0.20200330.jar because:
  Build cache is disabled
  Caching not enabled.
Caching disabled for InstrumentationAnalysisTransform: /home/runner/.gradle/caches/modules-2/files-2.1/org.apache.commons/commons-compress/1.21/4ec95b60d4e86b5c95a0e919cb172a0af98011ef/commons-compress-1.21.jar because:
  Build cache is disabled
  Caching not enabled.
Caching disabled for InstrumentationAnalysisTransform: /home/runner/.gradle/caches/modules-2/files-2.1/org.apache.httpcomponents/httpclient/4.5.14/1194890e6f56ec29177673f2f12d0b8e627dec98/httpclient-4.5.14.jar because:
  Build cache is disabled
  Caching not enabled.
Caching disabled for InstrumentationAnalysisTransform: /home/runner/.gradle/caches/modules-2/files-2.1/org.apache.httpcomponents/httpcore/4.4.16/51cf043c87253c9f58b539c9f7e44c8894223850/httpcore-4.4.16.jar because:
  Build cache is disabled
  Caching not enabled.
Caching disabled for InstrumentationAnalysisTransform: /home/runner/.gradle/caches/modules-2/files-2.1/com.sun.activation/javax.activation/1.2.0/bf744c1e2776ed1de3c55c8dac1057ec331ef744/javax.activation-1.2.0.jar because:
  Build cache is disabled
  Caching not enabled.
Caching disabled for InstrumentationAnalysisTransform: /home/runner/.gradle/caches/modules-2/files-2.1/com.android/signflinger/8.7.3/13f035dd8e7e470ff8f3216a0b46333187f26df5/signflinger-8.7.3.jar because:
  Build cache is disabled
  Caching not enabled.
Caching disabled for InstrumentationAnalysisTransform: /home/runner/.gradle/caches/modules-2/files-2.1/com.android/zipflinger/8.7.3/de8e3267995699af356740cf562cbedb485f5763/zipflinger-8.7.3.jar because:
  Build cache is disabled
  Caching not enabled.
Caching disabled for InstrumentationAnalysisTransform: /home/runner/.gradle/caches/modules-2/files-2.1/com.android.tools/annotations/31.7.3/1946e7f75bc1615b4abfc0f83899934dfcbdf1fc/annotations-31.7.3.jar because:
  Build cache is disabled
  Caching not enabled.
Caching disabled for InstrumentationAnalysisTransform: /home/runner/.gradle/caches/modules-2/files-2.1/net.java.dev.jna/jna-platform/5.6.0/d18424ffb8bbfd036d71bcaab9b546858f2ef986/jna-platform-5.6.0.jar because:
  Build cache is disabled
  Caching not enabled.
Caching disabled for InstrumentationAnalysisTransform: /home/runner/.gradle/caches/modules-2/files-2.1/com.googlecode.juniversalchardet/juniversalchardet/1.0.3/cd49678784c46aa8789c060538e0154013bb421b/juniversalchardet-1.0.3.jar because:
  Build cache is disabled
  Caching not enabled.
Caching disabled for InstrumentationAnalysisTransform: /home/runner/.gradle/caches/modules-2/files-2.1/javax.annotation/javax.annotation-api/1.3.2/934c04d3cfef185a8008e7bf34331b79730a9d43/javax.annotation-api-1.3.2.jar because:
  Build cache is disabled
  Caching not enabled.
Caching disabled for InstrumentationAnalysisTransform: /home/runner/.gradle/caches/modules-2/files-2.1/org.jvnet.staxex/stax-ex/1.8.1/78011e483a21102fb4858f3e8f269a677e50aa23/stax-ex-1.8.1.jar because:
  Build cache is disabled
  Caching not enabled.
Caching disabled for InstrumentationAnalysisTransform: /home/runner/.gradle/caches/modules-2/files-2.1/jakarta.xml.bind/jakarta.xml.bind-api/2.3.2/8d49996a4338670764d7ca4b85a1c4ccf7fe665d/jakarta.xml.bind-api-2.3.2.jar because:
  Build cache is disabled
  Caching not enabled.
Caching disabled for InstrumentationAnalysisTransform: /home/runner/.gradle/caches/modules-2/files-2.1/org.glassfish.jaxb/txw2/2.3.2/ce5be7da2e442c25ec14c766cb60cb802741727b/txw2-2.3.2.jar because:
  Build cache is disabled
  Caching not enabled.
Caching disabled for InstrumentationAnalysisTransform: /home/runner/.gradle/caches/modules-2/files-2.1/com.sun.istack/istack-commons-runtime/3.0.8/d6a97364045aa6b99bf2d3c566a3f98599c2d296/istack-commons-runtime-3.0.8.jar because:
  Build cache is disabled
  Caching not enabled.
Caching disabled for InstrumentationAnalysisTransform: /home/runner/.gradle/caches/modules-2/files-2.1/com.sun.xml.fastinfoset/FastInfoset/1.2.16/4eb6a0adad553bf759ffe86927df6f3b848c8bea/FastInfoset-1.2.16.jar because:
  Build cache is disabled
  Caching not enabled.
Caching disabled for InstrumentationAnalysisTransform: /home/runner/.gradle/caches/modules-2/files-2.1/jakarta.activation/jakarta.activation-api/1.2.1/562a587face36ec7eff2db7f2fc95425c6602bc1/jakarta.activation-api-1.2.1.jar because:
  Build cache is disabled
  Caching not enabled.
Caching disabled for InstrumentationAnalysisTransform: /home/runner/.gradle/caches/modules-2/files-2.1/com.google.auto.value/auto-value-annotations/1.6.2/ed193d86e0af90cc2342aedbe73c5d86b03fa09b/auto-value-annotations-1.6.2.jar because:
  Build cache is disabled
  Caching not enabled.
Caching disabled for InstrumentationAnalysisTransform: /home/runner/.gradle/caches/modules-2/files-2.1/com.google.errorprone/error_prone_annotations/2.18.0/89b684257096f548fa39a7df9fdaa409d4d4df91/error_prone_annotations-2.18.0.jar because:
  Build cache is disabled
  Caching not enabled.
Caching disabled for InstrumentationAnalysisTransform: /home/runner/.gradle/caches/modules-2/files-2.1/org.bitbucket.b_c/jose4j/0.9.5/e4ca26802488e6f16e24558d74ac8775a955fdd3/jose4j-0.9.5.jar because:
  Build cache is disabled
  Caching not enabled.
Caching disabled for InstrumentationAnalysisTransform: /home/runner/.gradle/caches/modules-2/files-2.1/org.slf4j/slf4j-api/1.7.30/b5a4b6d16ab13e34a88fae84c35cd5d68cac922c/slf4j-api-1.7.30.jar because:
  Build cache is disabled
  Caching not enabled.
Caching disabled for InstrumentationAnalysisTransform: /home/runner/.gradle/caches/modules-2/files-2.1/org.jdom/jdom2/2.0.6/6f14738ec2e9dd0011e343717fa624a10f8aab64/jdom2-2.0.6.jar because:
  Build cache is disabled
  Caching not enabled.
Caching disabled for InstrumentationAnalysisTransform: /home/runner/.gradle/caches/modules-2/files-2.1/com.google.code.findbugs/jsr305/3.0.2/25ea2e8b0c338a877313bd4672d3fe056ea78f0d/jsr305-3.0.2.jar because:
  Build cache is disabled
  Caching not enabled.
Caching disabled for InstrumentationAnalysisTransform: /home/runner/.gradle/caches/modules-2/files-2.1/com.google.j2objc/j2objc-annotations/2.8/c85270e307e7b822f1086b93689124b89768e273/j2objc-annotations-2.8.jar because:
  Build cache is disabled
  Caching not enabled.
Caching disabled for InstrumentationAnalysisTransform: /home/runner/.gradle/caches/modules-2/files-2.1/com.google.android/annotations/4.1.1.4/a1678ba907bf92691d879fef34e1a187038f9259/annotations-4.1.1.4.jar because:
  Build cache is disabled
  Caching not enabled.
Caching disabled for InstrumentationAnalysisTransform: /home/runner/.gradle/caches/modules-2/files-2.1/io.perfmark/perfmark-api/0.26.0/ef65452adaf20bf7d12ef55913aba24037b82738/perfmark-api-0.26.0.jar because:
  Build cache is disabled
  Caching not enabled.
Caching disabled for InstrumentationAnalysisTransform: /home/runner/.gradle/caches/modules-2/files-2.1/org.codehaus.mojo/animal-sniffer-annotations/1.23/3c0daebd5f0e1ce72cc50c818321ac957aeb5d70/animal-sniffer-annotations-1.23.jar because:
  Build cache is disabled
  Caching not enabled.
Caching disabled for InstrumentationAnalysisTransform: /home/runner/.gradle/caches/modules-2/files-2.1/io.netty/netty-handler-proxy/4.1.93.Final/c165c1efe1b9c0cc22546a057b530611a088768b/netty-handler-proxy-4.1.93.Final.jar because:
  Build cache is disabled
  Caching not enabled.
Caching disabled for InstrumentationAnalysisTransform: /home/runner/.gradle/caches/modules-2/files-2.1/io.netty/netty-codec-http2/4.1.93.Final/f1625b43bde13ec057da0d2fe381ded2547a70e/netty-codec-http2-4.1.93.Final.jar because:
  Build cache is disabled
  Caching not enabled.
Caching disabled for InstrumentationAnalysisTransform: /home/runner/.gradle/caches/modules-2/files-2.1/io.netty/netty-codec-http/4.1.93.Final/36acf0c94d03eb6ecef78a749a32cbb7dc0c57b4/netty-codec-http-4.1.93.Final.jar because:
  Build cache is disabled
  Caching not enabled.
Caching disabled for InstrumentationAnalysisTransform: /home/runner/.gradle/caches/modules-2/files-2.1/io.netty/netty-handler/4.1.93.Final/10f7ed9d8e1bfcba416074c70e5388be96116bfc/netty-handler-4.1.93.Final.jar because:
  Build cache is disabled
  Caching not enabled.
Caching disabled for InstrumentationAnalysisTransform: /home/runner/.gradle/caches/modules-2/files-2.1/io.netty/netty-transport-native-unix-common/4.1.93.Final/f4fb8b4c8da539091f43abcbb9f0389e48807eea/netty-transport-native-unix-common-4.1.93.Final.jar because:
  Build cache is disabled
  Caching not enabled.
Caching disabled for InstrumentationAnalysisTransform: /home/runner/.gradle/caches/modules-2/files-2.1/org.checkerframework/checker-qual/3.33.0/de2b60b62da487644fc11f734e73c8b0b431238f/checker-qual-3.33.0.jar because:
  Build cache is disabled
  Caching not enabled.
Caching disabled for InstrumentationAnalysisTransform: /home/runner/.gradle/caches/modules-2/files-2.1/commons-codec/commons-codec/1.11/3acb4705652e16236558f0f4f2192cc33c3bd189/commons-codec-1.11.jar because:
  Build cache is disabled
  Caching not enabled.
Caching disabled for InstrumentationAnalysisTransform: /home/runner/.gradle/caches/modules-2/files-2.1/com.android.tools.build/apksig/8.7.3/f005788487574c7d6ba23dea63bf8cb3a4f164a6/apksig-8.7.3.jar because:
  Build cache is disabled
  Caching not enabled.
Caching disabled for InstrumentationAnalysisTransform: /home/runner/.gradle/caches/modules-2/files-2.1/com.squareup/javawriter/2.5.0/81241ff7078ef14f42ea2a8995fa09c096256e6b/javawriter-2.5.0.jar because:
  Build cache is disabled
  Caching not enabled.
Caching disabled for InstrumentationAnalysisTransform: /home/runner/.gradle/caches/modules-2/files-2.1/org.jetbrains.kotlin/kotlin-gradle-plugin-annotations/2.1.0/9b36b3d02a0937d7d5c867a2273b016213131980/kotlin-gradle-plugin-annotations-2.1.0.jar because:
  Build cache is disabled
  Caching not enabled.
Caching disabled for InstrumentationAnalysisTransform: /home/runner/.gradle/caches/modules-2/files-2.1/org.jetbrains.kotlin/kotlin-native-utils/2.1.0/c6a595c651eb234dd66ac91ca045c52622ac80d6/kotlin-native-utils-2.1.0.jar because:
  Build cache is disabled
  Caching not enabled.
Caching disabled for InstrumentationAnalysisTransform: /home/runner/.gradle/caches/modules-2/files-2.1/org.jetbrains.kotlin/kotlin-tooling-core/2.1.0/9055094879c715b1c39945150156f2e876ae7438/kotlin-tooling-core-2.1.0.jar because:
  Build cache is disabled
  Caching not enabled.
Caching disabled for InstrumentationAnalysisTransform: /home/runner/.gradle/caches/modules-2/files-2.1/org.jetbrains.kotlin/kotlin-build-tools-api/2.1.0/e6c176cdaeb5ce3751c120eb1dfd84e5cc64d369/kotlin-build-tools-api-2.1.0.jar because:
  Build cache is disabled
  Caching not enabled.
Caching disabled for InstrumentationAnalysisTransform: /home/runner/.gradle/caches/modules-2/files-2.1/org.jetbrains.kotlin/kotlin-util-klib/2.1.0/58c52d1b79cb994b8679cd4b20770e8b48d2e550/kotlin-util-klib-2.1.0.jar because:
  Build cache is disabled
  Caching not enabled.
Caching disabled for InstrumentationAnalysisTransform: /home/runner/.gradle/caches/modules-2/files-2.1/org.jetbrains.kotlin/kotlin-util-io/2.1.0/839c53030115a83c56ce47e0fc0c4a39c001e0c3/kotlin-util-io-2.1.0.jar because:
  Build cache is disabled
  Caching not enabled.
Caching disabled for InstrumentationAnalysisTransform: /home/runner/.gradle/caches/modules-2/files-2.1/org.jetbrains.kotlin/kotlin-daemon-client/2.1.0/2c219a5026f6c4c1188b40cb3b6bb557f16182b7/kotlin-daemon-client-2.1.0.jar because:
  Build cache is disabled
  Caching not enabled.
Caching disabled for InstrumentationAnalysisTransform: /home/runner/.gradle/caches/modules-2/files-2.1/org.jetbrains.kotlinx/kotlinx-coroutines-core-jvm/1.6.4/2c997cd1c0ef33f3e751d3831929aeff1390cb30/kotlinx-coroutines-core-jvm-1.6.4.jar because:
  Build cache is disabled
  Caching not enabled.
Caching disabled for InstrumentationAnalysisTransform: /home/runner/.gradle/caches/modules-2/files-2.1/com.google.guava/failureaccess/1.0.1/1dcf1de382a0bf95a3d8b0849546c88bac1292c9/failureaccess-1.0.1.jar because:
  Build cache is disabled
  Caching not enabled.
Caching disabled for InstrumentationAnalysisTransform: /home/runner/.gradle/caches/modules-2/files-2.1/com.google.guava/listenablefuture/9999.0-empty-to-avoid-conflict-with-guava/b421526c5f297295adef1c886e5246c39d4ac629/listenablefuture-9999.0-empty-to-avoid-conflict-with-guava.jar because:
  Build cache is disabled
  Caching not enabled.
Caching disabled for InstrumentationAnalysisTransform: /home/runner/.gradle/caches/modules-2/files-2.1/commons-logging/commons-logging/1.2/4bfc12adfe4842bf07b657f0369c4cb522955686/commons-logging-1.2.jar because:
  Build cache is disabled
  Caching not enabled.
Caching disabled for InstrumentationAnalysisTransform: /home/runner/.gradle/caches/modules-2/files-2.1/net.java.dev.jna/jna/5.6.0/330f2244e9030119ab3030fc3fededc86713d9cc/jna-5.6.0.jar because:
  Build cache is disabled
  Caching not enabled.
Caching disabled for InstrumentationAnalysisTransform: /home/runner/.gradle/caches/modules-2/files-2.1/io.netty/netty-codec-socks/4.1.93.Final/81ca78969afc60073e47c3b7b361cc3839392c73/netty-codec-socks-4.1.93.Final.jar because:
  Build cache is disabled
  Caching not enabled.
Caching disabled for InstrumentationAnalysisTransform: /home/runner/.gradle/caches/modules-2/files-2.1/io.netty/netty-codec/4.1.93.Final/503badb458b6586632be8d1f81aa4e5ab99a80fc/netty-codec-4.1.93.Final.jar because:
  Build cache is disabled
  Caching not enabled.
Caching disabled for InstrumentationAnalysisTransform: /home/runner/.gradle/caches/modules-2/files-2.1/io.netty/netty-transport/4.1.93.Final/1a0894915c8027ce83b4d6a811c4e765955efd15/netty-transport-4.1.93.Final.jar because:
  Build cache is disabled
  Caching not enabled.
Caching disabled for InstrumentationAnalysisTransform: /home/runner/.gradle/caches/modules-2/files-2.1/io.netty/netty-buffer/4.1.93.Final/87fac21f4ef95157866b07b48e3c707a2f13c581/netty-buffer-4.1.93.Final.jar because:
  Build cache is disabled
  Caching not enabled.
Caching disabled for InstrumentationAnalysisTransform: /home/runner/.gradle/caches/modules-2/files-2.1/io.netty/netty-common/4.1.93.Final/1cfc49b91b0d3ddb30c9f7d8467e5d02ae8babdf/netty-common-4.1.93.Final.jar because:
  Build cache is disabled
  Caching not enabled.
Caching disabled for InstrumentationAnalysisTransform: /home/runner/.gradle/caches/modules-2/files-2.1/io.netty/netty-resolver/4.1.93.Final/3860e99075f9e078364ed38f6d6fc8825b7a168a/netty-resolver-4.1.93.Final.jar because:
  Build cache is disabled
  Caching not enabled.
Transforming gradle-8.7.3.jar (com.android.tools.build:gradle:8.7.3) with InstrumentationAnalysisTransform
Transforming gradle-8.7.3.jar (com.android.tools.build:gradle:8.7.3) with MergeInstrumentationAnalysisTransform
Transforming gradle-settings-api-8.7.3.jar (com.android.tools.build:gradle-settings-api:8.7.3) with InstrumentationAnalysisTransform
Transforming gradle-settings-api-8.7.3.jar (com.android.tools.build:gradle-settings-api:8.7.3) with MergeInstrumentationAnalysisTransform
Transforming lint-model-31.7.3.jar (com.android.tools.lint:lint-model:31.7.3) with InstrumentationAnalysisTransform
Transforming lint-model-31.7.3.jar (com.android.tools.lint:lint-model:31.7.3) with MergeInstrumentationAnalysisTransform
Transforming builder-8.7.3.jar (com.android.tools.build:builder:8.7.3) with InstrumentationAnalysisTransform
Transforming builder-8.7.3.jar (com.android.tools.build:builder:8.7.3) with MergeInstrumentationAnalysisTransform
Transforming manifest-merger-31.7.3.jar (com.android.tools.build:manifest-merger:31.7.3) with InstrumentationAnalysisTransform
Transforming manifest-merger-31.7.3.jar (com.android.tools.build:manifest-merger:31.7.3) with MergeInstrumentationAnalysisTransform
Transforming sdk-common-31.7.3.jar (com.android.tools:sdk-common:31.7.3) with InstrumentationAnalysisTransform
Transforming sdk-common-31.7.3.jar (com.android.tools:sdk-common:31.7.3) with MergeInstrumentationAnalysisTransform
Transforming sdklib-31.7.3.jar (com.android.tools:sdklib:31.7.3) with InstrumentationAnalysisTransform
Caching disabled for MergeInstrumentationAnalysisTransform: /home/runner/.gradle/caches/8.11.1/transforms/3171a105700d60c3ff9f4e51f3de80a2/transformed/.gradle-instrumented-classpath.marker because:
  Build cache is disabled
  Caching not enabled.
Transforming sdklib-31.7.3.jar (com.android.tools:sdklib:31.7.3) with MergeInstrumentationAnalysisTransform
Transforming repository-31.7.3.jar (com.android.tools:repository:31.7.3) with InstrumentationAnalysisTransform
Transforming repository-31.7.3.jar (com.android.tools:repository:31.7.3) with MergeInstrumentationAnalysisTransform
Transforming aaptcompiler-8.7.3.jar (com.android.tools.build:aaptcompiler:8.7.3) with InstrumentationAnalysisTransform
Transforming aaptcompiler-8.7.3.jar (com.android.tools.build:aaptcompiler:8.7.3) with MergeInstrumentationAnalysisTransform
Transforming tracker-31.7.3.jar (com.android.tools.analytics-library:tracker:31.7.3) with InstrumentationAnalysisTransform
Transforming tracker-31.7.3.jar (com.android.tools.analytics-library:tracker:31.7.3) with MergeInstrumentationAnalysisTransform
Transforming shared-31.7.3.jar (com.android.tools.analytics-library:shared:31.7.3) with InstrumentationAnalysisTransform
Transforming shared-31.7.3.jar (com.android.tools.analytics-library:shared:31.7.3) with MergeInstrumentationAnalysisTransform
Transforming databinding-compiler-common-8.7.3.jar (androidx.databinding:databinding-compiler-common:8.7.3) with InstrumentationAnalysisTransform
Transforming databinding-compiler-common-8.7.3.jar (androidx.databinding:databinding-compiler-common:8.7.3) with MergeInstrumentationAnalysisTransform
Transforming android-test-plugin-host-emulator-control-proto-31.7.3.jar (com.android.tools.utp:android-test-plugin-host-emulator-control-proto:31.7.3) with InstrumentationAnalysisTransform
Transforming android-test-plugin-host-emulator-control-proto-31.7.3.jar (com.android.tools.utp:android-test-plugin-host-emulator-control-proto:31.7.3) with MergeInstrumentationAnalysisTransform
Transforming android-test-plugin-host-retention-proto-31.7.3.jar (com.android.tools.utp:android-test-plugin-host-retention-proto:31.7.3) with InstrumentationAnalysisTransform
Transforming android-test-plugin-host-retention-proto-31.7.3.jar (com.android.tools.utp:android-test-plugin-host-retention-proto:31.7.3) with MergeInstrumentationAnalysisTransform
Transforming builder-model-8.7.3.jar (com.android.tools.build:builder-model:8.7.3) with InstrumentationAnalysisTransform
Transforming builder-model-8.7.3.jar (com.android.tools.build:builder-model:8.7.3) with MergeInstrumentationAnalysisTransform
Transforming gradle-api-8.7.3.jar (com.android.tools.build:gradle-api:8.7.3) with InstrumentationAnalysisTransform
Transforming gradle-api-8.7.3.jar (com.android.tools.build:gradle-api:8.7.3) with MergeInstrumentationAnalysisTransform
Transforming builder-test-api-8.7.3.jar (com.android.tools.build:builder-test-api:8.7.3) with InstrumentationAnalysisTransform
Transforming builder-test-api-8.7.3.jar (com.android.tools.build:builder-test-api:8.7.3) with MergeInstrumentationAnalysisTransform
Transforming ddmlib-31.7.3.jar (com.android.tools.ddms:ddmlib:31.7.3) with InstrumentationAnalysisTransform
Transforming ddmlib-31.7.3.jar (com.android.tools.ddms:ddmlib:31.7.3) with MergeInstrumentationAnalysisTransform
Transforming layoutlib-api-31.7.3.jar (com.android.tools.layoutlib:layoutlib-api:31.7.3) with InstrumentationAnalysisTransform
Transforming layoutlib-api-31.7.3.jar (com.android.tools.layoutlib:layoutlib-api:31.7.3) with MergeInstrumentationAnalysisTransform
Transforming dvlib-31.7.3.jar (com.android.tools:dvlib:31.7.3) with InstrumentationAnalysisTransform
Transforming dvlib-31.7.3.jar (com.android.tools:dvlib:31.7.3) with MergeInstrumentationAnalysisTransform
Transforming common-31.7.3.jar (com.android.tools:common:31.7.3) with InstrumentationAnalysisTransform
Transforming common-31.7.3.jar (com.android.tools:common:31.7.3) with MergeInstrumentationAnalysisTransform
Transforming kotlin-stdlib-jdk8-1.9.20.jar (org.jetbrains.kotlin:kotlin-stdlib-jdk8:1.9.20) with InstrumentationAnalysisTransform
Transforming kotlin-stdlib-jdk8-1.9.20.jar (org.jetbrains.kotlin:kotlin-stdlib-jdk8:1.9.20) with MergeInstrumentationAnalysisTransform
Transforming jetifier-processor-1.0.0-beta10.jar (com.android.tools.build.jetifier:jetifier-processor:1.0.0-beta10) with InstrumentationAnalysisTransform
Transforming jetifier-processor-1.0.0-beta10.jar (com.android.tools.build.jetifier:jetifier-processor:1.0.0-beta10) with MergeInstrumentationAnalysisTransform
Transforming jetifier-core-1.0.0-beta10.jar (com.android.tools.build.jetifier:jetifier-core:1.0.0-beta10) with InstrumentationAnalysisTransform
Transforming jetifier-core-1.0.0-beta10.jar (com.android.tools.build.jetifier:jetifier-core:1.0.0-beta10) with MergeInstrumentationAnalysisTransform
Transforming kotlin-reflect-2.0.20.jar (org.jetbrains.kotlin:kotlin-reflect:2.0.20) with InstrumentationAnalysisTransform
Transforming kotlin-reflect-2.0.20.jar (org.jetbrains.kotlin:kotlin-reflect:2.0.20) with MergeInstrumentationAnalysisTransform
Transforming kotlin-stdlib-jdk7-1.9.20.jar (org.jetbrains.kotlin:kotlin-stdlib-jdk7:1.9.20) with InstrumentationAnalysisTransform
Transforming kotlin-stdlib-jdk7-1.9.20.jar (org.jetbrains.kotlin:kotlin-stdlib-jdk7:1.9.20) with MergeInstrumentationAnalysisTransform
Transforming kotlin-stdlib-2.0.20.jar (org.jetbrains.kotlin:kotlin-stdlib:2.0.20) with InstrumentationAnalysisTransform
Transforming kotlin-stdlib-2.0.20.jar (org.jetbrains.kotlin:kotlin-stdlib:2.0.20) with MergeInstrumentationAnalysisTransform
Transforming annotations-13.0.jar (org.jetbrains:annotations:13.0) with InstrumentationAnalysisTransform
Transforming annotations-13.0.jar (org.jetbrains:annotations:13.0) with MergeInstrumentationAnalysisTransform
Transforming kotlin-gradle-plugin-model-2.1.0.jar (org.jetbrains.kotlin:kotlin-gradle-plugin-model:2.1.0) with InstrumentationAnalysisTransform
Transforming kotlin-gradle-plugin-model-2.1.0.jar (org.jetbrains.kotlin:kotlin-gradle-plugin-model:2.1.0) with MergeInstrumentationAnalysisTransform
Transforming kotlin-gradle-plugin-api-2.1.0.jar (org.jetbrains.kotlin:kotlin-gradle-plugin-api:2.1.0) with InstrumentationAnalysisTransform
Transforming kotlin-gradle-plugin-api-2.1.0.jar (org.jetbrains.kotlin:kotlin-gradle-plugin-api:2.1.0) with MergeInstrumentationAnalysisTransform
Transforming kotlin-gradle-plugin-api-2.1.0-gradle85.jar (org.jetbrains.kotlin:kotlin-gradle-plugin-api:2.1.0) with InstrumentationAnalysisTransform
Transforming kotlin-gradle-plugin-api-2.1.0-gradle85.jar (org.jetbrains.kotlin:kotlin-gradle-plugin-api:2.1.0) with MergeInstrumentationAnalysisTransform
Transforming compose-compiler-gradle-plugin-2.1.0-gradle85.jar (org.jetbrains.kotlin:compose-compiler-gradle-plugin:2.1.0) with InstrumentationAnalysisTransform
Transforming compose-compiler-gradle-plugin-2.1.0-gradle85.jar (org.jetbrains.kotlin:compose-compiler-gradle-plugin:2.1.0) with MergeInstrumentationAnalysisTransform
Transforming kotlin-gradle-plugin-2.1.0-gradle85.jar (org.jetbrains.kotlin:kotlin-gradle-plugin:2.1.0) with InstrumentationAnalysisTransform
Transforming kotlin-gradle-plugin-2.1.0-gradle85.jar (org.jetbrains.kotlin:kotlin-gradle-plugin:2.1.0) with MergeInstrumentationAnalysisTransform
Transforming bundletool-1.17.1.jar (com.android.tools.build:bundletool:1.17.1) with InstrumentationAnalysisTransform
Transforming bundletool-1.17.1.jar (com.android.tools.build:bundletool:1.17.1) with MergeInstrumentationAnalysisTransform
Transforming aapt2-proto-8.7.3-12006047.jar (com.android.tools.build:aapt2-proto:8.7.3-12006047) with InstrumentationAnalysisTransform
Transforming aapt2-proto-8.7.3-12006047.jar (com.android.tools.build:aapt2-proto:8.7.3-12006047) with MergeInstrumentationAnalysisTransform
Transforming crash-31.7.3.jar (com.android.tools.analytics-library:crash:31.7.3) with InstrumentationAnalysisTransform
Transforming crash-31.7.3.jar (com.android.tools.analytics-library:crash:31.7.3) with MergeInstrumentationAnalysisTransform
Transforming lint-typedef-remover-31.7.3.jar (com.android.tools.lint:lint-typedef-remover:31.7.3) with InstrumentationAnalysisTransform
Transforming lint-typedef-remover-31.7.3.jar (com.android.tools.lint:lint-typedef-remover:31.7.3) with MergeInstrumentationAnalysisTransform
Transforming databinding-common-8.7.3.jar (androidx.databinding:databinding-common:8.7.3) with InstrumentationAnalysisTransform
Transforming databinding-common-8.7.3.jar (androidx.databinding:databinding-common:8.7.3) with MergeInstrumentationAnalysisTransform
Transforming baseLibrary-8.7.3.jar (com.android.databinding:baseLibrary:8.7.3) with InstrumentationAnalysisTransform
Caching disabled for MergeInstrumentationAnalysisTransform: /home/runner/.gradle/caches/8.11.1/transforms/3171a105700d60c3ff9f4e51f3de80a2/transformed/analysis/instrumentation-hierarchy.bin because:
  Build cache is disabled
  Caching not enabled.
Transforming baseLibrary-8.7.3.jar (com.android.databinding:baseLibrary:8.7.3) with MergeInstrumentationAnalysisTransform
Transforming android-device-provider-ddmlib-proto-31.7.3.jar (com.android.tools.utp:android-device-provider-ddmlib-proto:31.7.3) with InstrumentationAnalysisTransform
Transforming android-device-provider-ddmlib-proto-31.7.3.jar (com.android.tools.utp:android-device-provider-ddmlib-proto:31.7.3) with MergeInstrumentationAnalysisTransform
Transforming android-device-provider-gradle-proto-31.7.3.jar (com.android.tools.utp:android-device-provider-gradle-proto:31.7.3) with InstrumentationAnalysisTransform
Transforming android-device-provider-gradle-proto-31.7.3.jar (com.android.tools.utp:android-device-provider-gradle-proto:31.7.3) with MergeInstrumentationAnalysisTransform
Transforming android-device-provider-profile-proto-31.7.3.jar (com.android.tools.utp:android-device-provider-profile-proto:31.7.3) with InstrumentationAnalysisTransform
Transforming android-device-provider-profile-proto-31.7.3.jar (com.android.tools.utp:android-device-provider-profile-proto:31.7.3) with MergeInstrumentationAnalysisTransform
Transforming android-test-plugin-host-additional-test-output-proto-31.7.3.jar (com.android.tools.utp:android-test-plugin-host-additional-test-output-proto:31.7.3) with InstrumentationAnalysisTransform
Transforming android-test-plugin-host-additional-test-output-proto-31.7.3.jar (com.android.tools.utp:android-test-plugin-host-additional-test-output-proto:31.7.3) with MergeInstrumentationAnalysisTransform
Transforming android-test-plugin-host-coverage-proto-31.7.3.jar (com.android.tools.utp:android-test-plugin-host-coverage-proto:31.7.3) with InstrumentationAnalysisTransform
Transforming android-test-plugin-host-coverage-proto-31.7.3.jar (com.android.tools.utp:android-test-plugin-host-coverage-proto:31.7.3) with MergeInstrumentationAnalysisTransform
Transforming android-test-plugin-host-logcat-proto-31.7.3.jar (com.android.tools.utp:android-test-plugin-host-logcat-proto:31.7.3) with InstrumentationAnalysisTransform
Transforming android-test-plugin-host-logcat-proto-31.7.3.jar (com.android.tools.utp:android-test-plugin-host-logcat-proto:31.7.3) with MergeInstrumentationAnalysisTransform
Transforming android-test-plugin-host-apk-installer-proto-31.7.3.jar (com.android.tools.utp:android-test-plugin-host-apk-installer-proto:31.7.3) with InstrumentationAnalysisTransform
Transforming android-test-plugin-host-apk-installer-proto-31.7.3.jar (com.android.tools.utp:android-test-plugin-host-apk-installer-proto:31.7.3) with MergeInstrumentationAnalysisTransform
Transforming android-test-plugin-result-listener-gradle-proto-31.7.3.jar (com.android.tools.utp:android-test-plugin-result-listener-gradle-proto:31.7.3) with InstrumentationAnalysisTransform
Transforming android-test-plugin-result-listener-gradle-proto-31.7.3.jar (com.android.tools.utp:android-test-plugin-result-listener-gradle-proto:31.7.3) with MergeInstrumentationAnalysisTransform
Transforming transform-api-2.0.0-deprecated-use-gradle-api.jar (com.android.tools.build:transform-api:2.0.0-deprecated-use-gradle-api) with InstrumentationAnalysisTransform
Caching disabled for MergeInstrumentationAnalysisTransform: /home/runner/.gradle/caches/8.11.1/transforms/820885170b1a7939116b18de499a0695/transformed/analysis/instrumentation-hierarchy.bin because:
  Build cache is disabled
  Caching not enabled.
Caching disabled for MergeInstrumentationAnalysisTransform: /home/runner/.gradle/caches/8.11.1/transforms/b30e2db0eeba8162c64a562f73654fa4/transformed/analysis/instrumentation-hierarchy.bin because:
  Build cache is disabled
  Caching not enabled.
Transforming transform-api-2.0.0-deprecated-use-gradle-api.jar (com.android.tools.build:transform-api:2.0.0-deprecated-use-gradle-api) with MergeInstrumentationAnalysisTransform
Transforming httpmime-4.5.6.jar (org.apache.httpcomponents:httpmime:4.5.6) with InstrumentationAnalysisTransform
Transforming httpmime-4.5.6.jar (org.apache.httpcomponents:httpmime:4.5.6) with MergeInstrumentationAnalysisTransform
Transforming commons-io-2.13.0.jar (commons-io:commons-io:2.13.0) with InstrumentationAnalysisTransform
Transforming commons-io-2.13.0.jar (commons-io:commons-io:2.13.0) with MergeInstrumentationAnalysisTransform
Transforming asm-commons-9.6.jar (org.ow2.asm:asm-commons:9.6) with InstrumentationAnalysisTransform
Transforming asm-commons-9.6.jar (org.ow2.asm:asm-commons:9.6) with MergeInstrumentationAnalysisTransform
Transforming asm-util-9.6.jar (org.ow2.asm:asm-util:9.6) with InstrumentationAnalysisTransform
Transforming asm-util-9.6.jar (org.ow2.asm:asm-util:9.6) with MergeInstrumentationAnalysisTransform
Transforming asm-analysis-9.6.jar (org.ow2.asm:asm-analysis:9.6) with InstrumentationAnalysisTransform
Transforming asm-analysis-9.6.jar (org.ow2.asm:asm-analysis:9.6) with MergeInstrumentationAnalysisTransform
Transforming asm-tree-9.6.jar (org.ow2.asm:asm-tree:9.6) with InstrumentationAnalysisTransform
Caching disabled for MergeInstrumentationAnalysisTransform: /home/runner/.gradle/caches/8.11.1/transforms/b30e2db0eeba8162c64a562f73654fa4/transformed/analysis/instrumentation-dependencies.bin because:
  Build cache is disabled
  Caching not enabled.
Transforming asm-tree-9.6.jar (org.ow2.asm:asm-tree:9.6) with MergeInstrumentationAnalysisTransform
Transforming asm-9.6.jar (org.ow2.asm:asm:9.6) with InstrumentationAnalysisTransform
Transforming asm-9.6.jar (org.ow2.asm:asm:9.6) with MergeInstrumentationAnalysisTransform
Transforming apkzlib-8.7.3.jar (com.android.tools.build:apkzlib:8.7.3) with InstrumentationAnalysisTransform
Transforming apkzlib-8.7.3.jar (com.android.tools.build:apkzlib:8.7.3) with MergeInstrumentationAnalysisTransform
Transforming bcpkix-jdk18on-1.77.jar (org.bouncycastle:bcpkix-jdk18on:1.77) with InstrumentationAnalysisTransform
Transforming bcpkix-jdk18on-1.77.jar (org.bouncycastle:bcpkix-jdk18on:1.77) with MergeInstrumentationAnalysisTransform
Transforming jaxb-runtime-2.3.2.jar (org.glassfish.jaxb:jaxb-runtime:2.3.2) with InstrumentationAnalysisTransform
Transforming jaxb-runtime-2.3.2.jar (org.glassfish.jaxb:jaxb-runtime:2.3.2) with MergeInstrumentationAnalysisTransform
Transforming jopt-simple-4.9.jar (net.sf.jopt-simple:jopt-simple:4.9) with InstrumentationAnalysisTransform
Transforming jopt-simple-4.9.jar (net.sf.jopt-simple:jopt-simple:4.9) with MergeInstrumentationAnalysisTransform
Transforming javapoet-1.10.0.jar (com.squareup:javapoet:1.10.0) with InstrumentationAnalysisTransform
Transforming javapoet-1.10.0.jar (com.squareup:javapoet:1.10.0) with MergeInstrumentationAnalysisTransform
Transforming protobuf-java-util-3.22.3.jar (com.google.protobuf:protobuf-java-util:3.22.3) with InstrumentationAnalysisTransform
Transforming protobuf-java-util-3.22.3.jar (com.google.protobuf:protobuf-java-util:3.22.3) with MergeInstrumentationAnalysisTransform
Transforming grpc-protobuf-1.57.0.jar (io.grpc:grpc-protobuf:1.57.0) with InstrumentationAnalysisTransform
Transforming grpc-protobuf-1.57.0.jar (io.grpc:grpc-protobuf:1.57.0) with MergeInstrumentationAnalysisTransform
Transforming tink-1.7.0.jar (com.google.crypto.tink:tink:1.7.0) with InstrumentationAnalysisTransform
Transforming tink-1.7.0.jar (com.google.crypto.tink:tink:1.7.0) with MergeInstrumentationAnalysisTransform
Transforming protos-31.7.3.jar (com.android.tools.analytics-library:protos:31.7.3) with InstrumentationAnalysisTransform
Transforming protos-31.7.3.jar (com.android.tools.analytics-library:protos:31.7.3) with MergeInstrumentationAnalysisTransform
Transforming proto-google-common-protos-2.17.0.jar (com.google.api.grpc:proto-google-common-protos:2.17.0) with InstrumentationAnalysisTransform
Transforming proto-google-common-protos-2.17.0.jar (com.google.api.grpc:proto-google-common-protos:2.17.0) with MergeInstrumentationAnalysisTransform
Transforming protobuf-java-3.22.3.jar (com.google.protobuf:protobuf-java:3.22.3) with InstrumentationAnalysisTransform
Transforming protobuf-java-3.22.3.jar (com.google.protobuf:protobuf-java:3.22.3) with MergeInstrumentationAnalysisTransform
Transforming grpc-netty-1.57.0.jar (io.grpc:grpc-netty:1.57.0) with InstrumentationAnalysisTransform
Transforming grpc-netty-1.57.0.jar (io.grpc:grpc-netty:1.57.0) with MergeInstrumentationAnalysisTransform
Transforming grpc-core-1.57.0.jar (io.grpc:grpc-core:1.57.0) with InstrumentationAnalysisTransform
Transforming grpc-core-1.57.0.jar (io.grpc:grpc-core:1.57.0) with MergeInstrumentationAnalysisTransform
Transforming kotlin-build-statistics-2.1.0.jar (org.jetbrains.kotlin:kotlin-build-statistics:2.1.0) with InstrumentationAnalysisTransform
Transforming kotlin-build-statistics-2.1.0.jar (org.jetbrains.kotlin:kotlin-build-statistics:2.1.0) with MergeInstrumentationAnalysisTransform
Transforming gson-2.10.1.jar (com.google.code.gson:gson:2.10.1) with InstrumentationAnalysisTransform
Transforming gson-2.10.1.jar (com.google.code.gson:gson:2.10.1) with MergeInstrumentationAnalysisTransform
Transforming grpc-stub-1.57.0.jar (io.grpc:grpc-stub:1.57.0) with InstrumentationAnalysisTransform
Transforming grpc-stub-1.57.0.jar (io.grpc:grpc-stub:1.57.0) with MergeInstrumentationAnalysisTransform
Transforming core-proto-0.0.9-alpha02.jar (com.google.testing.platform:core-proto:0.0.9-alpha02) with InstrumentationAnalysisTransform
Transforming core-proto-0.0.9-alpha02.jar (com.google.testing.platform:core-proto:0.0.9-alpha02) with MergeInstrumentationAnalysisTransform
Transforming tensorflow-lite-metadata-0.1.0-rc2.jar (org.tensorflow:tensorflow-lite-metadata:0.1.0-rc2) with InstrumentationAnalysisTransform
Transforming tensorflow-lite-metadata-0.1.0-rc2.jar (org.tensorflow:tensorflow-lite-metadata:0.1.0-rc2) with MergeInstrumentationAnalysisTransform
Transforming flatbuffers-java-1.12.0.jar (com.google.flatbuffers:flatbuffers-java:1.12.0) with InstrumentationAnalysisTransform
Transforming flatbuffers-java-1.12.0.jar (com.google.flatbuffers:flatbuffers-java:1.12.0) with MergeInstrumentationAnalysisTransform
Transforming kotlin-gradle-plugin-idea-proto-2.1.0.jar (org.jetbrains.kotlin:kotlin-gradle-plugin-idea-proto:2.1.0) with InstrumentationAnalysisTransform
Transforming kotlin-gradle-plugin-idea-proto-2.1.0.jar (org.jetbrains.kotlin:kotlin-gradle-plugin-idea-proto:2.1.0) with MergeInstrumentationAnalysisTransform
Transforming kotlin-gradle-plugin-idea-2.1.0.jar (org.jetbrains.kotlin:kotlin-gradle-plugin-idea:2.1.0) with InstrumentationAnalysisTransform
Caching disabled for MergeInstrumentationAnalysisTransform: /home/runner/.gradle/caches/8.11.1/transforms/3171a105700d60c3ff9f4e51f3de80a2/transformed/analysis/instrumentation-dependencies.bin because:
  Build cache is disabled
  Caching not enabled.
Caching disabled for MergeInstrumentationAnalysisTransform: /home/runner/.gradle/caches/8.11.1/transforms/820885170b1a7939116b18de499a0695/transformed/analysis/instrumentation-dependencies.bin because:
  Build cache is disabled
  Caching not enabled.
Transforming kotlin-gradle-plugin-idea-2.1.0.jar (org.jetbrains.kotlin:kotlin-gradle-plugin-idea:2.1.0) with MergeInstrumentationAnalysisTransform
Transforming kotlin-klib-commonizer-api-2.1.0.jar (org.jetbrains.kotlin:kotlin-klib-commonizer-api:2.1.0) with InstrumentationAnalysisTransform
Transforming kotlin-klib-commonizer-api-2.1.0.jar (org.jetbrains.kotlin:kotlin-klib-commonizer-api:2.1.0) with MergeInstrumentationAnalysisTransform
Transforming kotlin-util-klib-metadata-2.1.0.jar (org.jetbrains.kotlin:kotlin-util-klib-metadata:2.1.0) with InstrumentationAnalysisTransform
Transforming kotlin-util-klib-metadata-2.1.0.jar (org.jetbrains.kotlin:kotlin-util-klib-metadata:2.1.0) with MergeInstrumentationAnalysisTransform
Transforming kotlin-compiler-runner-2.1.0.jar (org.jetbrains.kotlin:kotlin-compiler-runner:2.1.0) with InstrumentationAnalysisTransform
Transforming kotlin-compiler-runner-2.1.0.jar (org.jetbrains.kotlin:kotlin-compiler-runner:2.1.0) with MergeInstrumentationAnalysisTransform
Transforming jimfs-1.1.jar (com.google.jimfs:jimfs:1.1) with InstrumentationAnalysisTransform
Transforming jimfs-1.1.jar (com.google.jimfs:jimfs:1.1) with MergeInstrumentationAnalysisTransform
Transforming grpc-context-1.57.0.jar (io.grpc:grpc-context:1.57.0) with InstrumentationAnalysisTransform
Transforming grpc-context-1.57.0.jar (io.grpc:grpc-context:1.57.0) with MergeInstrumentationAnalysisTransform
Transforming grpc-protobuf-lite-1.57.0.jar (io.grpc:grpc-protobuf-lite:1.57.0) with InstrumentationAnalysisTransform
Transforming grpc-protobuf-lite-1.57.0.jar (io.grpc:grpc-protobuf-lite:1.57.0) with MergeInstrumentationAnalysisTransform
Transforming grpc-api-1.57.0.jar (io.grpc:grpc-api:1.57.0) with InstrumentationAnalysisTransform
Transforming grpc-api-1.57.0.jar (io.grpc:grpc-api:1.57.0) with MergeInstrumentationAnalysisTransform
Transforming guava-32.0.1-jre.jar (com.google.guava:guava:32.0.1-jre) with InstrumentationAnalysisTransform
Transforming guava-32.0.1-jre.jar (com.google.guava:guava:32.0.1-jre) with MergeInstrumentationAnalysisTransform
Transforming dagger-2.28.3.jar (com.google.dagger:dagger:2.28.3) with InstrumentationAnalysisTransform
Transforming dagger-2.28.3.jar (com.google.dagger:dagger:2.28.3) with MergeInstrumentationAnalysisTransform
Transforming javax.inject-1.jar (javax.inject:javax.inject:1) with InstrumentationAnalysisTransform
Transforming javax.inject-1.jar (javax.inject:javax.inject:1) with MergeInstrumentationAnalysisTransform
Transforming kxml2-2.3.0.jar (net.sf.kxml:kxml2:2.3.0) with InstrumentationAnalysisTransform
Transforming kxml2-2.3.0.jar (net.sf.kxml:kxml2:2.3.0) with MergeInstrumentationAnalysisTransform
Transforming bcutil-jdk18on-1.77.jar (org.bouncycastle:bcutil-jdk18on:1.77) with InstrumentationAnalysisTransform
Transforming bcutil-jdk18on-1.77.jar (org.bouncycastle:bcutil-jdk18on:1.77) with MergeInstrumentationAnalysisTransform
Transforming bcprov-jdk18on-1.77.jar (org.bouncycastle:bcprov-jdk18on:1.77) with InstrumentationAnalysisTransform
Transforming bcprov-jdk18on-1.77.jar (org.bouncycastle:bcprov-jdk18on:1.77) with MergeInstrumentationAnalysisTransform
Transforming trove4j-1.0.20200330.jar (org.jetbrains.intellij.deps:trove4j:1.0.20200330) with InstrumentationAnalysisTransform
Transforming trove4j-1.0.20200330.jar (org.jetbrains.intellij.deps:trove4j:1.0.20200330) with MergeInstrumentationAnalysisTransform
Transforming commons-compress-1.21.jar (org.apache.commons:commons-compress:1.21) with InstrumentationAnalysisTransform
Transforming commons-compress-1.21.jar (org.apache.commons:commons-compress:1.21) with MergeInstrumentationAnalysisTransform
Transforming httpclient-4.5.14.jar (org.apache.httpcomponents:httpclient:4.5.14) with InstrumentationAnalysisTransform
Transforming httpclient-4.5.14.jar (org.apache.httpcomponents:httpclient:4.5.14) with MergeInstrumentationAnalysisTransform
Transforming httpcore-4.4.16.jar (org.apache.httpcomponents:httpcore:4.4.16) with InstrumentationAnalysisTransform
Transforming httpcore-4.4.16.jar (org.apache.httpcomponents:httpcore:4.4.16) with MergeInstrumentationAnalysisTransform
Transforming javax.activation-1.2.0.jar (com.sun.activation:javax.activation:1.2.0) with InstrumentationAnalysisTransform
Transforming javax.activation-1.2.0.jar (com.sun.activation:javax.activation:1.2.0) with MergeInstrumentationAnalysisTransform
Transforming signflinger-8.7.3.jar (com.android:signflinger:8.7.3) with InstrumentationAnalysisTransform
Transforming signflinger-8.7.3.jar (com.android:signflinger:8.7.3) with MergeInstrumentationAnalysisTransform
Transforming zipflinger-8.7.3.jar (com.android:zipflinger:8.7.3) with InstrumentationAnalysisTransform
Transforming zipflinger-8.7.3.jar (com.android:zipflinger:8.7.3) with MergeInstrumentationAnalysisTransform
Transforming annotations-31.7.3.jar (com.android.tools:annotations:31.7.3) with InstrumentationAnalysisTransform
Transforming annotations-31.7.3.jar (com.android.tools:annotations:31.7.3) with MergeInstrumentationAnalysisTransform
Transforming jna-platform-5.6.0.jar (net.java.dev.jna:jna-platform:5.6.0) with InstrumentationAnalysisTransform
Transforming jna-platform-5.6.0.jar (net.java.dev.jna:jna-platform:5.6.0) with MergeInstrumentationAnalysisTransform
Transforming juniversalchardet-1.0.3.jar (com.googlecode.juniversalchardet:juniversalchardet:1.0.3) with InstrumentationAnalysisTransform
Transforming juniversalchardet-1.0.3.jar (com.googlecode.juniversalchardet:juniversalchardet:1.0.3) with MergeInstrumentationAnalysisTransform
Transforming javax.annotation-api-1.3.2.jar (javax.annotation:javax.annotation-api:1.3.2) with InstrumentationAnalysisTransform
Transforming javax.annotation-api-1.3.2.jar (javax.annotation:javax.annotation-api:1.3.2) with MergeInstrumentationAnalysisTransform
Transforming stax-ex-1.8.1.jar (org.jvnet.staxex:stax-ex:1.8.1) with InstrumentationAnalysisTransform
Transforming stax-ex-1.8.1.jar (org.jvnet.staxex:stax-ex:1.8.1) with MergeInstrumentationAnalysisTransform
Transforming jakarta.xml.bind-api-2.3.2.jar (jakarta.xml.bind:jakarta.xml.bind-api:2.3.2) with InstrumentationAnalysisTransform
Transforming jakarta.xml.bind-api-2.3.2.jar (jakarta.xml.bind:jakarta.xml.bind-api:2.3.2) with MergeInstrumentationAnalysisTransform
Transforming txw2-2.3.2.jar (org.glassfish.jaxb:txw2:2.3.2) with InstrumentationAnalysisTransform
Transforming txw2-2.3.2.jar (org.glassfish.jaxb:txw2:2.3.2) with MergeInstrumentationAnalysisTransform
Transforming istack-commons-runtime-3.0.8.jar (com.sun.istack:istack-commons-runtime:3.0.8) with InstrumentationAnalysisTransform
Transforming istack-commons-runtime-3.0.8.jar (com.sun.istack:istack-commons-runtime:3.0.8) with MergeInstrumentationAnalysisTransform
Transforming FastInfoset-1.2.16.jar (com.sun.xml.fastinfoset:FastInfoset:1.2.16) with InstrumentationAnalysisTransform
Transforming FastInfoset-1.2.16.jar (com.sun.xml.fastinfoset:FastInfoset:1.2.16) with MergeInstrumentationAnalysisTransform
Transforming jakarta.activation-api-1.2.1.jar (jakarta.activation:jakarta.activation-api:1.2.1) with InstrumentationAnalysisTransform
Transforming jakarta.activation-api-1.2.1.jar (jakarta.activation:jakarta.activation-api:1.2.1) with MergeInstrumentationAnalysisTransform
Transforming auto-value-annotations-1.6.2.jar (com.google.auto.value:auto-value-annotations:1.6.2) with InstrumentationAnalysisTransform
Transforming auto-value-annotations-1.6.2.jar (com.google.auto.value:auto-value-annotations:1.6.2) with MergeInstrumentationAnalysisTransform
Transforming error_prone_annotations-2.18.0.jar (com.google.errorprone:error_prone_annotations:2.18.0) with InstrumentationAnalysisTransform
Transforming error_prone_annotations-2.18.0.jar (com.google.errorprone:error_prone_annotations:2.18.0) with MergeInstrumentationAnalysisTransform
Transforming jose4j-0.9.5.jar (org.bitbucket.b_c:jose4j:0.9.5) with InstrumentationAnalysisTransform
Transforming jose4j-0.9.5.jar (org.bitbucket.b_c:jose4j:0.9.5) with MergeInstrumentationAnalysisTransform
Transforming slf4j-api-1.7.30.jar (org.slf4j:slf4j-api:1.7.30) with InstrumentationAnalysisTransform
Transforming slf4j-api-1.7.30.jar (org.slf4j:slf4j-api:1.7.30) with MergeInstrumentationAnalysisTransform
Transforming jdom2-2.0.6.jar (org.jdom:jdom2:2.0.6) with InstrumentationAnalysisTransform
Transforming jdom2-2.0.6.jar (org.jdom:jdom2:2.0.6) with MergeInstrumentationAnalysisTransform
Transforming jsr305-3.0.2.jar (com.google.code.findbugs:jsr305:3.0.2) with InstrumentationAnalysisTransform
Transforming jsr305-3.0.2.jar (com.google.code.findbugs:jsr305:3.0.2) with MergeInstrumentationAnalysisTransform
Transforming j2objc-annotations-2.8.jar (com.google.j2objc:j2objc-annotations:2.8) with InstrumentationAnalysisTransform
Transforming j2objc-annotations-2.8.jar (com.google.j2objc:j2objc-annotations:2.8) with MergeInstrumentationAnalysisTransform
Transforming annotations-4.1.1.4.jar (com.google.android:annotations:4.1.1.4) with InstrumentationAnalysisTransform
Transforming annotations-4.1.1.4.jar (com.google.android:annotations:4.1.1.4) with MergeInstrumentationAnalysisTransform
Transforming animal-sniffer-annotations-1.23.jar (org.codehaus.mojo:animal-sniffer-annotations:1.23) with InstrumentationAnalysisTransform
Transforming animal-sniffer-annotations-1.23.jar (org.codehaus.mojo:animal-sniffer-annotations:1.23) with MergeInstrumentationAnalysisTransform
Transforming perfmark-api-0.26.0.jar (io.perfmark:perfmark-api:0.26.0) with InstrumentationAnalysisTransform
Transforming perfmark-api-0.26.0.jar (io.perfmark:perfmark-api:0.26.0) with MergeInstrumentationAnalysisTransform
Transforming netty-codec-http2-4.1.93.Final.jar (io.netty:netty-codec-http2:4.1.93.Final) with InstrumentationAnalysisTransform
Transforming netty-codec-http2-4.1.93.Final.jar (io.netty:netty-codec-http2:4.1.93.Final) with MergeInstrumentationAnalysisTransform
Transforming netty-handler-proxy-4.1.93.Final.jar (io.netty:netty-handler-proxy:4.1.93.Final) with InstrumentationAnalysisTransform
Transforming netty-handler-proxy-4.1.93.Final.jar (io.netty:netty-handler-proxy:4.1.93.Final) with MergeInstrumentationAnalysisTransform
Transforming netty-codec-http-4.1.93.Final.jar (io.netty:netty-codec-http:4.1.93.Final) with InstrumentationAnalysisTransform
Transforming netty-codec-http-4.1.93.Final.jar (io.netty:netty-codec-http:4.1.93.Final) with MergeInstrumentationAnalysisTransform
Transforming netty-handler-4.1.93.Final.jar (io.netty:netty-handler:4.1.93.Final) with InstrumentationAnalysisTransform
Transforming netty-handler-4.1.93.Final.jar (io.netty:netty-handler:4.1.93.Final) with MergeInstrumentationAnalysisTransform
Transforming netty-transport-native-unix-common-4.1.93.Final.jar (io.netty:netty-transport-native-unix-common:4.1.93.Final) with InstrumentationAnalysisTransform
Transforming netty-transport-native-unix-common-4.1.93.Final.jar (io.netty:netty-transport-native-unix-common:4.1.93.Final) with MergeInstrumentationAnalysisTransform
Transforming checker-qual-3.33.0.jar (org.checkerframework:checker-qual:3.33.0) with InstrumentationAnalysisTransform
Transforming checker-qual-3.33.0.jar (org.checkerframework:checker-qual:3.33.0) with MergeInstrumentationAnalysisTransform
Transforming commons-codec-1.11.jar (commons-codec:commons-codec:1.11) with InstrumentationAnalysisTransform
Transforming commons-codec-1.11.jar (commons-codec:commons-codec:1.11) with MergeInstrumentationAnalysisTransform
Transforming apksig-8.7.3.jar (com.android.tools.build:apksig:8.7.3) with InstrumentationAnalysisTransform
Transforming apksig-8.7.3.jar (com.android.tools.build:apksig:8.7.3) with MergeInstrumentationAnalysisTransform
Transforming javawriter-2.5.0.jar (com.squareup:javawriter:2.5.0) with InstrumentationAnalysisTransform
Transforming javawriter-2.5.0.jar (com.squareup:javawriter:2.5.0) with MergeInstrumentationAnalysisTransform
Transforming kotlin-gradle-plugin-annotations-2.1.0.jar (org.jetbrains.kotlin:kotlin-gradle-plugin-annotations:2.1.0) with InstrumentationAnalysisTransform
Transforming kotlin-gradle-plugin-annotations-2.1.0.jar (org.jetbrains.kotlin:kotlin-gradle-plugin-annotations:2.1.0) with MergeInstrumentationAnalysisTransform
Transforming kotlin-native-utils-2.1.0.jar (org.jetbrains.kotlin:kotlin-native-utils:2.1.0) with InstrumentationAnalysisTransform
Transforming kotlin-native-utils-2.1.0.jar (org.jetbrains.kotlin:kotlin-native-utils:2.1.0) with MergeInstrumentationAnalysisTransform
Transforming kotlin-tooling-core-2.1.0.jar (org.jetbrains.kotlin:kotlin-tooling-core:2.1.0) with InstrumentationAnalysisTransform
Transforming kotlin-tooling-core-2.1.0.jar (org.jetbrains.kotlin:kotlin-tooling-core:2.1.0) with MergeInstrumentationAnalysisTransform
Transforming kotlin-build-tools-api-2.1.0.jar (org.jetbrains.kotlin:kotlin-build-tools-api:2.1.0) with InstrumentationAnalysisTransform
Transforming kotlin-build-tools-api-2.1.0.jar (org.jetbrains.kotlin:kotlin-build-tools-api:2.1.0) with MergeInstrumentationAnalysisTransform
Transforming kotlin-util-klib-2.1.0.jar (org.jetbrains.kotlin:kotlin-util-klib:2.1.0) with InstrumentationAnalysisTransform
Transforming kotlin-util-klib-2.1.0.jar (org.jetbrains.kotlin:kotlin-util-klib:2.1.0) with MergeInstrumentationAnalysisTransform
Transforming kotlin-util-io-2.1.0.jar (org.jetbrains.kotlin:kotlin-util-io:2.1.0) with InstrumentationAnalysisTransform
Transforming kotlin-util-io-2.1.0.jar (org.jetbrains.kotlin:kotlin-util-io:2.1.0) with MergeInstrumentationAnalysisTransform
Transforming kotlin-daemon-client-2.1.0.jar (org.jetbrains.kotlin:kotlin-daemon-client:2.1.0) with InstrumentationAnalysisTransform
Transforming kotlin-daemon-client-2.1.0.jar (org.jetbrains.kotlin:kotlin-daemon-client:2.1.0) with MergeInstrumentationAnalysisTransform
Transforming kotlinx-coroutines-core-jvm-1.6.4.jar (org.jetbrains.kotlinx:kotlinx-coroutines-core-jvm:1.6.4) with InstrumentationAnalysisTransform
Transforming kotlinx-coroutines-core-jvm-1.6.4.jar (org.jetbrains.kotlinx:kotlinx-coroutines-core-jvm:1.6.4) with MergeInstrumentationAnalysisTransform
Transforming failureaccess-1.0.1.jar (com.google.guava:failureaccess:1.0.1) with InstrumentationAnalysisTransform
Transforming failureaccess-1.0.1.jar (com.google.guava:failureaccess:1.0.1) with MergeInstrumentationAnalysisTransform
Transforming listenablefuture-9999.0-empty-to-avoid-conflict-with-guava.jar (com.google.guava:listenablefuture:9999.0-empty-to-avoid-conflict-with-guava) with InstrumentationAnalysisTransform
Transforming listenablefuture-9999.0-empty-to-avoid-conflict-with-guava.jar (com.google.guava:listenablefuture:9999.0-empty-to-avoid-conflict-with-guava) with MergeInstrumentationAnalysisTransform
Transforming commons-logging-1.2.jar (commons-logging:commons-logging:1.2) with InstrumentationAnalysisTransform
Transforming commons-logging-1.2.jar (commons-logging:commons-logging:1.2) with MergeInstrumentationAnalysisTransform
Transforming jna-5.6.0.jar (net.java.dev.jna:jna:5.6.0) with InstrumentationAnalysisTransform
Transforming jna-5.6.0.jar (net.java.dev.jna:jna:5.6.0) with MergeInstrumentationAnalysisTransform
Transforming netty-codec-socks-4.1.93.Final.jar (io.netty:netty-codec-socks:4.1.93.Final) with InstrumentationAnalysisTransform
Transforming netty-codec-socks-4.1.93.Final.jar (io.netty:netty-codec-socks:4.1.93.Final) with MergeInstrumentationAnalysisTransform
Transforming netty-codec-4.1.93.Final.jar (io.netty:netty-codec:4.1.93.Final) with InstrumentationAnalysisTransform
Transforming netty-codec-4.1.93.Final.jar (io.netty:netty-codec:4.1.93.Final) with MergeInstrumentationAnalysisTransform
Transforming netty-transport-4.1.93.Final.jar (io.netty:netty-transport:4.1.93.Final) with InstrumentationAnalysisTransform
Transforming netty-transport-4.1.93.Final.jar (io.netty:netty-transport:4.1.93.Final) with MergeInstrumentationAnalysisTransform
Transforming netty-buffer-4.1.93.Final.jar (io.netty:netty-buffer:4.1.93.Final) with InstrumentationAnalysisTransform
Transforming netty-buffer-4.1.93.Final.jar (io.netty:netty-buffer:4.1.93.Final) with MergeInstrumentationAnalysisTransform
Transforming netty-resolver-4.1.93.Final.jar (io.netty:netty-resolver:4.1.93.Final) with InstrumentationAnalysisTransform
Transforming netty-resolver-4.1.93.Final.jar (io.netty:netty-resolver:4.1.93.Final) with MergeInstrumentationAnalysisTransform
Transforming netty-common-4.1.93.Final.jar (io.netty:netty-common:4.1.93.Final) with InstrumentationAnalysisTransform
Transforming netty-common-4.1.93.Final.jar (io.netty:netty-common:4.1.93.Final) with MergeInstrumentationAnalysisTransform
Caching disabled for MergeInstrumentationAnalysisTransform: /home/runner/.gradle/caches/8.11.1/transforms/67b94aa161fb7a1993a1ff3db2f4ace5/transformed/analysis/instrumentation-hierarchy.bin because:
  Build cache is disabled
  Caching not enabled.
Caching disabled for MergeInstrumentationAnalysisTransform: /home/runner/.gradle/caches/8.11.1/transforms/67b94aa161fb7a1993a1ff3db2f4ace5/transformed/analysis/instrumentation-dependencies.bin because:
  Build cache is disabled
  Caching not enabled.
Caching disabled for MergeInstrumentationAnalysisTransform: /home/runner/.gradle/caches/modules-2/files-2.1/com.android.tools.lint/lint-model/31.7.3/97083bcf1d06633487523abd3e340ea216e988d2/lint-model-31.7.3.jar because:
  Build cache is disabled
  Caching not enabled.
Caching disabled for MergeInstrumentationAnalysisTransform: /home/runner/.gradle/caches/modules-2/files-2.1/com.android.tools.build/gradle-settings-api/8.7.3/4ff585b83bf1443f3e96f9d833458d19b29bdce3/gradle-settings-api-8.7.3.jar because:
  Build cache is disabled
  Caching not enabled.
Transforming lint-model-31.7.3.jar (com.android.tools.lint:lint-model:31.7.3) with ExternalDependencyInstrumentingArtifactTransform
Caching disabled for ExternalDependencyInstrumentingArtifactTransform: /home/runner/.gradle/caches/8.11.1/transforms/a5aff31af2402ac139f3dd1830dfed4e/transformed/.gradle-instrumented-classpath.marker because:
  Build cache is disabled
  Caching not enabled.
Transforming gradle-settings-api-8.7.3.jar (com.android.tools.build:gradle-settings-api:8.7.3) with ExternalDependencyInstrumentingArtifactTransform
Caching disabled for ExternalDependencyInstrumentingArtifactTransform: /home/runner/.gradle/caches/8.11.1/transforms/6d18439265d8dc523dcb4f9600c1828c/transformed/merge/instrumentation-dependencies.bin because:
  Build cache is disabled
  Caching not enabled.
Caching disabled for ExternalDependencyInstrumentingArtifactTransform: /home/runner/.gradle/caches/8.11.1/transforms/a5aff31af2402ac139f3dd1830dfed4e/transformed/merge/instrumentation-dependencies.bin because:
  Build cache is disabled
  Caching not enabled.
Caching disabled for ExternalDependencyInstrumentingArtifactTransform: /home/runner/.gradle/caches/modules-2/files-2.1/com.android.tools.build/gradle-settings-api/8.7.3/4ff585b83bf1443f3e96f9d833458d19b29bdce3/gradle-settings-api-8.7.3.jar because:
  Build cache is disabled
  Caching not enabled.
Caching disabled for MergeInstrumentationAnalysisTransform: /home/runner/.gradle/caches/8.11.1/transforms/768589391b995c9499864d5231b41b53/transformed/analysis/instrumentation-hierarchy.bin because:
  Build cache is disabled
  Caching not enabled.
Caching disabled for MergeInstrumentationAnalysisTransform: /home/runner/.gradle/caches/8.11.1/transforms/768589391b995c9499864d5231b41b53/transformed/analysis/instrumentation-dependencies.bin because:
  Build cache is disabled
  Caching not enabled.
Caching disabled for MergeInstrumentationAnalysisTransform: /home/runner/.gradle/caches/modules-2/files-2.1/com.android.tools.build/manifest-merger/31.7.3/d0489e76e4eb785336317add6b65d57b928a429/manifest-merger-31.7.3.jar because:
  Build cache is disabled
  Caching not enabled.
Transforming manifest-merger-31.7.3.jar (com.android.tools.build:manifest-merger:31.7.3) with ExternalDependencyInstrumentingArtifactTransform
Caching disabled for ExternalDependencyInstrumentingArtifactTransform: /home/runner/.gradle/caches/8.11.1/transforms/417be3d83537fe1e8b4ce92614524f8c/transformed/merge/instrumentation-dependencies.bin because:
  Build cache is disabled
  Caching not enabled.
Caching disabled for MergeInstrumentationAnalysisTransform: /home/runner/.gradle/caches/modules-2/files-2.1/com.android.tools.build/builder/8.7.3/8d3e529cc87e89552433c8337bd0b616ef545fa1/builder-8.7.3.jar because:
  Build cache is disabled
  Caching not enabled.
Transforming builder-8.7.3.jar (com.android.tools.build:builder:8.7.3) with ExternalDependencyInstrumentingArtifactTransform
Caching disabled for ExternalDependencyInstrumentingArtifactTransform: /home/runner/.gradle/caches/8.11.1/transforms/442b6bb57b70d5e43d0864d2bd28f0c8/transformed/merge/instrumentation-dependencies.bin because:
  Build cache is disabled
  Caching not enabled.
Caching disabled for MergeInstrumentationAnalysisTransform: /home/runner/.gradle/caches/modules-2/files-2.1/com.android.tools.build/gradle/8.7.3/557c0eaed243df7b293d8b1f2c252d97fcc71dda/gradle-8.7.3.jar because:
  Build cache is disabled
  Caching not enabled.
Transforming gradle-8.7.3.jar (com.android.tools.build:gradle:8.7.3) with ExternalDependencyInstrumentingArtifactTransform
Caching disabled for ExternalDependencyInstrumentingArtifactTransform: /home/runner/.gradle/caches/8.11.1/transforms/30109a12dd82aa3ac229572ebd2f1b7d/transformed/merge/instrumentation-dependencies.bin because:
  Build cache is disabled
  Caching not enabled.
Caching disabled for ExternalDependencyInstrumentingArtifactTransform: /home/runner/.gradle/caches/modules-2/files-2.1/com.android.tools.lint/lint-model/31.7.3/97083bcf1d06633487523abd3e340ea216e988d2/lint-model-31.7.3.jar because:
  Build cache is disabled
  Caching not enabled.
Caching disabled for MergeInstrumentationAnalysisTransform: /home/runner/.gradle/caches/8.11.1/transforms/41d24294d28fb8ea140580e9e60e1f5f/transformed/analysis/instrumentation-hierarchy.bin because:
  Build cache is disabled
  Caching not enabled.
Caching disabled for MergeInstrumentationAnalysisTransform: /home/runner/.gradle/caches/8.11.1/transforms/41d24294d28fb8ea140580e9e60e1f5f/transformed/analysis/instrumentation-dependencies.bin because:
  Build cache is disabled
  Caching not enabled.
Caching disabled for MergeInstrumentationAnalysisTransform: /home/runner/.gradle/caches/modules-2/files-2.1/com.android.tools/sdk-common/31.7.3/d17c3d28724a5f3e90a5ae053714627b740ff80c/sdk-common-31.7.3.jar because:
  Build cache is disabled
  Caching not enabled.
Transforming sdk-common-31.7.3.jar (com.android.tools:sdk-common:31.7.3) with ExternalDependencyInstrumentingArtifactTransform
Caching disabled for ExternalDependencyInstrumentingArtifactTransform: /home/runner/.gradle/caches/8.11.1/transforms/d0274982746c2f798cc22cd43f88f358/transformed/merge/instrumentation-dependencies.bin because:
  Build cache is disabled
  Caching not enabled.
Caching disabled for ExternalDependencyInstrumentingArtifactTransform: /home/runner/.gradle/caches/modules-2/files-2.1/com.android.tools.build/manifest-merger/31.7.3/d0489e76e4eb785336317add6b65d57b928a429/manifest-merger-31.7.3.jar because:
  Build cache is disabled
  Caching not enabled.
Caching disabled for MergeInstrumentationAnalysisTransform: /home/runner/.gradle/caches/8.11.1/transforms/1306b88ae11de8f0bfb0d372ad9f7062/transformed/analysis/instrumentation-hierarchy.bin because:
  Build cache is disabled
  Caching not enabled.
Caching disabled for MergeInstrumentationAnalysisTransform: /home/runner/.gradle/caches/8.11.1/transforms/1306b88ae11de8f0bfb0d372ad9f7062/transformed/analysis/instrumentation-dependencies.bin because:
  Build cache is disabled
  Caching not enabled.
Caching disabled for MergeInstrumentationAnalysisTransform: /home/runner/.gradle/caches/modules-2/files-2.1/com.android.tools/sdklib/31.7.3/adb7cac2ab282100e2b8b6d66b997a69ed06adf/sdklib-31.7.3.jar because:
  Build cache is disabled
  Caching not enabled.
Transforming sdklib-31.7.3.jar (com.android.tools:sdklib:31.7.3) with ExternalDependencyInstrumentingArtifactTransform
Caching disabled for ExternalDependencyInstrumentingArtifactTransform: /home/runner/.gradle/caches/modules-2/files-2.1/com.android.tools/sdk-common/31.7.3/d17c3d28724a5f3e90a5ae053714627b740ff80c/sdk-common-31.7.3.jar because:
  Build cache is disabled
  Caching not enabled.
Caching disabled for MergeInstrumentationAnalysisTransform: /home/runner/.gradle/caches/8.11.1/transforms/6c7da4f935b4f8542f5b365cbcfe9557/transformed/analysis/instrumentation-hierarchy.bin because:
  Build cache is disabled
  Caching not enabled.
Caching disabled for MergeInstrumentationAnalysisTransform: /home/runner/.gradle/caches/8.11.1/transforms/6c7da4f935b4f8542f5b365cbcfe9557/transformed/analysis/instrumentation-dependencies.bin because:
  Build cache is disabled
  Caching not enabled.
Caching disabled for MergeInstrumentationAnalysisTransform: /home/runner/.gradle/caches/modules-2/files-2.1/com.android.tools/repository/31.7.3/97e2e59d682d3f40706ec140f74e784bca0dc6dc/repository-31.7.3.jar because:
  Build cache is disabled
  Caching not enabled.
Transforming repository-31.7.3.jar (com.android.tools:repository:31.7.3) with ExternalDependencyInstrumentingArtifactTransform
Caching disabled for ExternalDependencyInstrumentingArtifactTransform: /home/runner/.gradle/caches/8.11.1/transforms/ba2ec1bb4f5735a603887829d2f62e3a/transformed/merge/instrumentation-dependencies.bin because:
  Build cache is disabled
  Caching not enabled.
Caching disabled for ExternalDependencyInstrumentingArtifactTransform: /home/runner/.gradle/caches/modules-2/files-2.1/com.android.tools/repository/31.7.3/97e2e59d682d3f40706ec140f74e784bca0dc6dc/repository-31.7.3.jar because:
  Build cache is disabled
  Caching not enabled.
Caching disabled for MergeInstrumentationAnalysisTransform: /home/runner/.gradle/caches/8.11.1/transforms/e3fbbc57c65a588683672eb46aa068de/transformed/analysis/instrumentation-hierarchy.bin because:
  Build cache is disabled
  Caching not enabled.
Caching disabled for MergeInstrumentationAnalysisTransform: /home/runner/.gradle/caches/8.11.1/transforms/e3fbbc57c65a588683672eb46aa068de/transformed/analysis/instrumentation-dependencies.bin because:
  Build cache is disabled
  Caching not enabled.
Caching disabled for MergeInstrumentationAnalysisTransform: /home/runner/.gradle/caches/modules-2/files-2.1/com.android.tools.build/aaptcompiler/8.7.3/899fa2a76cb7447343d3701de123186b65d63e92/aaptcompiler-8.7.3.jar because:
  Build cache is disabled
  Caching not enabled.
Transforming aaptcompiler-8.7.3.jar (com.android.tools.build:aaptcompiler:8.7.3) with ExternalDependencyInstrumentingArtifactTransform
Caching disabled for ExternalDependencyInstrumentingArtifactTransform: /home/runner/.gradle/caches/8.11.1/transforms/357156caa9d925fe20d344dc85b538ca/transformed/merge/instrumentation-dependencies.bin because:
  Build cache is disabled
  Caching not enabled.
Caching disabled for ExternalDependencyInstrumentingArtifactTransform: /home/runner/.gradle/caches/modules-2/files-2.1/com.android.tools.build/aaptcompiler/8.7.3/899fa2a76cb7447343d3701de123186b65d63e92/aaptcompiler-8.7.3.jar because:
  Build cache is disabled
  Caching not enabled.
Caching disabled for MergeInstrumentationAnalysisTransform: /home/runner/.gradle/caches/8.11.1/transforms/60f1fe75591c84bd1d41ab95c6943ac3/transformed/analysis/instrumentation-hierarchy.bin because:
  Build cache is disabled
  Caching not enabled.
Caching disabled for MergeInstrumentationAnalysisTransform: /home/runner/.gradle/caches/8.11.1/transforms/60f1fe75591c84bd1d41ab95c6943ac3/transformed/analysis/instrumentation-dependencies.bin because:
  Build cache is disabled
  Caching not enabled.
Caching disabled for MergeInstrumentationAnalysisTransform: /home/runner/.gradle/caches/modules-2/files-2.1/com.android.tools.analytics-library/tracker/31.7.3/4f92e4165dc453485633b1461e1b822451484000/tracker-31.7.3.jar because:
  Build cache is disabled
  Caching not enabled.
Transforming tracker-31.7.3.jar (com.android.tools.analytics-library:tracker:31.7.3) with ExternalDependencyInstrumentingArtifactTransform
Caching disabled for ExternalDependencyInstrumentingArtifactTransform: /home/runner/.gradle/caches/8.11.1/transforms/96b8923bb81ab4011fc42a3b3a0bf127/transformed/merge/instrumentation-dependencies.bin because:
  Build cache is disabled
  Caching not enabled.
Caching disabled for ExternalDependencyInstrumentingArtifactTransform: /home/runner/.gradle/caches/modules-2/files-2.1/com.android.tools.analytics-library/tracker/31.7.3/4f92e4165dc453485633b1461e1b822451484000/tracker-31.7.3.jar because:
  Build cache is disabled
  Caching not enabled.
Caching disabled for MergeInstrumentationAnalysisTransform: /home/runner/.gradle/caches/8.11.1/transforms/f5c39868baa94fe0dd4a20c1ef03c111/transformed/analysis/instrumentation-hierarchy.bin because:
  Build cache is disabled
  Caching not enabled.
Caching disabled for MergeInstrumentationAnalysisTransform: /home/runner/.gradle/caches/8.11.1/transforms/f5c39868baa94fe0dd4a20c1ef03c111/transformed/analysis/instrumentation-dependencies.bin because:
  Build cache is disabled
  Caching not enabled.
Caching disabled for MergeInstrumentationAnalysisTransform: /home/runner/.gradle/caches/modules-2/files-2.1/com.android.tools.analytics-library/shared/31.7.3/c7741b6bc45fcd3e0bb9dc82739a84273922fb05/shared-31.7.3.jar because:
  Build cache is disabled
  Caching not enabled.
Transforming shared-31.7.3.jar (com.android.tools.analytics-library:shared:31.7.3) with ExternalDependencyInstrumentingArtifactTransform
Caching disabled for ExternalDependencyInstrumentingArtifactTransform: /home/runner/.gradle/caches/8.11.1/transforms/648e62bbe527b5d4e269c0111b4970aa/transformed/merge/instrumentation-dependencies.bin because:
  Build cache is disabled
  Caching not enabled.
Caching disabled for ExternalDependencyInstrumentingArtifactTransform: /home/runner/.gradle/caches/modules-2/files-2.1/com.android.tools.analytics-library/shared/31.7.3/c7741b6bc45fcd3e0bb9dc82739a84273922fb05/shared-31.7.3.jar because:
  Build cache is disabled
  Caching not enabled.
Caching disabled for MergeInstrumentationAnalysisTransform: /home/runner/.gradle/caches/8.11.1/transforms/d43c7b1f7f4134ef54e5fec9d9e423fd/transformed/analysis/instrumentation-hierarchy.bin because:
  Build cache is disabled
  Caching not enabled.
Caching disabled for MergeInstrumentationAnalysisTransform: /home/runner/.gradle/caches/8.11.1/transforms/d43c7b1f7f4134ef54e5fec9d9e423fd/transformed/analysis/instrumentation-dependencies.bin because:
  Build cache is disabled
  Caching not enabled.
Caching disabled for MergeInstrumentationAnalysisTransform: /home/runner/.gradle/caches/modules-2/files-2.1/androidx.databinding/databinding-compiler-common/8.7.3/72f4e6aa81b849277d5601b88a4c94b4ac73d3a2/databinding-compiler-common-8.7.3.jar because:
  Build cache is disabled
  Caching not enabled.
Transforming databinding-compiler-common-8.7.3.jar (androidx.databinding:databinding-compiler-common:8.7.3) with ExternalDependencyInstrumentingArtifactTransform
Caching disabled for ExternalDependencyInstrumentingArtifactTransform: /home/runner/.gradle/caches/8.11.1/transforms/0c9632655c07850aee87cce0fddf51c4/transformed/merge/instrumentation-dependencies.bin because:
  Build cache is disabled
  Caching not enabled.
Caching disabled for ExternalDependencyInstrumentingArtifactTransform: /home/runner/.gradle/caches/modules-2/files-2.1/androidx.databinding/databinding-compiler-common/8.7.3/72f4e6aa81b849277d5601b88a4c94b4ac73d3a2/databinding-compiler-common-8.7.3.jar because:
  Build cache is disabled
  Caching not enabled.
Caching disabled for MergeInstrumentationAnalysisTransform: /home/runner/.gradle/caches/8.11.1/transforms/6ee2f36a078647d6edf96ae11c757662/transformed/analysis/instrumentation-hierarchy.bin because:
  Build cache is disabled
  Caching not enabled.
Caching disabled for MergeInstrumentationAnalysisTransform: /home/runner/.gradle/caches/8.11.1/transforms/6ee2f36a078647d6edf96ae11c757662/transformed/analysis/instrumentation-dependencies.bin because:
  Build cache is disabled
  Caching not enabled.
Caching disabled for MergeInstrumentationAnalysisTransform: /home/runner/.gradle/caches/modules-2/files-2.1/com.android.tools.utp/android-test-plugin-host-emulator-control-proto/31.7.3/faaddb0258a839e6ab89fe2acbe20ce29b403b43/android-test-plugin-host-emulator-control-proto-31.7.3.jar because:
  Build cache is disabled
  Caching not enabled.
Transforming android-test-plugin-host-emulator-control-proto-31.7.3.jar (com.android.tools.utp:android-test-plugin-host-emulator-control-proto:31.7.3) with ExternalDependencyInstrumentingArtifactTransform
Caching disabled for ExternalDependencyInstrumentingArtifactTransform: /home/runner/.gradle/caches/8.11.1/transforms/042da991bfe75e345426708d7e363a9f/transformed/merge/instrumentation-dependencies.bin because:
  Build cache is disabled
  Caching not enabled.
Caching disabled for ExternalDependencyInstrumentingArtifactTransform: /home/runner/.gradle/caches/modules-2/files-2.1/com.android.tools.utp/android-test-plugin-host-emulator-control-proto/31.7.3/faaddb0258a839e6ab89fe2acbe20ce29b403b43/android-test-plugin-host-emulator-control-proto-31.7.3.jar because:
  Build cache is disabled
  Caching not enabled.
Caching disabled for MergeInstrumentationAnalysisTransform: /home/runner/.gradle/caches/8.11.1/transforms/568ea53b0de1bcf4c05e96659a50b250/transformed/analysis/instrumentation-hierarchy.bin because:
  Build cache is disabled
  Caching not enabled.
Caching disabled for MergeInstrumentationAnalysisTransform: /home/runner/.gradle/caches/8.11.1/transforms/568ea53b0de1bcf4c05e96659a50b250/transformed/analysis/instrumentation-dependencies.bin because:
  Build cache is disabled
  Caching not enabled.
Caching disabled for MergeInstrumentationAnalysisTransform: /home/runner/.gradle/caches/modules-2/files-2.1/com.android.tools.utp/android-test-plugin-host-retention-proto/31.7.3/8ef946d4477f3b40b3bcb7d151131483b6d77d67/android-test-plugin-host-retention-proto-31.7.3.jar because:
  Build cache is disabled
  Caching not enabled.
Transforming android-test-plugin-host-retention-proto-31.7.3.jar (com.android.tools.utp:android-test-plugin-host-retention-proto:31.7.3) with ExternalDependencyInstrumentingArtifactTransform
Caching disabled for ExternalDependencyInstrumentingArtifactTransform: /home/runner/.gradle/caches/8.11.1/transforms/14b5b4ee4ebcb40cc9b567128e46ddbc/transformed/merge/instrumentation-dependencies.bin because:
  Build cache is disabled
  Caching not enabled.
Caching disabled for ExternalDependencyInstrumentingArtifactTransform: /home/runner/.gradle/caches/modules-2/files-2.1/com.android.tools.utp/android-test-plugin-host-retention-proto/31.7.3/8ef946d4477f3b40b3bcb7d151131483b6d77d67/android-test-plugin-host-retention-proto-31.7.3.jar because:
  Build cache is disabled
  Caching not enabled.
Caching disabled for MergeInstrumentationAnalysisTransform: /home/runner/.gradle/caches/8.11.1/transforms/a1e3a9b3526d8c577dc55b5079cb7de7/transformed/analysis/instrumentation-hierarchy.bin because:
  Build cache is disabled
  Caching not enabled.
Caching disabled for MergeInstrumentationAnalysisTransform: /home/runner/.gradle/caches/8.11.1/transforms/a1e3a9b3526d8c577dc55b5079cb7de7/transformed/analysis/instrumentation-dependencies.bin because:
  Build cache is disabled
  Caching not enabled.
Caching disabled for MergeInstrumentationAnalysisTransform: /home/runner/.gradle/caches/modules-2/files-2.1/com.android.tools.build/builder-model/8.7.3/149bea893f64cd61fe89b519550bf779e4314e94/builder-model-8.7.3.jar because:
  Build cache is disabled
  Caching not enabled.
Transforming builder-model-8.7.3.jar (com.android.tools.build:builder-model:8.7.3) with ExternalDependencyInstrumentingArtifactTransform
Caching disabled for ExternalDependencyInstrumentingArtifactTransform: /home/runner/.gradle/caches/8.11.1/transforms/80e6c0705a8427fdbab49860d40587cb/transformed/merge/instrumentation-dependencies.bin because:
  Build cache is disabled
  Caching not enabled.
Caching disabled for ExternalDependencyInstrumentingArtifactTransform: /home/runner/.gradle/caches/modules-2/files-2.1/com.android.tools.build/builder-model/8.7.3/149bea893f64cd61fe89b519550bf779e4314e94/builder-model-8.7.3.jar because:
  Build cache is disabled
  Caching not enabled.
Caching disabled for MergeInstrumentationAnalysisTransform: /home/runner/.gradle/caches/8.11.1/transforms/192b22d0149fce59528135dd18cc8df9/transformed/analysis/instrumentation-hierarchy.bin because:
  Build cache is disabled
  Caching not enabled.
Caching disabled for MergeInstrumentationAnalysisTransform: /home/runner/.gradle/caches/8.11.1/transforms/192b22d0149fce59528135dd18cc8df9/transformed/analysis/instrumentation-dependencies.bin because:
  Build cache is disabled
  Caching not enabled.
Caching disabled for MergeInstrumentationAnalysisTransform: /home/runner/.gradle/caches/modules-2/files-2.1/com.android.tools.build/gradle-api/8.7.3/7b90ce26dc62c0748b6de923ed76c50a91ab9b26/gradle-api-8.7.3.jar because:
  Build cache is disabled
  Caching not enabled.
Transforming gradle-api-8.7.3.jar (com.android.tools.build:gradle-api:8.7.3) with ExternalDependencyInstrumentingArtifactTransform
Caching disabled for ExternalDependencyInstrumentingArtifactTransform: /home/runner/.gradle/caches/8.11.1/transforms/7100ccf36fcc9eb6e787262c3605f9e3/transformed/merge/instrumentation-dependencies.bin because:
  Build cache is disabled
  Caching not enabled.
Caching disabled for ExternalDependencyInstrumentingArtifactTransform: /home/runner/.gradle/caches/modules-2/files-2.1/com.android.tools.build/gradle-api/8.7.3/7b90ce26dc62c0748b6de923ed76c50a91ab9b26/gradle-api-8.7.3.jar because:
  Build cache is disabled
  Caching not enabled.
Caching disabled for MergeInstrumentationAnalysisTransform: /home/runner/.gradle/caches/8.11.1/transforms/95198547a9321d343fba91dba555bfe9/transformed/analysis/instrumentation-hierarchy.bin because:
  Build cache is disabled
  Caching not enabled.
Caching disabled for MergeInstrumentationAnalysisTransform: /home/runner/.gradle/caches/8.11.1/transforms/95198547a9321d343fba91dba555bfe9/transformed/analysis/instrumentation-dependencies.bin because:
  Build cache is disabled
  Caching not enabled.
Caching disabled for MergeInstrumentationAnalysisTransform: /home/runner/.gradle/caches/modules-2/files-2.1/com.android.tools.build/builder-test-api/8.7.3/bed86f7492b4df193e3dd0217ea622c9fdb232d2/builder-test-api-8.7.3.jar because:
  Build cache is disabled
  Caching not enabled.
Transforming builder-test-api-8.7.3.jar (com.android.tools.build:builder-test-api:8.7.3) with ExternalDependencyInstrumentingArtifactTransform
Caching disabled for ExternalDependencyInstrumentingArtifactTransform: /home/runner/.gradle/caches/8.11.1/transforms/e57244711c100320e6c85112a7b0a7b4/transformed/merge/instrumentation-dependencies.bin because:
  Build cache is disabled
  Caching not enabled.
Caching disabled for ExternalDependencyInstrumentingArtifactTransform: /home/runner/.gradle/caches/modules-2/files-2.1/com.android.tools.build/builder-test-api/8.7.3/bed86f7492b4df193e3dd0217ea622c9fdb232d2/builder-test-api-8.7.3.jar because:
  Build cache is disabled
  Caching not enabled.
Caching disabled for MergeInstrumentationAnalysisTransform: /home/runner/.gradle/caches/8.11.1/transforms/28aed08e4b7c0238360273661cdf538b/transformed/analysis/instrumentation-hierarchy.bin because:
  Build cache is disabled
  Caching not enabled.
Caching disabled for MergeInstrumentationAnalysisTransform: /home/runner/.gradle/caches/8.11.1/transforms/28aed08e4b7c0238360273661cdf538b/transformed/analysis/instrumentation-dependencies.bin because:
  Build cache is disabled
  Caching not enabled.
Caching disabled for MergeInstrumentationAnalysisTransform: /home/runner/.gradle/caches/modules-2/files-2.1/com.android.tools.ddms/ddmlib/31.7.3/525b44de6936a7c487095652f014d0bfc84bb9ad/ddmlib-31.7.3.jar because:
  Build cache is disabled
  Caching not enabled.
Transforming ddmlib-31.7.3.jar (com.android.tools.ddms:ddmlib:31.7.3) with ExternalDependencyInstrumentingArtifactTransform
Caching disabled for ExternalDependencyInstrumentingArtifactTransform: /home/runner/.gradle/caches/8.11.1/transforms/623464aaa26956be5260ebf9115dca5b/transformed/merge/instrumentation-dependencies.bin because:
  Build cache is disabled
  Caching not enabled.
Caching disabled for ExternalDependencyInstrumentingArtifactTransform: /home/runner/.gradle/caches/modules-2/files-2.1/com.android.tools.ddms/ddmlib/31.7.3/525b44de6936a7c487095652f014d0bfc84bb9ad/ddmlib-31.7.3.jar because:
  Build cache is disabled
  Caching not enabled.
Caching disabled for MergeInstrumentationAnalysisTransform: /home/runner/.gradle/caches/8.11.1/transforms/c70f90ffc80148e25d87202504f766ef/transformed/analysis/instrumentation-hierarchy.bin because:
  Build cache is disabled
  Caching not enabled.
Caching disabled for MergeInstrumentationAnalysisTransform: /home/runner/.gradle/caches/8.11.1/transforms/c70f90ffc80148e25d87202504f766ef/transformed/analysis/instrumentation-dependencies.bin because:
  Build cache is disabled
  Caching not enabled.
Caching disabled for MergeInstrumentationAnalysisTransform: /home/runner/.gradle/caches/modules-2/files-2.1/com.android.tools.layoutlib/layoutlib-api/31.7.3/6abada4555fa60825ea5f353443a7e561445c4f0/layoutlib-api-31.7.3.jar because:
  Build cache is disabled
  Caching not enabled.
Transforming layoutlib-api-31.7.3.jar (com.android.tools.layoutlib:layoutlib-api:31.7.3) with ExternalDependencyInstrumentingArtifactTransform
Caching disabled for ExternalDependencyInstrumentingArtifactTransform: /home/runner/.gradle/caches/8.11.1/transforms/2df3d8ebff05c56a90c087f9aba7bfb7/transformed/merge/instrumentation-dependencies.bin because:
  Build cache is disabled
  Caching not enabled.
Caching disabled for ExternalDependencyInstrumentingArtifactTransform: /home/runner/.gradle/caches/modules-2/files-2.1/com.android.tools.layoutlib/layoutlib-api/31.7.3/6abada4555fa60825ea5f353443a7e561445c4f0/layoutlib-api-31.7.3.jar because:
  Build cache is disabled
  Caching not enabled.
Caching disabled for MergeInstrumentationAnalysisTransform: /home/runner/.gradle/caches/8.11.1/transforms/603ad41fb07de09f0a9af537edc61ec2/transformed/analysis/instrumentation-hierarchy.bin because:
  Build cache is disabled
  Caching not enabled.
Caching disabled for MergeInstrumentationAnalysisTransform: /home/runner/.gradle/caches/8.11.1/transforms/603ad41fb07de09f0a9af537edc61ec2/transformed/analysis/instrumentation-dependencies.bin because:
  Build cache is disabled
  Caching not enabled.
Caching disabled for MergeInstrumentationAnalysisTransform: /home/runner/.gradle/caches/modules-2/files-2.1/com.android.tools/dvlib/31.7.3/2632b8524a1f8673e394f5e8477172884d90ed3f/dvlib-31.7.3.jar because:
  Build cache is disabled
  Caching not enabled.
Transforming dvlib-31.7.3.jar (com.android.tools:dvlib:31.7.3) with ExternalDependencyInstrumentingArtifactTransform
Caching disabled for ExternalDependencyInstrumentingArtifactTransform: /home/runner/.gradle/caches/8.11.1/transforms/d7399538a74b6499a3837ad60a3da862/transformed/merge/instrumentation-dependencies.bin because:
  Build cache is disabled
  Caching not enabled.
Caching disabled for ExternalDependencyInstrumentingArtifactTransform: /home/runner/.gradle/caches/modules-2/files-2.1/com.android.tools/dvlib/31.7.3/2632b8524a1f8673e394f5e8477172884d90ed3f/dvlib-31.7.3.jar because:
  Build cache is disabled
  Caching not enabled.
Caching disabled for MergeInstrumentationAnalysisTransform: /home/runner/.gradle/caches/8.11.1/transforms/bdb8fab527d8e7477b87aff3053249c2/transformed/analysis/instrumentation-hierarchy.bin because:
  Build cache is disabled
  Caching not enabled.
Caching disabled for MergeInstrumentationAnalysisTransform: /home/runner/.gradle/caches/8.11.1/transforms/bdb8fab527d8e7477b87aff3053249c2/transformed/analysis/instrumentation-dependencies.bin because:
  Build cache is disabled
  Caching not enabled.
Caching disabled for MergeInstrumentationAnalysisTransform: /home/runner/.gradle/caches/modules-2/files-2.1/com.android.tools/common/31.7.3/c3df7b51ee1a72acf051e0e5efbeb8023fb4ea57/common-31.7.3.jar because:
  Build cache is disabled
  Caching not enabled.
Transforming common-31.7.3.jar (com.android.tools:common:31.7.3) with ExternalDependencyInstrumentingArtifactTransform
Caching disabled for ExternalDependencyInstrumentingArtifactTransform: /home/runner/.gradle/caches/8.11.1/transforms/782c30f09e1c4d71db75493948990bd3/transformed/merge/instrumentation-dependencies.bin because:
  Build cache is disabled
  Caching not enabled.
Caching disabled for ExternalDependencyInstrumentingArtifactTransform: /home/runner/.gradle/caches/modules-2/files-2.1/com.android.tools/common/31.7.3/c3df7b51ee1a72acf051e0e5efbeb8023fb4ea57/common-31.7.3.jar because:
  Build cache is disabled
  Caching not enabled.
Caching disabled for MergeInstrumentationAnalysisTransform: /home/runner/.gradle/caches/8.11.1/transforms/9215ab441b5e916702401554eded4853/transformed/analysis/instrumentation-hierarchy.bin because:
  Build cache is disabled
  Caching not enabled.
Caching disabled for MergeInstrumentationAnalysisTransform: /home/runner/.gradle/caches/8.11.1/transforms/9215ab441b5e916702401554eded4853/transformed/analysis/instrumentation-dependencies.bin because:
  Build cache is disabled
  Caching not enabled.
Caching disabled for MergeInstrumentationAnalysisTransform: /home/runner/.gradle/caches/modules-2/files-2.1/org.jetbrains.kotlin/kotlin-stdlib-jdk8/1.9.20/e2b4d1f475ae0606d063a84fce4dccdb45c7e12a/kotlin-stdlib-jdk8-1.9.20.jar because:
  Build cache is disabled
  Caching not enabled.
Transforming kotlin-stdlib-jdk8-1.9.20.jar (org.jetbrains.kotlin:kotlin-stdlib-jdk8:1.9.20) with ExternalDependencyInstrumentingArtifactTransform
Caching disabled for ExternalDependencyInstrumentingArtifactTransform: /home/runner/.gradle/caches/8.11.1/transforms/26bfc5015b1b7fb961c9834edb38ece6/transformed/merge/instrumentation-dependencies.bin because:
  Build cache is disabled
  Caching not enabled.
Caching disabled for ExternalDependencyInstrumentingArtifactTransform: /home/runner/.gradle/caches/modules-2/files-2.1/org.jetbrains.kotlin/kotlin-stdlib-jdk8/1.9.20/e2b4d1f475ae0606d063a84fce4dccdb45c7e12a/kotlin-stdlib-jdk8-1.9.20.jar because:
  Build cache is disabled
  Caching not enabled.
Caching disabled for MergeInstrumentationAnalysisTransform: /home/runner/.gradle/caches/8.11.1/transforms/da6f2af723b7b7c98d7f619e20db00d0/transformed/analysis/instrumentation-hierarchy.bin because:
  Build cache is disabled
  Caching not enabled.
Caching disabled for MergeInstrumentationAnalysisTransform: /home/runner/.gradle/caches/8.11.1/transforms/da6f2af723b7b7c98d7f619e20db00d0/transformed/analysis/instrumentation-dependencies.bin because:
  Build cache is disabled
  Caching not enabled.
Caching disabled for MergeInstrumentationAnalysisTransform: /home/runner/.gradle/caches/modules-2/files-2.1/com.android.tools.build.jetifier/jetifier-processor/1.0.0-beta10/946c39eb0c052ff4f60a8939648a8b99af20d604/jetifier-processor-1.0.0-beta10.jar because:
  Build cache is disabled
  Caching not enabled.
Transforming jetifier-processor-1.0.0-beta10.jar (com.android.tools.build.jetifier:jetifier-processor:1.0.0-beta10) with ExternalDependencyInstrumentingArtifactTransform
Caching disabled for ExternalDependencyInstrumentingArtifactTransform: /home/runner/.gradle/caches/8.11.1/transforms/2b34726108a9fe967934a62e77aef0d3/transformed/merge/instrumentation-dependencies.bin because:
  Build cache is disabled
  Caching not enabled.
Caching disabled for ExternalDependencyInstrumentingArtifactTransform: /home/runner/.gradle/caches/modules-2/files-2.1/com.android.tools.build.jetifier/jetifier-processor/1.0.0-beta10/946c39eb0c052ff4f60a8939648a8b99af20d604/jetifier-processor-1.0.0-beta10.jar because:
  Build cache is disabled
  Caching not enabled.
Caching disabled for MergeInstrumentationAnalysisTransform: /home/runner/.gradle/caches/8.11.1/transforms/ac48b64105e4c297b683e158c8672ada/transformed/analysis/instrumentation-hierarchy.bin because:
  Build cache is disabled
  Caching not enabled.
Caching disabled for MergeInstrumentationAnalysisTransform: /home/runner/.gradle/caches/8.11.1/transforms/ac48b64105e4c297b683e158c8672ada/transformed/analysis/instrumentation-dependencies.bin because:
  Build cache is disabled
  Caching not enabled.
Caching disabled for MergeInstrumentationAnalysisTransform: /home/runner/.gradle/caches/modules-2/files-2.1/com.android.tools.build.jetifier/jetifier-core/1.0.0-beta10/6e621022a9c95af12a7004d6b55805bbd1126837/jetifier-core-1.0.0-beta10.jar because:
  Build cache is disabled
  Caching not enabled.
Transforming jetifier-core-1.0.0-beta10.jar (com.android.tools.build.jetifier:jetifier-core:1.0.0-beta10) with ExternalDependencyInstrumentingArtifactTransform
Caching disabled for ExternalDependencyInstrumentingArtifactTransform: /home/runner/.gradle/caches/8.11.1/transforms/cfce7e0b15d33d7976ebcc2ae044b190/transformed/merge/instrumentation-dependencies.bin because:
  Build cache is disabled
  Caching not enabled.
Caching disabled for ExternalDependencyInstrumentingArtifactTransform: /home/runner/.gradle/caches/modules-2/files-2.1/com.android.tools.build.jetifier/jetifier-core/1.0.0-beta10/6e621022a9c95af12a7004d6b55805bbd1126837/jetifier-core-1.0.0-beta10.jar because:
  Build cache is disabled
  Caching not enabled.
Caching disabled for MergeInstrumentationAnalysisTransform: /home/runner/.gradle/caches/8.11.1/transforms/e16f99a268cb631f20047d3aa303b901/transformed/analysis/instrumentation-hierarchy.bin because:
  Build cache is disabled
  Caching not enabled.
Caching disabled for MergeInstrumentationAnalysisTransform: /home/runner/.gradle/caches/8.11.1/transforms/e16f99a268cb631f20047d3aa303b901/transformed/analysis/instrumentation-dependencies.bin because:
  Build cache is disabled
  Caching not enabled.
Caching disabled for MergeInstrumentationAnalysisTransform: /home/runner/.gradle/caches/modules-2/files-2.1/org.jetbrains.kotlin/kotlin-reflect/2.0.20/580c610641d75b6448825cbe455a1ded220e148b/kotlin-reflect-2.0.20.jar because:
  Build cache is disabled
  Caching not enabled.
Transforming kotlin-reflect-2.0.20.jar (org.jetbrains.kotlin:kotlin-reflect:2.0.20) with ExternalDependencyInstrumentingArtifactTransform
Caching disabled for ExternalDependencyInstrumentingArtifactTransform: /home/runner/.gradle/caches/8.11.1/transforms/7650bdaa9d305dd3ee61c2653bbef964/transformed/merge/instrumentation-dependencies.bin because:
  Build cache is disabled
  Caching not enabled.
Caching disabled for ExternalDependencyInstrumentingArtifactTransform: /home/runner/.gradle/caches/modules-2/files-2.1/com.android.tools.build/gradle/8.7.3/557c0eaed243df7b293d8b1f2c252d97fcc71dda/gradle-8.7.3.jar because:
  Build cache is disabled
  Caching not enabled.
Caching disabled for MergeInstrumentationAnalysisTransform: /home/runner/.gradle/caches/8.11.1/transforms/ac68649183c04c8e05627092a0e30876/transformed/analysis/instrumentation-dependencies.bin because:
  Build cache is disabled
  Caching not enabled.
Caching disabled for MergeInstrumentationAnalysisTransform: /home/runner/.gradle/caches/modules-2/files-2.1/org.jetbrains.kotlin/kotlin-stdlib-jdk7/1.9.20/8b4b73f4e08efaae93fc01d8c6eaab58a72d2ab3/kotlin-stdlib-jdk7-1.9.20.jar because:
  Build cache is disabled
  Caching not enabled.
Transforming kotlin-stdlib-jdk7-1.9.20.jar (org.jetbrains.kotlin:kotlin-stdlib-jdk7:1.9.20) with ExternalDependencyInstrumentingArtifactTransform
Caching disabled for ExternalDependencyInstrumentingArtifactTransform: /home/runner/.gradle/caches/8.11.1/transforms/dceb8a1099358ebf476980c17f523978/transformed/merge/instrumentation-dependencies.bin because:
  Build cache is disabled
  Caching not enabled.
Caching disabled for ExternalDependencyInstrumentingArtifactTransform: /home/runner/.gradle/caches/modules-2/files-2.1/org.jetbrains.kotlin/kotlin-stdlib-jdk7/1.9.20/8b4b73f4e08efaae93fc01d8c6eaab58a72d2ab3/kotlin-stdlib-jdk7-1.9.20.jar because:
  Build cache is disabled
  Caching not enabled.
Caching disabled for MergeInstrumentationAnalysisTransform: /home/runner/.gradle/caches/8.11.1/transforms/edd9c988ca42e7c70bc0e14e79e876d2/transformed/analysis/instrumentation-hierarchy.bin because:
  Build cache is disabled
  Caching not enabled.
Caching disabled for MergeInstrumentationAnalysisTransform: /home/runner/.gradle/caches/8.11.1/transforms/edd9c988ca42e7c70bc0e14e79e876d2/transformed/analysis/instrumentation-dependencies.bin because:
  Build cache is disabled
  Caching not enabled.
Caching disabled for MergeInstrumentationAnalysisTransform: /home/runner/.gradle/caches/modules-2/files-2.1/org.jetbrains.kotlin/kotlin-stdlib/2.0.20/7388d355f7cceb002cd387ccb7ab3850e4e0a07f/kotlin-stdlib-2.0.20.jar because:
  Build cache is disabled
  Caching not enabled.
Transforming kotlin-stdlib-2.0.20.jar (org.jetbrains.kotlin:kotlin-stdlib:2.0.20) with ExternalDependencyInstrumentingArtifactTransform
Caching disabled for ExternalDependencyInstrumentingArtifactTransform: /home/runner/.gradle/caches/8.11.1/transforms/eefc44ffb03d2caec635d64e4eb43eac/transformed/merge/instrumentation-dependencies.bin because:
  Build cache is disabled
  Caching not enabled.
Caching disabled for ExternalDependencyInstrumentingArtifactTransform: /home/runner/.gradle/caches/modules-2/files-2.1/org.jetbrains.kotlin/kotlin-stdlib/2.0.20/7388d355f7cceb002cd387ccb7ab3850e4e0a07f/kotlin-stdlib-2.0.20.jar because:
  Build cache is disabled
  Caching not enabled.
Caching disabled for ExternalDependencyInstrumentingArtifactTransform: /home/runner/.gradle/caches/modules-2/files-2.1/org.jetbrains.kotlin/kotlin-reflect/2.0.20/580c610641d75b6448825cbe455a1ded220e148b/kotlin-reflect-2.0.20.jar because:
  Build cache is disabled
  Caching not enabled.
Caching disabled for MergeInstrumentationAnalysisTransform: /home/runner/.gradle/caches/8.11.1/transforms/c015c8b7c073f30a574b851eda597d3f/transformed/analysis/instrumentation-dependencies.bin because:
  Build cache is disabled
  Caching not enabled.
Caching disabled for MergeInstrumentationAnalysisTransform: /home/runner/.gradle/caches/8.11.1/transforms/3232cd00c7a54583ebdcf5bade95c663/transformed/analysis/instrumentation-dependencies.bin because:
  Build cache is disabled
  Caching not enabled.
Caching disabled for MergeInstrumentationAnalysisTransform: /home/runner/.gradle/caches/modules-2/files-2.1/org.jetbrains.kotlin/kotlin-gradle-plugin-model/2.1.0/26371147deb7b95e33bee53f3be7354af6c4fe7c/kotlin-gradle-plugin-model-2.1.0.jar because:
  Build cache is disabled
  Caching not enabled.
Transforming kotlin-gradle-plugin-model-2.1.0.jar (org.jetbrains.kotlin:kotlin-gradle-plugin-model:2.1.0) with ExternalDependencyInstrumentingArtifactTransform
Caching disabled for ExternalDependencyInstrumentingArtifactTransform: /home/runner/.gradle/caches/8.11.1/transforms/c407d098f36dfe9991fc0f7d0b886d7f/transformed/merge/instrumentation-dependencies.bin because:
  Build cache is disabled
  Caching not enabled.
Caching disabled for MergeInstrumentationAnalysisTransform: /home/runner/.gradle/caches/modules-2/files-2.1/org.jetbrains/annotations/13.0/919f0dfe192fb4e063e7dacadee7f8bb9a2672a9/annotations-13.0.jar because:
  Build cache is disabled
  Caching not enabled.
Transforming annotations-13.0.jar (org.jetbrains:annotations:13.0) with ExternalDependencyInstrumentingArtifactTransform
Caching disabled for ExternalDependencyInstrumentingArtifactTransform: /home/runner/.gradle/caches/8.11.1/transforms/954b1208e7df50b7971ceea2b70cddb0/transformed/merge/instrumentation-dependencies.bin because:
  Build cache is disabled
  Caching not enabled.
Caching disabled for ExternalDependencyInstrumentingArtifactTransform: /home/runner/.gradle/caches/modules-2/files-2.1/org.jetbrains.kotlin/kotlin-gradle-plugin-model/2.1.0/26371147deb7b95e33bee53f3be7354af6c4fe7c/kotlin-gradle-plugin-model-2.1.0.jar because:
  Build cache is disabled
  Caching not enabled.
Caching disabled for ExternalDependencyInstrumentingArtifactTransform: /home/runner/.gradle/caches/modules-2/files-2.1/org.jetbrains/annotations/13.0/919f0dfe192fb4e063e7dacadee7f8bb9a2672a9/annotations-13.0.jar because:
  Build cache is disabled
  Caching not enabled.
Caching disabled for MergeInstrumentationAnalysisTransform: /home/runner/.gradle/caches/8.11.1/transforms/14df988384017196607f14a49453fa34/transformed/analysis/instrumentation-hierarchy.bin because:
  Build cache is disabled
  Caching not enabled.
Caching disabled for MergeInstrumentationAnalysisTransform: /home/runner/.gradle/caches/8.11.1/transforms/70d6d2a8b204db642e28de06e133d6bb/transformed/analysis/instrumentation-dependencies.bin because:
  Build cache is disabled
  Caching not enabled.
Caching disabled for MergeInstrumentationAnalysisTransform: /home/runner/.gradle/caches/8.11.1/transforms/14df988384017196607f14a49453fa34/transformed/analysis/instrumentation-dependencies.bin because:
  Build cache is disabled
  Caching not enabled.
Caching disabled for MergeInstrumentationAnalysisTransform: /home/runner/.gradle/caches/modules-2/files-2.1/org.jetbrains.kotlin/kotlin-gradle-plugin-api/2.1.0/3d61c5c520b7e6f562d78b16f7b64c2608088ae7/kotlin-gradle-plugin-api-2.1.0.jar because:
  Build cache is disabled
  Caching not enabled.
Caching disabled for MergeInstrumentationAnalysisTransform: /home/runner/.gradle/caches/modules-2/files-2.1/org.jetbrains.kotlin/kotlin-gradle-plugin-api/2.1.0/3d61c5c520b7e6f562d78b16f7b64c2608088ae7/kotlin-gradle-plugin-api-2.1.0-gradle85.jar because:
  Build cache is disabled
  Caching not enabled.
Transforming kotlin-gradle-plugin-api-2.1.0.jar (org.jetbrains.kotlin:kotlin-gradle-plugin-api:2.1.0) with ExternalDependencyInstrumentingArtifactTransform
Caching disabled for ExternalDependencyInstrumentingArtifactTransform: /home/runner/.gradle/caches/8.11.1/transforms/91e87c867592e9509a2d1c302aaf6c45/transformed/merge/instrumentation-dependencies.bin because:
  Build cache is disabled
  Caching not enabled.
Transforming kotlin-gradle-plugin-api-2.1.0-gradle85.jar (org.jetbrains.kotlin:kotlin-gradle-plugin-api:2.1.0) with ExternalDependencyInstrumentingArtifactTransform
Caching disabled for ExternalDependencyInstrumentingArtifactTransform: /home/runner/.gradle/caches/8.11.1/transforms/30a36e20f8ee321dd5d02ebedd6b4c77/transformed/merge/instrumentation-dependencies.bin because:
  Build cache is disabled
  Caching not enabled.
Caching disabled for ExternalDependencyInstrumentingArtifactTransform: /home/runner/.gradle/caches/modules-2/files-2.1/org.jetbrains.kotlin/kotlin-gradle-plugin-api/2.1.0/3d61c5c520b7e6f562d78b16f7b64c2608088ae7/kotlin-gradle-plugin-api-2.1.0.jar because:
  Build cache is disabled
  Caching not enabled.
Caching disabled for MergeInstrumentationAnalysisTransform: /home/runner/.gradle/caches/8.11.1/transforms/2d4563daa92a163100960acb47de89b4/transformed/analysis/instrumentation-hierarchy.bin because:
  Build cache is disabled
  Caching not enabled.
Caching disabled for MergeInstrumentationAnalysisTransform: /home/runner/.gradle/caches/8.11.1/transforms/2d4563daa92a163100960acb47de89b4/transformed/analysis/instrumentation-dependencies.bin because:
  Build cache is disabled
  Caching not enabled.
Caching disabled for MergeInstrumentationAnalysisTransform: /home/runner/.gradle/caches/modules-2/files-2.1/org.jetbrains.kotlin/compose-compiler-gradle-plugin/2.1.0/2913efd22b0a2450f73f41e040287ba360549bdd/compose-compiler-gradle-plugin-2.1.0-gradle85.jar because:
  Build cache is disabled
  Caching not enabled.
Transforming compose-compiler-gradle-plugin-2.1.0-gradle85.jar (org.jetbrains.kotlin:compose-compiler-gradle-plugin:2.1.0) with ExternalDependencyInstrumentingArtifactTransform
Caching disabled for ExternalDependencyInstrumentingArtifactTransform: /home/runner/.gradle/caches/8.11.1/transforms/a2bb235c716404d8549d948008445fe4/transformed/merge/instrumentation-dependencies.bin because:
  Build cache is disabled
  Caching not enabled.
Caching disabled for ExternalDependencyInstrumentingArtifactTransform: /home/runner/.gradle/caches/modules-2/files-2.1/org.jetbrains.kotlin/compose-compiler-gradle-plugin/2.1.0/2913efd22b0a2450f73f41e040287ba360549bdd/compose-compiler-gradle-plugin-2.1.0-gradle85.jar because:
  Build cache is disabled
  Caching not enabled.
Caching disabled for ExternalDependencyInstrumentingArtifactTransform: /home/runner/.gradle/caches/modules-2/files-2.1/org.jetbrains.kotlin/kotlin-gradle-plugin-api/2.1.0/3d61c5c520b7e6f562d78b16f7b64c2608088ae7/kotlin-gradle-plugin-api-2.1.0-gradle85.jar because:
  Build cache is disabled
  Caching not enabled.
Caching disabled for MergeInstrumentationAnalysisTransform: /home/runner/.gradle/caches/8.11.1/transforms/4fe941bc757e41bc16f0acf5c106af7c/transformed/analysis/instrumentation-hierarchy.bin because:
  Build cache is disabled
  Caching not enabled.
Caching disabled for MergeInstrumentationAnalysisTransform: /home/runner/.gradle/caches/8.11.1/transforms/f6ea6926b164f06a7070b6deaef57c81/transformed/analysis/instrumentation-hierarchy.bin because:
  Build cache is disabled
  Caching not enabled.
Caching disabled for MergeInstrumentationAnalysisTransform: /home/runner/.gradle/caches/8.11.1/transforms/4fe941bc757e41bc16f0acf5c106af7c/transformed/analysis/instrumentation-dependencies.bin because:
  Build cache is disabled
  Caching not enabled.
Caching disabled for MergeInstrumentationAnalysisTransform: /home/runner/.gradle/caches/8.11.1/transforms/f6ea6926b164f06a7070b6deaef57c81/transformed/analysis/instrumentation-dependencies.bin because:
  Build cache is disabled
  Caching not enabled.
Caching disabled for ExternalDependencyInstrumentingArtifactTransform: /home/runner/.gradle/caches/8.11.1/transforms/5fd7063a74f96d8fc2c1d8ee9003032d/transformed/merge/instrumentation-dependencies.bin because:
  Build cache is disabled
  Caching not enabled.
Caching disabled for ExternalDependencyInstrumentingArtifactTransform: /home/runner/.gradle/caches/modules-2/files-2.1/com.android.tools.build/builder/8.7.3/8d3e529cc87e89552433c8337bd0b616ef545fa1/builder-8.7.3.jar because:
  Build cache is disabled
  Caching not enabled.
Caching disabled for MergeInstrumentationAnalysisTransform: /home/runner/.gradle/caches/modules-2/files-2.1/com.android.tools.build/bundletool/1.17.1/267feb0f9bcff527cdf35a3544d77ad4d3e636dd/bundletool-1.17.1.jar because:
  Build cache is disabled
  Caching not enabled.
Caching disabled for MergeInstrumentationAnalysisTransform: /home/runner/.gradle/caches/8.11.1/transforms/8154936c31609ae2ce9a34d0c3a26bf9/transformed/analysis/instrumentation-hierarchy.bin because:
  Build cache is disabled
  Caching not enabled.
Transforming bundletool-1.17.1.jar (com.android.tools.build:bundletool:1.17.1) with ExternalDependencyInstrumentingArtifactTransform
Caching disabled for ExternalDependencyInstrumentingArtifactTransform: /home/runner/.gradle/caches/8.11.1/transforms/fb698aeb83f3800288ab1b6ce5f403f8/transformed/merge/instrumentation-dependencies.bin because:
  Build cache is disabled
  Caching not enabled.
Caching disabled for MergeInstrumentationAnalysisTransform: /home/runner/.gradle/caches/8.11.1/transforms/8154936c31609ae2ce9a34d0c3a26bf9/transformed/analysis/instrumentation-dependencies.bin because:
  Build cache is disabled
  Caching not enabled.
Caching disabled for MergeInstrumentationAnalysisTransform: /home/runner/.gradle/caches/modules-2/files-2.1/com.android.tools.build/aapt2-proto/8.7.3-12006047/605bc2d642e5812469ff0333df1b65ead289ccd8/aapt2-proto-8.7.3-12006047.jar because:
  Build cache is disabled
  Caching not enabled.
Transforming aapt2-proto-8.7.3-12006047.jar (com.android.tools.build:aapt2-proto:8.7.3-12006047) with ExternalDependencyInstrumentingArtifactTransform
Caching disabled for ExternalDependencyInstrumentingArtifactTransform: /home/runner/.gradle/caches/8.11.1/transforms/0e0a6dba3ac5b8ce90b4d746ca60bfee/transformed/merge/instrumentation-dependencies.bin because:
  Build cache is disabled
  Caching not enabled.
Caching disabled for MergeInstrumentationAnalysisTransform: /home/runner/.gradle/caches/modules-2/files-2.1/org.jetbrains.kotlin/kotlin-gradle-plugin/2.1.0/43b225a353673533d9b523667983ee0276baf947/kotlin-gradle-plugin-2.1.0-gradle85.jar because:
  Build cache is disabled
  Caching not enabled.
Transforming kotlin-gradle-plugin-2.1.0-gradle85.jar (org.jetbrains.kotlin:kotlin-gradle-plugin:2.1.0) with ExternalDependencyInstrumentingArtifactTransform
Caching disabled for ExternalDependencyInstrumentingArtifactTransform: /home/runner/.gradle/caches/8.11.1/transforms/57480c1083da148da3a44f94de1a98db/transformed/merge/instrumentation-dependencies.bin because:
  Build cache is disabled
  Caching not enabled.
Caching disabled for ExternalDependencyInstrumentingArtifactTransform: /home/runner/.gradle/caches/modules-2/files-2.1/com.android.tools/sdklib/31.7.3/adb7cac2ab282100e2b8b6d66b997a69ed06adf/sdklib-31.7.3.jar because:
  Build cache is disabled
  Caching not enabled.
Caching disabled for MergeInstrumentationAnalysisTransform: /home/runner/.gradle/caches/8.11.1/transforms/f2419f43c586a84d9730847725d81e8a/transformed/analysis/instrumentation-hierarchy.bin because:
  Build cache is disabled
  Caching not enabled.
Caching disabled for MergeInstrumentationAnalysisTransform: /home/runner/.gradle/caches/8.11.1/transforms/f2419f43c586a84d9730847725d81e8a/transformed/analysis/instrumentation-dependencies.bin because:
  Build cache is disabled
  Caching not enabled.
Caching disabled for MergeInstrumentationAnalysisTransform: /home/runner/.gradle/caches/modules-2/files-2.1/com.android.tools.analytics-library/crash/31.7.3/80c9f1f06e8d48d60fa91f4db811cf863e13c67f/crash-31.7.3.jar because:
  Build cache is disabled
  Caching not enabled.
Transforming crash-31.7.3.jar (com.android.tools.analytics-library:crash:31.7.3) with ExternalDependencyInstrumentingArtifactTransform
Caching disabled for ExternalDependencyInstrumentingArtifactTransform: /home/runner/.gradle/caches/8.11.1/transforms/faccc07f9622e050d89f9bec731fbb4c/transformed/merge/instrumentation-dependencies.bin because:
  Build cache is disabled
  Caching not enabled.
Caching disabled for ExternalDependencyInstrumentingArtifactTransform: /home/runner/.gradle/caches/modules-2/files-2.1/com.android.tools.analytics-library/crash/31.7.3/80c9f1f06e8d48d60fa91f4db811cf863e13c67f/crash-31.7.3.jar because:
  Build cache is disabled
  Caching not enabled.
Caching disabled for ExternalDependencyInstrumentingArtifactTransform: /home/runner/.gradle/caches/modules-2/files-2.1/com.android.tools.build/aapt2-proto/8.7.3-12006047/605bc2d642e5812469ff0333df1b65ead289ccd8/aapt2-proto-8.7.3-12006047.jar because:
  Build cache is disabled
  Caching not enabled.
Caching disabled for MergeInstrumentationAnalysisTransform: /home/runner/.gradle/caches/8.11.1/transforms/01acbc1f60d15ce645a7868ec6e817c3/transformed/analysis/instrumentation-hierarchy.bin because:
  Build cache is disabled
  Caching not enabled.
Caching disabled for MergeInstrumentationAnalysisTransform: /home/runner/.gradle/caches/8.11.1/transforms/45830147c23e737add3f8f510900450d/transformed/analysis/instrumentation-hierarchy.bin because:
  Build cache is disabled
  Caching not enabled.
Caching disabled for MergeInstrumentationAnalysisTransform: /home/runner/.gradle/caches/8.11.1/transforms/01acbc1f60d15ce645a7868ec6e817c3/transformed/analysis/instrumentation-dependencies.bin because:
  Build cache is disabled
  Caching not enabled.
Caching disabled for MergeInstrumentationAnalysisTransform: /home/runner/.gradle/caches/8.11.1/transforms/45830147c23e737add3f8f510900450d/transformed/analysis/instrumentation-dependencies.bin because:
  Build cache is disabled
  Caching not enabled.
Caching disabled for MergeInstrumentationAnalysisTransform: /home/runner/.gradle/caches/modules-2/files-2.1/com.android.tools.lint/lint-typedef-remover/31.7.3/644ab9b8a697ba83702c4e32eaaf95c504e1a522/lint-typedef-remover-31.7.3.jar because:
  Build cache is disabled
  Caching not enabled.
Caching disabled for MergeInstrumentationAnalysisTransform: /home/runner/.gradle/caches/modules-2/files-2.1/androidx.databinding/databinding-common/8.7.3/2be3530b78477835e69dce953b17adc1dbc5c6fa/databinding-common-8.7.3.jar because:
  Build cache is disabled
  Caching not enabled.
Transforming databinding-common-8.7.3.jar (androidx.databinding:databinding-common:8.7.3) with ExternalDependencyInstrumentingArtifactTransform
Caching disabled for ExternalDependencyInstrumentingArtifactTransform: /home/runner/.gradle/caches/8.11.1/transforms/00487447138d7844c4d35536bd6d175e/transformed/merge/instrumentation-dependencies.bin because:
  Build cache is disabled
  Caching not enabled.
Transforming lint-typedef-remover-31.7.3.jar (com.android.tools.lint:lint-typedef-remover:31.7.3) with ExternalDependencyInstrumentingArtifactTransform
Caching disabled for ExternalDependencyInstrumentingArtifactTransform: /home/runner/.gradle/caches/8.11.1/transforms/8827be5940fa27854d33c07ade55ceab/transformed/merge/instrumentation-dependencies.bin because:
  Build cache is disabled
  Caching not enabled.
Caching disabled for ExternalDependencyInstrumentingArtifactTransform: /home/runner/.gradle/caches/modules-2/files-2.1/com.android.tools.lint/lint-typedef-remover/31.7.3/644ab9b8a697ba83702c4e32eaaf95c504e1a522/lint-typedef-remover-31.7.3.jar because:
  Build cache is disabled
  Caching not enabled.
Caching disabled for ExternalDependencyInstrumentingArtifactTransform: /home/runner/.gradle/caches/modules-2/files-2.1/androidx.databinding/databinding-common/8.7.3/2be3530b78477835e69dce953b17adc1dbc5c6fa/databinding-common-8.7.3.jar because:
  Build cache is disabled
  Caching not enabled.
Caching disabled for MergeInstrumentationAnalysisTransform: /home/runner/.gradle/caches/8.11.1/transforms/3c16a96d78fd40d3d7dcfb7ad5529de6/transformed/analysis/instrumentation-hierarchy.bin because:
  Build cache is disabled
  Caching not enabled.
Caching disabled for MergeInstrumentationAnalysisTransform: /home/runner/.gradle/caches/8.11.1/transforms/c07e95c618e514b7642a1bc937eac25d/transformed/analysis/instrumentation-hierarchy.bin because:
  Build cache is disabled
  Caching not enabled.
Caching disabled for MergeInstrumentationAnalysisTransform: /home/runner/.gradle/caches/8.11.1/transforms/c07e95c618e514b7642a1bc937eac25d/transformed/analysis/instrumentation-dependencies.bin because:
  Build cache is disabled
  Caching not enabled.
Caching disabled for MergeInstrumentationAnalysisTransform: /home/runner/.gradle/caches/8.11.1/transforms/3c16a96d78fd40d3d7dcfb7ad5529de6/transformed/analysis/instrumentation-dependencies.bin because:
  Build cache is disabled
  Caching not enabled.
Caching disabled for MergeInstrumentationAnalysisTransform: /home/runner/.gradle/caches/modules-2/files-2.1/com.android.tools.utp/android-device-provider-ddmlib-proto/31.7.3/732647a1df2d9405dbbc944ccb1a9153d7dc3e3a/android-device-provider-ddmlib-proto-31.7.3.jar because:
  Build cache is disabled
  Caching not enabled.
Transforming android-device-provider-ddmlib-proto-31.7.3.jar (com.android.tools.utp:android-device-provider-ddmlib-proto:31.7.3) with ExternalDependencyInstrumentingArtifactTransform
Caching disabled for MergeInstrumentationAnalysisTransform: /home/runner/.gradle/caches/modules-2/files-2.1/com.android.databinding/baseLibrary/8.7.3/7e7399239e52d4069896277615e005add7ae8e5a/baseLibrary-8.7.3.jar because:
  Build cache is disabled
  Caching not enabled.
Transforming baseLibrary-8.7.3.jar (com.android.databinding:baseLibrary:8.7.3) with ExternalDependencyInstrumentingArtifactTransform
Caching disabled for ExternalDependencyInstrumentingArtifactTransform: /home/runner/.gradle/caches/8.11.1/transforms/e0bdfb20de6eb8e5fdb6156f198548d2/transformed/merge/instrumentation-dependencies.bin because:
  Build cache is disabled
  Caching not enabled.
Caching disabled for ExternalDependencyInstrumentingArtifactTransform: /home/runner/.gradle/caches/8.11.1/transforms/3ba33433c5f811fe5230243d2ee09893/transformed/merge/instrumentation-dependencies.bin because:
  Build cache is disabled
  Caching not enabled.
Caching disabled for ExternalDependencyInstrumentingArtifactTransform: /home/runner/.gradle/caches/modules-2/files-2.1/com.android.tools.utp/android-device-provider-ddmlib-proto/31.7.3/732647a1df2d9405dbbc944ccb1a9153d7dc3e3a/android-device-provider-ddmlib-proto-31.7.3.jar because:
  Build cache is disabled
  Caching not enabled.
Caching disabled for ExternalDependencyInstrumentingArtifactTransform: /home/runner/.gradle/caches/modules-2/files-2.1/com.android.databinding/baseLibrary/8.7.3/7e7399239e52d4069896277615e005add7ae8e5a/baseLibrary-8.7.3.jar because:
  Build cache is disabled
  Caching not enabled.
Caching disabled for MergeInstrumentationAnalysisTransform: /home/runner/.gradle/caches/8.11.1/transforms/ddc96707564f4799a1c955ab813c9b8f/transformed/analysis/instrumentation-hierarchy.bin because:
  Build cache is disabled
  Caching not enabled.
Caching disabled for MergeInstrumentationAnalysisTransform: /home/runner/.gradle/caches/8.11.1/transforms/5fb899c035b558568c47c75b94a92254/transformed/analysis/instrumentation-hierarchy.bin because:
  Build cache is disabled
  Caching not enabled.
Caching disabled for MergeInstrumentationAnalysisTransform: /home/runner/.gradle/caches/8.11.1/transforms/ddc96707564f4799a1c955ab813c9b8f/transformed/analysis/instrumentation-dependencies.bin because:
  Build cache is disabled
  Caching not enabled.
Caching disabled for MergeInstrumentationAnalysisTransform: /home/runner/.gradle/caches/8.11.1/transforms/5fb899c035b558568c47c75b94a92254/transformed/analysis/instrumentation-dependencies.bin because:
  Build cache is disabled
  Caching not enabled.
Caching disabled for MergeInstrumentationAnalysisTransform: /home/runner/.gradle/caches/modules-2/files-2.1/com.android.tools.utp/android-device-provider-gradle-proto/31.7.3/9f4923a6c0e213f00c1cc31720d1535f2d8517fe/android-device-provider-gradle-proto-31.7.3.jar because:
  Build cache is disabled
  Caching not enabled.
Transforming android-device-provider-gradle-proto-31.7.3.jar (com.android.tools.utp:android-device-provider-gradle-proto:31.7.3) with ExternalDependencyInstrumentingArtifactTransform
Caching disabled for MergeInstrumentationAnalysisTransform: /home/runner/.gradle/caches/modules-2/files-2.1/com.android.tools.utp/android-device-provider-profile-proto/31.7.3/5d4fe489b09ee45524d665a175aad834ecf2c81d/android-device-provider-profile-proto-31.7.3.jar because:
  Build cache is disabled
  Caching not enabled.
Caching disabled for ExternalDependencyInstrumentingArtifactTransform: /home/runner/.gradle/caches/8.11.1/transforms/248e350b2277e5defd3ef602bf1c286b/transformed/merge/instrumentation-dependencies.bin because:
  Build cache is disabled
  Caching not enabled.
Transforming android-device-provider-profile-proto-31.7.3.jar (com.android.tools.utp:android-device-provider-profile-proto:31.7.3) with ExternalDependencyInstrumentingArtifactTransform
Caching disabled for ExternalDependencyInstrumentingArtifactTransform: /home/runner/.gradle/caches/8.11.1/transforms/cbf448b6ccb18d0007ee89ea14f5c0cc/transformed/merge/instrumentation-dependencies.bin because:
  Build cache is disabled
  Caching not enabled.
Caching disabled for ExternalDependencyInstrumentingArtifactTransform: /home/runner/.gradle/caches/modules-2/files-2.1/com.android.tools.utp/android-device-provider-gradle-proto/31.7.3/9f4923a6c0e213f00c1cc31720d1535f2d8517fe/android-device-provider-gradle-proto-31.7.3.jar because:
  Build cache is disabled
  Caching not enabled.
Caching disabled for MergeInstrumentationAnalysisTransform: /home/runner/.gradle/caches/8.11.1/transforms/fde58833c5aff0087495463eaeddd654/transformed/analysis/instrumentation-hierarchy.bin because:
  Build cache is disabled
  Caching not enabled.
Caching disabled for ExternalDependencyInstrumentingArtifactTransform: /home/runner/.gradle/caches/modules-2/files-2.1/com.android.tools.utp/android-device-provider-profile-proto/31.7.3/5d4fe489b09ee45524d665a175aad834ecf2c81d/android-device-provider-profile-proto-31.7.3.jar because:
  Build cache is disabled
  Caching not enabled.
Caching disabled for MergeInstrumentationAnalysisTransform: /home/runner/.gradle/caches/8.11.1/transforms/fde58833c5aff0087495463eaeddd654/transformed/analysis/instrumentation-dependencies.bin because:
  Build cache is disabled
  Caching not enabled.
Caching disabled for MergeInstrumentationAnalysisTransform: /home/runner/.gradle/caches/8.11.1/transforms/e3ee972d6263735b9ad6274863eb5f86/transformed/analysis/instrumentation-hierarchy.bin because:
  Build cache is disabled
  Caching not enabled.
Caching disabled for MergeInstrumentationAnalysisTransform: /home/runner/.gradle/caches/8.11.1/transforms/e3ee972d6263735b9ad6274863eb5f86/transformed/analysis/instrumentation-dependencies.bin because:
  Build cache is disabled
  Caching not enabled.
Caching disabled for MergeInstrumentationAnalysisTransform: /home/runner/.gradle/caches/modules-2/files-2.1/com.android.tools.utp/android-test-plugin-host-additional-test-output-proto/31.7.3/c02332c53d95a3e0ccd7ad9d6d97f8fec5d1a469/android-test-plugin-host-additional-test-output-proto-31.7.3.jar because:
  Build cache is disabled
  Caching not enabled.
Transforming android-test-plugin-host-additional-test-output-proto-31.7.3.jar (com.android.tools.utp:android-test-plugin-host-additional-test-output-proto:31.7.3) with ExternalDependencyInstrumentingArtifactTransform
Caching disabled for ExternalDependencyInstrumentingArtifactTransform: /home/runner/.gradle/caches/8.11.1/transforms/596bd4fff25aac9cb1f8ec86ee14d506/transformed/merge/instrumentation-dependencies.bin because:
  Build cache is disabled
  Caching not enabled.
Caching disabled for MergeInstrumentationAnalysisTransform: /home/runner/.gradle/caches/modules-2/files-2.1/com.android.tools.utp/android-test-plugin-host-coverage-proto/31.7.3/c780344aab70a33c454ad697295e12278fed16db/android-test-plugin-host-coverage-proto-31.7.3.jar because:
  Build cache is disabled
  Caching not enabled.
Transforming android-test-plugin-host-coverage-proto-31.7.3.jar (com.android.tools.utp:android-test-plugin-host-coverage-proto:31.7.3) with ExternalDependencyInstrumentingArtifactTransform
Caching disabled for ExternalDependencyInstrumentingArtifactTransform: /home/runner/.gradle/caches/8.11.1/transforms/9716efd7f345df6ebc3f48c7cba32495/transformed/merge/instrumentation-dependencies.bin because:
  Build cache is disabled
  Caching not enabled.
Caching disabled for ExternalDependencyInstrumentingArtifactTransform: /home/runner/.gradle/caches/modules-2/files-2.1/com.android.tools.utp/android-test-plugin-host-additional-test-output-proto/31.7.3/c02332c53d95a3e0ccd7ad9d6d97f8fec5d1a469/android-test-plugin-host-additional-test-output-proto-31.7.3.jar because:
  Build cache is disabled
  Caching not enabled.
Caching disabled for ExternalDependencyInstrumentingArtifactTransform: /home/runner/.gradle/caches/modules-2/files-2.1/com.android.tools.utp/android-test-plugin-host-coverage-proto/31.7.3/c780344aab70a33c454ad697295e12278fed16db/android-test-plugin-host-coverage-proto-31.7.3.jar because:
  Build cache is disabled
  Caching not enabled.
Caching disabled for MergeInstrumentationAnalysisTransform: /home/runner/.gradle/caches/8.11.1/transforms/c4405be6f5c31ff29d31c881207bc9ab/transformed/analysis/instrumentation-hierarchy.bin because:
  Build cache is disabled
  Caching not enabled.
Caching disabled for MergeInstrumentationAnalysisTransform: /home/runner/.gradle/caches/8.11.1/transforms/af6856f2c3b6ce28adb9af484e8a9848/transformed/analysis/instrumentation-hierarchy.bin because:
  Build cache is disabled
  Caching not enabled.
Caching disabled for MergeInstrumentationAnalysisTransform: /home/runner/.gradle/caches/8.11.1/transforms/c4405be6f5c31ff29d31c881207bc9ab/transformed/analysis/instrumentation-dependencies.bin because:
  Build cache is disabled
  Caching not enabled.
Caching disabled for MergeInstrumentationAnalysisTransform: /home/runner/.gradle/caches/modules-2/files-2.1/com.android.tools.utp/android-test-plugin-host-logcat-proto/31.7.3/d8f873c14c5c65746b97801c2c6cae506d0b3d29/android-test-plugin-host-logcat-proto-31.7.3.jar because:
  Build cache is disabled
  Caching not enabled.
Caching disabled for MergeInstrumentationAnalysisTransform: /home/runner/.gradle/caches/8.11.1/transforms/af6856f2c3b6ce28adb9af484e8a9848/transformed/analysis/instrumentation-dependencies.bin because:
  Build cache is disabled
  Caching not enabled.
Transforming android-test-plugin-host-logcat-proto-31.7.3.jar (com.android.tools.utp:android-test-plugin-host-logcat-proto:31.7.3) with ExternalDependencyInstrumentingArtifactTransform
Caching disabled for ExternalDependencyInstrumentingArtifactTransform: /home/runner/.gradle/caches/8.11.1/transforms/3b5fd172afc388cb893c4a082da7b4fa/transformed/merge/instrumentation-dependencies.bin because:
  Build cache is disabled
  Caching not enabled.
Caching disabled for MergeInstrumentationAnalysisTransform: /home/runner/.gradle/caches/modules-2/files-2.1/com.android.tools.utp/android-test-plugin-host-apk-installer-proto/31.7.3/695cf71232626eeca4d84f72314196b270ca1c11/android-test-plugin-host-apk-installer-proto-31.7.3.jar because:
  Build cache is disabled
  Caching not enabled.
Transforming android-test-plugin-host-apk-installer-proto-31.7.3.jar (com.android.tools.utp:android-test-plugin-host-apk-installer-proto:31.7.3) with ExternalDependencyInstrumentingArtifactTransform
Caching disabled for ExternalDependencyInstrumentingArtifactTransform: /home/runner/.gradle/caches/8.11.1/transforms/d0b5efddaf5b892f9201bf23553eeec2/transformed/merge/instrumentation-dependencies.bin because:
  Build cache is disabled
  Caching not enabled.
Caching disabled for ExternalDependencyInstrumentingArtifactTransform: /home/runner/.gradle/caches/modules-2/files-2.1/com.android.tools.utp/android-test-plugin-host-logcat-proto/31.7.3/d8f873c14c5c65746b97801c2c6cae506d0b3d29/android-test-plugin-host-logcat-proto-31.7.3.jar because:
  Build cache is disabled
  Caching not enabled.
Caching disabled for MergeInstrumentationAnalysisTransform: /home/runner/.gradle/caches/8.11.1/transforms/4701bf9c85e4b60646ab39c75d22258c/transformed/analysis/instrumentation-hierarchy.bin because:
  Build cache is disabled
  Caching not enabled.
Caching disabled for MergeInstrumentationAnalysisTransform: /home/runner/.gradle/caches/8.11.1/transforms/4701bf9c85e4b60646ab39c75d22258c/transformed/analysis/instrumentation-dependencies.bin because:
  Build cache is disabled
  Caching not enabled.
Caching disabled for MergeInstrumentationAnalysisTransform: /home/runner/.gradle/caches/modules-2/files-2.1/com.android.tools.utp/android-test-plugin-result-listener-gradle-proto/31.7.3/f51d5e35aa252438265500d79fc2d314b7555b94/android-test-plugin-result-listener-gradle-proto-31.7.3.jar because:
  Build cache is disabled
  Caching not enabled.
Caching disabled for ExternalDependencyInstrumentingArtifactTransform: /home/runner/.gradle/caches/modules-2/files-2.1/com.android.tools.utp/android-test-plugin-host-apk-installer-proto/31.7.3/695cf71232626eeca4d84f72314196b270ca1c11/android-test-plugin-host-apk-installer-proto-31.7.3.jar because:
  Build cache is disabled
  Caching not enabled.
Transforming android-test-plugin-result-listener-gradle-proto-31.7.3.jar (com.android.tools.utp:android-test-plugin-result-listener-gradle-proto:31.7.3) with ExternalDependencyInstrumentingArtifactTransform
Caching disabled for ExternalDependencyInstrumentingArtifactTransform: /home/runner/.gradle/caches/8.11.1/transforms/d9f7afea10b9a21005328f9a5a4fa3a9/transformed/merge/instrumentation-dependencies.bin because:
  Build cache is disabled
  Caching not enabled.
Caching disabled for MergeInstrumentationAnalysisTransform: /home/runner/.gradle/caches/8.11.1/transforms/dc0e7ba8fcc86266ba6d43fc7c183eaa/transformed/analysis/instrumentation-dependencies.bin because:
  Build cache is disabled
  Caching not enabled.
Caching disabled for MergeInstrumentationAnalysisTransform: /home/runner/.gradle/caches/modules-2/files-2.1/com.android.tools.build/transform-api/2.0.0-deprecated-use-gradle-api/47f6c56527c42425742fa9b56ffd3fd80763fe03/transform-api-2.0.0-deprecated-use-gradle-api.jar because:
  Build cache is disabled
  Caching not enabled.
Transforming transform-api-2.0.0-deprecated-use-gradle-api.jar (com.android.tools.build:transform-api:2.0.0-deprecated-use-gradle-api) with ExternalDependencyInstrumentingArtifactTransform
Caching disabled for ExternalDependencyInstrumentingArtifactTransform: /home/runner/.gradle/caches/8.11.1/transforms/ed5799cff042dd8c46a69cde0b836ecb/transformed/merge/instrumentation-dependencies.bin because:
  Build cache is disabled
  Caching not enabled.
Caching disabled for ExternalDependencyInstrumentingArtifactTransform: /home/runner/.gradle/caches/modules-2/files-2.1/com.android.tools.utp/android-test-plugin-result-listener-gradle-proto/31.7.3/f51d5e35aa252438265500d79fc2d314b7555b94/android-test-plugin-result-listener-gradle-proto-31.7.3.jar because:
  Build cache is disabled
  Caching not enabled.
Caching disabled for MergeInstrumentationAnalysisTransform: /home/runner/.gradle/caches/8.11.1/transforms/5e82a698e43f8b36470dd86eabc1a2f7/transformed/analysis/instrumentation-hierarchy.bin because:
  Build cache is disabled
  Caching not enabled.
Caching disabled for ExternalDependencyInstrumentingArtifactTransform: /home/runner/.gradle/caches/modules-2/files-2.1/com.android.tools.build/transform-api/2.0.0-deprecated-use-gradle-api/47f6c56527c42425742fa9b56ffd3fd80763fe03/transform-api-2.0.0-deprecated-use-gradle-api.jar because:
  Build cache is disabled
  Caching not enabled.
Caching disabled for MergeInstrumentationAnalysisTransform: /home/runner/.gradle/caches/8.11.1/transforms/5e82a698e43f8b36470dd86eabc1a2f7/transformed/analysis/instrumentation-dependencies.bin because:
  Build cache is disabled
  Caching not enabled.
Caching disabled for MergeInstrumentationAnalysisTransform: /home/runner/.gradle/caches/modules-2/files-2.1/org.apache.httpcomponents/httpmime/4.5.6/164343da11db817e81e24e0d9869527e069850c9/httpmime-4.5.6.jar because:
  Build cache is disabled
  Caching not enabled.
Caching disabled for MergeInstrumentationAnalysisTransform: /home/runner/.gradle/caches/8.11.1/transforms/ac3335647ebd935dbb40ce840c3af4c4/transformed/analysis/instrumentation-hierarchy.bin because:
  Build cache is disabled
  Caching not enabled.
Transforming httpmime-4.5.6.jar (org.apache.httpcomponents:httpmime:4.5.6) with ExternalDependencyInstrumentingArtifactTransform
Caching disabled for ExternalDependencyInstrumentingArtifactTransform: /home/runner/.gradle/caches/8.11.1/transforms/e50d84bd231011e258e397158990e7db/transformed/merge/instrumentation-dependencies.bin because:
  Build cache is disabled
  Caching not enabled.
Caching disabled for MergeInstrumentationAnalysisTransform: /home/runner/.gradle/caches/8.11.1/transforms/ac3335647ebd935dbb40ce840c3af4c4/transformed/analysis/instrumentation-dependencies.bin because:
  Build cache is disabled
  Caching not enabled.
Caching disabled for MergeInstrumentationAnalysisTransform: /home/runner/.gradle/caches/modules-2/files-2.1/commons-io/commons-io/2.13.0/8bb2bc9b4df17e2411533a0708a69f983bf5e83b/commons-io-2.13.0.jar because:
  Build cache is disabled
  Caching not enabled.
Transforming commons-io-2.13.0.jar (commons-io:commons-io:2.13.0) with ExternalDependencyInstrumentingArtifactTransform
Caching disabled for ExternalDependencyInstrumentingArtifactTransform: /home/runner/.gradle/caches/modules-2/files-2.1/org.apache.httpcomponents/httpmime/4.5.6/164343da11db817e81e24e0d9869527e069850c9/httpmime-4.5.6.jar because:
  Build cache is disabled
  Caching not enabled.
Caching disabled for ExternalDependencyInstrumentingArtifactTransform: /home/runner/.gradle/caches/8.11.1/transforms/254392be4ce3f2f396e0f96ac5535879/transformed/merge/instrumentation-dependencies.bin because:
  Build cache is disabled
  Caching not enabled.
Caching disabled for MergeInstrumentationAnalysisTransform: /home/runner/.gradle/caches/8.11.1/transforms/3f2358eb5afbabf985877ba4a6be9f30/transformed/analysis/instrumentation-hierarchy.bin because:
  Build cache is disabled
  Caching not enabled.
Caching disabled for ExternalDependencyInstrumentingArtifactTransform: /home/runner/.gradle/caches/modules-2/files-2.1/com.android.tools.build/bundletool/1.17.1/267feb0f9bcff527cdf35a3544d77ad4d3e636dd/bundletool-1.17.1.jar because:
  Build cache is disabled
  Caching not enabled.
Caching disabled for MergeInstrumentationAnalysisTransform: /home/runner/.gradle/caches/8.11.1/transforms/3f2358eb5afbabf985877ba4a6be9f30/transformed/analysis/instrumentation-dependencies.bin because:
  Build cache is disabled
  Caching not enabled.
Caching disabled for MergeInstrumentationAnalysisTransform: /home/runner/.gradle/caches/8.11.1/transforms/853a0d924f97900c4da6f15ac54afffb/transformed/analysis/instrumentation-hierarchy.bin because:
  Build cache is disabled
  Caching not enabled.
Caching disabled for MergeInstrumentationAnalysisTransform: /home/runner/.gradle/caches/modules-2/files-2.1/org.ow2.asm/asm-commons/9.6/f1a9e5508eff490744144565c47326c8648be309/asm-commons-9.6.jar because:
  Build cache is disabled
  Caching not enabled.
Transforming asm-commons-9.6.jar (org.ow2.asm:asm-commons:9.6) with ExternalDependencyInstrumentingArtifactTransform
Caching disabled for MergeInstrumentationAnalysisTransform: /home/runner/.gradle/caches/8.11.1/transforms/853a0d924f97900c4da6f15ac54afffb/transformed/analysis/instrumentation-dependencies.bin because:
  Build cache is disabled
  Caching not enabled.
Caching disabled for ExternalDependencyInstrumentingArtifactTransform: /home/runner/.gradle/caches/8.11.1/transforms/bd2ca5c0faeeadd5d162448458106fb3/transformed/merge/instrumentation-dependencies.bin because:
  Build cache is disabled
  Caching not enabled.
Caching disabled for MergeInstrumentationAnalysisTransform: /home/runner/.gradle/caches/modules-2/files-2.1/org.ow2.asm/asm-util/9.6/f77caf84eb93786a749b2baa40865b9613e3eaee/asm-util-9.6.jar because:
  Build cache is disabled
  Caching not enabled.
Transforming asm-util-9.6.jar (org.ow2.asm:asm-util:9.6) with ExternalDependencyInstrumentingArtifactTransform
Caching disabled for ExternalDependencyInstrumentingArtifactTransform: /home/runner/.gradle/caches/8.11.1/transforms/7950e039ae5fd4db621963fc319c492e/transformed/merge/instrumentation-dependencies.bin because:
  Build cache is disabled
  Caching not enabled.
Caching disabled for ExternalDependencyInstrumentingArtifactTransform: /home/runner/.gradle/caches/modules-2/files-2.1/org.ow2.asm/asm-commons/9.6/f1a9e5508eff490744144565c47326c8648be309/asm-commons-9.6.jar because:
  Build cache is disabled
  Caching not enabled.
Caching disabled for MergeInstrumentationAnalysisTransform: /home/runner/.gradle/caches/8.11.1/transforms/477c7ba04af7f993a069a7f20c2bbe48/transformed/analysis/instrumentation-hierarchy.bin because:
  Build cache is disabled
  Caching not enabled.
Caching disabled for MergeInstrumentationAnalysisTransform: /home/runner/.gradle/caches/8.11.1/transforms/477c7ba04af7f993a069a7f20c2bbe48/transformed/analysis/instrumentation-dependencies.bin because:
  Build cache is disabled
  Caching not enabled.
Caching disabled for MergeInstrumentationAnalysisTransform: /home/runner/.gradle/caches/modules-2/files-2.1/org.ow2.asm/asm-analysis/9.6/9ce6c7b174bd997fc2552dff47964546bd7a5ec3/asm-analysis-9.6.jar because:
  Build cache is disabled
  Caching not enabled.
Transforming asm-analysis-9.6.jar (org.ow2.asm:asm-analysis:9.6) with ExternalDependencyInstrumentingArtifactTransform
Caching disabled for ExternalDependencyInstrumentingArtifactTransform: /home/runner/.gradle/caches/8.11.1/transforms/fad1ce019d4316b2544cac1063cc6289/transformed/merge/instrumentation-dependencies.bin because:
  Build cache is disabled
  Caching not enabled.
Caching disabled for ExternalDependencyInstrumentingArtifactTransform: /home/runner/.gradle/caches/modules-2/files-2.1/org.ow2.asm/asm-util/9.6/f77caf84eb93786a749b2baa40865b9613e3eaee/asm-util-9.6.jar because:
  Build cache is disabled
  Caching not enabled.
Caching disabled for MergeInstrumentationAnalysisTransform: /home/runner/.gradle/caches/8.11.1/transforms/db0e0ee158d5b0a1b28d3879491dfc7c/transformed/analysis/instrumentation-hierarchy.bin because:
  Build cache is disabled
  Caching not enabled.
Caching disabled for MergeInstrumentationAnalysisTransform: /home/runner/.gradle/caches/8.11.1/transforms/db0e0ee158d5b0a1b28d3879491dfc7c/transformed/analysis/instrumentation-dependencies.bin because:
  Build cache is disabled
  Caching not enabled.
Caching disabled for MergeInstrumentationAnalysisTransform: /home/runner/.gradle/caches/modules-2/files-2.1/org.ow2.asm/asm-tree/9.6/c0cdda9d211e965d2a4448aa3fd86110f2f8c2de/asm-tree-9.6.jar because:
  Build cache is disabled
  Caching not enabled.
Transforming asm-tree-9.6.jar (org.ow2.asm:asm-tree:9.6) with ExternalDependencyInstrumentingArtifactTransform
Caching disabled for ExternalDependencyInstrumentingArtifactTransform: /home/runner/.gradle/caches/8.11.1/transforms/401dfc2e2cb340563aa0a662a1f045f9/transformed/merge/instrumentation-dependencies.bin because:
  Build cache is disabled
  Caching not enabled.
Caching disabled for ExternalDependencyInstrumentingArtifactTransform: /home/runner/.gradle/caches/modules-2/files-2.1/org.ow2.asm/asm-analysis/9.6/9ce6c7b174bd997fc2552dff47964546bd7a5ec3/asm-analysis-9.6.jar because:
  Build cache is disabled
  Caching not enabled.
Caching disabled for MergeInstrumentationAnalysisTransform: /home/runner/.gradle/caches/8.11.1/transforms/bc52b4731e7689f766db80a0e5aa5f6f/transformed/analysis/instrumentation-hierarchy.bin because:
  Build cache is disabled
  Caching not enabled.
Caching disabled for MergeInstrumentationAnalysisTransform: /home/runner/.gradle/caches/8.11.1/transforms/bc52b4731e7689f766db80a0e5aa5f6f/transformed/analysis/instrumentation-dependencies.bin because:
  Build cache is disabled
  Caching not enabled.
Caching disabled for MergeInstrumentationAnalysisTransform: /home/runner/.gradle/caches/modules-2/files-2.1/org.ow2.asm/asm/9.6/aa205cf0a06dbd8e04ece91c0b37c3f5d567546a/asm-9.6.jar because:
  Build cache is disabled
  Caching not enabled.
Transforming asm-9.6.jar (org.ow2.asm:asm:9.6) with ExternalDependencyInstrumentingArtifactTransform
Caching disabled for ExternalDependencyInstrumentingArtifactTransform: /home/runner/.gradle/caches/8.11.1/transforms/21394623f778a24e6537cb20e5a07f4d/transformed/merge/instrumentation-dependencies.bin because:
  Build cache is disabled
  Caching not enabled.
Caching disabled for ExternalDependencyInstrumentingArtifactTransform: /home/runner/.gradle/caches/modules-2/files-2.1/org.ow2.asm/asm-tree/9.6/c0cdda9d211e965d2a4448aa3fd86110f2f8c2de/asm-tree-9.6.jar because:
  Build cache is disabled
  Caching not enabled.
Caching disabled for MergeInstrumentationAnalysisTransform: /home/runner/.gradle/caches/8.11.1/transforms/6a7dd3f5e7c7701ac24838e0c89cc22b/transformed/analysis/instrumentation-hierarchy.bin because:
  Build cache is disabled
  Caching not enabled.
Caching disabled for MergeInstrumentationAnalysisTransform: /home/runner/.gradle/caches/8.11.1/transforms/6a7dd3f5e7c7701ac24838e0c89cc22b/transformed/analysis/instrumentation-dependencies.bin because:
  Build cache is disabled
  Caching not enabled.
Caching disabled for MergeInstrumentationAnalysisTransform: /home/runner/.gradle/caches/modules-2/files-2.1/com.android.tools.build/apkzlib/8.7.3/d656b52facbb301b8bdc1e40a5ae008bcf335fe9/apkzlib-8.7.3.jar because:
  Build cache is disabled
  Caching not enabled.
Transforming apkzlib-8.7.3.jar (com.android.tools.build:apkzlib:8.7.3) with ExternalDependencyInstrumentingArtifactTransform
Caching disabled for ExternalDependencyInstrumentingArtifactTransform: /home/runner/.gradle/caches/8.11.1/transforms/6cec376b2ecf6492230fb6c087184f0e/transformed/merge/instrumentation-dependencies.bin because:
  Build cache is disabled
  Caching not enabled.
Caching disabled for ExternalDependencyInstrumentingArtifactTransform: /home/runner/.gradle/caches/modules-2/files-2.1/org.ow2.asm/asm/9.6/aa205cf0a06dbd8e04ece91c0b37c3f5d567546a/asm-9.6.jar because:
  Build cache is disabled
  Caching not enabled.
Caching disabled for MergeInstrumentationAnalysisTransform: /home/runner/.gradle/caches/8.11.1/transforms/0046ce88657577991f63c49daa93292a/transformed/analysis/instrumentation-hierarchy.bin because:
  Build cache is disabled
  Caching not enabled.
Caching disabled for MergeInstrumentationAnalysisTransform: /home/runner/.gradle/caches/8.11.1/transforms/0046ce88657577991f63c49daa93292a/transformed/analysis/instrumentation-dependencies.bin because:
  Build cache is disabled
  Caching not enabled.
Caching disabled for MergeInstrumentationAnalysisTransform: /home/runner/.gradle/caches/modules-2/files-2.1/org.bouncycastle/bcpkix-jdk18on/1.77/ed953791ba0229747dd0fd9911e3d76a462acfd3/bcpkix-jdk18on-1.77.jar because:
  Build cache is disabled
  Caching not enabled.
Transforming bcpkix-jdk18on-1.77.jar (org.bouncycastle:bcpkix-jdk18on:1.77) with ExternalDependencyInstrumentingArtifactTransform
Caching disabled for ExternalDependencyInstrumentingArtifactTransform: /home/runner/.gradle/caches/8.11.1/transforms/ae9116633ce125536e1b74a40ead56ba/transformed/merge/instrumentation-dependencies.bin because:
  Build cache is disabled
  Caching not enabled.
Caching disabled for ExternalDependencyInstrumentingArtifactTransform: /home/runner/.gradle/caches/modules-2/files-2.1/com.android.tools.build/apkzlib/8.7.3/d656b52facbb301b8bdc1e40a5ae008bcf335fe9/apkzlib-8.7.3.jar because:
  Build cache is disabled
  Caching not enabled.
Caching disabled for MergeInstrumentationAnalysisTransform: /home/runner/.gradle/caches/8.11.1/transforms/a77cda63a88bc1e2dcf3a9b29b25940d/transformed/analysis/instrumentation-hierarchy.bin because:
  Build cache is disabled
  Caching not enabled.
Caching disabled for MergeInstrumentationAnalysisTransform: /home/runner/.gradle/caches/8.11.1/transforms/a77cda63a88bc1e2dcf3a9b29b25940d/transformed/analysis/instrumentation-dependencies.bin because:
  Build cache is disabled
  Caching not enabled.
Caching disabled for MergeInstrumentationAnalysisTransform: /home/runner/.gradle/caches/modules-2/files-2.1/org.glassfish.jaxb/jaxb-runtime/2.3.2/5528bc882ea499a09d720b42af11785c4fc6be2a/jaxb-runtime-2.3.2.jar because:
  Build cache is disabled
  Caching not enabled.
Transforming jaxb-runtime-2.3.2.jar (org.glassfish.jaxb:jaxb-runtime:2.3.2) with ExternalDependencyInstrumentingArtifactTransform
Caching disabled for ExternalDependencyInstrumentingArtifactTransform: /home/runner/.gradle/caches/8.11.1/transforms/5b071c6db9932e8b8568c2559abf6ff4/transformed/merge/instrumentation-dependencies.bin because:
  Build cache is disabled
  Caching not enabled.
Caching disabled for ExternalDependencyInstrumentingArtifactTransform: /home/runner/.gradle/caches/modules-2/files-2.1/org.bouncycastle/bcpkix-jdk18on/1.77/ed953791ba0229747dd0fd9911e3d76a462acfd3/bcpkix-jdk18on-1.77.jar because:
  Build cache is disabled
  Caching not enabled.
Caching disabled for MergeInstrumentationAnalysisTransform: /home/runner/.gradle/caches/8.11.1/transforms/d11b7815dbc15533ac985674a60d9ff5/transformed/analysis/instrumentation-hierarchy.bin because:
  Build cache is disabled
  Caching not enabled.
Caching disabled for MergeInstrumentationAnalysisTransform: /home/runner/.gradle/caches/8.11.1/transforms/d11b7815dbc15533ac985674a60d9ff5/transformed/analysis/instrumentation-dependencies.bin because:
  Build cache is disabled
  Caching not enabled.
Caching disabled for MergeInstrumentationAnalysisTransform: /home/runner/.gradle/caches/modules-2/files-2.1/net.sf.jopt-simple/jopt-simple/4.9/ee9e9eaa0a35360dcfeac129ff4923215fd65904/jopt-simple-4.9.jar because:
  Build cache is disabled
  Caching not enabled.
Transforming jopt-simple-4.9.jar (net.sf.jopt-simple:jopt-simple:4.9) with ExternalDependencyInstrumentingArtifactTransform
Caching disabled for ExternalDependencyInstrumentingArtifactTransform: /home/runner/.gradle/caches/8.11.1/transforms/405e727b1e7186b9dca5dd8f618ca2b7/transformed/merge/instrumentation-dependencies.bin because:
  Build cache is disabled
  Caching not enabled.
Caching disabled for ExternalDependencyInstrumentingArtifactTransform: /home/runner/.gradle/caches/modules-2/files-2.1/net.sf.jopt-simple/jopt-simple/4.9/ee9e9eaa0a35360dcfeac129ff4923215fd65904/jopt-simple-4.9.jar because:
  Build cache is disabled
  Caching not enabled.
Caching disabled for ExternalDependencyInstrumentingArtifactTransform: /home/runner/.gradle/caches/modules-2/files-2.1/org.glassfish.jaxb/jaxb-runtime/2.3.2/5528bc882ea499a09d720b42af11785c4fc6be2a/jaxb-runtime-2.3.2.jar because:
  Build cache is disabled
  Caching not enabled.
Caching disabled for MergeInstrumentationAnalysisTransform: /home/runner/.gradle/caches/8.11.1/transforms/b67841035ea45cf41c364495eb5b3fa7/transformed/analysis/instrumentation-hierarchy.bin because:
  Build cache is disabled
  Caching not enabled.
Caching disabled for MergeInstrumentationAnalysisTransform: /home/runner/.gradle/caches/8.11.1/transforms/82f8908849c3db596d97cc0c3174edf2/transformed/analysis/instrumentation-hierarchy.bin because:
  Build cache is disabled
  Caching not enabled.
Caching disabled for MergeInstrumentationAnalysisTransform: /home/runner/.gradle/caches/8.11.1/transforms/b67841035ea45cf41c364495eb5b3fa7/transformed/analysis/instrumentation-dependencies.bin because:
  Build cache is disabled
  Caching not enabled.
Caching disabled for MergeInstrumentationAnalysisTransform: /home/runner/.gradle/caches/8.11.1/transforms/82f8908849c3db596d97cc0c3174edf2/transformed/analysis/instrumentation-dependencies.bin because:
  Build cache is disabled
  Caching not enabled.
Caching disabled for MergeInstrumentationAnalysisTransform: /home/runner/.gradle/caches/modules-2/files-2.1/com.google.protobuf/protobuf-java-util/3.22.3/749cd4fe8ab52f37bc186193802ba19f5b284647/protobuf-java-util-3.22.3.jar because:
  Build cache is disabled
  Caching not enabled.
Caching disabled for MergeInstrumentationAnalysisTransform: /home/runner/.gradle/caches/modules-2/files-2.1/com.squareup/javapoet/1.10.0/712c178d35185d8261295913c9f2a7d6867a6007/javapoet-1.10.0.jar because:
  Build cache is disabled
  Caching not enabled.
Transforming javapoet-1.10.0.jar (com.squareup:javapoet:1.10.0) with ExternalDependencyInstrumentingArtifactTransform
Caching disabled for ExternalDependencyInstrumentingArtifactTransform: /home/runner/.gradle/caches/8.11.1/transforms/9f05c2f67d5b65ae1bbbe2bc6516cd24/transformed/merge/instrumentation-dependencies.bin because:
  Build cache is disabled
  Caching not enabled.
Transforming protobuf-java-util-3.22.3.jar (com.google.protobuf:protobuf-java-util:3.22.3) with ExternalDependencyInstrumentingArtifactTransform
Caching disabled for ExternalDependencyInstrumentingArtifactTransform: /home/runner/.gradle/caches/8.11.1/transforms/01b9175ddadafc667f6fb02127782e53/transformed/merge/instrumentation-dependencies.bin because:
  Build cache is disabled
  Caching not enabled.
Caching disabled for ExternalDependencyInstrumentingArtifactTransform: /home/runner/.gradle/caches/modules-2/files-2.1/com.google.protobuf/protobuf-java-util/3.22.3/749cd4fe8ab52f37bc186193802ba19f5b284647/protobuf-java-util-3.22.3.jar because:
  Build cache is disabled
  Caching not enabled.
Caching disabled for MergeInstrumentationAnalysisTransform: /home/runner/.gradle/caches/8.11.1/transforms/fc144675c7d778143b0ef1287a4b9296/transformed/analysis/instrumentation-hierarchy.bin because:
  Build cache is disabled
  Caching not enabled.
Caching disabled for ExternalDependencyInstrumentingArtifactTransform: /home/runner/.gradle/caches/modules-2/files-2.1/com.squareup/javapoet/1.10.0/712c178d35185d8261295913c9f2a7d6867a6007/javapoet-1.10.0.jar because:
  Build cache is disabled
  Caching not enabled.
Caching disabled for MergeInstrumentationAnalysisTransform: /home/runner/.gradle/caches/8.11.1/transforms/fc144675c7d778143b0ef1287a4b9296/transformed/analysis/instrumentation-dependencies.bin because:
  Build cache is disabled
  Caching not enabled.
Caching disabled for MergeInstrumentationAnalysisTransform: /home/runner/.gradle/caches/8.11.1/transforms/1375116cbc15351e8c78fe34475f51a1/transformed/analysis/instrumentation-hierarchy.bin because:
  Build cache is disabled
  Caching not enabled.
Caching disabled for MergeInstrumentationAnalysisTransform: /home/runner/.gradle/caches/8.11.1/transforms/1375116cbc15351e8c78fe34475f51a1/transformed/analysis/instrumentation-dependencies.bin because:
  Build cache is disabled
  Caching not enabled.
Caching disabled for MergeInstrumentationAnalysisTransform: /home/runner/.gradle/caches/modules-2/files-2.1/io.grpc/grpc-protobuf/1.57.0/49986e40de6cbd14ba26247639b18ab0bac921c1/grpc-protobuf-1.57.0.jar because:
  Build cache is disabled
  Caching not enabled.
Transforming grpc-protobuf-1.57.0.jar (io.grpc:grpc-protobuf:1.57.0) with ExternalDependencyInstrumentingArtifactTransform
Caching disabled for ExternalDependencyInstrumentingArtifactTransform: /home/runner/.gradle/caches/8.11.1/transforms/37ca71d65114f060ce30fa10ca283f36/transformed/merge/instrumentation-dependencies.bin because:
  Build cache is disabled
  Caching not enabled.
Caching disabled for MergeInstrumentationAnalysisTransform: /home/runner/.gradle/caches/modules-2/files-2.1/com.google.crypto.tink/tink/1.7.0/668b57f109d32349b2870448f06ae6f202713edc/tink-1.7.0.jar because:
  Build cache is disabled
  Caching not enabled.
Caching disabled for ExternalDependencyInstrumentingArtifactTransform: /home/runner/.gradle/caches/modules-2/files-2.1/io.grpc/grpc-protobuf/1.57.0/49986e40de6cbd14ba26247639b18ab0bac921c1/grpc-protobuf-1.57.0.jar because:
  Build cache is disabled
  Caching not enabled.
Transforming tink-1.7.0.jar (com.google.crypto.tink:tink:1.7.0) with ExternalDependencyInstrumentingArtifactTransform
Caching disabled for ExternalDependencyInstrumentingArtifactTransform: /home/runner/.gradle/caches/8.11.1/transforms/28406e27f3301a41c233ae6a9ea5713a/transformed/merge/instrumentation-dependencies.bin because:
  Build cache is disabled
  Caching not enabled.
Caching disabled for MergeInstrumentationAnalysisTransform: /home/runner/.gradle/caches/8.11.1/transforms/e4610d8403530b4b5cf49c8e1fbc69f6/transformed/analysis/instrumentation-hierarchy.bin because:
  Build cache is disabled
  Caching not enabled.
Caching disabled for MergeInstrumentationAnalysisTransform: /home/runner/.gradle/caches/8.11.1/transforms/e4610d8403530b4b5cf49c8e1fbc69f6/transformed/analysis/instrumentation-dependencies.bin because:
  Build cache is disabled
  Caching not enabled.
Caching disabled for MergeInstrumentationAnalysisTransform: /home/runner/.gradle/caches/modules-2/files-2.1/com.android.tools.analytics-library/protos/31.7.3/71afde62826a0dd766603edb6ff96d291c138083/protos-31.7.3.jar because:
  Build cache is disabled
  Caching not enabled.
Transforming protos-31.7.3.jar (com.android.tools.analytics-library:protos:31.7.3) with ExternalDependencyInstrumentingArtifactTransform
Caching disabled for ExternalDependencyInstrumentingArtifactTransform: /home/runner/.gradle/caches/8.11.1/transforms/af4ea31c2f03044bf354ab165f784228/transformed/merge/instrumentation-dependencies.bin because:
  Build cache is disabled
  Caching not enabled.
Caching disabled for ExternalDependencyInstrumentingArtifactTransform: /home/runner/.gradle/caches/modules-2/files-2.1/com.google.crypto.tink/tink/1.7.0/668b57f109d32349b2870448f06ae6f202713edc/tink-1.7.0.jar because:
  Build cache is disabled
  Caching not enabled.
Caching disabled for MergeInstrumentationAnalysisTransform: /home/runner/.gradle/caches/8.11.1/transforms/51006353b0321a177af3322db53e9bd0/transformed/analysis/instrumentation-hierarchy.bin because:
  Build cache is disabled
  Caching not enabled.
Caching disabled for MergeInstrumentationAnalysisTransform: /home/runner/.gradle/caches/8.11.1/transforms/51006353b0321a177af3322db53e9bd0/transformed/analysis/instrumentation-dependencies.bin because:
  Build cache is disabled
  Caching not enabled.
Caching disabled for MergeInstrumentationAnalysisTransform: /home/runner/.gradle/caches/modules-2/files-2.1/com.google.api.grpc/proto-google-common-protos/2.17.0/7edf1e3aa96dc3861f7a8f24556c714e9c5b292/proto-google-common-protos-2.17.0.jar because:
  Build cache is disabled
  Caching not enabled.
Transforming proto-google-common-protos-2.17.0.jar (com.google.api.grpc:proto-google-common-protos:2.17.0) with ExternalDependencyInstrumentingArtifactTransform
Caching disabled for ExternalDependencyInstrumentingArtifactTransform: /home/runner/.gradle/caches/8.11.1/transforms/d431031833eed561dac84cc08946abcb/transformed/merge/instrumentation-dependencies.bin because:
  Build cache is disabled
  Caching not enabled.
Caching disabled for ExternalDependencyInstrumentingArtifactTransform: /home/runner/.gradle/caches/modules-2/files-2.1/com.google.api.grpc/proto-google-common-protos/2.17.0/7edf1e3aa96dc3861f7a8f24556c714e9c5b292/proto-google-common-protos-2.17.0.jar because:
  Build cache is disabled
  Caching not enabled.
Caching disabled for MergeInstrumentationAnalysisTransform: /home/runner/.gradle/caches/8.11.1/transforms/8be5eba22427189c421d3344fb660f30/transformed/analysis/instrumentation-hierarchy.bin because:
  Build cache is disabled
  Caching not enabled.
Caching disabled for MergeInstrumentationAnalysisTransform: /home/runner/.gradle/caches/8.11.1/transforms/8be5eba22427189c421d3344fb660f30/transformed/analysis/instrumentation-dependencies.bin because:
  Build cache is disabled
  Caching not enabled.
Caching disabled for MergeInstrumentationAnalysisTransform: /home/runner/.gradle/caches/modules-2/files-2.1/com.google.protobuf/protobuf-java/3.22.3/fdee98b8f6abab73f146a4edb4c09e56f8278d03/protobuf-java-3.22.3.jar because:
  Build cache is disabled
  Caching not enabled.
Transforming protobuf-java-3.22.3.jar (com.google.protobuf:protobuf-java:3.22.3) with ExternalDependencyInstrumentingArtifactTransform
Caching disabled for ExternalDependencyInstrumentingArtifactTransform: /home/runner/.gradle/caches/8.11.1/transforms/e10896e85b4154432c92828dc3fc8475/transformed/merge/instrumentation-dependencies.bin because:
  Build cache is disabled
  Caching not enabled.
Caching disabled for ExternalDependencyInstrumentingArtifactTransform: /home/runner/.gradle/caches/modules-2/files-2.1/com.google.protobuf/protobuf-java/3.22.3/fdee98b8f6abab73f146a4edb4c09e56f8278d03/protobuf-java-3.22.3.jar because:
  Build cache is disabled
  Caching not enabled.
Caching disabled for ExternalDependencyInstrumentingArtifactTransform: /home/runner/.gradle/caches/modules-2/files-2.1/com.android.tools.analytics-library/protos/31.7.3/71afde62826a0dd766603edb6ff96d291c138083/protos-31.7.3.jar because:
  Build cache is disabled
  Caching not enabled.
Caching disabled for MergeInstrumentationAnalysisTransform: /home/runner/.gradle/caches/8.11.1/transforms/5305e646dba8c063706935af0dfa405a/transformed/analysis/instrumentation-hierarchy.bin because:
  Build cache is disabled
  Caching not enabled.
Caching disabled for MergeInstrumentationAnalysisTransform: /home/runner/.gradle/caches/8.11.1/transforms/925cef910af5e11d0b820b74bb3e34fb/transformed/analysis/instrumentation-hierarchy.bin because:
  Build cache is disabled
  Caching not enabled.
Caching disabled for MergeInstrumentationAnalysisTransform: /home/runner/.gradle/caches/8.11.1/transforms/5305e646dba8c063706935af0dfa405a/transformed/analysis/instrumentation-dependencies.bin because:
  Build cache is disabled
  Caching not enabled.
Caching disabled for MergeInstrumentationAnalysisTransform: /home/runner/.gradle/caches/8.11.1/transforms/925cef910af5e11d0b820b74bb3e34fb/transformed/analysis/instrumentation-dependencies.bin because:
  Build cache is disabled
  Caching not enabled.
Caching disabled for MergeInstrumentationAnalysisTransform: /home/runner/.gradle/caches/modules-2/files-2.1/io.grpc/grpc-netty/1.57.0/99cc01516c2fd1d134bf2585c2b38fa400804986/grpc-netty-1.57.0.jar because:
  Build cache is disabled
  Caching not enabled.
Transforming grpc-netty-1.57.0.jar (io.grpc:grpc-netty:1.57.0) with ExternalDependencyInstrumentingArtifactTransform
Caching disabled for ExternalDependencyInstrumentingArtifactTransform: /home/runner/.gradle/caches/8.11.1/transforms/63f83db554921ad969c71a9f7092cd4b/transformed/merge/instrumentation-dependencies.bin because:
  Build cache is disabled
  Caching not enabled.
Caching disabled for MergeInstrumentationAnalysisTransform: /home/runner/.gradle/caches/modules-2/files-2.1/io.grpc/grpc-core/1.57.0/2b6ef5166f31315098fff9bb85f33ab5fed58f6b/grpc-core-1.57.0.jar because:
  Build cache is disabled
  Caching not enabled.
Transforming grpc-core-1.57.0.jar (io.grpc:grpc-core:1.57.0) with ExternalDependencyInstrumentingArtifactTransform
Caching disabled for ExternalDependencyInstrumentingArtifactTransform: /home/runner/.gradle/caches/8.11.1/transforms/851562791d50b88d5da47794bff42de3/transformed/merge/instrumentation-dependencies.bin because:
  Build cache is disabled
  Caching not enabled.
Caching disabled for ExternalDependencyInstrumentingArtifactTransform: /home/runner/.gradle/caches/modules-2/files-2.1/io.grpc/grpc-netty/1.57.0/99cc01516c2fd1d134bf2585c2b38fa400804986/grpc-netty-1.57.0.jar because:
  Build cache is disabled
  Caching not enabled.
Caching disabled for MergeInstrumentationAnalysisTransform: /home/runner/.gradle/caches/8.11.1/transforms/aaf08772a7cb5a109fb751efdf03d8c0/transformed/analysis/instrumentation-hierarchy.bin because:
  Build cache is disabled
  Caching not enabled.
Caching disabled for MergeInstrumentationAnalysisTransform: /home/runner/.gradle/caches/8.11.1/transforms/aaf08772a7cb5a109fb751efdf03d8c0/transformed/analysis/instrumentation-dependencies.bin because:
  Build cache is disabled
  Caching not enabled.
Caching disabled for MergeInstrumentationAnalysisTransform: /home/runner/.gradle/caches/modules-2/files-2.1/org.jetbrains.kotlin/kotlin-build-statistics/2.1.0/fb2159d08af2b785a8bed3b6102dc81a00f469fc/kotlin-build-statistics-2.1.0.jar because:
  Build cache is disabled
  Caching not enabled.
Caching disabled for ExternalDependencyInstrumentingArtifactTransform: /home/runner/.gradle/caches/modules-2/files-2.1/io.grpc/grpc-core/1.57.0/2b6ef5166f31315098fff9bb85f33ab5fed58f6b/grpc-core-1.57.0.jar because:
  Build cache is disabled
  Caching not enabled.
Caching disabled for MergeInstrumentationAnalysisTransform: /home/runner/.gradle/caches/8.11.1/transforms/9a5c8c4d716eaf46a6a036875f6616a9/transformed/analysis/instrumentation-hierarchy.bin because:
  Build cache is disabled
  Caching not enabled.
Transforming kotlin-build-statistics-2.1.0.jar (org.jetbrains.kotlin:kotlin-build-statistics:2.1.0) with ExternalDependencyInstrumentingArtifactTransform
Caching disabled for ExternalDependencyInstrumentingArtifactTransform: /home/runner/.gradle/caches/8.11.1/transforms/03ea2eced46e88552517aa5c0561f657/transformed/merge/instrumentation-dependencies.bin because:
  Build cache is disabled
  Caching not enabled.
Caching disabled for MergeInstrumentationAnalysisTransform: /home/runner/.gradle/caches/8.11.1/transforms/9a5c8c4d716eaf46a6a036875f6616a9/transformed/analysis/instrumentation-dependencies.bin because:
  Build cache is disabled
  Caching not enabled.
Caching disabled for MergeInstrumentationAnalysisTransform: /home/runner/.gradle/caches/modules-2/files-2.1/com.google.code.gson/gson/2.10.1/b3add478d4382b78ea20b1671390a858002feb6c/gson-2.10.1.jar because:
  Build cache is disabled
  Caching not enabled.
Transforming gson-2.10.1.jar (com.google.code.gson:gson:2.10.1) with ExternalDependencyInstrumentingArtifactTransform
Caching disabled for ExternalDependencyInstrumentingArtifactTransform: /home/runner/.gradle/caches/8.11.1/transforms/2fbfb00511d9c5ec5cf1d30f42de5be2/transformed/merge/instrumentation-dependencies.bin because:
  Build cache is disabled
  Caching not enabled.
Caching disabled for ExternalDependencyInstrumentingArtifactTransform: /home/runner/.gradle/caches/modules-2/files-2.1/org.jetbrains.kotlin/kotlin-build-statistics/2.1.0/fb2159d08af2b785a8bed3b6102dc81a00f469fc/kotlin-build-statistics-2.1.0.jar because:
  Build cache is disabled
  Caching not enabled.
Caching disabled for MergeInstrumentationAnalysisTransform: /home/runner/.gradle/caches/8.11.1/transforms/a6c2afab11bd502da4279cb2dbe91fc2/transformed/analysis/instrumentation-hierarchy.bin because:
  Build cache is disabled
  Caching not enabled.
Caching disabled for MergeInstrumentationAnalysisTransform: /home/runner/.gradle/caches/8.11.1/transforms/a6c2afab11bd502da4279cb2dbe91fc2/transformed/analysis/instrumentation-dependencies.bin because:
  Build cache is disabled
  Caching not enabled.
Caching disabled for MergeInstrumentationAnalysisTransform: /home/runner/.gradle/caches/modules-2/files-2.1/io.grpc/grpc-stub/1.57.0/262e1469c080164d5e2459f4908394d66f4e8828/grpc-stub-1.57.0.jar because:
  Build cache is disabled
  Caching not enabled.
Caching disabled for ExternalDependencyInstrumentingArtifactTransform: /home/runner/.gradle/caches/modules-2/files-2.1/com.google.code.gson/gson/2.10.1/b3add478d4382b78ea20b1671390a858002feb6c/gson-2.10.1.jar because:
  Build cache is disabled
  Caching not enabled.
Transforming grpc-stub-1.57.0.jar (io.grpc:grpc-stub:1.57.0) with ExternalDependencyInstrumentingArtifactTransform
Caching disabled for ExternalDependencyInstrumentingArtifactTransform: /home/runner/.gradle/caches/8.11.1/transforms/661d51e63a1c48cf77d4167a787de81b/transformed/merge/instrumentation-dependencies.bin because:
  Build cache is disabled
  Caching not enabled.
Caching disabled for MergeInstrumentationAnalysisTransform: /home/runner/.gradle/caches/8.11.1/transforms/4a68b536e27639f73575a3693f2b9839/transformed/analysis/instrumentation-hierarchy.bin because:
  Build cache is disabled
  Caching not enabled.
Caching disabled for MergeInstrumentationAnalysisTransform: /home/runner/.gradle/caches/8.11.1/transforms/4a68b536e27639f73575a3693f2b9839/transformed/analysis/instrumentation-dependencies.bin because:
  Build cache is disabled
  Caching not enabled.
Caching disabled for MergeInstrumentationAnalysisTransform: /home/runner/.gradle/caches/modules-2/files-2.1/com.google.testing.platform/core-proto/0.0.9-alpha02/ee54219cbb4a7fb83cdc528e9a85e0383f3ee726/core-proto-0.0.9-alpha02.jar because:
  Build cache is disabled
  Caching not enabled.
Transforming core-proto-0.0.9-alpha02.jar (com.google.testing.platform:core-proto:0.0.9-alpha02) with ExternalDependencyInstrumentingArtifactTransform
Caching disabled for ExternalDependencyInstrumentingArtifactTransform: /home/runner/.gradle/caches/8.11.1/transforms/cd1888c598a8bbdb162faca13410a401/transformed/merge/instrumentation-dependencies.bin because:
  Build cache is disabled
  Caching not enabled.
Caching disabled for ExternalDependencyInstrumentingArtifactTransform: /home/runner/.gradle/caches/modules-2/files-2.1/io.grpc/grpc-stub/1.57.0/262e1469c080164d5e2459f4908394d66f4e8828/grpc-stub-1.57.0.jar because:
  Build cache is disabled
  Caching not enabled.
Caching disabled for MergeInstrumentationAnalysisTransform: /home/runner/.gradle/caches/8.11.1/transforms/6f1e299a50f8fb2bd6b051632942f853/transformed/analysis/instrumentation-hierarchy.bin because:
  Build cache is disabled
  Caching not enabled.
Caching disabled for MergeInstrumentationAnalysisTransform: /home/runner/.gradle/caches/8.11.1/transforms/6f1e299a50f8fb2bd6b051632942f853/transformed/analysis/instrumentation-dependencies.bin because:
  Build cache is disabled
  Caching not enabled.
Caching disabled for MergeInstrumentationAnalysisTransform: /home/runner/.gradle/caches/modules-2/files-2.1/org.tensorflow/tensorflow-lite-metadata/0.1.0-rc2/7aa9b3e16d85c2aae5eff741265315a37c9f731a/tensorflow-lite-metadata-0.1.0-rc2.jar because:
  Build cache is disabled
  Caching not enabled.
Transforming tensorflow-lite-metadata-0.1.0-rc2.jar (org.tensorflow:tensorflow-lite-metadata:0.1.0-rc2) with ExternalDependencyInstrumentingArtifactTransform
Caching disabled for ExternalDependencyInstrumentingArtifactTransform: /home/runner/.gradle/caches/8.11.1/transforms/a8973ad9b3dbc3357849e45bb8cee356/transformed/merge/instrumentation-dependencies.bin because:
  Build cache is disabled
  Caching not enabled.
Caching disabled for ExternalDependencyInstrumentingArtifactTransform: /home/runner/.gradle/caches/modules-2/files-2.1/org.tensorflow/tensorflow-lite-metadata/0.1.0-rc2/7aa9b3e16d85c2aae5eff741265315a37c9f731a/tensorflow-lite-metadata-0.1.0-rc2.jar because:
  Build cache is disabled
  Caching not enabled.
Caching disabled for MergeInstrumentationAnalysisTransform: /home/runner/.gradle/caches/8.11.1/transforms/d91e6c0e9059069882ce61f7f58b66f5/transformed/analysis/instrumentation-hierarchy.bin because:
  Build cache is disabled
  Caching not enabled.
Caching disabled for MergeInstrumentationAnalysisTransform: /home/runner/.gradle/caches/8.11.1/transforms/d91e6c0e9059069882ce61f7f58b66f5/transformed/analysis/instrumentation-dependencies.bin because:
  Build cache is disabled
  Caching not enabled.
Caching disabled for MergeInstrumentationAnalysisTransform: /home/runner/.gradle/caches/modules-2/files-2.1/com.google.flatbuffers/flatbuffers-java/1.12.0/8201cc7b511177a37071249e891f2f2fea4b32e9/flatbuffers-java-1.12.0.jar because:
  Build cache is disabled
  Caching not enabled.
Transforming flatbuffers-java-1.12.0.jar (com.google.flatbuffers:flatbuffers-java:1.12.0) with ExternalDependencyInstrumentingArtifactTransform
Caching disabled for ExternalDependencyInstrumentingArtifactTransform: /home/runner/.gradle/caches/8.11.1/transforms/5fd2f9043b42280f6955b94e42a70504/transformed/merge/instrumentation-dependencies.bin because:
  Build cache is disabled
  Caching not enabled.
Caching disabled for ExternalDependencyInstrumentingArtifactTransform: /home/runner/.gradle/caches/modules-2/files-2.1/com.google.flatbuffers/flatbuffers-java/1.12.0/8201cc7b511177a37071249e891f2f2fea4b32e9/flatbuffers-java-1.12.0.jar because:
  Build cache is disabled
  Caching not enabled.
Caching disabled for MergeInstrumentationAnalysisTransform: /home/runner/.gradle/caches/8.11.1/transforms/a4f2e76441bdc3cabb02a925b28383b2/transformed/analysis/instrumentation-hierarchy.bin because:
  Build cache is disabled
  Caching not enabled.
Caching disabled for MergeInstrumentationAnalysisTransform: /home/runner/.gradle/caches/8.11.1/transforms/a4f2e76441bdc3cabb02a925b28383b2/transformed/analysis/instrumentation-dependencies.bin because:
  Build cache is disabled
  Caching not enabled.
Caching disabled for MergeInstrumentationAnalysisTransform: /home/runner/.gradle/caches/modules-2/files-2.1/org.jetbrains.kotlin/kotlin-gradle-plugin-idea-proto/2.1.0/66ae2c0c68fdb6dd8b7ee09b1599153fc6c2ab93/kotlin-gradle-plugin-idea-proto-2.1.0.jar because:
  Build cache is disabled
  Caching not enabled.
Transforming kotlin-gradle-plugin-idea-proto-2.1.0.jar (org.jetbrains.kotlin:kotlin-gradle-plugin-idea-proto:2.1.0) with ExternalDependencyInstrumentingArtifactTransform
Caching disabled for ExternalDependencyInstrumentingArtifactTransform: /home/runner/.gradle/caches/8.11.1/transforms/f407c6e82502408725b6b41bad98be9e/transformed/merge/instrumentation-dependencies.bin because:
  Build cache is disabled
  Caching not enabled.
Caching disabled for ExternalDependencyInstrumentingArtifactTransform: /home/runner/.gradle/caches/modules-2/files-2.1/com.google.testing.platform/core-proto/0.0.9-alpha02/ee54219cbb4a7fb83cdc528e9a85e0383f3ee726/core-proto-0.0.9-alpha02.jar because:
  Build cache is disabled
  Caching not enabled.
Caching disabled for MergeInstrumentationAnalysisTransform: /home/runner/.gradle/caches/8.11.1/transforms/b38766de4c83906349eea91409ad5f78/transformed/analysis/instrumentation-hierarchy.bin because:
  Build cache is disabled
  Caching not enabled.
Caching disabled for MergeInstrumentationAnalysisTransform: /home/runner/.gradle/caches/8.11.1/transforms/b38766de4c83906349eea91409ad5f78/transformed/analysis/instrumentation-dependencies.bin because:
  Build cache is disabled
  Caching not enabled.
Caching disabled for MergeInstrumentationAnalysisTransform: /home/runner/.gradle/caches/modules-2/files-2.1/org.jetbrains.kotlin/kotlin-gradle-plugin-idea/2.1.0/68dc62267176b4484dcc63973f5887eca4d5ff86/kotlin-gradle-plugin-idea-2.1.0.jar because:
  Build cache is disabled
  Caching not enabled.
Transforming kotlin-gradle-plugin-idea-2.1.0.jar (org.jetbrains.kotlin:kotlin-gradle-plugin-idea:2.1.0) with ExternalDependencyInstrumentingArtifactTransform
Caching disabled for ExternalDependencyInstrumentingArtifactTransform: /home/runner/.gradle/caches/8.11.1/transforms/ef8c2857c90658f7f5616312b3d312f3/transformed/merge/instrumentation-dependencies.bin because:
  Build cache is disabled
  Caching not enabled.
Caching disabled for ExternalDependencyInstrumentingArtifactTransform: /home/runner/.gradle/caches/modules-2/files-2.1/org.jetbrains.kotlin/kotlin-gradle-plugin-idea/2.1.0/68dc62267176b4484dcc63973f5887eca4d5ff86/kotlin-gradle-plugin-idea-2.1.0.jar because:
  Build cache is disabled
  Caching not enabled.
Caching disabled for MergeInstrumentationAnalysisTransform: /home/runner/.gradle/caches/8.11.1/transforms/42d46e4ca1d1dd152e7b67459933d5be/transformed/analysis/instrumentation-hierarchy.bin because:
  Build cache is disabled
  Caching not enabled.
Caching disabled for ExternalDependencyInstrumentingArtifactTransform: /home/runner/.gradle/caches/modules-2/files-2.1/commons-io/commons-io/2.13.0/8bb2bc9b4df17e2411533a0708a69f983bf5e83b/commons-io-2.13.0.jar because:
  Build cache is disabled
  Caching not enabled.
Caching disabled for MergeInstrumentationAnalysisTransform: /home/runner/.gradle/caches/8.11.1/transforms/42d46e4ca1d1dd152e7b67459933d5be/transformed/analysis/instrumentation-dependencies.bin because:
  Build cache is disabled
  Caching not enabled.
Caching disabled for MergeInstrumentationAnalysisTransform: /home/runner/.gradle/caches/8.11.1/transforms/837494bad1396f0d3ec73547817cad41/transformed/analysis/instrumentation-hierarchy.bin because:
  Build cache is disabled
  Caching not enabled.
Caching disabled for ExternalDependencyInstrumentingArtifactTransform: /home/runner/.gradle/caches/modules-2/files-2.1/org.jetbrains.kotlin/kotlin-gradle-plugin/2.1.0/43b225a353673533d9b523667983ee0276baf947/kotlin-gradle-plugin-2.1.0-gradle85.jar because:
  Build cache is disabled
  Caching not enabled.
Caching disabled for MergeInstrumentationAnalysisTransform: /home/runner/.gradle/caches/modules-2/files-2.1/org.jetbrains.kotlin/kotlin-klib-commonizer-api/2.1.0/fdd21b2515a824ef7937111dad250f0756482f64/kotlin-klib-commonizer-api-2.1.0.jar because:
  Build cache is disabled
  Caching not enabled.
Caching disabled for MergeInstrumentationAnalysisTransform: /home/runner/.gradle/caches/8.11.1/transforms/120540492c0b9c733663e9fef459e65d/transformed/analysis/instrumentation-hierarchy.bin because:
  Build cache is disabled
  Caching not enabled.
Caching disabled for MergeInstrumentationAnalysisTransform: /home/runner/.gradle/caches/8.11.1/transforms/837494bad1396f0d3ec73547817cad41/transformed/analysis/instrumentation-dependencies.bin because:
  Build cache is disabled
  Caching not enabled.
Transforming kotlin-klib-commonizer-api-2.1.0.jar (org.jetbrains.kotlin:kotlin-klib-commonizer-api:2.1.0) with ExternalDependencyInstrumentingArtifactTransform
Caching disabled for ExternalDependencyInstrumentingArtifactTransform: /home/runner/.gradle/caches/8.11.1/transforms/3a01c6fc97379ae9608344e452b479bb/transformed/merge/instrumentation-dependencies.bin because:
  Build cache is disabled
  Caching not enabled.
Caching disabled for MergeInstrumentationAnalysisTransform: /home/runner/.gradle/caches/8.11.1/transforms/120540492c0b9c733663e9fef459e65d/transformed/analysis/instrumentation-dependencies.bin because:
  Build cache is disabled
  Caching not enabled.
Caching disabled for MergeInstrumentationAnalysisTransform: /home/runner/.gradle/caches/modules-2/files-2.1/org.jetbrains.kotlin/kotlin-util-klib-metadata/2.1.0/c0f515d35d514c0689afd56c0bd3b35cdb64d1d/kotlin-util-klib-metadata-2.1.0.jar because:
  Build cache is disabled
  Caching not enabled.
Transforming kotlin-util-klib-metadata-2.1.0.jar (org.jetbrains.kotlin:kotlin-util-klib-metadata:2.1.0) with ExternalDependencyInstrumentingArtifactTransform
Caching disabled for ExternalDependencyInstrumentingArtifactTransform: /home/runner/.gradle/caches/8.11.1/transforms/64873015f01631174efb42f2f90d0c53/transformed/merge/instrumentation-dependencies.bin because:
  Build cache is disabled
  Caching not enabled.
Caching disabled for MergeInstrumentationAnalysisTransform: /home/runner/.gradle/caches/modules-2/files-2.1/org.jetbrains.kotlin/kotlin-compiler-runner/2.1.0/aeff856eff94e2ca0582f155b414a57cc7837e07/kotlin-compiler-runner-2.1.0.jar because:
  Build cache is disabled
  Caching not enabled.
Transforming kotlin-compiler-runner-2.1.0.jar (org.jetbrains.kotlin:kotlin-compiler-runner:2.1.0) with ExternalDependencyInstrumentingArtifactTransform
Caching disabled for ExternalDependencyInstrumentingArtifactTransform: /home/runner/.gradle/caches/8.11.1/transforms/dbce7150a950817842b296d060f84c25/transformed/merge/instrumentation-dependencies.bin because:
  Build cache is disabled
  Caching not enabled.
Caching disabled for ExternalDependencyInstrumentingArtifactTransform: /home/runner/.gradle/caches/modules-2/files-2.1/org.jetbrains.kotlin/kotlin-klib-commonizer-api/2.1.0/fdd21b2515a824ef7937111dad250f0756482f64/kotlin-klib-commonizer-api-2.1.0.jar because:
  Build cache is disabled
  Caching not enabled.
Caching disabled for ExternalDependencyInstrumentingArtifactTransform: /home/runner/.gradle/caches/modules-2/files-2.1/org.jetbrains.kotlin/kotlin-compiler-runner/2.1.0/aeff856eff94e2ca0582f155b414a57cc7837e07/kotlin-compiler-runner-2.1.0.jar because:
  Build cache is disabled
  Caching not enabled.
Caching disabled for MergeInstrumentationAnalysisTransform: /home/runner/.gradle/caches/8.11.1/transforms/09c8fcab866a985203606c6b9da25e35/transformed/analysis/instrumentation-hierarchy.bin because:
  Build cache is disabled
  Caching not enabled.
Caching disabled for MergeInstrumentationAnalysisTransform: /home/runner/.gradle/caches/8.11.1/transforms/a6704e6aee23a83d2d64125c953487d4/transformed/analysis/instrumentation-dependencies.bin because:
  Build cache is disabled
  Caching not enabled.
Caching disabled for MergeInstrumentationAnalysisTransform: /home/runner/.gradle/caches/modules-2/files-2.1/io.grpc/grpc-context/1.57.0/8d8f26a9b0bed637ee4592e1df3ef134ed2c54fd/grpc-context-1.57.0.jar because:
  Build cache is disabled
  Caching not enabled.
Caching disabled for MergeInstrumentationAnalysisTransform: /home/runner/.gradle/caches/8.11.1/transforms/09c8fcab866a985203606c6b9da25e35/transformed/analysis/instrumentation-dependencies.bin because:
  Build cache is disabled
  Caching not enabled.
Transforming grpc-context-1.57.0.jar (io.grpc:grpc-context:1.57.0) with ExternalDependencyInstrumentingArtifactTransform
Caching disabled for ExternalDependencyInstrumentingArtifactTransform: /home/runner/.gradle/caches/8.11.1/transforms/c3496c70c0a4a34249e1fb921504964d/transformed/merge/instrumentation-dependencies.bin because:
  Build cache is disabled
  Caching not enabled.
Caching disabled for ExternalDependencyInstrumentingArtifactTransform: /home/runner/.gradle/caches/modules-2/files-2.1/org.jetbrains.kotlin/kotlin-util-klib-metadata/2.1.0/c0f515d35d514c0689afd56c0bd3b35cdb64d1d/kotlin-util-klib-metadata-2.1.0.jar because:
  Build cache is disabled
  Caching not enabled.
Caching disabled for MergeInstrumentationAnalysisTransform: /home/runner/.gradle/caches/modules-2/files-2.1/com.google.jimfs/jimfs/1.1/8fbd0579dc68aba6186935cc1bee21d2f3e7ec1c/jimfs-1.1.jar because:
  Build cache is disabled
  Caching not enabled.
Caching disabled for MergeInstrumentationAnalysisTransform: /home/runner/.gradle/caches/8.11.1/transforms/18e68d9d0624253a513be7116cb37a9b/transformed/analysis/instrumentation-hierarchy.bin because:
  Build cache is disabled
  Caching not enabled.
Caching disabled for ExternalDependencyInstrumentingArtifactTransform: /home/runner/.gradle/caches/modules-2/files-2.1/io.grpc/grpc-context/1.57.0/8d8f26a9b0bed637ee4592e1df3ef134ed2c54fd/grpc-context-1.57.0.jar because:
  Build cache is disabled
  Caching not enabled.
Transforming jimfs-1.1.jar (com.google.jimfs:jimfs:1.1) with ExternalDependencyInstrumentingArtifactTransform
Caching disabled for ExternalDependencyInstrumentingArtifactTransform: /home/runner/.gradle/caches/8.11.1/transforms/72b96b1f9cc3cacb07e545b0b38b74b6/transformed/merge/instrumentation-dependencies.bin because:
  Build cache is disabled
  Caching not enabled.
Caching disabled for MergeInstrumentationAnalysisTransform: /home/runner/.gradle/caches/8.11.1/transforms/18e68d9d0624253a513be7116cb37a9b/transformed/analysis/instrumentation-dependencies.bin because:
  Build cache is disabled
  Caching not enabled.
Caching disabled for MergeInstrumentationAnalysisTransform: /home/runner/.gradle/caches/8.11.1/transforms/7d3cdea2698ca6fac6bb27a165025632/transformed/analysis/instrumentation-hierarchy.bin because:
  Build cache is disabled
  Caching not enabled.
Caching disabled for MergeInstrumentationAnalysisTransform: /home/runner/.gradle/caches/8.11.1/transforms/7d3cdea2698ca6fac6bb27a165025632/transformed/analysis/instrumentation-dependencies.bin because:
  Build cache is disabled
  Caching not enabled.
Caching disabled for MergeInstrumentationAnalysisTransform: /home/runner/.gradle/caches/modules-2/files-2.1/io.grpc/grpc-protobuf-lite/1.57.0/ca0084219b71d29cd9bfc3b81780aca91a965753/grpc-protobuf-lite-1.57.0.jar because:
  Build cache is disabled
  Caching not enabled.
Transforming grpc-protobuf-lite-1.57.0.jar (io.grpc:grpc-protobuf-lite:1.57.0) with ExternalDependencyInstrumentingArtifactTransform
Caching disabled for ExternalDependencyInstrumentingArtifactTransform: /home/runner/.gradle/caches/8.11.1/transforms/0ab416f1c7fec3f8273612f2fe7f6ebc/transformed/merge/instrumentation-dependencies.bin because:
  Build cache is disabled
  Caching not enabled.
Caching disabled for MergeInstrumentationAnalysisTransform: /home/runner/.gradle/caches/modules-2/files-2.1/io.grpc/grpc-api/1.57.0/768ab3e583b213a3672ec776e70765b594e8bbe5/grpc-api-1.57.0.jar because:
  Build cache is disabled
  Caching not enabled.
Transforming grpc-api-1.57.0.jar (io.grpc:grpc-api:1.57.0) with ExternalDependencyInstrumentingArtifactTransform
Caching disabled for ExternalDependencyInstrumentingArtifactTransform: /home/runner/.gradle/caches/8.11.1/transforms/106c1ee17e7a15150e56524680a1e921/transformed/merge/instrumentation-dependencies.bin because:
  Build cache is disabled
  Caching not enabled.
Caching disabled for ExternalDependencyInstrumentingArtifactTransform: /home/runner/.gradle/caches/modules-2/files-2.1/io.grpc/grpc-protobuf-lite/1.57.0/ca0084219b71d29cd9bfc3b81780aca91a965753/grpc-protobuf-lite-1.57.0.jar because:
  Build cache is disabled
  Caching not enabled.
Caching disabled for MergeInstrumentationAnalysisTransform: /home/runner/.gradle/caches/8.11.1/transforms/1fef3bad8e4bad3e18f37b00eed9bac0/transformed/analysis/instrumentation-hierarchy.bin because:
  Build cache is disabled
  Caching not enabled.
Caching disabled for MergeInstrumentationAnalysisTransform: /home/runner/.gradle/caches/8.11.1/transforms/1fef3bad8e4bad3e18f37b00eed9bac0/transformed/analysis/instrumentation-dependencies.bin because:
  Build cache is disabled
  Caching not enabled.
Caching disabled for MergeInstrumentationAnalysisTransform: /home/runner/.gradle/caches/modules-2/files-2.1/com.google.guava/guava/32.0.1-jre/6e5d51a72d142f2d40a57dfb897188b36a95b489/guava-32.0.1-jre.jar because:
  Build cache is disabled
  Caching not enabled.
Transforming guava-32.0.1-jre.jar (com.google.guava:guava:32.0.1-jre) with ExternalDependencyInstrumentingArtifactTransform
Caching disabled for ExternalDependencyInstrumentingArtifactTransform: /home/runner/.gradle/caches/8.11.1/transforms/fadc1650692f9be62713401756a2d3ba/transformed/merge/instrumentation-dependencies.bin because:
  Build cache is disabled
  Caching not enabled.
Caching disabled for ExternalDependencyInstrumentingArtifactTransform: /home/runner/.gradle/caches/modules-2/files-2.1/com.google.jimfs/jimfs/1.1/8fbd0579dc68aba6186935cc1bee21d2f3e7ec1c/jimfs-1.1.jar because:
  Build cache is disabled
  Caching not enabled.
Caching disabled for MergeInstrumentationAnalysisTransform: /home/runner/.gradle/caches/8.11.1/transforms/3015e4ba167487610581f7d2d2b320ea/transformed/analysis/instrumentation-hierarchy.bin because:
  Build cache is disabled
  Caching not enabled.
Caching disabled for MergeInstrumentationAnalysisTransform: /home/runner/.gradle/caches/8.11.1/transforms/3015e4ba167487610581f7d2d2b320ea/transformed/analysis/instrumentation-dependencies.bin because:
  Build cache is disabled
  Caching not enabled.
Caching disabled for MergeInstrumentationAnalysisTransform: /home/runner/.gradle/caches/modules-2/files-2.1/com.google.dagger/dagger/2.28.3/10d83810ef9e19714116ed518896c90c6606d633/dagger-2.28.3.jar because:
  Build cache is disabled
  Caching not enabled.
Caching disabled for ExternalDependencyInstrumentingArtifactTransform: /home/runner/.gradle/caches/modules-2/files-2.1/io.grpc/grpc-api/1.57.0/768ab3e583b213a3672ec776e70765b594e8bbe5/grpc-api-1.57.0.jar because:
  Build cache is disabled
  Caching not enabled.
Caching disabled for ExternalDependencyInstrumentingArtifactTransform: /home/runner/.gradle/caches/modules-2/files-2.1/org.jetbrains.kotlin/kotlin-gradle-plugin-idea-proto/2.1.0/66ae2c0c68fdb6dd8b7ee09b1599153fc6c2ab93/kotlin-gradle-plugin-idea-proto-2.1.0.jar because:
  Build cache is disabled
  Caching not enabled.
Transforming dagger-2.28.3.jar (com.google.dagger:dagger:2.28.3) with ExternalDependencyInstrumentingArtifactTransform
Caching disabled for ExternalDependencyInstrumentingArtifactTransform: /home/runner/.gradle/caches/8.11.1/transforms/2ed34737649573be88630445a9149d5b/transformed/merge/instrumentation-dependencies.bin because:
  Build cache is disabled
  Caching not enabled.
Caching disabled for MergeInstrumentationAnalysisTransform: /home/runner/.gradle/caches/8.11.1/transforms/719d84f0f4e485d9c2e21fe9f6095906/transformed/analysis/instrumentation-dependencies.bin because:
  Build cache is disabled
  Caching not enabled.
Caching disabled for MergeInstrumentationAnalysisTransform: /home/runner/.gradle/caches/8.11.1/transforms/06e570ad03ba8ec6af9d57c5815a2f6a/transformed/analysis/instrumentation-hierarchy.bin because:
  Build cache is disabled
  Caching not enabled.
Caching disabled for MergeInstrumentationAnalysisTransform: /home/runner/.gradle/caches/modules-2/files-2.1/javax.inject/javax.inject/1/6975da39a7040257bd51d21a231b76c915872d38/javax.inject-1.jar because:
  Build cache is disabled
  Caching not enabled.
Transforming javax.inject-1.jar (javax.inject:javax.inject:1) with ExternalDependencyInstrumentingArtifactTransform
Caching disabled for MergeInstrumentationAnalysisTransform: /home/runner/.gradle/caches/8.11.1/transforms/06e570ad03ba8ec6af9d57c5815a2f6a/transformed/analysis/instrumentation-dependencies.bin because:
  Build cache is disabled
  Caching not enabled.
Caching disabled for ExternalDependencyInstrumentingArtifactTransform: /home/runner/.gradle/caches/modules-2/files-2.1/com.google.dagger/dagger/2.28.3/10d83810ef9e19714116ed518896c90c6606d633/dagger-2.28.3.jar because:
  Build cache is disabled
  Caching not enabled.
Caching disabled for ExternalDependencyInstrumentingArtifactTransform: /home/runner/.gradle/caches/8.11.1/transforms/ae23bbee5d9003e674a4b65593c18480/transformed/merge/instrumentation-dependencies.bin because:
  Build cache is disabled
  Caching not enabled.
Caching disabled for MergeInstrumentationAnalysisTransform: /home/runner/.gradle/caches/modules-2/files-2.1/net.sf.kxml/kxml2/2.3.0/ccbc77a5fd907ef863c29f3596c6f54ffa4e9442/kxml2-2.3.0.jar because:
  Build cache is disabled
  Caching not enabled.
Transforming kxml2-2.3.0.jar (net.sf.kxml:kxml2:2.3.0) with ExternalDependencyInstrumentingArtifactTransform
Caching disabled for ExternalDependencyInstrumentingArtifactTransform: /home/runner/.gradle/caches/8.11.1/transforms/49494221cda8551d07f3e37ac8eca0e8/transformed/merge/instrumentation-dependencies.bin because:
  Build cache is disabled
  Caching not enabled.
Caching disabled for MergeInstrumentationAnalysisTransform: /home/runner/.gradle/caches/8.11.1/transforms/77441e30376eb64fd9d106fabf0f6ba2/transformed/analysis/instrumentation-hierarchy.bin because:
  Build cache is disabled
  Caching not enabled.
Caching disabled for ExternalDependencyInstrumentingArtifactTransform: /home/runner/.gradle/caches/modules-2/files-2.1/javax.inject/javax.inject/1/6975da39a7040257bd51d21a231b76c915872d38/javax.inject-1.jar because:
  Build cache is disabled
  Caching not enabled.
Caching disabled for MergeInstrumentationAnalysisTransform: /home/runner/.gradle/caches/8.11.1/transforms/77441e30376eb64fd9d106fabf0f6ba2/transformed/analysis/instrumentation-dependencies.bin because:
  Build cache is disabled
  Caching not enabled.
Caching disabled for MergeInstrumentationAnalysisTransform: /home/runner/.gradle/caches/8.11.1/transforms/bf663a778b659601bde92989a7904537/transformed/analysis/instrumentation-hierarchy.bin because:
  Build cache is disabled
  Caching not enabled.
Caching disabled for MergeInstrumentationAnalysisTransform: /home/runner/.gradle/caches/8.11.1/transforms/bf663a778b659601bde92989a7904537/transformed/analysis/instrumentation-dependencies.bin because:
  Build cache is disabled
  Caching not enabled.
Caching disabled for ExternalDependencyInstrumentingArtifactTransform: /home/runner/.gradle/caches/modules-2/files-2.1/net.sf.kxml/kxml2/2.3.0/ccbc77a5fd907ef863c29f3596c6f54ffa4e9442/kxml2-2.3.0.jar because:
  Build cache is disabled
  Caching not enabled.
Caching disabled for MergeInstrumentationAnalysisTransform: /home/runner/.gradle/caches/modules-2/files-2.1/org.bouncycastle/bcutil-jdk18on/1.77/de3eaef351545fe8562cf29ddff4a403a45b49b7/bcutil-jdk18on-1.77.jar because:
  Build cache is disabled
  Caching not enabled.
Transforming bcutil-jdk18on-1.77.jar (org.bouncycastle:bcutil-jdk18on:1.77) with ExternalDependencyInstrumentingArtifactTransform
Caching disabled for ExternalDependencyInstrumentingArtifactTransform: /home/runner/.gradle/caches/8.11.1/transforms/cf5b597750897ed1392fe80400afe770/transformed/merge/instrumentation-dependencies.bin because:
  Build cache is disabled
  Caching not enabled.
Caching disabled for MergeInstrumentationAnalysisTransform: /home/runner/.gradle/caches/8.11.1/transforms/b97ed77dc7cca701b5c2e933a6cafde8/transformed/analysis/instrumentation-hierarchy.bin because:
  Build cache is disabled
  Caching not enabled.
Caching disabled for MergeInstrumentationAnalysisTransform: /home/runner/.gradle/caches/8.11.1/transforms/b97ed77dc7cca701b5c2e933a6cafde8/transformed/analysis/instrumentation-dependencies.bin because:
  Build cache is disabled
  Caching not enabled.
Caching disabled for MergeInstrumentationAnalysisTransform: /home/runner/.gradle/caches/modules-2/files-2.1/org.bouncycastle/bcprov-jdk18on/1.77/2cc971b6c20949c1ff98d1a4bc741ee848a09523/bcprov-jdk18on-1.77.jar because:
  Build cache is disabled
  Caching not enabled.
Caching disabled for MergeInstrumentationAnalysisTransform: /home/runner/.gradle/caches/modules-2/files-2.1/org.jetbrains.intellij.deps/trove4j/1.0.20200330/3afb14d5f9ceb459d724e907a21145e8ff394f02/trove4j-1.0.20200330.jar because:
  Build cache is disabled
  Caching not enabled.
Transforming bcprov-jdk18on-1.77.jar (org.bouncycastle:bcprov-jdk18on:1.77) with ExternalDependencyInstrumentingArtifactTransform
Caching disabled for ExternalDependencyInstrumentingArtifactTransform: /home/runner/.gradle/caches/8.11.1/transforms/f7587f95e0ae49fae4a4a814d8e05451/transformed/merge/instrumentation-dependencies.bin because:
  Build cache is disabled
  Caching not enabled.
Transforming trove4j-1.0.20200330.jar (org.jetbrains.intellij.deps:trove4j:1.0.20200330) with ExternalDependencyInstrumentingArtifactTransform
Caching disabled for ExternalDependencyInstrumentingArtifactTransform: /home/runner/.gradle/caches/8.11.1/transforms/22426a8a457ba57e703c6c6a1a06fcf8/transformed/merge/instrumentation-dependencies.bin because:
  Build cache is disabled
  Caching not enabled.
Caching disabled for ExternalDependencyInstrumentingArtifactTransform: /home/runner/.gradle/caches/modules-2/files-2.1/org.jetbrains.intellij.deps/trove4j/1.0.20200330/3afb14d5f9ceb459d724e907a21145e8ff394f02/trove4j-1.0.20200330.jar because:
  Build cache is disabled
  Caching not enabled.
Caching disabled for ExternalDependencyInstrumentingArtifactTransform: /home/runner/.gradle/caches/modules-2/files-2.1/org.bouncycastle/bcutil-jdk18on/1.77/de3eaef351545fe8562cf29ddff4a403a45b49b7/bcutil-jdk18on-1.77.jar because:
  Build cache is disabled
  Caching not enabled.
Caching disabled for MergeInstrumentationAnalysisTransform: /home/runner/.gradle/caches/8.11.1/transforms/686cef3399c037f8bdf1ca1f82349176/transformed/analysis/instrumentation-hierarchy.bin because:
  Build cache is disabled
  Caching not enabled.
Caching disabled for MergeInstrumentationAnalysisTransform: /home/runner/.gradle/caches/8.11.1/transforms/686cef3399c037f8bdf1ca1f82349176/transformed/analysis/instrumentation-dependencies.bin because:
  Build cache is disabled
  Caching not enabled.
Caching disabled for MergeInstrumentationAnalysisTransform: /home/runner/.gradle/caches/8.11.1/transforms/528b0b7e0c5f0d736157e1aaa3555b8e/transformed/analysis/instrumentation-hierarchy.bin because:
  Build cache is disabled
  Caching not enabled.
Caching disabled for MergeInstrumentationAnalysisTransform: /home/runner/.gradle/caches/8.11.1/transforms/528b0b7e0c5f0d736157e1aaa3555b8e/transformed/analysis/instrumentation-dependencies.bin because:
  Build cache is disabled
  Caching not enabled.
Caching disabled for MergeInstrumentationAnalysisTransform: /home/runner/.gradle/caches/modules-2/files-2.1/org.apache.commons/commons-compress/1.21/4ec95b60d4e86b5c95a0e919cb172a0af98011ef/commons-compress-1.21.jar because:
  Build cache is disabled
  Caching not enabled.
Caching disabled for MergeInstrumentationAnalysisTransform: /home/runner/.gradle/caches/modules-2/files-2.1/org.apache.httpcomponents/httpclient/4.5.14/1194890e6f56ec29177673f2f12d0b8e627dec98/httpclient-4.5.14.jar because:
  Build cache is disabled
  Caching not enabled.
Transforming commons-compress-1.21.jar (org.apache.commons:commons-compress:1.21) with ExternalDependencyInstrumentingArtifactTransform
Caching disabled for ExternalDependencyInstrumentingArtifactTransform: /home/runner/.gradle/caches/8.11.1/transforms/5d5ff9225de66870c2c79a2c7d694758/transformed/merge/instrumentation-dependencies.bin because:
  Build cache is disabled
  Caching not enabled.
Transforming httpclient-4.5.14.jar (org.apache.httpcomponents:httpclient:4.5.14) with ExternalDependencyInstrumentingArtifactTransform
Caching disabled for ExternalDependencyInstrumentingArtifactTransform: /home/runner/.gradle/caches/8.11.1/transforms/ef481ec37487287e3988b3e146b7b1cd/transformed/merge/instrumentation-dependencies.bin because:
  Build cache is disabled
  Caching not enabled.
Caching disabled for ExternalDependencyInstrumentingArtifactTransform: /home/runner/.gradle/caches/modules-2/files-2.1/com.google.guava/guava/32.0.1-jre/6e5d51a72d142f2d40a57dfb897188b36a95b489/guava-32.0.1-jre.jar because:
  Build cache is disabled
  Caching not enabled.
Caching disabled for MergeInstrumentationAnalysisTransform: /home/runner/.gradle/caches/8.11.1/transforms/ab1fad55b0319298648f24bbf49f3e2d/transformed/analysis/instrumentation-hierarchy.bin because:
  Build cache is disabled
  Caching not enabled.
Caching disabled for MergeInstrumentationAnalysisTransform: /home/runner/.gradle/caches/8.11.1/transforms/ab1fad55b0319298648f24bbf49f3e2d/transformed/analysis/instrumentation-dependencies.bin because:
  Build cache is disabled
  Caching not enabled.
Caching disabled for MergeInstrumentationAnalysisTransform: /home/runner/.gradle/caches/modules-2/files-2.1/org.apache.httpcomponents/httpcore/4.4.16/51cf043c87253c9f58b539c9f7e44c8894223850/httpcore-4.4.16.jar because:
  Build cache is disabled
  Caching not enabled.
Transforming httpcore-4.4.16.jar (org.apache.httpcomponents:httpcore:4.4.16) with ExternalDependencyInstrumentingArtifactTransform
Caching disabled for ExternalDependencyInstrumentingArtifactTransform: /home/runner/.gradle/caches/8.11.1/transforms/b6b2cd93025947ac97bf0dd08727f1ec/transformed/merge/instrumentation-dependencies.bin because:
  Build cache is disabled
  Caching not enabled.
Caching disabled for ExternalDependencyInstrumentingArtifactTransform: /home/runner/.gradle/caches/modules-2/files-2.1/org.apache.httpcomponents/httpclient/4.5.14/1194890e6f56ec29177673f2f12d0b8e627dec98/httpclient-4.5.14.jar because:
  Build cache is disabled
  Caching not enabled.
Caching disabled for MergeInstrumentationAnalysisTransform: /home/runner/.gradle/caches/8.11.1/transforms/94cbda9b53819bc2a636b0f4e18af1d5/transformed/analysis/instrumentation-hierarchy.bin because:
  Build cache is disabled
  Caching not enabled.
Caching disabled for ExternalDependencyInstrumentingArtifactTransform: /home/runner/.gradle/caches/modules-2/files-2.1/org.apache.commons/commons-compress/1.21/4ec95b60d4e86b5c95a0e919cb172a0af98011ef/commons-compress-1.21.jar because:
  Build cache is disabled
  Caching not enabled.
Caching disabled for MergeInstrumentationAnalysisTransform: /home/runner/.gradle/caches/8.11.1/transforms/1cfa4c5c1a26548efefbea007521ef91/transformed/analysis/instrumentation-hierarchy.bin because:
  Build cache is disabled
  Caching not enabled.
Caching disabled for MergeInstrumentationAnalysisTransform: /home/runner/.gradle/caches/8.11.1/transforms/94cbda9b53819bc2a636b0f4e18af1d5/transformed/analysis/instrumentation-dependencies.bin because:
  Build cache is disabled
  Caching not enabled.
Caching disabled for MergeInstrumentationAnalysisTransform: /home/runner/.gradle/caches/8.11.1/transforms/1cfa4c5c1a26548efefbea007521ef91/transformed/analysis/instrumentation-dependencies.bin because:
  Build cache is disabled
  Caching not enabled.
Caching disabled for MergeInstrumentationAnalysisTransform: /home/runner/.gradle/caches/modules-2/files-2.1/com.sun.activation/javax.activation/1.2.0/bf744c1e2776ed1de3c55c8dac1057ec331ef744/javax.activation-1.2.0.jar because:
  Build cache is disabled
  Caching not enabled.
Caching disabled for MergeInstrumentationAnalysisTransform: /home/runner/.gradle/caches/modules-2/files-2.1/com.android/signflinger/8.7.3/13f035dd8e7e470ff8f3216a0b46333187f26df5/signflinger-8.7.3.jar because:
  Build cache is disabled
  Caching not enabled.
Transforming javax.activation-1.2.0.jar (com.sun.activation:javax.activation:1.2.0) with ExternalDependencyInstrumentingArtifactTransform
Caching disabled for ExternalDependencyInstrumentingArtifactTransform: /home/runner/.gradle/caches/8.11.1/transforms/4bdf6f1438234f11b9113cfa07bd49c8/transformed/merge/instrumentation-dependencies.bin because:
  Build cache is disabled
  Caching not enabled.
Transforming signflinger-8.7.3.jar (com.android:signflinger:8.7.3) with ExternalDependencyInstrumentingArtifactTransform
Caching disabled for ExternalDependencyInstrumentingArtifactTransform: /home/runner/.gradle/caches/8.11.1/transforms/1c94f96aff64100184e4e1191980b830/transformed/merge/instrumentation-dependencies.bin because:
  Build cache is disabled
  Caching not enabled.
Caching disabled for ExternalDependencyInstrumentingArtifactTransform: /home/runner/.gradle/caches/modules-2/files-2.1/org.apache.httpcomponents/httpcore/4.4.16/51cf043c87253c9f58b539c9f7e44c8894223850/httpcore-4.4.16.jar because:
  Build cache is disabled
  Caching not enabled.
Caching disabled for MergeInstrumentationAnalysisTransform: /home/runner/.gradle/caches/8.11.1/transforms/60256c131b54c954c2b6e06ccb725edf/transformed/analysis/instrumentation-hierarchy.bin because:
  Build cache is disabled
  Caching not enabled.
Caching disabled for MergeInstrumentationAnalysisTransform: /home/runner/.gradle/caches/8.11.1/transforms/60256c131b54c954c2b6e06ccb725edf/transformed/analysis/instrumentation-dependencies.bin because:
  Build cache is disabled
  Caching not enabled.
Caching disabled for MergeInstrumentationAnalysisTransform: /home/runner/.gradle/caches/modules-2/files-2.1/com.android/zipflinger/8.7.3/de8e3267995699af356740cf562cbedb485f5763/zipflinger-8.7.3.jar because:
  Build cache is disabled
  Caching not enabled.
Transforming zipflinger-8.7.3.jar (com.android:zipflinger:8.7.3) with ExternalDependencyInstrumentingArtifactTransform
Caching disabled for ExternalDependencyInstrumentingArtifactTransform: /home/runner/.gradle/caches/8.11.1/transforms/01ed27d86c667302a7d8c8c325e3e4e8/transformed/merge/instrumentation-dependencies.bin because:
  Build cache is disabled
  Caching not enabled.
Caching disabled for ExternalDependencyInstrumentingArtifactTransform: /home/runner/.gradle/caches/modules-2/files-2.1/com.sun.activation/javax.activation/1.2.0/bf744c1e2776ed1de3c55c8dac1057ec331ef744/javax.activation-1.2.0.jar because:
  Build cache is disabled
  Caching not enabled.
Caching disabled for ExternalDependencyInstrumentingArtifactTransform: /home/runner/.gradle/caches/modules-2/files-2.1/com.android/signflinger/8.7.3/13f035dd8e7e470ff8f3216a0b46333187f26df5/signflinger-8.7.3.jar because:
  Build cache is disabled
  Caching not enabled.
Caching disabled for ExternalDependencyInstrumentingArtifactTransform: /home/runner/.gradle/caches/modules-2/files-2.1/com.android/zipflinger/8.7.3/de8e3267995699af356740cf562cbedb485f5763/zipflinger-8.7.3.jar because:
  Build cache is disabled
  Caching not enabled.
Caching disabled for MergeInstrumentationAnalysisTransform: /home/runner/.gradle/caches/8.11.1/transforms/8ebe2c480144d04c356d3c33cf4b7dd1/transformed/analysis/instrumentation-dependencies.bin because:
  Build cache is disabled
  Caching not enabled.
Caching disabled for MergeInstrumentationAnalysisTransform: /home/runner/.gradle/caches/8.11.1/transforms/24a50ce240ed87a9c70a448693ddc5db/transformed/analysis/instrumentation-hierarchy.bin because:
  Build cache is disabled
  Caching not enabled.
Caching disabled for MergeInstrumentationAnalysisTransform: /home/runner/.gradle/caches/8.11.1/transforms/6e215852818cd4357048c3e2b493a66f/transformed/analysis/instrumentation-hierarchy.bin because:
  Build cache is disabled
  Caching not enabled.
Caching disabled for MergeInstrumentationAnalysisTransform: /home/runner/.gradle/caches/modules-2/files-2.1/com.android.tools/annotations/31.7.3/1946e7f75bc1615b4abfc0f83899934dfcbdf1fc/annotations-31.7.3.jar because:
  Build cache is disabled
  Caching not enabled.
Caching disabled for MergeInstrumentationAnalysisTransform: /home/runner/.gradle/caches/8.11.1/transforms/24a50ce240ed87a9c70a448693ddc5db/transformed/analysis/instrumentation-dependencies.bin because:
  Build cache is disabled
  Caching not enabled.
Caching disabled for MergeInstrumentationAnalysisTransform: /home/runner/.gradle/caches/8.11.1/transforms/6e215852818cd4357048c3e2b493a66f/transformed/analysis/instrumentation-dependencies.bin because:
  Build cache is disabled
  Caching not enabled.
Transforming annotations-31.7.3.jar (com.android.tools:annotations:31.7.3) with ExternalDependencyInstrumentingArtifactTransform
Caching disabled for ExternalDependencyInstrumentingArtifactTransform: /home/runner/.gradle/caches/8.11.1/transforms/db9e1126aa1c086ad1f2af4867bde523/transformed/merge/instrumentation-dependencies.bin because:
  Build cache is disabled
  Caching not enabled.
Caching disabled for MergeInstrumentationAnalysisTransform: /home/runner/.gradle/caches/modules-2/files-2.1/net.java.dev.jna/jna-platform/5.6.0/d18424ffb8bbfd036d71bcaab9b546858f2ef986/jna-platform-5.6.0.jar because:
  Build cache is disabled
  Caching not enabled.
Caching disabled for MergeInstrumentationAnalysisTransform: /home/runner/.gradle/caches/modules-2/files-2.1/com.googlecode.juniversalchardet/juniversalchardet/1.0.3/cd49678784c46aa8789c060538e0154013bb421b/juniversalchardet-1.0.3.jar because:
  Build cache is disabled
  Caching not enabled.
Transforming jna-platform-5.6.0.jar (net.java.dev.jna:jna-platform:5.6.0) with ExternalDependencyInstrumentingArtifactTransform
Caching disabled for ExternalDependencyInstrumentingArtifactTransform: /home/runner/.gradle/caches/8.11.1/transforms/cef673ba0a8954aa4af530106d477b95/transformed/merge/instrumentation-dependencies.bin because:
  Build cache is disabled
  Caching not enabled.
Transforming juniversalchardet-1.0.3.jar (com.googlecode.juniversalchardet:juniversalchardet:1.0.3) with ExternalDependencyInstrumentingArtifactTransform
Caching disabled for ExternalDependencyInstrumentingArtifactTransform: /home/runner/.gradle/caches/8.11.1/transforms/c8b32314d0dbfd36177fd6d67432f52b/transformed/merge/instrumentation-dependencies.bin because:
  Build cache is disabled
  Caching not enabled.
Caching disabled for ExternalDependencyInstrumentingArtifactTransform: /home/runner/.gradle/caches/modules-2/files-2.1/com.android.tools/annotations/31.7.3/1946e7f75bc1615b4abfc0f83899934dfcbdf1fc/annotations-31.7.3.jar because:
  Build cache is disabled
  Caching not enabled.
Caching disabled for MergeInstrumentationAnalysisTransform: /home/runner/.gradle/caches/8.11.1/transforms/aee390cd6e625227a3cce553385b5a84/transformed/analysis/instrumentation-dependencies.bin because:
  Build cache is disabled
  Caching not enabled.
Caching disabled for MergeInstrumentationAnalysisTransform: /home/runner/.gradle/caches/modules-2/files-2.1/javax.annotation/javax.annotation-api/1.3.2/934c04d3cfef185a8008e7bf34331b79730a9d43/javax.annotation-api-1.3.2.jar because:
  Build cache is disabled
  Caching not enabled.
Transforming javax.annotation-api-1.3.2.jar (javax.annotation:javax.annotation-api:1.3.2) with ExternalDependencyInstrumentingArtifactTransform
Caching disabled for ExternalDependencyInstrumentingArtifactTransform: /home/runner/.gradle/caches/8.11.1/transforms/5ea4a7f779dd7bb3e855f33f58642833/transformed/merge/instrumentation-dependencies.bin because:
  Build cache is disabled
  Caching not enabled.
Caching disabled for ExternalDependencyInstrumentingArtifactTransform: /home/runner/.gradle/caches/modules-2/files-2.1/javax.annotation/javax.annotation-api/1.3.2/934c04d3cfef185a8008e7bf34331b79730a9d43/javax.annotation-api-1.3.2.jar because:
  Build cache is disabled
  Caching not enabled.
Caching disabled for MergeInstrumentationAnalysisTransform: /home/runner/.gradle/caches/8.11.1/transforms/8c6c65feada3d8607290dfa09461768d/transformed/analysis/instrumentation-hierarchy.bin because:
  Build cache is disabled
  Caching not enabled.
Caching disabled for MergeInstrumentationAnalysisTransform: /home/runner/.gradle/caches/8.11.1/transforms/8c6c65feada3d8607290dfa09461768d/transformed/analysis/instrumentation-dependencies.bin because:
  Build cache is disabled
  Caching not enabled.
Caching disabled for MergeInstrumentationAnalysisTransform: /home/runner/.gradle/caches/modules-2/files-2.1/org.jvnet.staxex/stax-ex/1.8.1/78011e483a21102fb4858f3e8f269a677e50aa23/stax-ex-1.8.1.jar because:
  Build cache is disabled
  Caching not enabled.
Transforming stax-ex-1.8.1.jar (org.jvnet.staxex:stax-ex:1.8.1) with ExternalDependencyInstrumentingArtifactTransform
Caching disabled for ExternalDependencyInstrumentingArtifactTransform: /home/runner/.gradle/caches/8.11.1/transforms/09bee484e6a876f390facb2f044c301f/transformed/merge/instrumentation-dependencies.bin because:
  Build cache is disabled
  Caching not enabled.
Caching disabled for ExternalDependencyInstrumentingArtifactTransform: /home/runner/.gradle/caches/modules-2/files-2.1/com.googlecode.juniversalchardet/juniversalchardet/1.0.3/cd49678784c46aa8789c060538e0154013bb421b/juniversalchardet-1.0.3.jar because:
  Build cache is disabled
  Caching not enabled.
Caching disabled for MergeInstrumentationAnalysisTransform: /home/runner/.gradle/caches/8.11.1/transforms/eec776cf6041d922ddf53b0725907a93/transformed/analysis/instrumentation-hierarchy.bin because:
  Build cache is disabled
  Caching not enabled.
Caching disabled for MergeInstrumentationAnalysisTransform: /home/runner/.gradle/caches/8.11.1/transforms/eec776cf6041d922ddf53b0725907a93/transformed/analysis/instrumentation-dependencies.bin because:
  Build cache is disabled
  Caching not enabled.
Caching disabled for ExternalDependencyInstrumentingArtifactTransform: /home/runner/.gradle/caches/modules-2/files-2.1/org.jvnet.staxex/stax-ex/1.8.1/78011e483a21102fb4858f3e8f269a677e50aa23/stax-ex-1.8.1.jar because:
  Build cache is disabled
  Caching not enabled.
Caching disabled for MergeInstrumentationAnalysisTransform: /home/runner/.gradle/caches/8.11.1/transforms/82bdc092ccd7982c1f14769fd7f90d16/transformed/analysis/instrumentation-hierarchy.bin because:
  Build cache is disabled
  Caching not enabled.
Caching disabled for MergeInstrumentationAnalysisTransform: /home/runner/.gradle/caches/modules-2/files-2.1/jakarta.xml.bind/jakarta.xml.bind-api/2.3.2/8d49996a4338670764d7ca4b85a1c4ccf7fe665d/jakarta.xml.bind-api-2.3.2.jar because:
  Build cache is disabled
  Caching not enabled.
Caching disabled for MergeInstrumentationAnalysisTransform: /home/runner/.gradle/caches/8.11.1/transforms/82bdc092ccd7982c1f14769fd7f90d16/transformed/analysis/instrumentation-dependencies.bin because:
  Build cache is disabled
  Caching not enabled.
Transforming jakarta.xml.bind-api-2.3.2.jar (jakarta.xml.bind:jakarta.xml.bind-api:2.3.2) with ExternalDependencyInstrumentingArtifactTransform
Caching disabled for ExternalDependencyInstrumentingArtifactTransform: /home/runner/.gradle/caches/8.11.1/transforms/3c9f3a506ad19ec12490e4ddd1ebc2ab/transformed/merge/instrumentation-dependencies.bin because:
  Build cache is disabled
  Caching not enabled.
Caching disabled for MergeInstrumentationAnalysisTransform: /home/runner/.gradle/caches/modules-2/files-2.1/org.glassfish.jaxb/txw2/2.3.2/ce5be7da2e442c25ec14c766cb60cb802741727b/txw2-2.3.2.jar because:
  Build cache is disabled
  Caching not enabled.
Transforming txw2-2.3.2.jar (org.glassfish.jaxb:txw2:2.3.2) with ExternalDependencyInstrumentingArtifactTransform
Caching disabled for ExternalDependencyInstrumentingArtifactTransform: /home/runner/.gradle/caches/8.11.1/transforms/17193e278409bcac0718668153dda598/transformed/merge/instrumentation-dependencies.bin because:
  Build cache is disabled
  Caching not enabled.
Caching disabled for ExternalDependencyInstrumentingArtifactTransform: /home/runner/.gradle/caches/modules-2/files-2.1/jakarta.xml.bind/jakarta.xml.bind-api/2.3.2/8d49996a4338670764d7ca4b85a1c4ccf7fe665d/jakarta.xml.bind-api-2.3.2.jar because:
  Build cache is disabled
  Caching not enabled.
Caching disabled for MergeInstrumentationAnalysisTransform: /home/runner/.gradle/caches/8.11.1/transforms/fe4f9c9dca93364ec30b50e6dda7f3d7/transformed/analysis/instrumentation-hierarchy.bin because:
  Build cache is disabled
  Caching not enabled.
Caching disabled for MergeInstrumentationAnalysisTransform: /home/runner/.gradle/caches/8.11.1/transforms/fe4f9c9dca93364ec30b50e6dda7f3d7/transformed/analysis/instrumentation-dependencies.bin because:
  Build cache is disabled
  Caching not enabled.
Caching disabled for MergeInstrumentationAnalysisTransform: /home/runner/.gradle/caches/modules-2/files-2.1/com.sun.istack/istack-commons-runtime/3.0.8/d6a97364045aa6b99bf2d3c566a3f98599c2d296/istack-commons-runtime-3.0.8.jar because:
  Build cache is disabled
  Caching not enabled.
Transforming istack-commons-runtime-3.0.8.jar (com.sun.istack:istack-commons-runtime:3.0.8) with ExternalDependencyInstrumentingArtifactTransform
Caching disabled for ExternalDependencyInstrumentingArtifactTransform: /home/runner/.gradle/caches/8.11.1/transforms/9d9136c7cf093633ea71fa986ee8e6a1/transformed/merge/instrumentation-dependencies.bin because:
  Build cache is disabled
  Caching not enabled.
Caching disabled for ExternalDependencyInstrumentingArtifactTransform: /home/runner/.gradle/caches/modules-2/files-2.1/com.sun.istack/istack-commons-runtime/3.0.8/d6a97364045aa6b99bf2d3c566a3f98599c2d296/istack-commons-runtime-3.0.8.jar because:
  Build cache is disabled
  Caching not enabled.
Caching disabled for ExternalDependencyInstrumentingArtifactTransform: /home/runner/.gradle/caches/modules-2/files-2.1/org.glassfish.jaxb/txw2/2.3.2/ce5be7da2e442c25ec14c766cb60cb802741727b/txw2-2.3.2.jar because:
  Build cache is disabled
  Caching not enabled.
Caching disabled for MergeInstrumentationAnalysisTransform: /home/runner/.gradle/caches/8.11.1/transforms/48dcc3736078f5644b024d35d4bb595a/transformed/analysis/instrumentation-hierarchy.bin because:
  Build cache is disabled
  Caching not enabled.
Caching disabled for MergeInstrumentationAnalysisTransform: /home/runner/.gradle/caches/8.11.1/transforms/2a2952ca0856864fe98037fc5d5c8b70/transformed/analysis/instrumentation-hierarchy.bin because:
  Build cache is disabled
  Caching not enabled.
Caching disabled for MergeInstrumentationAnalysisTransform: /home/runner/.gradle/caches/8.11.1/transforms/48dcc3736078f5644b024d35d4bb595a/transformed/analysis/instrumentation-dependencies.bin because:
  Build cache is disabled
  Caching not enabled.
Caching disabled for MergeInstrumentationAnalysisTransform: /home/runner/.gradle/caches/8.11.1/transforms/2a2952ca0856864fe98037fc5d5c8b70/transformed/analysis/instrumentation-dependencies.bin because:
  Build cache is disabled
  Caching not enabled.
Caching disabled for MergeInstrumentationAnalysisTransform: /home/runner/.gradle/caches/modules-2/files-2.1/jakarta.activation/jakarta.activation-api/1.2.1/562a587face36ec7eff2db7f2fc95425c6602bc1/jakarta.activation-api-1.2.1.jar because:
  Build cache is disabled
  Caching not enabled.
Transforming jakarta.activation-api-1.2.1.jar (jakarta.activation:jakarta.activation-api:1.2.1) with ExternalDependencyInstrumentingArtifactTransform
Caching disabled for ExternalDependencyInstrumentingArtifactTransform: /home/runner/.gradle/caches/8.11.1/transforms/9fad1518415a64a7d83bb9612c631c1a/transformed/merge/instrumentation-dependencies.bin because:
  Build cache is disabled
  Caching not enabled.
Caching disabled for MergeInstrumentationAnalysisTransform: /home/runner/.gradle/caches/modules-2/files-2.1/com.sun.xml.fastinfoset/FastInfoset/1.2.16/4eb6a0adad553bf759ffe86927df6f3b848c8bea/FastInfoset-1.2.16.jar because:
  Build cache is disabled
  Caching not enabled.
Caching disabled for ExternalDependencyInstrumentingArtifactTransform: /home/runner/.gradle/caches/modules-2/files-2.1/jakarta.activation/jakarta.activation-api/1.2.1/562a587face36ec7eff2db7f2fc95425c6602bc1/jakarta.activation-api-1.2.1.jar because:
  Build cache is disabled
  Caching not enabled.
Transforming FastInfoset-1.2.16.jar (com.sun.xml.fastinfoset:FastInfoset:1.2.16) with ExternalDependencyInstrumentingArtifactTransform
Caching disabled for ExternalDependencyInstrumentingArtifactTransform: /home/runner/.gradle/caches/8.11.1/transforms/0ff1e05d8492e9a0beb125f6f8bc5d21/transformed/merge/instrumentation-dependencies.bin because:
  Build cache is disabled
  Caching not enabled.
Caching disabled for MergeInstrumentationAnalysisTransform: /home/runner/.gradle/caches/8.11.1/transforms/3a0e7411470e2a90bf24358953a318b4/transformed/analysis/instrumentation-dependencies.bin because:
  Build cache is disabled
  Caching not enabled.
Caching disabled for MergeInstrumentationAnalysisTransform: /home/runner/.gradle/caches/modules-2/files-2.1/com.google.auto.value/auto-value-annotations/1.6.2/ed193d86e0af90cc2342aedbe73c5d86b03fa09b/auto-value-annotations-1.6.2.jar because:
  Build cache is disabled
  Caching not enabled.
Transforming auto-value-annotations-1.6.2.jar (com.google.auto.value:auto-value-annotations:1.6.2) with ExternalDependencyInstrumentingArtifactTransform
Caching disabled for ExternalDependencyInstrumentingArtifactTransform: /home/runner/.gradle/caches/8.11.1/transforms/2a6886a1d909bc0e802fcde4b6fcfc99/transformed/merge/instrumentation-dependencies.bin because:
  Build cache is disabled
  Caching not enabled.
Caching disabled for ExternalDependencyInstrumentingArtifactTransform: /home/runner/.gradle/caches/modules-2/files-2.1/com.google.auto.value/auto-value-annotations/1.6.2/ed193d86e0af90cc2342aedbe73c5d86b03fa09b/auto-value-annotations-1.6.2.jar because:
  Build cache is disabled
  Caching not enabled.
Caching disabled for MergeInstrumentationAnalysisTransform: /home/runner/.gradle/caches/8.11.1/transforms/3981cff03937e2e3037d7d5cdc9411f6/transformed/analysis/instrumentation-dependencies.bin because:
  Build cache is disabled
  Caching not enabled.
Caching disabled for MergeInstrumentationAnalysisTransform: /home/runner/.gradle/caches/modules-2/files-2.1/com.google.errorprone/error_prone_annotations/2.18.0/89b684257096f548fa39a7df9fdaa409d4d4df91/error_prone_annotations-2.18.0.jar because:
  Build cache is disabled
  Caching not enabled.
Transforming error_prone_annotations-2.18.0.jar (com.google.errorprone:error_prone_annotations:2.18.0) with ExternalDependencyInstrumentingArtifactTransform
Caching disabled for ExternalDependencyInstrumentingArtifactTransform: /home/runner/.gradle/caches/8.11.1/transforms/670517dfc83ea7c7933c2e4a85fc693a/transformed/merge/instrumentation-dependencies.bin because:
  Build cache is disabled
  Caching not enabled.
Caching disabled for ExternalDependencyInstrumentingArtifactTransform: /home/runner/.gradle/caches/modules-2/files-2.1/com.google.errorprone/error_prone_annotations/2.18.0/89b684257096f548fa39a7df9fdaa409d4d4df91/error_prone_annotations-2.18.0.jar because:
  Build cache is disabled
  Caching not enabled.
Caching disabled for MergeInstrumentationAnalysisTransform: /home/runner/.gradle/caches/8.11.1/transforms/108c78551205ed5acf4373105f9956da/transformed/analysis/instrumentation-hierarchy.bin because:
  Build cache is disabled
  Caching not enabled.
Caching disabled for MergeInstrumentationAnalysisTransform: /home/runner/.gradle/caches/8.11.1/transforms/108c78551205ed5acf4373105f9956da/transformed/analysis/instrumentation-dependencies.bin because:
  Build cache is disabled
  Caching not enabled.
Caching disabled for MergeInstrumentationAnalysisTransform: /home/runner/.gradle/caches/modules-2/files-2.1/org.bitbucket.b_c/jose4j/0.9.5/e4ca26802488e6f16e24558d74ac8775a955fdd3/jose4j-0.9.5.jar because:
  Build cache is disabled
  Caching not enabled.
Transforming jose4j-0.9.5.jar (org.bitbucket.b_c:jose4j:0.9.5) with ExternalDependencyInstrumentingArtifactTransform
Caching disabled for ExternalDependencyInstrumentingArtifactTransform: /home/runner/.gradle/caches/8.11.1/transforms/443e9f2868b9eaeff6083da3e800e553/transformed/merge/instrumentation-dependencies.bin because:
  Build cache is disabled
  Caching not enabled.
Caching disabled for ExternalDependencyInstrumentingArtifactTransform: /home/runner/.gradle/caches/modules-2/files-2.1/net.java.dev.jna/jna-platform/5.6.0/d18424ffb8bbfd036d71bcaab9b546858f2ef986/jna-platform-5.6.0.jar because:
  Build cache is disabled
  Caching not enabled.
Caching disabled for MergeInstrumentationAnalysisTransform: /home/runner/.gradle/caches/8.11.1/transforms/76f19ea149a395498b3b159df24a88f3/transformed/analysis/instrumentation-hierarchy.bin because:
  Build cache is disabled
  Caching not enabled.
Caching disabled for MergeInstrumentationAnalysisTransform: /home/runner/.gradle/caches/8.11.1/transforms/76f19ea149a395498b3b159df24a88f3/transformed/analysis/instrumentation-dependencies.bin because:
  Build cache is disabled
  Caching not enabled.
Caching disabled for MergeInstrumentationAnalysisTransform: /home/runner/.gradle/caches/modules-2/files-2.1/org.slf4j/slf4j-api/1.7.30/b5a4b6d16ab13e34a88fae84c35cd5d68cac922c/slf4j-api-1.7.30.jar because:
  Build cache is disabled
  Caching not enabled.
Transforming slf4j-api-1.7.30.jar (org.slf4j:slf4j-api:1.7.30) with ExternalDependencyInstrumentingArtifactTransform
Caching disabled for ExternalDependencyInstrumentingArtifactTransform: /home/runner/.gradle/caches/8.11.1/transforms/932a4262b2af5c6e5ca7adc227e4445b/transformed/merge/instrumentation-dependencies.bin because:
  Build cache is disabled
  Caching not enabled.
Caching disabled for ExternalDependencyInstrumentingArtifactTransform: /home/runner/.gradle/caches/modules-2/files-2.1/org.slf4j/slf4j-api/1.7.30/b5a4b6d16ab13e34a88fae84c35cd5d68cac922c/slf4j-api-1.7.30.jar because:
  Build cache is disabled
  Caching not enabled.
Caching disabled for MergeInstrumentationAnalysisTransform: /home/runner/.gradle/caches/8.11.1/transforms/d72484417f5fceef9f91ea52de4abbfe/transformed/analysis/instrumentation-hierarchy.bin because:
  Build cache is disabled
  Caching not enabled.
Caching disabled for MergeInstrumentationAnalysisTransform: /home/runner/.gradle/caches/8.11.1/transforms/d72484417f5fceef9f91ea52de4abbfe/transformed/analysis/instrumentation-dependencies.bin because:
  Build cache is disabled
  Caching not enabled.
Caching disabled for ExternalDependencyInstrumentingArtifactTransform: /home/runner/.gradle/caches/modules-2/files-2.1/org.bitbucket.b_c/jose4j/0.9.5/e4ca26802488e6f16e24558d74ac8775a955fdd3/jose4j-0.9.5.jar because:
  Build cache is disabled
  Caching not enabled.
Caching disabled for MergeInstrumentationAnalysisTransform: /home/runner/.gradle/caches/modules-2/files-2.1/org.jdom/jdom2/2.0.6/6f14738ec2e9dd0011e343717fa624a10f8aab64/jdom2-2.0.6.jar because:
  Build cache is disabled
  Caching not enabled.
Transforming jdom2-2.0.6.jar (org.jdom:jdom2:2.0.6) with ExternalDependencyInstrumentingArtifactTransform
Caching disabled for MergeInstrumentationAnalysisTransform: /home/runner/.gradle/caches/8.11.1/transforms/8936c4344c296167aac66400cac033e5/transformed/analysis/instrumentation-hierarchy.bin because:
  Build cache is disabled
  Caching not enabled.
Caching disabled for ExternalDependencyInstrumentingArtifactTransform: /home/runner/.gradle/caches/8.11.1/transforms/9c35a27c860e6957aacd5303914a515d/transformed/merge/instrumentation-dependencies.bin because:
  Build cache is disabled
  Caching not enabled.
Caching disabled for ExternalDependencyInstrumentingArtifactTransform: /home/runner/.gradle/caches/modules-2/files-2.1/com.sun.xml.fastinfoset/FastInfoset/1.2.16/4eb6a0adad553bf759ffe86927df6f3b848c8bea/FastInfoset-1.2.16.jar because:
  Build cache is disabled
  Caching not enabled.
Caching disabled for MergeInstrumentationAnalysisTransform: /home/runner/.gradle/caches/8.11.1/transforms/8936c4344c296167aac66400cac033e5/transformed/analysis/instrumentation-dependencies.bin because:
  Build cache is disabled
  Caching not enabled.
Caching disabled for MergeInstrumentationAnalysisTransform: /home/runner/.gradle/caches/8.11.1/transforms/c04a0e3a1af7d636af16bef9b86f3855/transformed/analysis/instrumentation-dependencies.bin because:
  Build cache is disabled
  Caching not enabled.
Caching disabled for MergeInstrumentationAnalysisTransform: /home/runner/.gradle/caches/modules-2/files-2.1/com.google.code.findbugs/jsr305/3.0.2/25ea2e8b0c338a877313bd4672d3fe056ea78f0d/jsr305-3.0.2.jar because:
  Build cache is disabled
  Caching not enabled.
Caching disabled for MergeInstrumentationAnalysisTransform: /home/runner/.gradle/caches/modules-2/files-2.1/com.google.j2objc/j2objc-annotations/2.8/c85270e307e7b822f1086b93689124b89768e273/j2objc-annotations-2.8.jar because:
  Build cache is disabled
  Caching not enabled.
Transforming jsr305-3.0.2.jar (com.google.code.findbugs:jsr305:3.0.2) with ExternalDependencyInstrumentingArtifactTransform
Caching disabled for ExternalDependencyInstrumentingArtifactTransform: /home/runner/.gradle/caches/8.11.1/transforms/dca2110818d9496d3cf549e5f99bcadb/transformed/merge/instrumentation-dependencies.bin because:
  Build cache is disabled
  Caching not enabled.
Transforming j2objc-annotations-2.8.jar (com.google.j2objc:j2objc-annotations:2.8) with ExternalDependencyInstrumentingArtifactTransform
Caching disabled for ExternalDependencyInstrumentingArtifactTransform: /home/runner/.gradle/caches/8.11.1/transforms/2aeac3bb7b055dc116fe1c97ae85e628/transformed/merge/instrumentation-dependencies.bin because:
  Build cache is disabled
  Caching not enabled.
Caching disabled for ExternalDependencyInstrumentingArtifactTransform: /home/runner/.gradle/caches/modules-2/files-2.1/com.google.j2objc/j2objc-annotations/2.8/c85270e307e7b822f1086b93689124b89768e273/j2objc-annotations-2.8.jar because:
  Build cache is disabled
  Caching not enabled.
Caching disabled for ExternalDependencyInstrumentingArtifactTransform: /home/runner/.gradle/caches/modules-2/files-2.1/com.google.code.findbugs/jsr305/3.0.2/25ea2e8b0c338a877313bd4672d3fe056ea78f0d/jsr305-3.0.2.jar because:
  Build cache is disabled
  Caching not enabled.
Caching disabled for MergeInstrumentationAnalysisTransform: /home/runner/.gradle/caches/8.11.1/transforms/0372c5a64e10d4203eb70acfaf9cd5a9/transformed/analysis/instrumentation-dependencies.bin because:
  Build cache is disabled
  Caching not enabled.
Caching disabled for MergeInstrumentationAnalysisTransform: /home/runner/.gradle/caches/8.11.1/transforms/dd1296b9e7ae856c2ac2a82b918c58c0/transformed/analysis/instrumentation-dependencies.bin because:
  Build cache is disabled
  Caching not enabled.
Caching disabled for MergeInstrumentationAnalysisTransform: /home/runner/.gradle/caches/modules-2/files-2.1/com.google.android/annotations/4.1.1.4/a1678ba907bf92691d879fef34e1a187038f9259/annotations-4.1.1.4.jar because:
  Build cache is disabled
  Caching not enabled.
Transforming annotations-4.1.1.4.jar (com.google.android:annotations:4.1.1.4) with ExternalDependencyInstrumentingArtifactTransform
Caching disabled for ExternalDependencyInstrumentingArtifactTransform: /home/runner/.gradle/caches/8.11.1/transforms/3dbbdc1b2a8b4f008cb3816a22bc81b0/transformed/merge/instrumentation-dependencies.bin because:
  Build cache is disabled
  Caching not enabled.
Caching disabled for MergeInstrumentationAnalysisTransform: /home/runner/.gradle/caches/modules-2/files-2.1/org.codehaus.mojo/animal-sniffer-annotations/1.23/3c0daebd5f0e1ce72cc50c818321ac957aeb5d70/animal-sniffer-annotations-1.23.jar because:
  Build cache is disabled
  Caching not enabled.
Caching disabled for ExternalDependencyInstrumentingArtifactTransform: /home/runner/.gradle/caches/modules-2/files-2.1/com.google.android/annotations/4.1.1.4/a1678ba907bf92691d879fef34e1a187038f9259/annotations-4.1.1.4.jar because:
  Build cache is disabled
  Caching not enabled.
Transforming animal-sniffer-annotations-1.23.jar (org.codehaus.mojo:animal-sniffer-annotations:1.23) with ExternalDependencyInstrumentingArtifactTransform
Caching disabled for ExternalDependencyInstrumentingArtifactTransform: /home/runner/.gradle/caches/8.11.1/transforms/735c665824db10419dc8b01f74d928a2/transformed/merge/instrumentation-dependencies.bin because:
  Build cache is disabled
  Caching not enabled.
Caching disabled for MergeInstrumentationAnalysisTransform: /home/runner/.gradle/caches/8.11.1/transforms/6ec46b819c6cd974a54e012b00e77590/transformed/analysis/instrumentation-hierarchy.bin because:
  Build cache is disabled
  Caching not enabled.
Caching disabled for MergeInstrumentationAnalysisTransform: /home/runner/.gradle/caches/8.11.1/transforms/6ec46b819c6cd974a54e012b00e77590/transformed/analysis/instrumentation-dependencies.bin because:
  Build cache is disabled
  Caching not enabled.
Caching disabled for ExternalDependencyInstrumentingArtifactTransform: /home/runner/.gradle/caches/modules-2/files-2.1/org.codehaus.mojo/animal-sniffer-annotations/1.23/3c0daebd5f0e1ce72cc50c818321ac957aeb5d70/animal-sniffer-annotations-1.23.jar because:
  Build cache is disabled
  Caching not enabled.
Caching disabled for ExternalDependencyInstrumentingArtifactTransform: /home/runner/.gradle/caches/modules-2/files-2.1/org.jdom/jdom2/2.0.6/6f14738ec2e9dd0011e343717fa624a10f8aab64/jdom2-2.0.6.jar because:
  Build cache is disabled
  Caching not enabled.
Caching disabled for MergeInstrumentationAnalysisTransform: /home/runner/.gradle/caches/8.11.1/transforms/4fadb4e921a68eccaf64d21642ec883b/transformed/analysis/instrumentation-hierarchy.bin because:
  Build cache is disabled
  Caching not enabled.
Caching disabled for MergeInstrumentationAnalysisTransform: /home/runner/.gradle/caches/modules-2/files-2.1/io.perfmark/perfmark-api/0.26.0/ef65452adaf20bf7d12ef55913aba24037b82738/perfmark-api-0.26.0.jar because:
  Build cache is disabled
  Caching not enabled.
Caching disabled for MergeInstrumentationAnalysisTransform: /home/runner/.gradle/caches/8.11.1/transforms/5ac03169785782b47165b5e3a4cab77c/transformed/analysis/instrumentation-hierarchy.bin because:
  Build cache is disabled
  Caching not enabled.
Transforming perfmark-api-0.26.0.jar (io.perfmark:perfmark-api:0.26.0) with ExternalDependencyInstrumentingArtifactTransform
Caching disabled for ExternalDependencyInstrumentingArtifactTransform: /home/runner/.gradle/caches/8.11.1/transforms/facd463cfd54250da0862d3d3a20fdf9/transformed/merge/instrumentation-dependencies.bin because:
  Build cache is disabled
  Caching not enabled.
Caching disabled for MergeInstrumentationAnalysisTransform: /home/runner/.gradle/caches/8.11.1/transforms/5ac03169785782b47165b5e3a4cab77c/transformed/analysis/instrumentation-dependencies.bin because:
  Build cache is disabled
  Caching not enabled.
Caching disabled for MergeInstrumentationAnalysisTransform: /home/runner/.gradle/caches/8.11.1/transforms/4fadb4e921a68eccaf64d21642ec883b/transformed/analysis/instrumentation-dependencies.bin because:
  Build cache is disabled
  Caching not enabled.
Caching disabled for MergeInstrumentationAnalysisTransform: /home/runner/.gradle/caches/modules-2/files-2.1/io.netty/netty-handler-proxy/4.1.93.Final/c165c1efe1b9c0cc22546a057b530611a088768b/netty-handler-proxy-4.1.93.Final.jar because:
  Build cache is disabled
  Caching not enabled.
Caching disabled for MergeInstrumentationAnalysisTransform: /home/runner/.gradle/caches/modules-2/files-2.1/io.netty/netty-codec-http2/4.1.93.Final/f1625b43bde13ec057da0d2fe381ded2547a70e/netty-codec-http2-4.1.93.Final.jar because:
  Build cache is disabled
  Caching not enabled.
Caching disabled for ExternalDependencyInstrumentingArtifactTransform: /home/runner/.gradle/caches/modules-2/files-2.1/io.perfmark/perfmark-api/0.26.0/ef65452adaf20bf7d12ef55913aba24037b82738/perfmark-api-0.26.0.jar because:
  Build cache is disabled
  Caching not enabled.
Transforming netty-codec-http2-4.1.93.Final.jar (io.netty:netty-codec-http2:4.1.93.Final) with ExternalDependencyInstrumentingArtifactTransform
Caching disabled for ExternalDependencyInstrumentingArtifactTransform: /home/runner/.gradle/caches/8.11.1/transforms/b27f9c6872f75479698327891da43165/transformed/merge/instrumentation-dependencies.bin because:
  Build cache is disabled
  Caching not enabled.
Transforming netty-handler-proxy-4.1.93.Final.jar (io.netty:netty-handler-proxy:4.1.93.Final) with ExternalDependencyInstrumentingArtifactTransform
Caching disabled for ExternalDependencyInstrumentingArtifactTransform: /home/runner/.gradle/caches/8.11.1/transforms/2b4890c1147610a806ce2a2d14a51d6e/transformed/merge/instrumentation-dependencies.bin because:
  Build cache is disabled
  Caching not enabled.
Caching disabled for MergeInstrumentationAnalysisTransform: /home/runner/.gradle/caches/8.11.1/transforms/da8b7f20fc9f042ef196d7ff23ecd3ea/transformed/analysis/instrumentation-hierarchy.bin because:
  Build cache is disabled
  Caching not enabled.
Caching disabled for MergeInstrumentationAnalysisTransform: /home/runner/.gradle/caches/8.11.1/transforms/da8b7f20fc9f042ef196d7ff23ecd3ea/transformed/analysis/instrumentation-dependencies.bin because:
  Build cache is disabled
  Caching not enabled.
Caching disabled for ExternalDependencyInstrumentingArtifactTransform: /home/runner/.gradle/caches/modules-2/files-2.1/io.netty/netty-handler-proxy/4.1.93.Final/c165c1efe1b9c0cc22546a057b530611a088768b/netty-handler-proxy-4.1.93.Final.jar because:
  Build cache is disabled
  Caching not enabled.
Caching disabled for MergeInstrumentationAnalysisTransform: /home/runner/.gradle/caches/8.11.1/transforms/0b6bfb9f2e26b6a48c1af203835f4551/transformed/analysis/instrumentation-hierarchy.bin because:
  Build cache is disabled
  Caching not enabled.
Caching disabled for MergeInstrumentationAnalysisTransform: /home/runner/.gradle/caches/modules-2/files-2.1/io.netty/netty-codec-http/4.1.93.Final/36acf0c94d03eb6ecef78a749a32cbb7dc0c57b4/netty-codec-http-4.1.93.Final.jar because:
  Build cache is disabled
  Caching not enabled.
Caching disabled for MergeInstrumentationAnalysisTransform: /home/runner/.gradle/caches/8.11.1/transforms/0b6bfb9f2e26b6a48c1af203835f4551/transformed/analysis/instrumentation-dependencies.bin because:
  Build cache is disabled
  Caching not enabled.
Transforming netty-codec-http-4.1.93.Final.jar (io.netty:netty-codec-http:4.1.93.Final) with ExternalDependencyInstrumentingArtifactTransform
Caching disabled for ExternalDependencyInstrumentingArtifactTransform: /home/runner/.gradle/caches/8.11.1/transforms/481aafa73e8d6d03ad5c7403d43c8371/transformed/merge/instrumentation-dependencies.bin because:
  Build cache is disabled
  Caching not enabled.
Caching disabled for MergeInstrumentationAnalysisTransform: /home/runner/.gradle/caches/modules-2/files-2.1/io.netty/netty-handler/4.1.93.Final/10f7ed9d8e1bfcba416074c70e5388be96116bfc/netty-handler-4.1.93.Final.jar because:
  Build cache is disabled
  Caching not enabled.
Transforming netty-handler-4.1.93.Final.jar (io.netty:netty-handler:4.1.93.Final) with ExternalDependencyInstrumentingArtifactTransform
Caching disabled for ExternalDependencyInstrumentingArtifactTransform: /home/runner/.gradle/caches/8.11.1/transforms/720d48b8f490c97ed6e49d0322305962/transformed/merge/instrumentation-dependencies.bin because:
  Build cache is disabled
  Caching not enabled.
Caching disabled for ExternalDependencyInstrumentingArtifactTransform: /home/runner/.gradle/caches/modules-2/files-2.1/io.netty/netty-codec-http2/4.1.93.Final/f1625b43bde13ec057da0d2fe381ded2547a70e/netty-codec-http2-4.1.93.Final.jar because:
  Build cache is disabled
  Caching not enabled.
Caching disabled for MergeInstrumentationAnalysisTransform: /home/runner/.gradle/caches/8.11.1/transforms/aaa0697f671074aff9aa546f5fffd6de/transformed/analysis/instrumentation-hierarchy.bin because:
  Build cache is disabled
  Caching not enabled.
Caching disabled for MergeInstrumentationAnalysisTransform: /home/runner/.gradle/caches/8.11.1/transforms/aaa0697f671074aff9aa546f5fffd6de/transformed/analysis/instrumentation-dependencies.bin because:
  Build cache is disabled
  Caching not enabled.
Caching disabled for MergeInstrumentationAnalysisTransform: /home/runner/.gradle/caches/modules-2/files-2.1/io.netty/netty-transport-native-unix-common/4.1.93.Final/f4fb8b4c8da539091f43abcbb9f0389e48807eea/netty-transport-native-unix-common-4.1.93.Final.jar because:
  Build cache is disabled
  Caching not enabled.
Transforming netty-transport-native-unix-common-4.1.93.Final.jar (io.netty:netty-transport-native-unix-common:4.1.93.Final) with ExternalDependencyInstrumentingArtifactTransform
Caching disabled for ExternalDependencyInstrumentingArtifactTransform: /home/runner/.gradle/caches/8.11.1/transforms/140e374a33e11fc1b6c4bac5039332e4/transformed/merge/instrumentation-dependencies.bin because:
  Build cache is disabled
  Caching not enabled.
Caching disabled for ExternalDependencyInstrumentingArtifactTransform: /home/runner/.gradle/caches/modules-2/files-2.1/io.netty/netty-transport-native-unix-common/4.1.93.Final/f4fb8b4c8da539091f43abcbb9f0389e48807eea/netty-transport-native-unix-common-4.1.93.Final.jar because:
  Build cache is disabled
  Caching not enabled.
Caching disabled for MergeInstrumentationAnalysisTransform: /home/runner/.gradle/caches/8.11.1/transforms/add3c2e5147d560835f289a8e414bb78/transformed/analysis/instrumentation-dependencies.bin because:
  Build cache is disabled
  Caching not enabled.
Caching disabled for MergeInstrumentationAnalysisTransform: /home/runner/.gradle/caches/modules-2/files-2.1/org.checkerframework/checker-qual/3.33.0/de2b60b62da487644fc11f734e73c8b0b431238f/checker-qual-3.33.0.jar because:
  Build cache is disabled
  Caching not enabled.
Transforming checker-qual-3.33.0.jar (org.checkerframework:checker-qual:3.33.0) with ExternalDependencyInstrumentingArtifactTransform
Caching disabled for ExternalDependencyInstrumentingArtifactTransform: /home/runner/.gradle/caches/8.11.1/transforms/638d3ef16236a54a9197a276bb3ec8fe/transformed/merge/instrumentation-dependencies.bin because:
  Build cache is disabled
  Caching not enabled.
Caching disabled for ExternalDependencyInstrumentingArtifactTransform: /home/runner/.gradle/caches/modules-2/files-2.1/io.netty/netty-handler/4.1.93.Final/10f7ed9d8e1bfcba416074c70e5388be96116bfc/netty-handler-4.1.93.Final.jar because:
  Build cache is disabled
  Caching not enabled.
Caching disabled for ExternalDependencyInstrumentingArtifactTransform: /home/runner/.gradle/caches/modules-2/files-2.1/org.bouncycastle/bcprov-jdk18on/1.77/2cc971b6c20949c1ff98d1a4bc741ee848a09523/bcprov-jdk18on-1.77.jar because:
  Build cache is disabled
  Caching not enabled.
Caching disabled for MergeInstrumentationAnalysisTransform: /home/runner/.gradle/caches/8.11.1/transforms/9cf8ec92576fc63fe3ec5d3fe3a3105e/transformed/analysis/instrumentation-hierarchy.bin because:
  Build cache is disabled
  Caching not enabled.
Caching disabled for MergeInstrumentationAnalysisTransform: /home/runner/.gradle/caches/8.11.1/transforms/9cf8ec92576fc63fe3ec5d3fe3a3105e/transformed/analysis/instrumentation-dependencies.bin because:
  Build cache is disabled
  Caching not enabled.
Caching disabled for ExternalDependencyInstrumentingArtifactTransform: /home/runner/.gradle/caches/modules-2/files-2.1/org.checkerframework/checker-qual/3.33.0/de2b60b62da487644fc11f734e73c8b0b431238f/checker-qual-3.33.0.jar because:
  Build cache is disabled
  Caching not enabled.
Caching disabled for MergeInstrumentationAnalysisTransform: /home/runner/.gradle/caches/modules-2/files-2.1/commons-codec/commons-codec/1.11/3acb4705652e16236558f0f4f2192cc33c3bd189/commons-codec-1.11.jar because:
  Build cache is disabled
  Caching not enabled.
Caching disabled for MergeInstrumentationAnalysisTransform: /home/runner/.gradle/caches/8.11.1/transforms/813a8fb3a0f505c3f55bf0f503dc7020/transformed/analysis/instrumentation-hierarchy.bin because:
  Build cache is disabled
  Caching not enabled.
Caching disabled for MergeInstrumentationAnalysisTransform: /home/runner/.gradle/caches/8.11.1/transforms/813a8fb3a0f505c3f55bf0f503dc7020/transformed/analysis/instrumentation-dependencies.bin because:
  Build cache is disabled
  Caching not enabled.
Transforming commons-codec-1.11.jar (commons-codec:commons-codec:1.11) with ExternalDependencyInstrumentingArtifactTransform
Caching disabled for ExternalDependencyInstrumentingArtifactTransform: /home/runner/.gradle/caches/8.11.1/transforms/c75526f25ed2e1992d9012fb8f1dc7bd/transformed/merge/instrumentation-dependencies.bin because:
  Build cache is disabled
  Caching not enabled.
Caching disabled for MergeInstrumentationAnalysisTransform: /home/runner/.gradle/caches/8.11.1/transforms/651c78d224563e7086fc3cf84e7d4da2/transformed/analysis/instrumentation-hierarchy.bin because:
  Build cache is disabled
  Caching not enabled.
Caching disabled for MergeInstrumentationAnalysisTransform: /home/runner/.gradle/caches/8.11.1/transforms/651c78d224563e7086fc3cf84e7d4da2/transformed/analysis/instrumentation-dependencies.bin because:
  Build cache is disabled
  Caching not enabled.
Caching disabled for MergeInstrumentationAnalysisTransform: /home/runner/.gradle/caches/modules-2/files-2.1/com.android.tools.build/apksig/8.7.3/f005788487574c7d6ba23dea63bf8cb3a4f164a6/apksig-8.7.3.jar because:
  Build cache is disabled
  Caching not enabled.
Transforming apksig-8.7.3.jar (com.android.tools.build:apksig:8.7.3) with ExternalDependencyInstrumentingArtifactTransform
Caching disabled for ExternalDependencyInstrumentingArtifactTransform: /home/runner/.gradle/caches/8.11.1/transforms/3092e07cd16a53477a8524ac59c676ea/transformed/merge/instrumentation-dependencies.bin because:
  Build cache is disabled
  Caching not enabled.
Caching disabled for MergeInstrumentationAnalysisTransform: /home/runner/.gradle/caches/modules-2/files-2.1/com.squareup/javawriter/2.5.0/81241ff7078ef14f42ea2a8995fa09c096256e6b/javawriter-2.5.0.jar because:
  Build cache is disabled
  Caching not enabled.
Transforming javawriter-2.5.0.jar (com.squareup:javawriter:2.5.0) with ExternalDependencyInstrumentingArtifactTransform
Caching disabled for ExternalDependencyInstrumentingArtifactTransform: /home/runner/.gradle/caches/modules-2/files-2.1/io.netty/netty-codec-http/4.1.93.Final/36acf0c94d03eb6ecef78a749a32cbb7dc0c57b4/netty-codec-http-4.1.93.Final.jar because:
  Build cache is disabled
  Caching not enabled.
Caching disabled for ExternalDependencyInstrumentingArtifactTransform: /home/runner/.gradle/caches/8.11.1/transforms/94800f61af566639ecb6aefb3252265d/transformed/merge/instrumentation-dependencies.bin because:
  Build cache is disabled
  Caching not enabled.
Caching disabled for MergeInstrumentationAnalysisTransform: /home/runner/.gradle/caches/8.11.1/transforms/e3a9922a4186a5c199460c16d9e69a4e/transformed/analysis/instrumentation-dependencies.bin because:
  Build cache is disabled
  Caching not enabled.
Caching disabled for ExternalDependencyInstrumentingArtifactTransform: /home/runner/.gradle/caches/modules-2/files-2.1/commons-codec/commons-codec/1.11/3acb4705652e16236558f0f4f2192cc33c3bd189/commons-codec-1.11.jar because:
  Build cache is disabled
  Caching not enabled.
Caching disabled for MergeInstrumentationAnalysisTransform: /home/runner/.gradle/caches/8.11.1/transforms/ebc3620cf3a9390665bde0af412d0eab/transformed/analysis/instrumentation-hierarchy.bin because:
  Build cache is disabled
  Caching not enabled.
Caching disabled for ExternalDependencyInstrumentingArtifactTransform: /home/runner/.gradle/caches/modules-2/files-2.1/com.squareup/javawriter/2.5.0/81241ff7078ef14f42ea2a8995fa09c096256e6b/javawriter-2.5.0.jar because:
  Build cache is disabled
  Caching not enabled.
Caching disabled for MergeInstrumentationAnalysisTransform: /home/runner/.gradle/caches/modules-2/files-2.1/org.jetbrains.kotlin/kotlin-gradle-plugin-annotations/2.1.0/9b36b3d02a0937d7d5c867a2273b016213131980/kotlin-gradle-plugin-annotations-2.1.0.jar because:
  Build cache is disabled
  Caching not enabled.
Caching disabled for MergeInstrumentationAnalysisTransform: /home/runner/.gradle/caches/8.11.1/transforms/ebc3620cf3a9390665bde0af412d0eab/transformed/analysis/instrumentation-dependencies.bin because:
  Build cache is disabled
  Caching not enabled.
Caching disabled for MergeInstrumentationAnalysisTransform: /home/runner/.gradle/caches/8.11.1/transforms/161f6553c9ca2826f8c5306ad12cfd9e/transformed/analysis/instrumentation-hierarchy.bin because:
  Build cache is disabled
  Caching not enabled.
Transforming kotlin-gradle-plugin-annotations-2.1.0.jar (org.jetbrains.kotlin:kotlin-gradle-plugin-annotations:2.1.0) with ExternalDependencyInstrumentingArtifactTransform
Caching disabled for ExternalDependencyInstrumentingArtifactTransform: /home/runner/.gradle/caches/8.11.1/transforms/bc8ce8ab30dbdf0b84286f8d28bbe873/transformed/merge/instrumentation-dependencies.bin because:
  Build cache is disabled
  Caching not enabled.
Caching disabled for MergeInstrumentationAnalysisTransform: /home/runner/.gradle/caches/8.11.1/transforms/161f6553c9ca2826f8c5306ad12cfd9e/transformed/analysis/instrumentation-dependencies.bin because:
  Build cache is disabled
  Caching not enabled.
Caching disabled for MergeInstrumentationAnalysisTransform: /home/runner/.gradle/caches/modules-2/files-2.1/org.jetbrains.kotlin/kotlin-native-utils/2.1.0/c6a595c651eb234dd66ac91ca045c52622ac80d6/kotlin-native-utils-2.1.0.jar because:
  Build cache is disabled
  Caching not enabled.
Transforming kotlin-native-utils-2.1.0.jar (org.jetbrains.kotlin:kotlin-native-utils:2.1.0) with ExternalDependencyInstrumentingArtifactTransform
Caching disabled for ExternalDependencyInstrumentingArtifactTransform: /home/runner/.gradle/caches/8.11.1/transforms/7dc30f750ae8a3658fd31f07b4099408/transformed/merge/instrumentation-dependencies.bin because:
  Build cache is disabled
  Caching not enabled.
Caching disabled for MergeInstrumentationAnalysisTransform: /home/runner/.gradle/caches/modules-2/files-2.1/org.jetbrains.kotlin/kotlin-tooling-core/2.1.0/9055094879c715b1c39945150156f2e876ae7438/kotlin-tooling-core-2.1.0.jar because:
  Build cache is disabled
  Caching not enabled.
Transforming kotlin-tooling-core-2.1.0.jar (org.jetbrains.kotlin:kotlin-tooling-core:2.1.0) with ExternalDependencyInstrumentingArtifactTransform
Caching disabled for ExternalDependencyInstrumentingArtifactTransform: /home/runner/.gradle/caches/modules-2/files-2.1/org.jetbrains.kotlin/kotlin-gradle-plugin-annotations/2.1.0/9b36b3d02a0937d7d5c867a2273b016213131980/kotlin-gradle-plugin-annotations-2.1.0.jar because:
  Build cache is disabled
  Caching not enabled.
Caching disabled for ExternalDependencyInstrumentingArtifactTransform: /home/runner/.gradle/caches/8.11.1/transforms/734aa5a8dcafbf8cee33dfbf75ee5415/transformed/merge/instrumentation-dependencies.bin because:
  Build cache is disabled
  Caching not enabled.
Caching disabled for MergeInstrumentationAnalysisTransform: /home/runner/.gradle/caches/8.11.1/transforms/4913e72f0c3c0c5b16a056b061113615/transformed/analysis/instrumentation-hierarchy.bin because:
  Build cache is disabled
  Caching not enabled.
Caching disabled for MergeInstrumentationAnalysisTransform: /home/runner/.gradle/caches/8.11.1/transforms/4913e72f0c3c0c5b16a056b061113615/transformed/analysis/instrumentation-dependencies.bin because:
  Build cache is disabled
  Caching not enabled.
Caching disabled for ExternalDependencyInstrumentingArtifactTransform: /home/runner/.gradle/caches/modules-2/files-2.1/com.android.tools.build/apksig/8.7.3/f005788487574c7d6ba23dea63bf8cb3a4f164a6/apksig-8.7.3.jar because:
  Build cache is disabled
  Caching not enabled.
Caching disabled for MergeInstrumentationAnalysisTransform: /home/runner/.gradle/caches/modules-2/files-2.1/org.jetbrains.kotlin/kotlin-build-tools-api/2.1.0/e6c176cdaeb5ce3751c120eb1dfd84e5cc64d369/kotlin-build-tools-api-2.1.0.jar because:
  Build cache is disabled
  Caching not enabled.
Caching disabled for MergeInstrumentationAnalysisTransform: /home/runner/.gradle/caches/8.11.1/transforms/56da643f1a55b6890e94011edf96d90d/transformed/analysis/instrumentation-hierarchy.bin because:
  Build cache is disabled
  Caching not enabled.
Caching disabled for ExternalDependencyInstrumentingArtifactTransform: /home/runner/.gradle/caches/modules-2/files-2.1/org.jetbrains.kotlin/kotlin-tooling-core/2.1.0/9055094879c715b1c39945150156f2e876ae7438/kotlin-tooling-core-2.1.0.jar because:
  Build cache is disabled
  Caching not enabled.
Transforming kotlin-build-tools-api-2.1.0.jar (org.jetbrains.kotlin:kotlin-build-tools-api:2.1.0) with ExternalDependencyInstrumentingArtifactTransform
Caching disabled for ExternalDependencyInstrumentingArtifactTransform: /home/runner/.gradle/caches/8.11.1/transforms/00c9f2c84a661e316f9a28ecd16fcea6/transformed/merge/instrumentation-dependencies.bin because:
  Build cache is disabled
  Caching not enabled.
Caching disabled for MergeInstrumentationAnalysisTransform: /home/runner/.gradle/caches/8.11.1/transforms/76229d2441421b3c0c62e42d88892e73/transformed/analysis/instrumentation-hierarchy.bin because:
  Build cache is disabled
  Caching not enabled.
Caching disabled for MergeInstrumentationAnalysisTransform: /home/runner/.gradle/caches/8.11.1/transforms/76229d2441421b3c0c62e42d88892e73/transformed/analysis/instrumentation-dependencies.bin because:
  Build cache is disabled
  Caching not enabled.
Caching disabled for ExternalDependencyInstrumentingArtifactTransform: /home/runner/.gradle/caches/modules-2/files-2.1/org.jetbrains.kotlin/kotlin-build-tools-api/2.1.0/e6c176cdaeb5ce3751c120eb1dfd84e5cc64d369/kotlin-build-tools-api-2.1.0.jar because:
  Build cache is disabled
  Caching not enabled.
Caching disabled for MergeInstrumentationAnalysisTransform: /home/runner/.gradle/caches/modules-2/files-2.1/org.jetbrains.kotlin/kotlin-util-io/2.1.0/839c53030115a83c56ce47e0fc0c4a39c001e0c3/kotlin-util-io-2.1.0.jar because:
  Build cache is disabled
  Caching not enabled.
Caching disabled for MergeInstrumentationAnalysisTransform: /home/runner/.gradle/caches/8.11.1/transforms/545c0f31962814160316b4d2eb8f33df/transformed/analysis/instrumentation-hierarchy.bin because:
  Build cache is disabled
  Caching not enabled.
Transforming kotlin-util-io-2.1.0.jar (org.jetbrains.kotlin:kotlin-util-io:2.1.0) with ExternalDependencyInstrumentingArtifactTransform
Caching disabled for ExternalDependencyInstrumentingArtifactTransform: /home/runner/.gradle/caches/8.11.1/transforms/8f00c19afe583f3710aa8bd4934bbe24/transformed/merge/instrumentation-dependencies.bin because:
  Build cache is disabled
  Caching not enabled.
Caching disabled for MergeInstrumentationAnalysisTransform: /home/runner/.gradle/caches/8.11.1/transforms/545c0f31962814160316b4d2eb8f33df/transformed/analysis/instrumentation-dependencies.bin because:
  Build cache is disabled
  Caching not enabled.
Caching disabled for MergeInstrumentationAnalysisTransform: /home/runner/.gradle/caches/8.11.1/transforms/56da643f1a55b6890e94011edf96d90d/transformed/analysis/instrumentation-dependencies.bin because:
  Build cache is disabled
  Caching not enabled.
Caching disabled for ExternalDependencyInstrumentingArtifactTransform: /home/runner/.gradle/caches/modules-2/files-2.1/org.jetbrains.kotlin/kotlin-util-io/2.1.0/839c53030115a83c56ce47e0fc0c4a39c001e0c3/kotlin-util-io-2.1.0.jar because:
  Build cache is disabled
  Caching not enabled.
Caching disabled for ExternalDependencyInstrumentingArtifactTransform: /home/runner/.gradle/caches/modules-2/files-2.1/org.jetbrains.kotlin/kotlin-native-utils/2.1.0/c6a595c651eb234dd66ac91ca045c52622ac80d6/kotlin-native-utils-2.1.0.jar because:
  Build cache is disabled
  Caching not enabled.
Caching disabled for MergeInstrumentationAnalysisTransform: /home/runner/.gradle/caches/modules-2/files-2.1/org.jetbrains.kotlin/kotlin-daemon-client/2.1.0/2c219a5026f6c4c1188b40cb3b6bb557f16182b7/kotlin-daemon-client-2.1.0.jar because:
  Build cache is disabled
  Caching not enabled.
Caching disabled for MergeInstrumentationAnalysisTransform: /home/runner/.gradle/caches/8.11.1/transforms/6bc2070c884f3e3e545645f029cffb8e/transformed/analysis/instrumentation-hierarchy.bin because:
  Build cache is disabled
  Caching not enabled.
Caching disabled for MergeInstrumentationAnalysisTransform: /home/runner/.gradle/caches/modules-2/files-2.1/org.jetbrains.kotlin/kotlin-util-klib/2.1.0/58c52d1b79cb994b8679cd4b20770e8b48d2e550/kotlin-util-klib-2.1.0.jar because:
  Build cache is disabled
  Caching not enabled.
Transforming kotlin-daemon-client-2.1.0.jar (org.jetbrains.kotlin:kotlin-daemon-client:2.1.0) with ExternalDependencyInstrumentingArtifactTransform
Caching disabled for ExternalDependencyInstrumentingArtifactTransform: /home/runner/.gradle/caches/8.11.1/transforms/422b7415ca9e54ab54dc8c58e2ec8273/transformed/merge/instrumentation-dependencies.bin because:
  Build cache is disabled
  Caching not enabled.
Caching disabled for MergeInstrumentationAnalysisTransform: /home/runner/.gradle/caches/8.11.1/transforms/6bc2070c884f3e3e545645f029cffb8e/transformed/analysis/instrumentation-dependencies.bin because:
  Build cache is disabled
  Caching not enabled.
Caching disabled for MergeInstrumentationAnalysisTransform: /home/runner/.gradle/caches/8.11.1/transforms/0615724db5ca91f4030b7de79648363e/transformed/analysis/instrumentation-dependencies.bin because:
  Build cache is disabled
  Caching not enabled.
Transforming kotlin-util-klib-2.1.0.jar (org.jetbrains.kotlin:kotlin-util-klib:2.1.0) with ExternalDependencyInstrumentingArtifactTransform
Caching disabled for ExternalDependencyInstrumentingArtifactTransform: /home/runner/.gradle/caches/8.11.1/transforms/aabd0082d452c861189cb227739cc274/transformed/merge/instrumentation-dependencies.bin because:
  Build cache is disabled
  Caching not enabled.
Caching disabled for MergeInstrumentationAnalysisTransform: /home/runner/.gradle/caches/modules-2/files-2.1/org.jetbrains.kotlinx/kotlinx-coroutines-core-jvm/1.6.4/2c997cd1c0ef33f3e751d3831929aeff1390cb30/kotlinx-coroutines-core-jvm-1.6.4.jar because:
  Build cache is disabled
  Caching not enabled.
Caching disabled for MergeInstrumentationAnalysisTransform: /home/runner/.gradle/caches/modules-2/files-2.1/com.google.guava/failureaccess/1.0.1/1dcf1de382a0bf95a3d8b0849546c88bac1292c9/failureaccess-1.0.1.jar because:
  Build cache is disabled
  Caching not enabled.
Transforming kotlinx-coroutines-core-jvm-1.6.4.jar (org.jetbrains.kotlinx:kotlinx-coroutines-core-jvm:1.6.4) with ExternalDependencyInstrumentingArtifactTransform
Caching disabled for ExternalDependencyInstrumentingArtifactTransform: /home/runner/.gradle/caches/8.11.1/transforms/d04df7f23d535a74162c639a45505c35/transformed/merge/instrumentation-dependencies.bin because:
  Build cache is disabled
  Caching not enabled.
Transforming failureaccess-1.0.1.jar (com.google.guava:failureaccess:1.0.1) with ExternalDependencyInstrumentingArtifactTransform
Caching disabled for ExternalDependencyInstrumentingArtifactTransform: /home/runner/.gradle/caches/8.11.1/transforms/cae04bca223180984f5ff17d34d34a49/transformed/merge/instrumentation-dependencies.bin because:
  Build cache is disabled
  Caching not enabled.
Caching disabled for ExternalDependencyInstrumentingArtifactTransform: /home/runner/.gradle/caches/modules-2/files-2.1/com.google.guava/failureaccess/1.0.1/1dcf1de382a0bf95a3d8b0849546c88bac1292c9/failureaccess-1.0.1.jar because:
  Build cache is disabled
  Caching not enabled.
Caching disabled for ExternalDependencyInstrumentingArtifactTransform: /home/runner/.gradle/caches/modules-2/files-2.1/org.jetbrains.kotlin/kotlin-daemon-client/2.1.0/2c219a5026f6c4c1188b40cb3b6bb557f16182b7/kotlin-daemon-client-2.1.0.jar because:
  Build cache is disabled
  Caching not enabled.
Caching disabled for MergeInstrumentationAnalysisTransform: /home/runner/.gradle/caches/8.11.1/transforms/bf74a9e69cd8cf14543b7078fa00b40d/transformed/analysis/instrumentation-dependencies.bin because:
  Build cache is disabled
  Caching not enabled.
Caching disabled for MergeInstrumentationAnalysisTransform: /home/runner/.gradle/caches/8.11.1/transforms/f8080900c28ccfa8ea0dddfad0a9a200/transformed/analysis/instrumentation-hierarchy.bin because:
  Build cache is disabled
  Caching not enabled.
Caching disabled for MergeInstrumentationAnalysisTransform: /home/runner/.gradle/caches/modules-2/files-2.1/com.google.guava/listenablefuture/9999.0-empty-to-avoid-conflict-with-guava/b421526c5f297295adef1c886e5246c39d4ac629/listenablefuture-9999.0-empty-to-avoid-conflict-with-guava.jar because:
  Build cache is disabled
  Caching not enabled.
Caching disabled for MergeInstrumentationAnalysisTransform: /home/runner/.gradle/caches/8.11.1/transforms/f8080900c28ccfa8ea0dddfad0a9a200/transformed/analysis/instrumentation-dependencies.bin because:
  Build cache is disabled
  Caching not enabled.
Transforming listenablefuture-9999.0-empty-to-avoid-conflict-with-guava.jar (com.google.guava:listenablefuture:9999.0-empty-to-avoid-conflict-with-guava) with ExternalDependencyInstrumentingArtifactTransform
Caching disabled for ExternalDependencyInstrumentingArtifactTransform: /home/runner/.gradle/caches/8.11.1/transforms/85cf3742c817c4ceea75b22d6305966c/transformed/merge/instrumentation-dependencies.bin because:
  Build cache is disabled
  Caching not enabled.
Caching disabled for MergeInstrumentationAnalysisTransform: /home/runner/.gradle/caches/modules-2/files-2.1/commons-logging/commons-logging/1.2/4bfc12adfe4842bf07b657f0369c4cb522955686/commons-logging-1.2.jar because:
  Build cache is disabled
  Caching not enabled.
Caching disabled for ExternalDependencyInstrumentingArtifactTransform: /home/runner/.gradle/caches/modules-2/files-2.1/com.google.guava/listenablefuture/9999.0-empty-to-avoid-conflict-with-guava/b421526c5f297295adef1c886e5246c39d4ac629/listenablefuture-9999.0-empty-to-avoid-conflict-with-guava.jar because:
  Build cache is disabled
  Caching not enabled.
Transforming commons-logging-1.2.jar (commons-logging:commons-logging:1.2) with ExternalDependencyInstrumentingArtifactTransform
Caching disabled for ExternalDependencyInstrumentingArtifactTransform: /home/runner/.gradle/caches/8.11.1/transforms/064284b55bcea3db7e8f6104b0d67a1c/transformed/merge/instrumentation-dependencies.bin because:
  Build cache is disabled
  Caching not enabled.
Caching disabled for MergeInstrumentationAnalysisTransform: /home/runner/.gradle/caches/8.11.1/transforms/cb2ebcb1e47a25e5d6ce753c7826ff89/transformed/analysis/instrumentation-hierarchy.bin because:
  Build cache is disabled
  Caching not enabled.
Caching disabled for MergeInstrumentationAnalysisTransform: /home/runner/.gradle/caches/8.11.1/transforms/cb2ebcb1e47a25e5d6ce753c7826ff89/transformed/analysis/instrumentation-dependencies.bin because:
  Build cache is disabled
  Caching not enabled.
Caching disabled for MergeInstrumentationAnalysisTransform: /home/runner/.gradle/caches/modules-2/files-2.1/net.java.dev.jna/jna/5.6.0/330f2244e9030119ab3030fc3fededc86713d9cc/jna-5.6.0.jar because:
  Build cache is disabled
  Caching not enabled.
Caching disabled for ExternalDependencyInstrumentingArtifactTransform: /home/runner/.gradle/caches/modules-2/files-2.1/commons-logging/commons-logging/1.2/4bfc12adfe4842bf07b657f0369c4cb522955686/commons-logging-1.2.jar because:
  Build cache is disabled
  Caching not enabled.
Transforming jna-5.6.0.jar (net.java.dev.jna:jna:5.6.0) with ExternalDependencyInstrumentingArtifactTransform
Caching disabled for ExternalDependencyInstrumentingArtifactTransform: /home/runner/.gradle/caches/8.11.1/transforms/5944cec74c9f0f9d75e3b20693557c5c/transformed/merge/instrumentation-dependencies.bin because:
  Build cache is disabled
  Caching not enabled.
Caching disabled for MergeInstrumentationAnalysisTransform: /home/runner/.gradle/caches/8.11.1/transforms/23651920012631b0bf8a9083b33bb887/transformed/analysis/instrumentation-hierarchy.bin because:
  Build cache is disabled
  Caching not enabled.
Caching disabled for MergeInstrumentationAnalysisTransform: /home/runner/.gradle/caches/8.11.1/transforms/23651920012631b0bf8a9083b33bb887/transformed/analysis/instrumentation-dependencies.bin because:
  Build cache is disabled
  Caching not enabled.
Caching disabled for MergeInstrumentationAnalysisTransform: /home/runner/.gradle/caches/modules-2/files-2.1/io.netty/netty-codec-socks/4.1.93.Final/81ca78969afc60073e47c3b7b361cc3839392c73/netty-codec-socks-4.1.93.Final.jar because:
  Build cache is disabled
  Caching not enabled.
Transforming netty-codec-socks-4.1.93.Final.jar (io.netty:netty-codec-socks:4.1.93.Final) with ExternalDependencyInstrumentingArtifactTransform
Caching disabled for ExternalDependencyInstrumentingArtifactTransform: /home/runner/.gradle/caches/8.11.1/transforms/dd9b729f45c10ae471bb8a941f31bdfc/transformed/merge/instrumentation-dependencies.bin because:
  Build cache is disabled
  Caching not enabled.
Caching disabled for ExternalDependencyInstrumentingArtifactTransform: /home/runner/.gradle/caches/modules-2/files-2.1/net.java.dev.jna/jna/5.6.0/330f2244e9030119ab3030fc3fededc86713d9cc/jna-5.6.0.jar because:
  Build cache is disabled
  Caching not enabled.
Caching disabled for MergeInstrumentationAnalysisTransform: /home/runner/.gradle/caches/8.11.1/transforms/54ef10e144569b3643a5d1a5748fa664/transformed/analysis/instrumentation-hierarchy.bin because:
  Build cache is disabled
  Caching not enabled.
Caching disabled for ExternalDependencyInstrumentingArtifactTransform: /home/runner/.gradle/caches/modules-2/files-2.1/io.netty/netty-codec-socks/4.1.93.Final/81ca78969afc60073e47c3b7b361cc3839392c73/netty-codec-socks-4.1.93.Final.jar because:
  Build cache is disabled
  Caching not enabled.
Caching disabled for MergeInstrumentationAnalysisTransform: /home/runner/.gradle/caches/8.11.1/transforms/54ef10e144569b3643a5d1a5748fa664/transformed/analysis/instrumentation-dependencies.bin because:
  Build cache is disabled
  Caching not enabled.
Caching disabled for MergeInstrumentationAnalysisTransform: /home/runner/.gradle/caches/8.11.1/transforms/109a5dfa0b7b82d3192d65b98ad1de83/transformed/analysis/instrumentation-hierarchy.bin because:
  Build cache is disabled
  Caching not enabled.
Caching disabled for MergeInstrumentationAnalysisTransform: /home/runner/.gradle/caches/modules-2/files-2.1/io.netty/netty-codec/4.1.93.Final/503badb458b6586632be8d1f81aa4e5ab99a80fc/netty-codec-4.1.93.Final.jar because:
  Build cache is disabled
  Caching not enabled.
Transforming netty-codec-4.1.93.Final.jar (io.netty:netty-codec:4.1.93.Final) with ExternalDependencyInstrumentingArtifactTransform
Caching disabled for ExternalDependencyInstrumentingArtifactTransform: /home/runner/.gradle/caches/8.11.1/transforms/23e5d3e4345d50e25e2e970c55e43a61/transformed/merge/instrumentation-dependencies.bin because:
  Build cache is disabled
  Caching not enabled.
Caching disabled for MergeInstrumentationAnalysisTransform: /home/runner/.gradle/caches/8.11.1/transforms/109a5dfa0b7b82d3192d65b98ad1de83/transformed/analysis/instrumentation-dependencies.bin because:
  Build cache is disabled
  Caching not enabled.
Caching disabled for ExternalDependencyInstrumentingArtifactTransform: /home/runner/.gradle/caches/modules-2/files-2.1/org.jetbrains.kotlin/kotlin-util-klib/2.1.0/58c52d1b79cb994b8679cd4b20770e8b48d2e550/kotlin-util-klib-2.1.0.jar because:
  Build cache is disabled
  Caching not enabled.
Caching disabled for MergeInstrumentationAnalysisTransform: /home/runner/.gradle/caches/modules-2/files-2.1/io.netty/netty-transport/4.1.93.Final/1a0894915c8027ce83b4d6a811c4e765955efd15/netty-transport-4.1.93.Final.jar because:
  Build cache is disabled
  Caching not enabled.
Transforming netty-transport-4.1.93.Final.jar (io.netty:netty-transport:4.1.93.Final) with ExternalDependencyInstrumentingArtifactTransform
Caching disabled for ExternalDependencyInstrumentingArtifactTransform: /home/runner/.gradle/caches/8.11.1/transforms/a3245f9ae968d3821631e3ca1e2476e7/transformed/merge/instrumentation-dependencies.bin because:
  Build cache is disabled
  Caching not enabled.
Caching disabled for MergeInstrumentationAnalysisTransform: /home/runner/.gradle/caches/8.11.1/transforms/12f5ef66ddc1b7db45253e60b68c9c98/transformed/analysis/instrumentation-hierarchy.bin because:
  Build cache is disabled
  Caching not enabled.
Caching disabled for MergeInstrumentationAnalysisTransform: /home/runner/.gradle/caches/8.11.1/transforms/12f5ef66ddc1b7db45253e60b68c9c98/transformed/analysis/instrumentation-dependencies.bin because:
  Build cache is disabled
  Caching not enabled.
Caching disabled for MergeInstrumentationAnalysisTransform: /home/runner/.gradle/caches/modules-2/files-2.1/io.netty/netty-buffer/4.1.93.Final/87fac21f4ef95157866b07b48e3c707a2f13c581/netty-buffer-4.1.93.Final.jar because:
  Build cache is disabled
  Caching not enabled.
Transforming netty-buffer-4.1.93.Final.jar (io.netty:netty-buffer:4.1.93.Final) with ExternalDependencyInstrumentingArtifactTransform
Caching disabled for ExternalDependencyInstrumentingArtifactTransform: /home/runner/.gradle/caches/8.11.1/transforms/816e0be6007743ee4795344d6a279859/transformed/merge/instrumentation-dependencies.bin because:
  Build cache is disabled
  Caching not enabled.
Caching disabled for ExternalDependencyInstrumentingArtifactTransform: /home/runner/.gradle/caches/modules-2/files-2.1/org.jetbrains.kotlinx/kotlinx-coroutines-core-jvm/1.6.4/2c997cd1c0ef33f3e751d3831929aeff1390cb30/kotlinx-coroutines-core-jvm-1.6.4.jar because:
  Build cache is disabled
  Caching not enabled.
Caching disabled for MergeInstrumentationAnalysisTransform: /home/runner/.gradle/caches/8.11.1/transforms/fdeb820c45925c7eabff610662dba730/transformed/analysis/instrumentation-hierarchy.bin because:
  Build cache is disabled
  Caching not enabled.
Caching disabled for MergeInstrumentationAnalysisTransform: /home/runner/.gradle/caches/8.11.1/transforms/fdeb820c45925c7eabff610662dba730/transformed/analysis/instrumentation-dependencies.bin because:
  Build cache is disabled
  Caching not enabled.
Caching disabled for MergeInstrumentationAnalysisTransform: /home/runner/.gradle/caches/modules-2/files-2.1/io.netty/netty-resolver/4.1.93.Final/3860e99075f9e078364ed38f6d6fc8825b7a168a/netty-resolver-4.1.93.Final.jar because:
  Build cache is disabled
  Caching not enabled.
Caching disabled for ExternalDependencyInstrumentingArtifactTransform: /home/runner/.gradle/caches/modules-2/files-2.1/io.netty/netty-codec/4.1.93.Final/503badb458b6586632be8d1f81aa4e5ab99a80fc/netty-codec-4.1.93.Final.jar because:
  Build cache is disabled
  Caching not enabled.
Transforming netty-resolver-4.1.93.Final.jar (io.netty:netty-resolver:4.1.93.Final) with ExternalDependencyInstrumentingArtifactTransform
Caching disabled for ExternalDependencyInstrumentingArtifactTransform: /home/runner/.gradle/caches/8.11.1/transforms/ea113be7440b3a9c403c32638a66a341/transformed/merge/instrumentation-dependencies.bin because:
  Build cache is disabled
  Caching not enabled.
Caching disabled for MergeInstrumentationAnalysisTransform: /home/runner/.gradle/caches/8.11.1/transforms/a3039b39cd8eda7d0a94f337fe103d30/transformed/analysis/instrumentation-hierarchy.bin because:
  Build cache is disabled
  Caching not enabled.
Caching disabled for MergeInstrumentationAnalysisTransform: /home/runner/.gradle/caches/8.11.1/transforms/a3039b39cd8eda7d0a94f337fe103d30/transformed/analysis/instrumentation-dependencies.bin because:
  Build cache is disabled
  Caching not enabled.
Caching disabled for ExternalDependencyInstrumentingArtifactTransform: /home/runner/.gradle/caches/modules-2/files-2.1/io.netty/netty-resolver/4.1.93.Final/3860e99075f9e078364ed38f6d6fc8825b7a168a/netty-resolver-4.1.93.Final.jar because:
  Build cache is disabled
  Caching not enabled.
Caching disabled for MergeInstrumentationAnalysisTransform: /home/runner/.gradle/caches/modules-2/files-2.1/io.netty/netty-common/4.1.93.Final/1cfc49b91b0d3ddb30c9f7d8467e5d02ae8babdf/netty-common-4.1.93.Final.jar because:
  Build cache is disabled
  Caching not enabled.
Transforming netty-common-4.1.93.Final.jar (io.netty:netty-common:4.1.93.Final) with ExternalDependencyInstrumentingArtifactTransform
Caching disabled for ExternalDependencyInstrumentingArtifactTransform: /home/runner/.gradle/caches/8.11.1/transforms/37f5bb1ee93b338da218abba54ecf7b4/transformed/merge/instrumentation-dependencies.bin because:
  Build cache is disabled
  Caching not enabled.
Caching disabled for ExternalDependencyInstrumentingArtifactTransform: /home/runner/.gradle/caches/modules-2/files-2.1/io.netty/netty-transport/4.1.93.Final/1a0894915c8027ce83b4d6a811c4e765955efd15/netty-transport-4.1.93.Final.jar because:
  Build cache is disabled
  Caching not enabled.
Caching disabled for ExternalDependencyInstrumentingArtifactTransform: /home/runner/.gradle/caches/modules-2/files-2.1/io.netty/netty-buffer/4.1.93.Final/87fac21f4ef95157866b07b48e3c707a2f13c581/netty-buffer-4.1.93.Final.jar because:
  Build cache is disabled
  Caching not enabled.
Caching disabled for ExternalDependencyInstrumentingArtifactTransform: /home/runner/.gradle/caches/modules-2/files-2.1/io.netty/netty-common/4.1.93.Final/1cfc49b91b0d3ddb30c9f7d8467e5d02ae8babdf/netty-common-4.1.93.Final.jar because:
  Build cache is disabled
  Caching not enabled.
Caching disabled for Kotlin DSL accessors for root project 'weft-android' because:
  Build cache is disabled
Cannot use Kotlin build script compile avoidance with /home/runner/.gradle/caches/modules-2/files-2.1/org.jetbrains.kotlin/kotlin-gradle-plugin/2.1.0/43b225a353673533d9b523667983ee0276baf947/kotlin-gradle-plugin-2.1.0-gradle85.jar: class org/jetbrains/kotlin/gradle/dsl/PlatformSourceSetConventionsChecker: inline fun CheckedPlatformInfo(): compile avoidance is not supported with public inline functions
Cannot use Kotlin build script compile avoidance with /home/runner/.gradle/caches/modules-2/files-2.1/com.android.tools.build/bundletool/1.17.1/267feb0f9bcff527cdf35a3544d77ad4d3e636dd/bundletool-1.17.1.jar: class shadow/bundletool/com/android/utils/NodeCollectionHelperKt: inline fun forEach(): compile avoidance is not supported with public inline functions
Cannot use Kotlin build script compile avoidance with /home/runner/.gradle/caches/modules-2/files-2.1/org.jetbrains.kotlin/kotlin-gradle-plugin-idea-proto/2.1.0/66ae2c0c68fdb6dd8b7ee09b1599153fc6c2ab93/kotlin-gradle-plugin-idea-proto-2.1.0.jar: class org/jetbrains/kotlin/gradle/idea/proto/generated/IdeaExtrasProtoKt$Dsl: inline fun setValues(): compile avoidance is not supported with public inline functions
Cannot use Kotlin build script compile avoidance with /home/runner/.gradle/caches/modules-2/files-2.1/org.jetbrains.kotlin/kotlin-gradle-plugin-idea/2.1.0/68dc62267176b4484dcc63973f5887eca4d5ff86/kotlin-gradle-plugin-idea-2.1.0.jar: class org/jetbrains/kotlin/gradle/idea/serialize/IdeaKotlinExtrasSerializer$Companion: inline fun javaIoSerializable(): compile avoidance is not supported with public inline functions
Cannot use Kotlin build script compile avoidance with /home/runner/.gradle/caches/modules-2/files-2.1/org.jetbrains.kotlin/kotlin-tooling-core/2.1.0/9055094879c715b1c39945150156f2e876ae7438/kotlin-tooling-core-2.1.0.jar: class org/jetbrains/kotlin/tooling/core/ClosureKt: inline fun closure(): compile avoidance is not supported with public inline functions
Cannot use Kotlin build script compile avoidance with /home/runner/.gradle/caches/modules-2/files-2.1/org.jetbrains.kotlin/kotlin-util-io/2.1.0/839c53030115a83c56ce47e0fc0c4a39c001e0c3/kotlin-util-io-2.1.0.jar: class org/jetbrains/kotlin/konan/file/FileKt: inline fun use(): compile avoidance is not supported with public inline functions
Cannot use Kotlin build script compile avoidance with /home/runner/.gradle/caches/modules-2/files-2.1/org.jetbrains.kotlinx/kotlinx-coroutines-core-jvm/1.6.4/2c997cd1c0ef33f3e751d3831929aeff1390cb30/kotlinx-coroutines-core-jvm-1.6.4.jar: class kotlinx/coroutines/scheduling/CoroutineScheduler: inline fun availableCpuPermits(): compile avoidance is not supported with public inline functions
Caching disabled for Kotlin DSL script compilation (Project/TopLevel/stage2) because:
  Build cache is disabled

> Configure project :sample-app
Evaluating project ':sample-app' using build file '/home/runner/work/Weft/Weft/android/sample-app/build.gradle.kts'.
Caching disabled for Kotlin DSL script compilation (Project/TopLevel/stage1) because:
  Build cache is disabled
Using default execution profile
Using Kotlin Gradle Plugin gradle85 variant
Caching disabled for Kotlin DSL accessors for project ':sample-app' because:
  Build cache is disabled
Caching disabled for Kotlin DSL script compilation (Project/TopLevel/stage2) because:
  Build cache is disabled
Detected Android Gradle Plugin compose compiler configuration
Detected Android Gradle Plugin compose compiler configuration
Detected Android Gradle Plugin compose compiler configuration
Detected Android Gradle Plugin compose compiler configuration
Detected Android Gradle Plugin compose compiler configuration

> Configure project :weft-bom
Evaluating project ':weft-bom' using build file '/home/runner/work/Weft/Weft/android/weft-bom/build.gradle.kts'.
Caching disabled for Kotlin DSL script compilation (Project/TopLevel/stage1) because:
  Build cache is disabled
Caching disabled for Kotlin DSL accessors for project ':weft-bom' because:
  Build cache is disabled
Caching disabled for Kotlin DSL script compilation (Project/TopLevel/stage2) because:
  Build cache is disabled

> Configure project :weft-compose
Evaluating project ':weft-compose' using build file '/home/runner/work/Weft/Weft/android/weft-compose/build.gradle.kts'.
Caching disabled for Kotlin DSL script compilation (Project/TopLevel/stage1) because:
  Build cache is disabled
Using default execution profile
Using Kotlin Gradle Plugin gradle85 variant
Caching disabled for Kotlin DSL accessors for project ':weft-compose' because:
  Build cache is disabled
Caching disabled for Kotlin DSL script compilation (Project/TopLevel/stage2) because:
  Build cache is disabled
Detected Android Gradle Plugin compose compiler configuration
Detected Android Gradle Plugin compose compiler configuration
Detected Android Gradle Plugin compose compiler configuration
Detected Android Gradle Plugin compose compiler configuration
Detected Android Gradle Plugin compose compiler configuration

> Configure project :weft-core
Evaluating project ':weft-core' using build file '/home/runner/work/Weft/Weft/android/weft-core/build.gradle.kts'.
Caching disabled for Kotlin DSL script compilation (Project/TopLevel/stage1) because:
  Build cache is disabled
Using default execution profile
Using Kotlin Gradle Plugin gradle85 variant
Caching disabled for Kotlin DSL accessors for project ':weft-core' because:
  Build cache is disabled
Caching disabled for Kotlin DSL script compilation (Project/TopLevel/stage2) because:
  Build cache is disabled
C/C++: android.ndkVersion from module build.gradle is [27.0.12077973]
C/C++: android.ndkPath from module build.gradle is not set
C/C++: ndk.dir in local.properties is not set
C/C++: Not considering ANDROID_NDK_HOME because support was removed after deprecation period.
C/C++: sdkFolder is /usr/local/lib/android/sdk
C/C++: android.ndkVersion from module build.gradle is [27.0.12077973]
C/C++: android.ndkPath from module build.gradle is not set
C/C++: ndk.dir in local.properties is not set
C/C++: Not considering ANDROID_NDK_HOME because support was removed after deprecation period.
C/C++: sdkFolder is /usr/local/lib/android/sdk
C/C++: android.ndkVersion from module build.gradle is [27.0.12077973]
C/C++: android.ndkPath from module build.gradle is not set
C/C++: ndk.dir in local.properties is not set
C/C++: Not considering ANDROID_NDK_HOME because support was removed after deprecation period.
C/C++: sdkFolder is /usr/local/lib/android/sdk
C/C++: android.ndkVersion from module build.gradle is [27.0.12077973]
C/C++: android.ndkPath from module build.gradle is not set
C/C++: ndk.dir in local.properties is not set
C/C++: Not considering ANDROID_NDK_HOME because support was removed after deprecation period.
C/C++: sdkFolder is /usr/local/lib/android/sdk
C/C++: android.ndkVersion from module build.gradle is [27.0.12077973]
C/C++: android.ndkPath from module build.gradle is not set
C/C++: ndk.dir in local.properties is not set
C/C++: Not considering ANDROID_NDK_HOME because support was removed after deprecation period.
C/C++: sdkFolder is /usr/local/lib/android/sdk
C/C++: android.ndkVersion from module build.gradle is [27.0.12077973]
C/C++: android.ndkPath from module build.gradle is not set
C/C++: ndk.dir in local.properties is not set
C/C++: Not considering ANDROID_NDK_HOME because support was removed after deprecation period.
C/C++: sdkFolder is /usr/local/lib/android/sdk
C/C++: android.ndkVersion from module build.gradle is [27.0.12077973]
C/C++: android.ndkPath from module build.gradle is not set
C/C++: ndk.dir in local.properties is not set
C/C++: Not considering ANDROID_NDK_HOME because support was removed after deprecation period.
C/C++: sdkFolder is /usr/local/lib/android/sdk
C/C++: android.ndkVersion from module build.gradle is [27.0.12077973]
C/C++: android.ndkPath from module build.gradle is not set
C/C++: ndk.dir in local.properties is not set
C/C++: Not considering ANDROID_NDK_HOME because support was removed after deprecation period.
C/C++: sdkFolder is /usr/local/lib/android/sdk
C/C++: android.ndkVersion from module build.gradle is [27.0.12077973]
C/C++: android.ndkPath from module build.gradle is not set
C/C++: ndk.dir in local.properties is not set
C/C++: Not considering ANDROID_NDK_HOME because support was removed after deprecation period.
C/C++: sdkFolder is /usr/local/lib/android/sdk
C/C++: android.ndkVersion from module build.gradle is [27.0.12077973]
C/C++: android.ndkPath from module build.gradle is not set
C/C++: ndk.dir in local.properties is not set
C/C++: Not considering ANDROID_NDK_HOME because support was removed after deprecation period.
C/C++: sdkFolder is /usr/local/lib/android/sdk
C/C++: android.ndkVersion from module build.gradle is [27.0.12077973]
C/C++: android.ndkPath from module build.gradle is not set
C/C++: ndk.dir in local.properties is not set
C/C++: Not considering ANDROID_NDK_HOME because support was removed after deprecation period.
C/C++: sdkFolder is /usr/local/lib/android/sdk
C/C++: android.ndkVersion from module build.gradle is [27.0.12077973]
C/C++: android.ndkPath from module build.gradle is not set
C/C++: ndk.dir in local.properties is not set
C/C++: Not considering ANDROID_NDK_HOME because support was removed after deprecation period.
C/C++: sdkFolder is /usr/local/lib/android/sdk
C/C++: android.ndkVersion from module build.gradle is [27.0.12077973]
C/C++: android.ndkPath from module build.gradle is not set
C/C++: ndk.dir in local.properties is not set
C/C++: Not considering ANDROID_NDK_HOME because support was removed after deprecation period.
C/C++: sdkFolder is /usr/local/lib/android/sdk
All projects evaluated.
Task name matched 'test'
Selected primary task 'test' from project :
Tasks to be executed: [task ':sample-app:checkKotlinGradlePluginConfigurationErrors', task ':sample-app:preBuild', task ':sample-app:preDebugBuild', task ':weft-compose:preBuild', task ':weft-compose:preDebugBuild', task ':weft-compose:writeDebugAarMetadata', task ':weft-core:preBuild', task ':weft-core:preDebugBuild', task ':weft-core:writeDebugAarMetadata', task ':sample-app:checkDebugAarMetadata', task ':sample-app:generateDebugResValues', task ':weft-compose:generateDebugResValues', task ':weft-compose:generateDebugResources', task ':weft-compose:packageDebugResources', task ':weft-core:generateDebugResValues', task ':weft-core:generateDebugResources', task ':weft-core:packageDebugResources', task ':sample-app:mapDebugSourceSetPaths', task ':sample-app:generateDebugResources', task ':sample-app:mergeDebugResources', task ':sample-app:packageDebugResources', task ':sample-app:parseDebugLocalResources', task ':sample-app:createDebugCompatibleScreenManifests', task ':sample-app:extractDeepLinksDebug', task ':weft-compose:extractDeepLinksDebug', task ':weft-compose:processDebugManifest', task ':weft-core:extractDeepLinksDebug', task ':weft-core:processDebugManifest', task ':sample-app:processDebugMainManifest', task ':sample-app:processDebugManifest', task ':sample-app:processDebugManifestForPackage', task ':weft-compose:compileDebugLibraryResources', task ':weft-compose:parseDebugLocalResources', task ':weft-compose:generateDebugRFile', task ':weft-core:compileDebugLibraryResources', task ':weft-core:parseDebugLocalResources', task ':weft-core:generateDebugRFile', task ':sample-app:processDebugResources', task ':weft-compose:checkKotlinGradlePluginConfigurationErrors', task ':weft-core:checkKotlinGradlePluginConfigurationErrors', task ':weft-core:compileDebugKotlin', task ':weft-core:javaPreCompileDebug', task ':weft-core:compileDebugJavaWithJavac', task ':weft-core:bundleLibCompileToJarDebug', task ':weft-compose:compileDebugKotlin', task ':weft-compose:javaPreCompileDebug', task ':weft-compose:compileDebugJavaWithJavac', task ':weft-compose:bundleLibCompileToJarDebug', task ':sample-app:compileDebugKotlin', task ':sample-app:javaPreCompileDebug', task ':sample-app:compileDebugJavaWithJavac', task ':sample-app:bundleDebugClassesToRuntimeJar', task ':sample-app:bundleDebugClassesToCompileJar', task ':sample-app:compileDebugUnitTestKotlin', task ':sample-app:preDebugUnitTestBuild', task ':sample-app:javaPreCompileDebugUnitTest', task ':sample-app:compileDebugUnitTestJavaWithJavac', task ':sample-app:processDebugJavaRes', task ':sample-app:processDebugUnitTestJavaRes', task ':weft-compose:bundleLibRuntimeToJarDebug', task ':weft-compose:processDebugJavaRes', task ':weft-core:bundleLibRuntimeToJarDebug', task ':weft-core:processDebugJavaRes', task ':sample-app:testDebugUnitTest', task ':sample-app:buildKotlinToolingMetadata', task ':sample-app:preReleaseBuild', task ':weft-compose:preReleaseBuild', task ':weft-compose:writeReleaseAarMetadata', task ':weft-core:preReleaseBuild', task ':weft-core:writeReleaseAarMetadata', task ':sample-app:checkReleaseAarMetadata', task ':sample-app:generateReleaseResValues', task ':weft-compose:generateReleaseResValues', task ':weft-compose:generateReleaseResources', task ':weft-compose:packageReleaseResources', task ':weft-core:generateReleaseResValues', task ':weft-core:generateReleaseResources', task ':weft-core:packageReleaseResources', task ':sample-app:mapReleaseSourceSetPaths', task ':sample-app:generateReleaseResources', task ':sample-app:mergeReleaseResources', task ':sample-app:packageReleaseResources', task ':sample-app:parseReleaseLocalResources', task ':sample-app:createReleaseCompatibleScreenManifests', task ':sample-app:extractDeepLinksRelease', task ':weft-compose:extractDeepLinksRelease', task ':weft-compose:processReleaseManifest', task ':weft-core:extractDeepLinksRelease', task ':weft-core:processReleaseManifest', task ':sample-app:processReleaseMainManifest', task ':sample-app:processReleaseManifest', task ':sample-app:processReleaseManifestForPackage', task ':weft-compose:compileReleaseLibraryResources', task ':weft-compose:parseReleaseLocalResources', task ':weft-compose:generateReleaseRFile', task ':weft-core:compileReleaseLibraryResources', task ':weft-core:parseReleaseLocalResources', task ':weft-core:generateReleaseRFile', task ':sample-app:processReleaseResources', task ':weft-core:compileReleaseKotlin', task ':weft-core:javaPreCompileRelease', task ':weft-core:compileReleaseJavaWithJavac', task ':weft-core:bundleLibCompileToJarRelease', task ':weft-compose:compileReleaseKotlin', task ':weft-compose:javaPreCompileRelease', task ':weft-compose:compileReleaseJavaWithJavac', task ':weft-compose:bundleLibCompileToJarRelease', task ':sample-app:compileReleaseKotlin', task ':sample-app:javaPreCompileRelease', task ':sample-app:compileReleaseJavaWithJavac', task ':sample-app:bundleReleaseClassesToRuntimeJar', task ':sample-app:bundleReleaseClassesToCompileJar', task ':sample-app:compileReleaseUnitTestKotlin', task ':sample-app:preReleaseUnitTestBuild', task ':sample-app:javaPreCompileReleaseUnitTest', task ':sample-app:compileReleaseUnitTestJavaWithJavac', task ':sample-app:processReleaseJavaRes', task ':sample-app:processReleaseUnitTestJavaRes', task ':weft-compose:bundleLibRuntimeToJarRelease', task ':weft-compose:processReleaseJavaRes', task ':weft-core:bundleLibRuntimeToJarRelease', task ':weft-core:processReleaseJavaRes', task ':sample-app:testReleaseUnitTest', task ':sample-app:test', task ':weft-compose:preDebugUnitTestBuild', task ':weft-compose:generateDebugUnitTestStubRFile', task ':weft-compose:compileDebugUnitTestKotlin', task ':weft-compose:javaPreCompileDebugUnitTest', task ':weft-compose:compileDebugUnitTestJavaWithJavac', task ':weft-compose:processDebugUnitTestJavaRes', task ':weft-compose:testDebugUnitTest', task ':weft-compose:preReleaseUnitTestBuild', task ':weft-compose:generateReleaseUnitTestStubRFile', task ':weft-compose:compileReleaseUnitTestKotlin', task ':weft-compose:javaPreCompileReleaseUnitTest', task ':weft-compose:compileReleaseUnitTestJavaWithJavac', task ':weft-compose:processReleaseUnitTestJavaRes', task ':weft-compose:testReleaseUnitTest', task ':weft-compose:test', task ':weft-core:preDebugUnitTestBuild', task ':weft-core:generateDebugUnitTestStubRFile', task ':weft-core:compileDebugUnitTestKotlin', task ':weft-core:javaPreCompileDebugUnitTest', task ':weft-core:compileDebugUnitTestJavaWithJavac', task ':weft-core:processDebugUnitTestJavaRes', task ':weft-core:testDebugUnitTest', task ':weft-core:preReleaseUnitTestBuild', task ':weft-core:generateReleaseUnitTestStubRFile', task ':weft-core:compileReleaseUnitTestKotlin', task ':weft-core:javaPreCompileReleaseUnitTest', task ':weft-core:compileReleaseUnitTestJavaWithJavac', task ':weft-core:processReleaseUnitTestJavaRes', task ':weft-core:testReleaseUnitTest', task ':weft-core:test']
Tasks that were excluded: []
Resolve mutations for :sample-app:checkKotlinGradlePluginConfigurationErrors (Thread[Execution worker,5,main]) started.
:sample-app:checkKotlinGradlePluginConfigurationErrors (Thread[Execution worker,5,main]) started.

> Task :sample-app:checkKotlinGradlePluginConfigurationErrors SKIPPED
Skipping task ':sample-app:checkKotlinGradlePluginConfigurationErrors' as task onlyIf 'errorDiagnostics are present' is false.
Resolve mutations for :sample-app:preBuild (Thread[Execution worker,5,main]) started.
:sample-app:preBuild (Thread[Execution worker,5,main]) started.

> Task :sample-app:preBuild UP-TO-DATE
Skipping task ':sample-app:preBuild' as it has no actions.
Resolve mutations for :sample-app:preDebugBuild (Thread[Execution worker,5,main]) started.
:sample-app:preDebugBuild (Thread[Execution worker,5,main]) started.

> Task :sample-app:preDebugBuild UP-TO-DATE
Skipping task ':sample-app:preDebugBuild' as it has no actions.
Resolve mutations for :weft-compose:preBuild (Thread[Execution worker,5,main]) started.
:weft-compose:preBuild (Thread[Execution worker,5,main]) started.

> Task :weft-compose:preBuild UP-TO-DATE
Skipping task ':weft-compose:preBuild' as it has no actions.
Resolve mutations for :weft-compose:preDebugBuild (Thread[Execution worker,5,main]) started.
:weft-compose:preDebugBuild (Thread[Execution worker,5,main]) started.

> Task :weft-compose:preDebugBuild UP-TO-DATE
Skipping task ':weft-compose:preDebugBuild' as it has no actions.
Resolve mutations for :weft-compose:writeDebugAarMetadata (Thread[Execution worker,5,main]) started.
:weft-compose:writeDebugAarMetadata (Thread[Execution worker,5,main]) started.
Resolve mutations for :weft-core:preBuild (Thread[Execution worker Thread 3,5,main]) started.
:weft-core:preBuild (Thread[Execution worker Thread 3,5,main]) started.

> Task :weft-core:preBuild UP-TO-DATE
Skipping task ':weft-core:preBuild' as it has no actions.
Resolve mutations for :weft-core:preDebugBuild (Thread[Execution worker Thread 3,5,main]) started.
:weft-core:preDebugBuild (Thread[Execution worker Thread 3,5,main]) started.

> Task :weft-core:preDebugBuild UP-TO-DATE
Skipping task ':weft-core:preDebugBuild' as it has no actions.
Resolve mutations for :weft-core:writeDebugAarMetadata (Thread[Execution worker Thread 3,5,main]) started.
:weft-core:writeDebugAarMetadata (Thread[Execution worker Thread 3,5,main]) started.
Resolve mutations for :sample-app:generateDebugResValues (Thread[Execution worker Thread 2,5,main]) started.
:sample-app:generateDebugResValues (Thread[Execution worker Thread 2,5,main]) started.

> Task :weft-compose:writeDebugAarMetadata
Caching disabled for task ':weft-compose:writeDebugAarMetadata' because:
  Build cache is disabled
  Caching has been disabled for the task
Task ':weft-compose:writeDebugAarMetadata' is not up-to-date because:
  No history is available.

> Task :sample-app:generateDebugResValues
Caching disabled for task ':sample-app:generateDebugResValues' because:
  Build cache is disabled
Task ':sample-app:generateDebugResValues' is not up-to-date because:
  No history is available.
work action resolve aar-metadata.properties (project :weft-compose) (Thread[Execution worker Thread 2,5,main]) started.
Resolve mutations for :weft-compose:generateDebugResValues (Thread[Execution worker Thread 2,5,main]) started.
:weft-compose:generateDebugResValues (Thread[Execution worker Thread 2,5,main]) started.

> Task :weft-core:writeDebugAarMetadata
Caching disabled for task ':weft-core:writeDebugAarMetadata' because:
  Build cache is disabled
  Caching has been disabled for the task
Task ':weft-core:writeDebugAarMetadata' is not up-to-date because:
  No history is available.

> Task :weft-compose:generateDebugResValues
Caching disabled for task ':weft-compose:generateDebugResValues' because:
  Build cache is disabled
Task ':weft-compose:generateDebugResValues' is not up-to-date because:
  No history is available.
work action resolve aar-metadata.properties (project :weft-core) (Thread[Execution worker Thread 3,5,main]) started.
Resolve mutations for :sample-app:checkDebugAarMetadata (Thread[included builds,5,main]) started.
:sample-app:checkDebugAarMetadata (Thread[included builds,5,main]) started.

> Task :sample-app:checkDebugAarMetadata
Resource missing. [HTTP GET: https://dl.google.com/dl/android/maven2/org/jetbrains/kotlin/kotlin-stdlib/2.1.0/kotlin-stdlib-2.1.0.pom]
Downloading https://dl.google.com/dl/android/maven2/androidx/activity/activity-compose/1.9.3/activity-compose-1.9.3.pom to /home/runner/.gradle/.tmp/gradle_download11299674020170824584bin
Downloading https://dl.google.com/dl/android/maven2/androidx/lifecycle/lifecycle-viewmodel-compose/2.8.7/lifecycle-viewmodel-compose-2.8.7.pom to /home/runner/.gradle/.tmp/gradle_download11719568307915846387bin
Downloading https://dl.google.com/dl/android/maven2/androidx/core/core-ktx/1.15.0/core-ktx-1.15.0.pom to /home/runner/.gradle/.tmp/gradle_download5326125417079701245bin
Downloading https://dl.google.com/dl/android/maven2/androidx/activity/activity-compose/1.9.3/activity-compose-1.9.3.module to /home/runner/.gradle/.tmp/gradle_download14151573711717154775bin
Downloading https://dl.google.com/dl/android/maven2/androidx/lifecycle/lifecycle-viewmodel-compose/2.8.7/lifecycle-viewmodel-compose-2.8.7.module to /home/runner/.gradle/.tmp/gradle_download5006382861001029799bin
Downloading https://repo.maven.apache.org/maven2/org/jetbrains/kotlin/kotlin-stdlib/2.1.0/kotlin-stdlib-2.1.0.pom to /home/runner/.gradle/.tmp/gradle_download16505540351309632286bin
Downloading https://dl.google.com/dl/android/maven2/androidx/core/core-ktx/1.15.0/core-ktx-1.15.0.module to /home/runner/.gradle/.tmp/gradle_download2576592826655003480bin
Downloading https://dl.google.com/dl/android/maven2/androidx/compose/material3/material3/1.3.1/material3-1.3.1.pom to /home/runner/.gradle/.tmp/gradle_download6113683282845753576bin
Downloading https://dl.google.com/dl/android/maven2/androidx/compose/ui/ui/1.7.6/ui-1.7.6.pom to /home/runner/.gradle/.tmp/gradle_download2165548292081809692bin
Downloading https://dl.google.com/dl/android/maven2/androidx/compose/foundation/foundation/1.7.6/foundation-1.7.6.pom to /home/runner/.gradle/.tmp/gradle_download8593324962676027834bin
Downloading https://repo.maven.apache.org/maven2/org/jetbrains/kotlin/kotlin-stdlib/2.1.0/kotlin-stdlib-2.1.0.module to /home/runner/.gradle/.tmp/gradle_download10023258851239808853bin
Downloading https://dl.google.com/dl/android/maven2/androidx/compose/material3/material3/1.3.1/material3-1.3.1.module to /home/runner/.gradle/.tmp/gradle_download10640710864186412544bin
Downloading https://dl.google.com/dl/android/maven2/androidx/compose/ui/ui/1.7.6/ui-1.7.6.module to /home/runner/.gradle/.tmp/gradle_download3132387605820917116bin
Downloading https://dl.google.com/dl/android/maven2/androidx/compose/foundation/foundation/1.7.6/foundation-1.7.6.module to /home/runner/.gradle/.tmp/gradle_download8139585951710377274bin
Downloading https://dl.google.com/dl/android/maven2/androidx/compose/runtime/runtime/1.7.6/runtime-1.7.6.pom to /home/runner/.gradle/.tmp/gradle_download18157723679294582560bin
Downloading https://dl.google.com/dl/android/maven2/androidx/compose/runtime/runtime/1.7.6/runtime-1.7.6.module to /home/runner/.gradle/.tmp/gradle_download8589462694700083239bin
Downloading https://dl.google.com/dl/android/maven2/androidx/core/core/1.15.0/core-1.15.0.pom to /home/runner/.gradle/.tmp/gradle_download7466572291184005671bin
Downloading https://dl.google.com/dl/android/maven2/androidx/core/core/1.15.0/core-1.15.0.module to /home/runner/.gradle/.tmp/gradle_download5974276473289032280bin
Downloading https://dl.google.com/dl/android/maven2/androidx/annotation/annotation/1.8.1/annotation-1.8.1.pom to /home/runner/.gradle/.tmp/gradle_download14133775774600893337bin
Downloading https://dl.google.com/dl/android/maven2/androidx/annotation/annotation/1.8.1/annotation-1.8.1.module to /home/runner/.gradle/.tmp/gradle_download1296813394908211465bin
Downloading https://dl.google.com/dl/android/maven2/androidx/compose/runtime/runtime-saveable/1.0.1/runtime-saveable-1.0.1.pom to /home/runner/.gradle/.tmp/gradle_download14370531235992265770bin
Downloading https://dl.google.com/dl/android/maven2/androidx/activity/activity-ktx/1.9.3/activity-ktx-1.9.3.pom to /home/runner/.gradle/.tmp/gradle_download9116781052621150907bin
Downloading https://dl.google.com/dl/android/maven2/androidx/lifecycle/lifecycle-viewmodel/2.6.1/lifecycle-viewmodel-2.6.1.pom to /home/runner/.gradle/.tmp/gradle_download8518614648998985871bin
Downloading https://dl.google.com/dl/android/maven2/androidx/compose/runtime/runtime-saveable/1.0.1/runtime-saveable-1.0.1.module to /home/runner/.gradle/.tmp/gradle_download5856350944584499414bin
Downloading https://dl.google.com/dl/android/maven2/androidx/lifecycle/lifecycle-viewmodel/2.6.1/lifecycle-viewmodel-2.6.1.module to /home/runner/.gradle/.tmp/gradle_download9271454242003919666bin
Downloading https://dl.google.com/dl/android/maven2/androidx/activity/activity-ktx/1.9.3/activity-ktx-1.9.3.module to /home/runner/.gradle/.tmp/gradle_download14972623195428285748bin
Downloading https://dl.google.com/dl/android/maven2/androidx/lifecycle/lifecycle-viewmodel-compose-android/2.8.7/lifecycle-viewmodel-compose-android-2.8.7.pom to /home/runner/.gradle/.tmp/gradle_download361521968132036833bin
Downloading https://dl.google.com/dl/android/maven2/androidx/lifecycle/lifecycle-viewmodel-compose-android/2.8.7/lifecycle-viewmodel-compose-android-2.8.7.module to /home/runner/.gradle/.tmp/gradle_download1298910761078769497bin
Downloading https://dl.google.com/dl/android/maven2/androidx/compose/ui/ui-android/1.7.6/ui-android-1.7.6.pom to /home/runner/.gradle/.tmp/gradle_download3798748268040824327bin
Downloading https://dl.google.com/dl/android/maven2/androidx/compose/ui/ui-android/1.7.6/ui-android-1.7.6.module to /home/runner/.gradle/.tmp/gradle_download2196187455314743523bin
Downloading https://dl.google.com/dl/android/maven2/androidx/compose/material3/material3-android/1.3.1/material3-android-1.3.1.pom to /home/runner/.gradle/.tmp/gradle_download16307032949018155561bin
Downloading https://dl.google.com/dl/android/maven2/androidx/compose/material3/material3-android/1.3.1/material3-android-1.3.1.module to /home/runner/.gradle/.tmp/gradle_download6596096792079307137bin
Downloading https://dl.google.com/dl/android/maven2/androidx/compose/foundation/foundation-android/1.7.6/foundation-android-1.7.6.pom to /home/runner/.gradle/.tmp/gradle_download8849346620757145558bin
Downloading https://dl.google.com/dl/android/maven2/androidx/compose/foundation/foundation-android/1.7.6/foundation-android-1.7.6.module to /home/runner/.gradle/.tmp/gradle_download17165778887221611550bin
Downloading https://dl.google.com/dl/android/maven2/androidx/lifecycle/lifecycle-viewmodel-ktx/2.8.7/lifecycle-viewmodel-ktx-2.8.7.pom to /home/runner/.gradle/.tmp/gradle_download2650408322345788744bin
Downloading https://dl.google.com/dl/android/maven2/androidx/lifecycle/lifecycle-viewmodel-ktx/2.8.7/lifecycle-viewmodel-ktx-2.8.7.module to /home/runner/.gradle/.tmp/gradle_download4357695875068229969bin
Downloading https://dl.google.com/dl/android/maven2/androidx/compose/runtime/runtime-android/1.7.6/runtime-android-1.7.6.pom to /home/runner/.gradle/.tmp/gradle_download3923351909287356594bin
Downloading https://dl.google.com/dl/android/maven2/androidx/compose/runtime/runtime-android/1.7.6/runtime-android-1.7.6.module to /home/runner/.gradle/.tmp/gradle_download12059714282306180426bin
Downloading https://dl.google.com/dl/android/maven2/androidx/annotation/annotation-jvm/1.8.1/annotation-jvm-1.8.1.pom to /home/runner/.gradle/.tmp/gradle_download4272577814948406753bin
Downloading https://dl.google.com/dl/android/maven2/androidx/annotation/annotation-jvm/1.8.1/annotation-jvm-1.8.1.module to /home/runner/.gradle/.tmp/gradle_download15131395879162049835bin
Downloading https://dl.google.com/dl/android/maven2/androidx/collection/collection/1.4.2/collection-1.4.2.pom to /home/runner/.gradle/.tmp/gradle_download184751557541232195bin
Downloading https://dl.google.com/dl/android/maven2/androidx/annotation/annotation-experimental/1.4.1/annotation-experimental-1.4.1.pom to /home/runner/.gradle/.tmp/gradle_download7280531634670779293bin
Downloading https://dl.google.com/dl/android/maven2/androidx/concurrent/concurrent-futures/1.0.0/concurrent-futures-1.0.0.pom to /home/runner/.gradle/.tmp/gradle_download11865127707283171800bin
Downloading https://dl.google.com/dl/android/maven2/androidx/interpolator/interpolator/1.0.0/interpolator-1.0.0.pom to /home/runner/.gradle/.tmp/gradle_download7905863566735043072bin
Downloading https://dl.google.com/dl/android/maven2/androidx/collection/collection/1.4.2/collection-1.4.2.module to /home/runner/.gradle/.tmp/gradle_download17182923795564408645bin
Downloading https://dl.google.com/dl/android/maven2/androidx/annotation/annotation-experimental/1.4.1/annotation-experimental-1.4.1.module to /home/runner/.gradle/.tmp/gradle_download647992166097244182bin
Downloading https://dl.google.com/dl/android/maven2/androidx/lifecycle/lifecycle-runtime/2.6.2/lifecycle-runtime-2.6.2.pom to /home/runner/.gradle/.tmp/gradle_download3367843533792531261bin
Downloading https://dl.google.com/dl/android/maven2/androidx/versionedparcelable/versionedparcelable/1.1.1/versionedparcelable-1.1.1.pom to /home/runner/.gradle/.tmp/gradle_download7177801951583316486bin
Downloading https://dl.google.com/dl/android/maven2/androidx/lifecycle/lifecycle-runtime/2.6.2/lifecycle-runtime-2.6.2.module to /home/runner/.gradle/.tmp/gradle_download7140686211185953033bin
Downloading https://dl.google.com/dl/android/maven2/androidx/tracing/tracing/1.2.0/tracing-1.2.0.pom to /home/runner/.gradle/.tmp/gradle_download3445023963050538187bin
Downloading https://dl.google.com/dl/android/maven2/androidx/tracing/tracing/1.2.0/tracing-1.2.0.module to /home/runner/.gradle/.tmp/gradle_download10849670485872425419bin
Downloading https://dl.google.com/dl/android/maven2/androidx/savedstate/savedstate-ktx/1.2.1/savedstate-ktx-1.2.1.pom to /home/runner/.gradle/.tmp/gradle_download810171258600471023bin
Downloading https://dl.google.com/dl/android/maven2/androidx/activity/activity/1.9.3/activity-1.9.3.pom to /home/runner/.gradle/.tmp/gradle_download2740590677077050789bin
Downloading https://dl.google.com/dl/android/maven2/androidx/lifecycle/lifecycle-runtime-ktx/2.6.1/lifecycle-runtime-ktx-2.6.1.pom to /home/runner/.gradle/.tmp/gradle_download16130490987442065168bin
Downloading https://dl.google.com/dl/android/maven2/androidx/activity/activity/1.9.3/activity-1.9.3.module to /home/runner/.gradle/.tmp/gradle_download16713768875176569500bin
Downloading https://dl.google.com/dl/android/maven2/androidx/savedstate/savedstate-ktx/1.2.1/savedstate-ktx-1.2.1.module to /home/runner/.gradle/.tmp/gradle_download5508662468627185353bin
Downloading https://dl.google.com/dl/android/maven2/androidx/lifecycle/lifecycle-runtime-ktx/2.6.1/lifecycle-runtime-ktx-2.6.1.module to /home/runner/.gradle/.tmp/gradle_download16716438861662009074bin
Downloading https://dl.google.com/dl/android/maven2/androidx/lifecycle/lifecycle-runtime/2.8.7/lifecycle-runtime-2.8.7.pom to /home/runner/.gradle/.tmp/gradle_download10437182733639094277bin
Downloading https://dl.google.com/dl/android/maven2/androidx/lifecycle/lifecycle-runtime/2.8.7/lifecycle-runtime-2.8.7.module to /home/runner/.gradle/.tmp/gradle_download1136911697298353433bin
Downloading https://dl.google.com/dl/android/maven2/androidx/lifecycle/lifecycle-viewmodel/2.8.7/lifecycle-viewmodel-2.8.7.pom to /home/runner/.gradle/.tmp/gradle_download17730796013770467878bin
Downloading https://dl.google.com/dl/android/maven2/androidx/lifecycle/lifecycle-viewmodel/2.8.7/lifecycle-viewmodel-2.8.7.module to /home/runner/.gradle/.tmp/gradle_download816757800613761394bin
Downloading https://dl.google.com/dl/android/maven2/androidx/lifecycle/lifecycle-runtime-ktx/2.8.7/lifecycle-runtime-ktx-2.8.7.pom to /home/runner/.gradle/.tmp/gradle_download6354648731293050371bin
Downloading https://dl.google.com/dl/android/maven2/androidx/lifecycle/lifecycle-runtime-ktx/2.8.7/lifecycle-runtime-ktx-2.8.7.module to /home/runner/.gradle/.tmp/gradle_download5009630381473937084bin
Downloading https://dl.google.com/dl/android/maven2/androidx/lifecycle/lifecycle-viewmodel-savedstate/2.8.7/lifecycle-viewmodel-savedstate-2.8.7.pom to /home/runner/.gradle/.tmp/gradle_download433868788090106669bin
Downloading https://dl.google.com/dl/android/maven2/androidx/lifecycle/lifecycle-common/2.8.7/lifecycle-common-2.8.7.pom to /home/runner/.gradle/.tmp/gradle_download14073125340998556712bin
Downloading https://dl.google.com/dl/android/maven2/androidx/lifecycle/lifecycle-viewmodel-savedstate/2.8.7/lifecycle-viewmodel-savedstate-2.8.7.module to /home/runner/.gradle/.tmp/gradle_download5573633883792529184bin
Downloading https://dl.google.com/dl/android/maven2/androidx/lifecycle/lifecycle-common/2.8.7/lifecycle-common-2.8.7.module to /home/runner/.gradle/.tmp/gradle_download8485973279076979807bin
Downloading https://dl.google.com/dl/android/maven2/androidx/compose/runtime/runtime-saveable/1.7.6/runtime-saveable-1.7.6.pom to /home/runner/.gradle/.tmp/gradle_download6606088907629242436bin
Downloading https://dl.google.com/dl/android/maven2/androidx/compose/runtime/runtime-saveable/1.7.6/runtime-saveable-1.7.6.module to /home/runner/.gradle/.tmp/gradle_download15747357240112522729bin
Downloading https://dl.google.com/dl/android/maven2/androidx/autofill/autofill/1.0.0/autofill-1.0.0.pom to /home/runner/.gradle/.tmp/gradle_download12114492893433929895bin
Downloading https://dl.google.com/dl/android/maven2/androidx/compose/ui/ui-geometry/1.7.6/ui-geometry-1.7.6.pom to /home/runner/.gradle/.tmp/gradle_download978089501290395181bin
Downloading https://dl.google.com/dl/android/maven2/androidx/compose/ui/ui-graphics/1.7.6/ui-graphics-1.7.6.pom to /home/runner/.gradle/.tmp/gradle_download5746868287805281598bin
Downloading https://dl.google.com/dl/android/maven2/androidx/compose/ui/ui-text/1.7.6/ui-text-1.7.6.pom to /home/runner/.gradle/.tmp/gradle_download7041273295930956306bin
Downloading https://dl.google.com/dl/android/maven2/androidx/compose/ui/ui-geometry/1.7.6/ui-geometry-1.7.6.module to /home/runner/.gradle/.tmp/gradle_download2105152991328346605bin
Downloading https://dl.google.com/dl/android/maven2/androidx/compose/ui/ui-unit/1.7.6/ui-unit-1.7.6.pom to /home/runner/.gradle/.tmp/gradle_download5923796379237231270bin
Downloading https://dl.google.com/dl/android/maven2/androidx/compose/ui/ui-text/1.7.6/ui-text-1.7.6.module to /home/runner/.gradle/.tmp/gradle_download14901165105505025781bin
Downloading https://dl.google.com/dl/android/maven2/androidx/compose/ui/ui-graphics/1.7.6/ui-graphics-1.7.6.module to /home/runner/.gradle/.tmp/gradle_download11065926384223507191bin
Downloading https://dl.google.com/dl/android/maven2/androidx/compose/ui/ui-util/1.7.6/ui-util-1.7.6.pom to /home/runner/.gradle/.tmp/gradle_download7829862091103707043bin
Downloading https://dl.google.com/dl/android/maven2/androidx/compose/ui/ui-unit/1.7.6/ui-unit-1.7.6.module to /home/runner/.gradle/.tmp/gradle_download16211330051771951461bin
Downloading https://dl.google.com/dl/android/maven2/androidx/emoji2/emoji2/1.2.0/emoji2-1.2.0.pom to /home/runner/.gradle/.tmp/gradle_download11941366252687379725bin
Downloading https://dl.google.com/dl/android/maven2/androidx/customview/customview-poolingcontainer/1.0.0/customview-poolingcontainer-1.0.0.pom to /home/runner/.gradle/.tmp/gradle_download9304108489688417283bin
Downloading https://dl.google.com/dl/android/maven2/androidx/emoji2/emoji2/1.2.0/emoji2-1.2.0.module to /home/runner/.gradle/.tmp/gradle_download1764930747102017663bin
Downloading https://dl.google.com/dl/android/maven2/androidx/customview/customview-poolingcontainer/1.0.0/customview-poolingcontainer-1.0.0.module to /home/runner/.gradle/.tmp/gradle_download14697731802316754643bin
Downloading https://dl.google.com/dl/android/maven2/androidx/compose/ui/ui-util/1.7.6/ui-util-1.7.6.module to /home/runner/.gradle/.tmp/gradle_download9633476313091077183bin
Downloading https://dl.google.com/dl/android/maven2/androidx/profileinstaller/profileinstaller/1.3.1/profileinstaller-1.3.1.pom to /home/runner/.gradle/.tmp/gradle_download17366895197454124253bin
Resource missing. [HTTP GET: https://dl.google.com/dl/android/maven2/org/jetbrains/kotlinx/kotlinx-coroutines-android/1.7.3/kotlinx-coroutines-android-1.7.3.pom]
Resource missing. [HTTP GET: https://dl.google.com/dl/android/maven2/org/jetbrains/kotlinx/kotlinx-coroutines-core/1.7.3/kotlinx-coroutines-core-1.7.3.pom]
Downloading https://dl.google.com/dl/android/maven2/androidx/profileinstaller/profileinstaller/1.3.1/profileinstaller-1.3.1.module to /home/runner/.gradle/.tmp/gradle_download15455319905928178437bin
Downloading https://repo.maven.apache.org/maven2/org/jetbrains/kotlinx/kotlinx-coroutines-android/1.7.3/kotlinx-coroutines-android-1.7.3.pom to /home/runner/.gradle/.tmp/gradle_download18359927546519691547bin
Resource missing. [HTTP GET: https://dl.google.com/dl/android/maven2/org/jetbrains/kotlinx/kotlinx-coroutines-bom/1.7.3/kotlinx-coroutines-bom-1.7.3.pom]
Downloading https://repo.maven.apache.org/maven2/org/jetbrains/kotlinx/kotlinx-coroutines-core/1.7.3/kotlinx-coroutines-core-1.7.3.pom to /home/runner/.gradle/.tmp/gradle_download13351743797129946785bin
Downloading https://repo.maven.apache.org/maven2/org/jetbrains/kotlinx/kotlinx-coroutines-bom/1.7.3/kotlinx-coroutines-bom-1.7.3.pom to /home/runner/.gradle/.tmp/gradle_download2113937265967968180bin
Downloading https://repo.maven.apache.org/maven2/org/jetbrains/kotlinx/kotlinx-coroutines-core/1.7.3/kotlinx-coroutines-core-1.7.3.module to /home/runner/.gradle/.tmp/gradle_download1808998220449947492bin
Downloading https://repo.maven.apache.org/maven2/org/jetbrains/kotlinx/kotlinx-coroutines-android/1.7.3/kotlinx-coroutines-android-1.7.3.module to /home/runner/.gradle/.tmp/gradle_download6866054361432182464bin
Downloading https://dl.google.com/dl/android/maven2/androidx/lifecycle/lifecycle-runtime-compose/2.8.7/lifecycle-runtime-compose-2.8.7.pom to /home/runner/.gradle/.tmp/gradle_download5045567376371151745bin
Downloading https://dl.google.com/dl/android/maven2/androidx/lifecycle/lifecycle-runtime-compose/2.8.7/lifecycle-runtime-compose-2.8.7.module to /home/runner/.gradle/.tmp/gradle_download11344996286384555978bin
Downloading https://dl.google.com/dl/android/maven2/androidx/compose/material/material-ripple/1.7.0/material-ripple-1.7.0.pom to /home/runner/.gradle/.tmp/gradle_download2343870599329407300bin
Downloading https://dl.google.com/dl/android/maven2/androidx/compose/material/material-icons-core/1.6.0/material-icons-core-1.6.0.pom to /home/runner/.gradle/.tmp/gradle_download12325384853996704553bin
Downloading https://dl.google.com/dl/android/maven2/androidx/compose/animation/animation-core/1.6.0/animation-core-1.6.0.pom to /home/runner/.gradle/.tmp/gradle_download4722284285973308707bin
Downloading https://dl.google.com/dl/android/maven2/androidx/compose/material/material-ripple/1.7.0/material-ripple-1.7.0.module to /home/runner/.gradle/.tmp/gradle_download763105451676546657bin
Downloading https://dl.google.com/dl/android/maven2/androidx/compose/material/material-icons-core/1.6.0/material-icons-core-1.6.0.module to /home/runner/.gradle/.tmp/gradle_download3116518017172105127bin
Downloading https://dl.google.com/dl/android/maven2/androidx/compose/animation/animation-core/1.6.0/animation-core-1.6.0.module to /home/runner/.gradle/.tmp/gradle_download15074789459058584730bin
Downloading https://dl.google.com/dl/android/maven2/androidx/compose/foundation/foundation-layout/1.7.0/foundation-layout-1.7.0.pom to /home/runner/.gradle/.tmp/gradle_download14386173033185912941bin
Downloading https://dl.google.com/dl/android/maven2/androidx/compose/foundation/foundation-layout/1.7.0/foundation-layout-1.7.0.module to /home/runner/.gradle/.tmp/gradle_download5470144604973182848bin
Downloading https://dl.google.com/dl/android/maven2/androidx/lifecycle/lifecycle-common-java8/2.8.7/lifecycle-common-java8-2.8.7.pom to /home/runner/.gradle/.tmp/gradle_download1461899649272896587bin
Downloading https://dl.google.com/dl/android/maven2/androidx/lifecycle/lifecycle-common-java8/2.8.7/lifecycle-common-java8-2.8.7.module to /home/runner/.gradle/.tmp/gradle_download13647916202031282452bin
Downloading https://dl.google.com/dl/android/maven2/androidx/compose/foundation/foundation-layout/1.7.6/foundation-layout-1.7.6.pom to /home/runner/.gradle/.tmp/gradle_download16688169241481527365bin
Downloading https://dl.google.com/dl/android/maven2/androidx/compose/foundation/foundation-layout/1.7.6/foundation-layout-1.7.6.module to /home/runner/.gradle/.tmp/gradle_download16926599409785523176bin
Downloading https://dl.google.com/dl/android/maven2/androidx/emoji2/emoji2/1.3.0/emoji2-1.3.0.pom to /home/runner/.gradle/.tmp/gradle_download4450103784572518554bin
Downloading https://dl.google.com/dl/android/maven2/androidx/emoji2/emoji2/1.3.0/emoji2-1.3.0.module to /home/runner/.gradle/.tmp/gradle_download14746699986522174373bin
Downloading https://dl.google.com/dl/android/maven2/androidx/compose/animation/animation/1.7.6/animation-1.7.6.pom to /home/runner/.gradle/.tmp/gradle_download347778848698743803bin
Downloading https://dl.google.com/dl/android/maven2/androidx/compose/animation/animation/1.7.6/animation-1.7.6.module to /home/runner/.gradle/.tmp/gradle_download7500985470596369926bin
Downloading https://dl.google.com/dl/android/maven2/androidx/collection/collection/1.4.4/collection-1.4.4.pom to /home/runner/.gradle/.tmp/gradle_download15952509239947280827bin
Downloading https://dl.google.com/dl/android/maven2/androidx/collection/collection/1.4.4/collection-1.4.4.module to /home/runner/.gradle/.tmp/gradle_download15085886381084587102bin
Resource missing. [HTTP GET: https://dl.google.com/dl/android/maven2/org/jetbrains/kotlin/kotlin-stdlib-common/1.8.22/kotlin-stdlib-common-1.8.22.pom]
Downloading https://repo.maven.apache.org/maven2/org/jetbrains/kotlin/kotlin-stdlib-common/1.8.22/kotlin-stdlib-common-1.8.22.pom to /home/runner/.gradle/.tmp/gradle_download10613798314456497854bin
Resource missing. [HTTP GET: https://dl.google.com/dl/android/maven2/com/google/guava/listenablefuture/1.0/listenablefuture-1.0.pom]
Downloading https://repo.maven.apache.org/maven2/com/google/guava/listenablefuture/1.0/listenablefuture-1.0.pom to /home/runner/.gradle/.tmp/gradle_download2868700034163059113bin
Resource missing. [HTTP GET: https://dl.google.com/dl/android/maven2/org/jetbrains/kotlin/kotlin-stdlib-common/2.1.0/kotlin-stdlib-common-2.1.0.pom]
Downloading https://repo.maven.apache.org/maven2/org/jetbrains/kotlin/kotlin-stdlib-common/2.1.0/kotlin-stdlib-common-2.1.0.pom to /home/runner/.gradle/.tmp/gradle_download92276358118270192bin
Downloading https://repo.maven.apache.org/maven2/org/jetbrains/kotlin/kotlin-stdlib-common/2.1.0/kotlin-stdlib-common-2.1.0.module to /home/runner/.gradle/.tmp/gradle_download14819613085632259056bin
Downloading https://dl.google.com/dl/android/maven2/androidx/savedstate/savedstate/1.2.1/savedstate-1.2.1.pom to /home/runner/.gradle/.tmp/gradle_download9398890282950013635bin
Downloading https://dl.google.com/dl/android/maven2/androidx/savedstate/savedstate/1.2.1/savedstate-1.2.1.module to /home/runner/.gradle/.tmp/gradle_download16477853658532503123bin
Downloading https://dl.google.com/dl/android/maven2/androidx/lifecycle/lifecycle-runtime-android/2.8.7/lifecycle-runtime-android-2.8.7.pom to /home/runner/.gradle/.tmp/gradle_download11029106900778885203bin
Downloading https://dl.google.com/dl/android/maven2/androidx/lifecycle/lifecycle-runtime-android/2.8.7/lifecycle-runtime-android-2.8.7.module to /home/runner/.gradle/.tmp/gradle_download478633636738860196bin
Downloading https://dl.google.com/dl/android/maven2/androidx/lifecycle/lifecycle-viewmodel-android/2.8.7/lifecycle-viewmodel-android-2.8.7.pom to /home/runner/.gradle/.tmp/gradle_download9235783285596318129bin
Downloading https://dl.google.com/dl/android/maven2/androidx/lifecycle/lifecycle-viewmodel-android/2.8.7/lifecycle-viewmodel-android-2.8.7.module to /home/runner/.gradle/.tmp/gradle_download10466823350465319861bin
Downloading https://dl.google.com/dl/android/maven2/androidx/lifecycle/lifecycle-runtime-ktx-android/2.8.7/lifecycle-runtime-ktx-android-2.8.7.pom to /home/runner/.gradle/.tmp/gradle_download14903657602108569611bin
Downloading https://dl.google.com/dl/android/maven2/androidx/lifecycle/lifecycle-runtime-ktx-android/2.8.7/lifecycle-runtime-ktx-android-2.8.7.module to /home/runner/.gradle/.tmp/gradle_download12512216182053747964bin
Downloading https://dl.google.com/dl/android/maven2/androidx/lifecycle/lifecycle-common-jvm/2.8.7/lifecycle-common-jvm-2.8.7.pom to /home/runner/.gradle/.tmp/gradle_download18197701310063380134bin
Downloading https://dl.google.com/dl/android/maven2/androidx/lifecycle/lifecycle-common-jvm/2.8.7/lifecycle-common-jvm-2.8.7.module to /home/runner/.gradle/.tmp/gradle_download1566204556751816622bin
Downloading https://dl.google.com/dl/android/maven2/androidx/lifecycle/lifecycle-livedata-core/2.8.7/lifecycle-livedata-core-2.8.7.pom to /home/runner/.gradle/.tmp/gradle_download1516265923600562289bin
Downloading https://dl.google.com/dl/android/maven2/androidx/lifecycle/lifecycle-livedata-core/2.8.7/lifecycle-livedata-core-2.8.7.module to /home/runner/.gradle/.tmp/gradle_download5583844200688855997bin
Downloading https://dl.google.com/dl/android/maven2/androidx/compose/runtime/runtime-saveable-android/1.7.6/runtime-saveable-android-1.7.6.pom to /home/runner/.gradle/.tmp/gradle_download14814935634186322081bin
Downloading https://dl.google.com/dl/android/maven2/androidx/compose/runtime/runtime-saveable-android/1.7.6/runtime-saveable-android-1.7.6.module to /home/runner/.gradle/.tmp/gradle_download17573542772557534375bin
Downloading https://dl.google.com/dl/android/maven2/androidx/compose/ui/ui-geometry-android/1.7.6/ui-geometry-android-1.7.6.pom to /home/runner/.gradle/.tmp/gradle_download5057049715460172594bin
Downloading https://dl.google.com/dl/android/maven2/androidx/compose/ui/ui-geometry-android/1.7.6/ui-geometry-android-1.7.6.module to /home/runner/.gradle/.tmp/gradle_download14390518945176604068bin
Downloading https://dl.google.com/dl/android/maven2/androidx/compose/ui/ui-graphics-android/1.7.6/ui-graphics-android-1.7.6.pom to /home/runner/.gradle/.tmp/gradle_download6739159340076113729bin
Downloading https://dl.google.com/dl/android/maven2/androidx/compose/ui/ui-graphics-android/1.7.6/ui-graphics-android-1.7.6.module to /home/runner/.gradle/.tmp/gradle_download15322412636658124379bin
Downloading https://dl.google.com/dl/android/maven2/androidx/compose/ui/ui-text-android/1.7.6/ui-text-android-1.7.6.pom to /home/runner/.gradle/.tmp/gradle_download8508855207553821878bin
Downloading https://dl.google.com/dl/android/maven2/androidx/compose/ui/ui-text-android/1.7.6/ui-text-android-1.7.6.module to /home/runner/.gradle/.tmp/gradle_download13740912582039134623bin
Downloading https://dl.google.com/dl/android/maven2/androidx/compose/ui/ui-unit-android/1.7.6/ui-unit-android-1.7.6.pom to /home/runner/.gradle/.tmp/gradle_download2845071173825851505bin
Downloading https://dl.google.com/dl/android/maven2/androidx/compose/ui/ui-unit-android/1.7.6/ui-unit-android-1.7.6.module to /home/runner/.gradle/.tmp/gradle_download17766263820014679396bin
Downloading https://dl.google.com/dl/android/maven2/androidx/compose/ui/ui-util-android/1.7.6/ui-util-android-1.7.6.pom to /home/runner/.gradle/.tmp/gradle_download9511143802071357973bin
Downloading https://dl.google.com/dl/android/maven2/androidx/compose/ui/ui-util-android/1.7.6/ui-util-android-1.7.6.module to /home/runner/.gradle/.tmp/gradle_download9463026900916636249bin
Downloading https://dl.google.com/dl/android/maven2/androidx/concurrent/concurrent-futures/1.1.0/concurrent-futures-1.1.0.pom to /home/runner/.gradle/.tmp/gradle_download10675149466736343464bin
Downloading https://dl.google.com/dl/android/maven2/androidx/concurrent/concurrent-futures/1.1.0/concurrent-futures-1.1.0.module to /home/runner/.gradle/.tmp/gradle_download13689210480471234795bin
Downloading https://dl.google.com/dl/android/maven2/androidx/startup/startup-runtime/1.1.1/startup-runtime-1.1.1.pom to /home/runner/.gradle/.tmp/gradle_download1877005230056694869bin
Downloading https://dl.google.com/dl/android/maven2/androidx/startup/startup-runtime/1.1.1/startup-runtime-1.1.1.module to /home/runner/.gradle/.tmp/gradle_download8324495342958508704bin
Resource missing. [HTTP GET: https://dl.google.com/dl/android/maven2/org/jetbrains/kotlinx/kotlinx-coroutines-core-jvm/1.7.3/kotlinx-coroutines-core-jvm-1.7.3.pom]
Downloading https://repo.maven.apache.org/maven2/org/jetbrains/kotlinx/kotlinx-coroutines-core-jvm/1.7.3/kotlinx-coroutines-core-jvm-1.7.3.pom to /home/runner/.gradle/.tmp/gradle_download16782042902685407874bin
Downloading https://repo.maven.apache.org/maven2/org/jetbrains/kotlinx/kotlinx-coroutines-core-jvm/1.7.3/kotlinx-coroutines-core-jvm-1.7.3.module to /home/runner/.gradle/.tmp/gradle_download10397390797124245198bin
Downloading https://dl.google.com/dl/android/maven2/androidx/lifecycle/lifecycle-runtime-compose-android/2.8.7/lifecycle-runtime-compose-android-2.8.7.pom to /home/runner/.gradle/.tmp/gradle_download11857779329498355676bin
Downloading https://dl.google.com/dl/android/maven2/androidx/lifecycle/lifecycle-runtime-compose-android/2.8.7/lifecycle-runtime-compose-android-2.8.7.module to /home/runner/.gradle/.tmp/gradle_download17552844635204626939bin
Downloading https://dl.google.com/dl/android/maven2/androidx/compose/animation/animation-core-android/1.6.0/animation-core-android-1.6.0.pom to /home/runner/.gradle/.tmp/gradle_download2528002787987605947bin
Downloading https://dl.google.com/dl/android/maven2/androidx/compose/animation/animation-core-android/1.6.0/animation-core-android-1.6.0.module to /home/runner/.gradle/.tmp/gradle_download13110731436512450825bin
Downloading https://dl.google.com/dl/android/maven2/androidx/compose/material/material-icons-core-android/1.6.0/material-icons-core-android-1.6.0.pom to /home/runner/.gradle/.tmp/gradle_download6186922509816174201bin
Downloading https://dl.google.com/dl/android/maven2/androidx/compose/material/material-icons-core-android/1.6.0/material-icons-core-android-1.6.0.module to /home/runner/.gradle/.tmp/gradle_download9768061613444088432bin
Downloading https://dl.google.com/dl/android/maven2/androidx/compose/material/material-ripple-android/1.7.0/material-ripple-android-1.7.0.pom to /home/runner/.gradle/.tmp/gradle_download15447481715279390764bin
Downloading https://dl.google.com/dl/android/maven2/androidx/compose/material/material-ripple-android/1.7.0/material-ripple-android-1.7.0.module to /home/runner/.gradle/.tmp/gradle_download9098375468273148548bin
Downloading https://dl.google.com/dl/android/maven2/androidx/compose/foundation/foundation-layout-android/1.7.6/foundation-layout-android-1.7.6.pom to /home/runner/.gradle/.tmp/gradle_download7379726588594502002bin
Downloading https://dl.google.com/dl/android/maven2/androidx/compose/foundation/foundation-layout-android/1.7.6/foundation-layout-android-1.7.6.module to /home/runner/.gradle/.tmp/gradle_download17590961961422142936bin
Downloading https://dl.google.com/dl/android/maven2/androidx/lifecycle/lifecycle-process/2.8.7/lifecycle-process-2.8.7.pom to /home/runner/.gradle/.tmp/gradle_download2969600020076213077bin
Downloading https://dl.google.com/dl/android/maven2/androidx/lifecycle/lifecycle-process/2.8.7/lifecycle-process-2.8.7.module to /home/runner/.gradle/.tmp/gradle_download8161335830411652491bin
Downloading https://dl.google.com/dl/android/maven2/androidx/compose/animation/animation-android/1.7.6/animation-android-1.7.6.pom to /home/runner/.gradle/.tmp/gradle_download9637478929599759426bin
Downloading https://dl.google.com/dl/android/maven2/androidx/compose/animation/animation-android/1.7.6/animation-android-1.7.6.module to /home/runner/.gradle/.tmp/gradle_download15443359442342760072bin
Downloading https://dl.google.com/dl/android/maven2/androidx/collection/collection-jvm/1.4.4/collection-jvm-1.4.4.pom to /home/runner/.gradle/.tmp/gradle_download6117930087909794602bin
Downloading https://dl.google.com/dl/android/maven2/androidx/collection/collection-jvm/1.4.4/collection-jvm-1.4.4.module to /home/runner/.gradle/.tmp/gradle_download13365454936238975445bin
Downloading https://dl.google.com/dl/android/maven2/androidx/arch/core/core-common/2.1.0/core-common-2.1.0.pom to /home/runner/.gradle/.tmp/gradle_download10842043063589643813bin
Resource missing. [HTTP GET: https://dl.google.com/dl/android/maven2/org/jetbrains/kotlin/kotlin-stdlib-jdk8/1.8.20/kotlin-stdlib-jdk8-1.8.20.pom]
Downloading https://repo.maven.apache.org/maven2/org/jetbrains/kotlin/kotlin-stdlib-jdk8/1.8.20/kotlin-stdlib-jdk8-1.8.20.pom to /home/runner/.gradle/.tmp/gradle_download17283281409425287583bin
Downloading https://dl.google.com/dl/android/maven2/androidx/arch/core/core-common/2.2.0/core-common-2.2.0.pom to /home/runner/.gradle/.tmp/gradle_download5752105306910162513bin
Downloading https://dl.google.com/dl/android/maven2/androidx/arch/core/core-common/2.2.0/core-common-2.2.0.module to /home/runner/.gradle/.tmp/gradle_download12785641636225082266bin
Downloading https://dl.google.com/dl/android/maven2/androidx/arch/core/core-runtime/2.2.0/core-runtime-2.2.0.pom to /home/runner/.gradle/.tmp/gradle_download777413559201936567bin
Downloading https://dl.google.com/dl/android/maven2/androidx/arch/core/core-runtime/2.2.0/core-runtime-2.2.0.module to /home/runner/.gradle/.tmp/gradle_download11173236625871474277bin
Downloading https://dl.google.com/dl/android/maven2/androidx/graphics/graphics-path/1.0.1/graphics-path-1.0.1.pom to /home/runner/.gradle/.tmp/gradle_download1854025052934038198bin
Downloading https://dl.google.com/dl/android/maven2/androidx/graphics/graphics-path/1.0.1/graphics-path-1.0.1.module to /home/runner/.gradle/.tmp/gradle_download15307764888250464688bin
Downloading https://dl.google.com/dl/android/maven2/androidx/collection/collection-ktx/1.2.0/collection-ktx-1.2.0.pom to /home/runner/.gradle/.tmp/gradle_download12951623596461861061bin
Downloading https://dl.google.com/dl/android/maven2/androidx/collection/collection-ktx/1.2.0/collection-ktx-1.2.0.module to /home/runner/.gradle/.tmp/gradle_download1912435714083607079bin
Resource missing. [HTTP GET: https://dl.google.com/dl/android/maven2/org/jetbrains/annotations/23.0.0/annotations-23.0.0.pom]
Downloading https://repo.maven.apache.org/maven2/org/jetbrains/annotations/23.0.0/annotations-23.0.0.pom to /home/runner/.gradle/.tmp/gradle_download3234858919360909495bin
Downloading https://dl.google.com/dl/android/maven2/androidx/compose/animation/animation-core/1.7.6/animation-core-1.7.6.pom to /home/runner/.gradle/.tmp/gradle_download6905610907474176466bin
Downloading https://dl.google.com/dl/android/maven2/androidx/compose/animation/animation-core/1.7.6/animation-core-1.7.6.module to /home/runner/.gradle/.tmp/gradle_download15514016663873287120bin
Downloading https://dl.google.com/dl/android/maven2/androidx/collection/collection-ktx/1.4.4/collection-ktx-1.4.4.pom to /home/runner/.gradle/.tmp/gradle_download7081064886261741397bin
Downloading https://dl.google.com/dl/android/maven2/androidx/collection/collection-ktx/1.4.4/collection-ktx-1.4.4.module to /home/runner/.gradle/.tmp/gradle_download11335152736534253888bin
Resource missing. [HTTP GET: https://dl.google.com/dl/android/maven2/org/jetbrains/kotlin/kotlin-stdlib-jdk7/1.8.20/kotlin-stdlib-jdk7-1.8.20.pom]
Downloading https://repo.maven.apache.org/maven2/org/jetbrains/kotlin/kotlin-stdlib-jdk7/1.8.20/kotlin-stdlib-jdk7-1.8.20.pom to /home/runner/.gradle/.tmp/gradle_download7776578227440273552bin
Downloading https://dl.google.com/dl/android/maven2/androidx/compose/animation/animation-core-android/1.7.6/animation-core-android-1.7.6.pom to /home/runner/.gradle/.tmp/gradle_download13825694298485614467bin
Downloading https://dl.google.com/dl/android/maven2/androidx/compose/animation/animation-core-android/1.7.6/animation-core-android-1.7.6.module to /home/runner/.gradle/.tmp/gradle_download11017631821722277026bin
Downloading https://dl.google.com/dl/android/maven2/androidx/activity/activity-ktx/1.9.3/activity-ktx-1.9.3.aar to /home/runner/.gradle/.tmp/gradle_download2700008297728829213bin
Downloading https://dl.google.com/dl/android/maven2/androidx/activity/activity/1.9.3/activity-1.9.3.aar to /home/runner/.gradle/.tmp/gradle_download15495966268491057915bin
Transforming activity-ktx-1.9.3.aar (androidx.activity:activity-ktx:1.9.3) with ExtractAarTransform
Caching disabled for ExtractAarTransform: /home/runner/.gradle/caches/modules-2/files-2.1/androidx.activity/activity-ktx/1.9.3/a1ac8704cfd955139ae60b07a8fcfc6cab8f218b/activity-ktx-1.9.3.aar because:
  Build cache is disabled
  Caching not enabled.
Downloading https://dl.google.com/dl/android/maven2/androidx/activity/activity-compose/1.9.3/activity-compose-1.9.3.aar to /home/runner/.gradle/.tmp/gradle_download908088335266653154bin
Transforming activity-1.9.3.aar (androidx.activity:activity:1.9.3) with ExtractAarTransform
Downloading https://dl.google.com/dl/android/maven2/androidx/compose/material3/material3-android/1.3.1/material3-android-1.3.1.aar to /home/runner/.gradle/.tmp/gradle_download10476691761452126652bin
Transforming activity-ktx-1.9.3.aar (androidx.activity:activity-ktx:1.9.3) with AarTransform
Caching disabled for AarTransform: /home/runner/.gradle/caches/8.11.1/transforms/14a587fae74d0ea88beb2e529faef0d4/transformed/activity-ktx-1.9.3 because:
  Build cache is disabled
  Caching not enabled.
Caching disabled for ExtractAarTransform: /home/runner/.gradle/caches/modules-2/files-2.1/androidx.activity/activity/1.9.3/643a69bf29d8eaedac8bd2974296d15a8748ba54/activity-1.9.3.aar because:
  Build cache is disabled
  Caching not enabled.
Transforming activity-compose-1.9.3.aar (androidx.activity:activity-compose:1.9.3) with ExtractAarTransform
Transforming activity-1.9.3.aar (androidx.activity:activity:1.9.3) with AarTransform
Caching disabled for AarTransform: /home/runner/.gradle/caches/8.11.1/transforms/e19c46e29b05aef1921948202dd63ee3/transformed/activity-1.9.3 because:
  Build cache is disabled
  Caching not enabled.
Downloading https://dl.google.com/dl/android/maven2/androidx/savedstate/savedstate-ktx/1.2.1/savedstate-ktx-1.2.1.aar to /home/runner/.gradle/.tmp/gradle_download6598109078928574117bin
Downloading https://dl.google.com/dl/android/maven2/androidx/savedstate/savedstate/1.2.1/savedstate-1.2.1.aar to /home/runner/.gradle/.tmp/gradle_download1313249796494603034bin
Transforming savedstate-1.2.1.aar (androidx.savedstate:savedstate:1.2.1) with ExtractAarTransform
Transforming savedstate-ktx-1.2.1.aar (androidx.savedstate:savedstate-ktx:1.2.1) with ExtractAarTransform
Caching disabled for ExtractAarTransform: /home/runner/.gradle/caches/modules-2/files-2.1/androidx.savedstate/savedstate-ktx/1.2.1/b86d338d91b1c26193a42b1d87be9bb02123fa16/savedstate-ktx-1.2.1.aar because:
  Build cache is disabled
  Caching not enabled.
Caching disabled for ExtractAarTransform: /home/runner/.gradle/caches/modules-2/files-2.1/androidx.savedstate/savedstate/1.2.1/e364fc9dec32aa569d855f85864e50250318a093/savedstate-1.2.1.aar because:
  Build cache is disabled
  Caching not enabled.
Caching disabled for ExtractAarTransform: /home/runner/.gradle/caches/modules-2/files-2.1/androidx.activity/activity-compose/1.9.3/a164a9b2befba58b27451b4bc071c5335c500872/activity-compose-1.9.3.aar because:
  Build cache is disabled
  Caching not enabled.
Transforming savedstate-ktx-1.2.1.aar (androidx.savedstate:savedstate-ktx:1.2.1) with AarTransform
Caching disabled for AarTransform: /home/runner/.gradle/caches/8.11.1/transforms/3a1236b98f57ea50ba4682cb5361c5fd/transformed/savedstate-ktx-1.2.1 because:
  Build cache is disabled
  Caching not enabled.
Transforming savedstate-1.2.1.aar (androidx.savedstate:savedstate:1.2.1) with AarTransform
Caching disabled for AarTransform: /home/runner/.gradle/caches/8.11.1/transforms/b625fe0482c8ba8b21f3ab56c07a4653/transformed/savedstate-1.2.1 because:
  Build cache is disabled
  Caching not enabled.
Downloading https://dl.google.com/dl/android/maven2/androidx/compose/material/material-ripple-android/1.7.0/material-ripple-android-1.7.0.aar to /home/runner/.gradle/.tmp/gradle_download5819416185054377627bin
Transforming material-ripple-release.aar (androidx.compose.material:material-ripple-android:1.7.0) with ExtractAarTransform
Transforming activity-compose-1.9.3.aar (androidx.activity:activity-compose:1.9.3) with AarTransform
Caching disabled for ExtractAarTransform: /home/runner/.gradle/caches/modules-2/files-2.1/androidx.compose.material/material-ripple-android/1.7.0/eab873d09be67b35eec38fdfabc9882ca5e5151f/material-ripple-release.aar because:
  Build cache is disabled
  Caching not enabled.
Transforming material3-release.aar (androidx.compose.material3:material3-android:1.3.1) with ExtractAarTransform
Downloading https://dl.google.com/dl/android/maven2/androidx/compose/material/material-icons-core-android/1.6.0/material-icons-core-android-1.6.0.aar to /home/runner/.gradle/.tmp/gradle_download8347035341305515272bin
Transforming material-ripple-release.aar (androidx.compose.material:material-ripple-android:1.7.0) with AarTransform
Caching disabled for AarTransform: /home/runner/.gradle/caches/8.11.1/transforms/35eda86bc342691a6ca517f9da12e886/transformed/material-ripple-release because:
  Build cache is disabled
  Caching not enabled.
Transforming material-icons-core-release.aar (androidx.compose.material:material-icons-core-android:1.6.0) with ExtractAarTransform
Caching disabled for AarTransform: /home/runner/.gradle/caches/8.11.1/transforms/7421a4698030bc89d4d073c43f08d1b6/transformed/activity-compose-1.9.3 because:
  Build cache is disabled
  Caching not enabled.
Downloading https://dl.google.com/dl/android/maven2/androidx/compose/animation/animation-core-android/1.7.6/animation-core-android-1.7.6.aar to /home/runner/.gradle/.tmp/gradle_download1749132199486792522bin
Downloading https://dl.google.com/dl/android/maven2/androidx/compose/animation/animation-android/1.7.6/animation-android-1.7.6.aar to /home/runner/.gradle/.tmp/gradle_download12352021752517047460bin
Transforming animation-core-release.aar (androidx.compose.animation:animation-core-android:1.7.6) with ExtractAarTransform
Caching disabled for ExtractAarTransform: /home/runner/.gradle/caches/modules-2/files-2.1/androidx.compose.material/material-icons-core-android/1.6.0/392feaeeebc7b4cea64b41a5509f84a153731c0/material-icons-core-release.aar because:
  Build cache is disabled
  Caching not enabled.
Transforming animation-release.aar (androidx.compose.animation:animation-android:1.7.6) with ExtractAarTransform
Transforming material-icons-core-release.aar (androidx.compose.material:material-icons-core-android:1.6.0) with AarTransform
Caching disabled for AarTransform: /home/runner/.gradle/caches/8.11.1/transforms/c634742bb781cc6a3ff220e89ec6a6c3/transformed/material-icons-core-release because:
  Build cache is disabled
  Caching not enabled.
Caching disabled for ExtractAarTransform: /home/runner/.gradle/caches/modules-2/files-2.1/androidx.compose.animation/animation-android/1.7.6/9341480b1a3691ae5cf25e3bc011f440bf180803/animation-release.aar because:
  Build cache is disabled
  Caching not enabled.
Caching disabled for ExtractAarTransform: /home/runner/.gradle/caches/modules-2/files-2.1/androidx.compose.animation/animation-core-android/1.7.6/20531684a1e98ea78069aba642e4bdc644826538/animation-core-release.aar because:
  Build cache is disabled
  Caching not enabled.
Downloading https://dl.google.com/dl/android/maven2/androidx/compose/foundation/foundation-layout-android/1.7.6/foundation-layout-android-1.7.6.aar to /home/runner/.gradle/.tmp/gradle_download614364792501016462bin
Transforming foundation-layout-release.aar (androidx.compose.foundation:foundation-layout-android:1.7.6) with ExtractAarTransform
Transforming animation-core-release.aar (androidx.compose.animation:animation-core-android:1.7.6) with AarTransform
Transforming animation-release.aar (androidx.compose.animation:animation-android:1.7.6) with AarTransform
Caching disabled for ExtractAarTransform: /home/runner/.gradle/caches/modules-2/files-2.1/androidx.compose.foundation/foundation-layout-android/1.7.6/5070b561ed137298ca0567eed09ac8d303549185/foundation-layout-release.aar because:
  Build cache is disabled
  Caching not enabled.
Caching disabled for ExtractAarTransform: /home/runner/.gradle/caches/modules-2/files-2.1/androidx.compose.material3/material3-android/1.3.1/98016d623b96c25adbc6498aabf07507de258a62/material3-release.aar because:
  Build cache is disabled
  Caching not enabled.
Transforming foundation-layout-release.aar (androidx.compose.foundation:foundation-layout-android:1.7.6) with AarTransform
Caching disabled for AarTransform: /home/runner/.gradle/caches/8.11.1/transforms/de57972c072e3620c4759dce2fa0f493/transformed/animation-core-release because:
  Build cache is disabled
  Caching not enabled.
Caching disabled for AarTransform: /home/runner/.gradle/caches/8.11.1/transforms/8d56f5a7f3ab3827f422a61c24a4f8a0/transformed/animation-release because:
  Build cache is disabled
  Caching not enabled.
Caching disabled for AarTransform: /home/runner/.gradle/caches/8.11.1/transforms/1645c4ca5f60c689b6c54bd621edba6d/transformed/foundation-layout-release because:
  Build cache is disabled
  Caching not enabled.
Downloading https://dl.google.com/dl/android/maven2/androidx/compose/foundation/foundation-android/1.7.6/foundation-android-1.7.6.aar to /home/runner/.gradle/.tmp/gradle_download15727256272554043329bin
Downloading https://dl.google.com/dl/android/maven2/androidx/compose/ui/ui-unit-android/1.7.6/ui-unit-android-1.7.6.aar to /home/runner/.gradle/.tmp/gradle_download7445929869060530886bin
Transforming ui-unit-release.aar (androidx.compose.ui:ui-unit-android:1.7.6) with ExtractAarTransform
Caching disabled for ExtractAarTransform: /home/runner/.gradle/caches/modules-2/files-2.1/androidx.compose.ui/ui-unit-android/1.7.6/731cce47c8f596076fda91092c8b2629ad22794b/ui-unit-release.aar because:
  Build cache is disabled
  Caching not enabled.
Transforming ui-unit-release.aar (androidx.compose.ui:ui-unit-android:1.7.6) with AarTransform
Caching disabled for AarTransform: /home/runner/.gradle/caches/8.11.1/transforms/5d9f5c8dc827ed79d31c4c1948c691d9/transformed/ui-unit-release because:
  Build cache is disabled
  Caching not enabled.
Downloading https://dl.google.com/dl/android/maven2/androidx/compose/ui/ui-graphics-android/1.7.6/ui-graphics-android-1.7.6.aar to /home/runner/.gradle/.tmp/gradle_download11235796910631103364bin
Downloading https://dl.google.com/dl/android/maven2/androidx/compose/ui/ui-util-android/1.7.6/ui-util-android-1.7.6.aar to /home/runner/.gradle/.tmp/gradle_download1825638161758891324bin
Transforming ui-util-release.aar (androidx.compose.ui:ui-util-android:1.7.6) with ExtractAarTransform
Caching disabled for ExtractAarTransform: /home/runner/.gradle/caches/modules-2/files-2.1/androidx.compose.ui/ui-util-android/1.7.6/943ea447286231a4f72379a76e298c705e534258/ui-util-release.aar because:
  Build cache is disabled
  Caching not enabled.
Transforming foundation-release.aar (androidx.compose.foundation:foundation-android:1.7.6) with ExtractAarTransform
Transforming ui-util-release.aar (androidx.compose.ui:ui-util-android:1.7.6) with AarTransform
Caching disabled for AarTransform: /home/runner/.gradle/caches/8.11.1/transforms/d011fca456783afe6e44c97b7b09d6d2/transformed/ui-util-release because:
  Build cache is disabled
  Caching not enabled.
Transforming ui-graphics-release.aar (androidx.compose.ui:ui-graphics-android:1.7.6) with ExtractAarTransform
Transforming material3-release.aar (androidx.compose.material3:material3-android:1.3.1) with AarTransform
Downloading https://dl.google.com/dl/android/maven2/androidx/compose/ui/ui-geometry-android/1.7.6/ui-geometry-android-1.7.6.aar to /home/runner/.gradle/.tmp/gradle_download16354371732742877792bin
Transforming ui-geometry-release.aar (androidx.compose.ui:ui-geometry-android:1.7.6) with ExtractAarTransform
Caching disabled for ExtractAarTransform: /home/runner/.gradle/caches/modules-2/files-2.1/androidx.compose.ui/ui-geometry-android/1.7.6/8144834bd81e6e69d897ebf0411ecb04d13a7aa9/ui-geometry-release.aar because:
  Build cache is disabled
  Caching not enabled.
Transforming ui-geometry-release.aar (androidx.compose.ui:ui-geometry-android:1.7.6) with AarTransform
Caching disabled for AarTransform: /home/runner/.gradle/caches/8.11.1/transforms/eee286aafefa0c22514751e42c830238/transformed/ui-geometry-release because:
  Build cache is disabled
  Caching not enabled.
Caching disabled for ExtractAarTransform: /home/runner/.gradle/caches/modules-2/files-2.1/androidx.compose.ui/ui-graphics-android/1.7.6/150850a5fa820d8d57f71ea7c69b28b98f641ffc/ui-graphics-release.aar because:
  Build cache is disabled
  Caching not enabled.
Downloading https://dl.google.com/dl/android/maven2/androidx/compose/ui/ui-text-android/1.7.6/ui-text-android-1.7.6.aar to /home/runner/.gradle/.tmp/gradle_download1279721506528242772bin
Transforming ui-graphics-release.aar (androidx.compose.ui:ui-graphics-android:1.7.6) with AarTransform
Transforming ui-text-release.aar (androidx.compose.ui:ui-text-android:1.7.6) with ExtractAarTransform
Caching disabled for ExtractAarTransform: /home/runner/.gradle/caches/modules-2/files-2.1/androidx.compose.ui/ui-text-android/1.7.6/a180631cb396954bed7aa72e0728f9bb7dd06d5a/ui-text-release.aar because:
  Build cache is disabled
  Caching not enabled.
Caching disabled for AarTransform: /home/runner/.gradle/caches/8.11.1/transforms/5e240b75891ce6a636723ed7a3b91862/transformed/ui-graphics-release because:
  Build cache is disabled
  Caching not enabled.
Transforming ui-text-release.aar (androidx.compose.ui:ui-text-android:1.7.6) with AarTransform
Downloading https://dl.google.com/dl/android/maven2/androidx/emoji2/emoji2/1.3.0/emoji2-1.3.0.aar to /home/runner/.gradle/.tmp/gradle_download15597700240531392393bin
Transforming emoji2-1.3.0.aar (androidx.emoji2:emoji2:1.3.0) with ExtractAarTransform
Caching disabled for AarTransform: /home/runner/.gradle/caches/8.11.1/transforms/de8de35990547289319eedc5ed7ee1e0/transformed/material3-release because:
  Build cache is disabled
  Caching not enabled.
Caching disabled for ExtractAarTransform: /home/runner/.gradle/caches/modules-2/files-2.1/androidx.emoji2/emoji2/1.3.0/37ed42991ddf77924510472dba632314aab1c9d9/emoji2-1.3.0.aar because:
  Build cache is disabled
  Caching not enabled.
Caching disabled for AarTransform: /home/runner/.gradle/caches/8.11.1/transforms/d998acb0a97327a2288f6fd477f8d865/transformed/ui-text-release because:
  Build cache is disabled
  Caching not enabled.
Caching disabled for ExtractAarTransform: /home/runner/.gradle/caches/modules-2/files-2.1/androidx.compose.foundation/foundation-android/1.7.6/a8d820c38cbfea353ef8766fc96b7c6918c23e87/foundation-release.aar because:
  Build cache is disabled
  Caching not enabled.
Transforming emoji2-1.3.0.aar (androidx.emoji2:emoji2:1.3.0) with AarTransform
Caching disabled for AarTransform: /home/runner/.gradle/caches/8.11.1/transforms/e944d2a0e8f857e281c6081cf2ac857b/transformed/emoji2-1.3.0 because:
  Build cache is disabled
  Caching not enabled.
Downloading https://dl.google.com/dl/android/maven2/androidx/lifecycle/lifecycle-runtime-compose-android/2.8.7/lifecycle-runtime-compose-android-2.8.7.aar to /home/runner/.gradle/.tmp/gradle_download2598341222133546639bin
Transforming lifecycle-runtime-compose-release.aar (androidx.lifecycle:lifecycle-runtime-compose-android:2.8.7) with ExtractAarTransform
Caching disabled for ExtractAarTransform: /home/runner/.gradle/caches/modules-2/files-2.1/androidx.lifecycle/lifecycle-runtime-compose-android/2.8.7/5851a3aee97f0a9157a97beafd457304629b60a1/lifecycle-runtime-compose-release.aar because:
  Build cache is disabled
  Caching not enabled.
Transforming lifecycle-runtime-compose-release.aar (androidx.lifecycle:lifecycle-runtime-compose-android:2.8.7) with AarTransform
Caching disabled for AarTransform: /home/runner/.gradle/caches/8.11.1/transforms/1f677cc729e06c09af18231fb7262960/transformed/lifecycle-runtime-compose-release because:
  Build cache is disabled
  Caching not enabled.
Downloading https://dl.google.com/dl/android/maven2/androidx/lifecycle/lifecycle-livedata-core/2.8.7/lifecycle-livedata-core-2.8.7.aar to /home/runner/.gradle/.tmp/gradle_download16402531649112156627bin
Transforming lifecycle-livedata-core-2.8.7.aar (androidx.lifecycle:lifecycle-livedata-core:2.8.7) with ExtractAarTransform
Caching disabled for ExtractAarTransform: /home/runner/.gradle/caches/modules-2/files-2.1/androidx.lifecycle/lifecycle-livedata-core/2.8.7/62e7efadd1ee10a038f39caa0a0242e19ae150dd/lifecycle-livedata-core-2.8.7.aar because:
  Build cache is disabled
  Caching not enabled.
Transforming lifecycle-livedata-core-2.8.7.aar (androidx.lifecycle:lifecycle-livedata-core:2.8.7) with AarTransform
Caching disabled for AarTransform: /home/runner/.gradle/caches/8.11.1/transforms/372ad2f6a52bfb7ff7dc40cc14f6304e/transformed/lifecycle-livedata-core-2.8.7 because:
  Build cache is disabled
  Caching not enabled.
Downloading https://dl.google.com/dl/android/maven2/androidx/lifecycle/lifecycle-runtime-ktx-android/2.8.7/lifecycle-runtime-ktx-android-2.8.7.aar to /home/runner/.gradle/.tmp/gradle_download16194798524341924882bin
Transforming lifecycle-runtime-ktx-release.aar (androidx.lifecycle:lifecycle-runtime-ktx-android:2.8.7) with ExtractAarTransform
Caching disabled for ExtractAarTransform: /home/runner/.gradle/caches/modules-2/files-2.1/androidx.lifecycle/lifecycle-runtime-ktx-android/2.8.7/4efeb13bc2500635dcffc517b401cb5270c6aa42/lifecycle-runtime-ktx-release.aar because:
  Build cache is disabled
  Caching not enabled.
Transforming lifecycle-runtime-ktx-release.aar (androidx.lifecycle:lifecycle-runtime-ktx-android:2.8.7) with AarTransform
Caching disabled for AarTransform: /home/runner/.gradle/caches/8.11.1/transforms/e8b2690a9208b8c19fc08fa049e09a0a/transformed/lifecycle-runtime-ktx-release because:
  Build cache is disabled
  Caching not enabled.
Downloading https://dl.google.com/dl/android/maven2/androidx/lifecycle/lifecycle-viewmodel-android/2.8.7/lifecycle-viewmodel-android-2.8.7.aar to /home/runner/.gradle/.tmp/gradle_download7320150001244487202bin
Transforming lifecycle-viewmodel-release.aar (androidx.lifecycle:lifecycle-viewmodel-android:2.8.7) with ExtractAarTransform
Caching disabled for ExtractAarTransform: /home/runner/.gradle/caches/modules-2/files-2.1/androidx.lifecycle/lifecycle-viewmodel-android/2.8.7/443f0c8663ee9d8424ee258f1d06e14fc9081327/lifecycle-viewmodel-release.aar because:
  Build cache is disabled
  Caching not enabled.
Downloading https://dl.google.com/dl/android/maven2/androidx/lifecycle/lifecycle-runtime-android/2.8.7/lifecycle-runtime-android-2.8.7.aar to /home/runner/.gradle/.tmp/gradle_download4216021814608583485bin
Transforming lifecycle-viewmodel-release.aar (androidx.lifecycle:lifecycle-viewmodel-android:2.8.7) with AarTransform
Caching disabled for AarTransform: /home/runner/.gradle/caches/8.11.1/transforms/7557869475eade91e472f860bd2d0bfe/transformed/lifecycle-viewmodel-release because:
  Build cache is disabled
  Caching not enabled.
Transforming lifecycle-runtime-release.aar (androidx.lifecycle:lifecycle-runtime-android:2.8.7) with ExtractAarTransform
Caching disabled for ExtractAarTransform: /home/runner/.gradle/caches/modules-2/files-2.1/androidx.lifecycle/lifecycle-runtime-android/2.8.7/279be810b484a629edf73cea65cdd85f91233cca/lifecycle-runtime-release.aar because:
  Build cache is disabled
  Caching not enabled.
Transforming lifecycle-runtime-release.aar (androidx.lifecycle:lifecycle-runtime-android:2.8.7) with AarTransform
Caching disabled for AarTransform: /home/runner/.gradle/caches/8.11.1/transforms/37ca274cc5f4f8df0bcdf1b3c9a7f642/transformed/lifecycle-runtime-release because:
  Build cache is disabled
  Caching not enabled.
Transforming foundation-release.aar (androidx.compose.foundation:foundation-android:1.7.6) with AarTransform
Downloading https://dl.google.com/dl/android/maven2/androidx/lifecycle/lifecycle-process/2.8.7/lifecycle-process-2.8.7.aar to /home/runner/.gradle/.tmp/gradle_download1484531692811776838bin
Transforming lifecycle-process-2.8.7.aar (androidx.lifecycle:lifecycle-process:2.8.7) with ExtractAarTransform
Downloading https://dl.google.com/dl/android/maven2/androidx/lifecycle/lifecycle-viewmodel-savedstate/2.8.7/lifecycle-viewmodel-savedstate-2.8.7.aar to /home/runner/.gradle/.tmp/gradle_download7513437101575948788bin
Caching disabled for ExtractAarTransform: /home/runner/.gradle/caches/modules-2/files-2.1/androidx.lifecycle/lifecycle-process/2.8.7/f9a66901525bbd05d398d4feddec4f0c39708099/lifecycle-process-2.8.7.aar because:
  Build cache is disabled
  Caching not enabled.
Transforming lifecycle-viewmodel-savedstate-2.8.7.aar (androidx.lifecycle:lifecycle-viewmodel-savedstate:2.8.7) with ExtractAarTransform
Caching disabled for ExtractAarTransform: /home/runner/.gradle/caches/modules-2/files-2.1/androidx.lifecycle/lifecycle-viewmodel-savedstate/2.8.7/a276ea2c0c811d5fac2c3fe03ddba78122c41deb/lifecycle-viewmodel-savedstate-2.8.7.aar because:
  Build cache is disabled
  Caching not enabled.
Downloading https://dl.google.com/dl/android/maven2/androidx/lifecycle/lifecycle-viewmodel-ktx/2.8.7/lifecycle-viewmodel-ktx-2.8.7.aar to /home/runner/.gradle/.tmp/gradle_download18016274103543080421bin
Transforming lifecycle-process-2.8.7.aar (androidx.lifecycle:lifecycle-process:2.8.7) with AarTransform
Transforming lifecycle-viewmodel-ktx-2.8.7.aar (androidx.lifecycle:lifecycle-viewmodel-ktx:2.8.7) with ExtractAarTransform
Caching disabled for AarTransform: /home/runner/.gradle/caches/8.11.1/transforms/c37406e4844ac2c4f86a1c65b4296a34/transformed/lifecycle-process-2.8.7 because:
  Build cache is disabled
  Caching not enabled.
Caching disabled for ExtractAarTransform: /home/runner/.gradle/caches/modules-2/files-2.1/androidx.lifecycle/lifecycle-viewmodel-ktx/2.8.7/f74daa218503c75030c39f8d5dcd8750c163792/lifecycle-viewmodel-ktx-2.8.7.aar because:
  Build cache is disabled
  Caching not enabled.
Transforming lifecycle-viewmodel-savedstate-2.8.7.aar (androidx.lifecycle:lifecycle-viewmodel-savedstate:2.8.7) with AarTransform
Caching disabled for AarTransform: /home/runner/.gradle/caches/8.11.1/transforms/8c3f1ae122a81665238f5182c147d455/transformed/lifecycle-viewmodel-savedstate-2.8.7 because:
  Build cache is disabled
  Caching not enabled.
Transforming lifecycle-viewmodel-ktx-2.8.7.aar (androidx.lifecycle:lifecycle-viewmodel-ktx:2.8.7) with AarTransform
Caching disabled for AarTransform: /home/runner/.gradle/caches/8.11.1/transforms/469f349dace3a03d12817116301f0550/transformed/lifecycle-viewmodel-ktx-2.8.7 because:
  Build cache is disabled
  Caching not enabled.
Downloading https://dl.google.com/dl/android/maven2/androidx/lifecycle/lifecycle-viewmodel-compose-android/2.8.7/lifecycle-viewmodel-compose-android-2.8.7.aar to /home/runner/.gradle/.tmp/gradle_download13976477573968980669bin
Transforming lifecycle-viewmodel-compose-release.aar (androidx.lifecycle:lifecycle-viewmodel-compose-android:2.8.7) with ExtractAarTransform
Downloading https://dl.google.com/dl/android/maven2/androidx/compose/ui/ui-android/1.7.6/ui-android-1.7.6.aar to /home/runner/.gradle/.tmp/gradle_download14709320363293099106bin
Caching disabled for ExtractAarTransform: /home/runner/.gradle/caches/modules-2/files-2.1/androidx.lifecycle/lifecycle-viewmodel-compose-android/2.8.7/4ad6d776a6552a3b0df2252f68a1eef6a3bf7710/lifecycle-viewmodel-compose-release.aar because:
  Build cache is disabled
  Caching not enabled.
Transforming lifecycle-viewmodel-compose-release.aar (androidx.lifecycle:lifecycle-viewmodel-compose-android:2.8.7) with AarTransform
Caching disabled for AarTransform: /home/runner/.gradle/caches/8.11.1/transforms/ecb13d304bf91ff0a2d8546bebc4e027/transformed/lifecycle-viewmodel-compose-release because:
  Build cache is disabled
  Caching not enabled.
Downloading https://dl.google.com/dl/android/maven2/androidx/autofill/autofill/1.0.0/autofill-1.0.0.aar to /home/runner/.gradle/.tmp/gradle_download10337826283094314850bin
Transforming autofill-1.0.0.aar (androidx.autofill:autofill:1.0.0) with ExtractAarTransform
Caching disabled for ExtractAarTransform: /home/runner/.gradle/caches/modules-2/files-2.1/androidx.autofill/autofill/1.0.0/d95a6e3b895ad8f037dd01d88c87138b6d5eb507/autofill-1.0.0.aar because:
  Build cache is disabled
  Caching not enabled.
Transforming autofill-1.0.0.aar (androidx.autofill:autofill:1.0.0) with AarTransform
Caching disabled for AarTransform: /home/runner/.gradle/caches/8.11.1/transforms/4bee49088ad9e0aeb4cfe20b54bf2013/transformed/autofill-1.0.0 because:
  Build cache is disabled
  Caching not enabled.
Downloading https://dl.google.com/dl/android/maven2/androidx/graphics/graphics-path/1.0.1/graphics-path-1.0.1.aar to /home/runner/.gradle/.tmp/gradle_download8141440201345878380bin
Transforming graphics-path-1.0.1.aar (androidx.graphics:graphics-path:1.0.1) with ExtractAarTransform
Caching disabled for ExtractAarTransform: /home/runner/.gradle/caches/modules-2/files-2.1/androidx.graphics/graphics-path/1.0.1/7e243033abd313c7202428422a01d48691378e33/graphics-path-1.0.1.aar because:
  Build cache is disabled
  Caching not enabled.
Downloading https://dl.google.com/dl/android/maven2/androidx/core/core/1.15.0/core-1.15.0.aar to /home/runner/.gradle/.tmp/gradle_download8463151600764804255bin
Transforming graphics-path-1.0.1.aar (androidx.graphics:graphics-path:1.0.1) with AarTransform
Caching disabled for AarTransform: /home/runner/.gradle/caches/8.11.1/transforms/2b9fa503552050337f9b86b8132a53e0/transformed/graphics-path-1.0.1 because:
  Build cache is disabled
  Caching not enabled.
Caching disabled for AarTransform: /home/runner/.gradle/caches/8.11.1/transforms/f4549f10372b527a95837e37242bc2a7/transformed/foundation-release because:
  Build cache is disabled
  Caching not enabled.
Transforming core-1.15.0.aar (androidx.core:core:1.15.0) with ExtractAarTransform
Transforming core-1.15.0.aar (androidx.core:core:1.15.0) with ExtractAarTransform
Transforming ui-release.aar (androidx.compose.ui:ui-android:1.7.6) with ExtractAarTransform
Downloading https://dl.google.com/dl/android/maven2/androidx/customview/customview-poolingcontainer/1.0.0/customview-poolingcontainer-1.0.0.aar to /home/runner/.gradle/.tmp/gradle_download5892819685609026357bin
Transforming customview-poolingcontainer-1.0.0.aar (androidx.customview:customview-poolingcontainer:1.0.0) with ExtractAarTransform
Caching disabled for ExtractAarTransform: /home/runner/.gradle/caches/modules-2/files-2.1/androidx.customview/customview-poolingcontainer/1.0.0/579fc832cf0e5be08d8d9571850b50d22d9de3c/customview-poolingcontainer-1.0.0.aar because:
  Build cache is disabled
  Caching not enabled.
Transforming customview-poolingcontainer-1.0.0.aar (androidx.customview:customview-poolingcontainer:1.0.0) with AarTransform
Caching disabled for AarTransform: /home/runner/.gradle/caches/8.11.1/transforms/ff6b4d73b0fb7dc15264723a14db6b14/transformed/customview-poolingcontainer-1.0.0 because:
  Build cache is disabled
  Caching not enabled.
Caching disabled for ExtractAarTransform: /home/runner/.gradle/caches/modules-2/files-2.1/androidx.core/core/1.15.0/e8d4c7eeed12403fdd2d5ef29a00ebe946d530d6/core-1.15.0.aar because:
  Build cache is disabled
  Caching not enabled.
Downloading https://dl.google.com/dl/android/maven2/androidx/core/core-ktx/1.15.0/core-ktx-1.15.0.aar to /home/runner/.gradle/.tmp/gradle_download9506352091622704151bin
Transforming core-ktx-1.15.0.aar (androidx.core:core-ktx:1.15.0) with ExtractAarTransform
Caching disabled for ExtractAarTransform: /home/runner/.gradle/caches/modules-2/files-2.1/androidx.core/core-ktx/1.15.0/b45c3596eb3875fcb756552706aed117caf90208/core-ktx-1.15.0.aar because:
  Build cache is disabled
  Caching not enabled.
Transforming core-ktx-1.15.0.aar (androidx.core:core-ktx:1.15.0) with AarTransform
Caching disabled for AarTransform: /home/runner/.gradle/caches/8.11.1/transforms/387494ee7323c051b2ec561bb25666f6/transformed/core-ktx-1.15.0 because:
  Build cache is disabled
  Caching not enabled.
Downloading https://dl.google.com/dl/android/maven2/androidx/compose/runtime/runtime-saveable-android/1.7.6/runtime-saveable-android-1.7.6.aar to /home/runner/.gradle/.tmp/gradle_download9318500942621269826bin
Transforming core-1.15.0.aar (androidx.core:core:1.15.0) with AarTransform
Transforming core-1.15.0.aar (androidx.core:core:1.15.0) with AarTransform
Transforming runtime-saveable-release.aar (androidx.compose.runtime:runtime-saveable-android:1.7.6) with ExtractAarTransform
Caching disabled for ExtractAarTransform: /home/runner/.gradle/caches/modules-2/files-2.1/androidx.compose.ui/ui-android/1.7.6/50f44a3b5cd79ed21f7c02e48b30129702200a56/ui-release.aar because:
  Build cache is disabled
  Caching not enabled.
Caching disabled for ExtractAarTransform: /home/runner/.gradle/caches/modules-2/files-2.1/androidx.compose.runtime/runtime-saveable-android/1.7.6/9fcb67c0ad7fa69d4dc19e2ebac3516f23896b1b/runtime-saveable-release.aar because:
  Build cache is disabled
  Caching not enabled.
Transforming runtime-saveable-release.aar (androidx.compose.runtime:runtime-saveable-android:1.7.6) with AarTransform
Caching disabled for AarTransform: /home/runner/.gradle/caches/8.11.1/transforms/d5a39e95ef83bb9b2a5a49d1421f0179/transformed/core-1.15.0 because:
  Build cache is disabled
  Caching not enabled.
Downloading https://dl.google.com/dl/android/maven2/androidx/compose/runtime/runtime-android/1.7.6/runtime-android-1.7.6.aar to /home/runner/.gradle/.tmp/gradle_download9663284020807967017bin
Downloading https://dl.google.com/dl/android/maven2/androidx/interpolator/interpolator/1.0.0/interpolator-1.0.0.aar to /home/runner/.gradle/.tmp/gradle_download2620120843926365442bin
Transforming interpolator-1.0.0.aar (androidx.interpolator:interpolator:1.0.0) with ExtractAarTransform
Caching disabled for AarTransform: /home/runner/.gradle/caches/8.11.1/transforms/4eaf163879220a33aa52b5ab66a6e319/transformed/runtime-saveable-release because:
  Build cache is disabled
  Caching not enabled.
Caching disabled for ExtractAarTransform: /home/runner/.gradle/caches/modules-2/files-2.1/androidx.interpolator/interpolator/1.0.0/8a01fa254a23b9388571eb6334b03707c7d122d7/interpolator-1.0.0.aar because:
  Build cache is disabled
  Caching not enabled.
Transforming interpolator-1.0.0.aar (androidx.interpolator:interpolator:1.0.0) with AarTransform
Transforming runtime-release.aar (androidx.compose.runtime:runtime-android:1.7.6) with ExtractAarTransform
Caching disabled for AarTransform: /home/runner/.gradle/caches/8.11.1/transforms/152f6345457c37c7f0e2346509c8263e/transformed/interpolator-1.0.0 because:
  Build cache is disabled
  Caching not enabled.
Downloading https://dl.google.com/dl/android/maven2/androidx/profileinstaller/profileinstaller/1.3.1/profileinstaller-1.3.1.aar to /home/runner/.gradle/.tmp/gradle_download12048016404570421550bin
Transforming profileinstaller-1.3.1.aar (androidx.profileinstaller:profileinstaller:1.3.1) with ExtractAarTransform
Transforming ui-release.aar (androidx.compose.ui:ui-android:1.7.6) with AarTransform
Downloading https://dl.google.com/dl/android/maven2/androidx/startup/startup-runtime/1.1.1/startup-runtime-1.1.1.aar to /home/runner/.gradle/.tmp/gradle_download14107882987384396679bin
Caching disabled for ExtractAarTransform: /home/runner/.gradle/caches/modules-2/files-2.1/androidx.profileinstaller/profileinstaller/1.3.1/c0bac819b4f88a648011542273373d1e5093e3a7/profileinstaller-1.3.1.aar because:
  Build cache is disabled
  Caching not enabled.
Transforming startup-runtime-1.1.1.aar (androidx.startup:startup-runtime:1.1.1) with ExtractAarTransform
Caching disabled for ExtractAarTransform: /home/runner/.gradle/caches/modules-2/files-2.1/androidx.startup/startup-runtime/1.1.1/9d4ba67056aff98b69eadc1477c19a1e67cb9470/startup-runtime-1.1.1.aar because:
  Build cache is disabled
  Caching not enabled.
Transforming profileinstaller-1.3.1.aar (androidx.profileinstaller:profileinstaller:1.3.1) with AarTransform
Caching disabled for AarTransform: /home/runner/.gradle/caches/8.11.1/transforms/d6a0272db2b66da6f60eb355100f002f/transformed/profileinstaller-1.3.1 because:
  Build cache is disabled
  Caching not enabled.
Transforming startup-runtime-1.1.1.aar (androidx.startup:startup-runtime:1.1.1) with AarTransform
Caching disabled for AarTransform: /home/runner/.gradle/caches/8.11.1/transforms/995dcf9a200e8d999ba3c7c19b288a6f/transformed/startup-runtime-1.1.1 because:
  Build cache is disabled
  Caching not enabled.
Caching disabled for ExtractAarTransform: /home/runner/.gradle/caches/modules-2/files-2.1/androidx.compose.runtime/runtime-android/1.7.6/4a413ce3ef6d1c1e9f8fdc47613154bbd6780ede/runtime-release.aar because:
  Build cache is disabled
  Caching not enabled.
Downloading https://dl.google.com/dl/android/maven2/androidx/versionedparcelable/versionedparcelable/1.1.1/versionedparcelable-1.1.1.aar to /home/runner/.gradle/.tmp/gradle_download11065935095045799738bin
Transforming versionedparcelable-1.1.1.aar (androidx.versionedparcelable:versionedparcelable:1.1.1) with ExtractAarTransform
Caching disabled for ExtractAarTransform: /home/runner/.gradle/caches/modules-2/files-2.1/androidx.versionedparcelable/versionedparcelable/1.1.1/18e18071e7715679e0593c570217edeb5ca48b9e/versionedparcelable-1.1.1.aar because:
  Build cache is disabled
  Caching not enabled.
Transforming versionedparcelable-1.1.1.aar (androidx.versionedparcelable:versionedparcelable:1.1.1) with AarTransform
Caching disabled for AarTransform: /home/runner/.gradle/caches/8.11.1/transforms/85ba03369b5f40af279deed8927656be/transformed/versionedparcelable-1.1.1 because:
  Build cache is disabled
  Caching not enabled.
Downloading https://dl.google.com/dl/android/maven2/androidx/arch/core/core-runtime/2.2.0/core-runtime-2.2.0.aar to /home/runner/.gradle/.tmp/gradle_download6634388445074270396bin
Transforming core-runtime-2.2.0.aar (androidx.arch.core:core-runtime:2.2.0) with ExtractAarTransform
Caching disabled for ExtractAarTransform: /home/runner/.gradle/caches/modules-2/files-2.1/androidx.arch.core/core-runtime/2.2.0/39705982680d78556b679ef9d5400d4f17509b0b/core-runtime-2.2.0.aar because:
  Build cache is disabled
  Caching not enabled.
Caching disabled for AarTransform: /home/runner/.gradle/caches/8.11.1/transforms/1134bc7b9479853c21619d23c3f0a72b/transformed/ui-release because:
  Build cache is disabled
  Caching not enabled.
Transforming core-runtime-2.2.0.aar (androidx.arch.core:core-runtime:2.2.0) with AarTransform
Transforming runtime-release.aar (androidx.compose.runtime:runtime-android:1.7.6) with AarTransform
Downloading https://dl.google.com/dl/android/maven2/androidx/tracing/tracing/1.2.0/tracing-1.2.0.aar to /home/runner/.gradle/.tmp/gradle_download17824869225348145433bin
Caching disabled for AarTransform: /home/runner/.gradle/caches/8.11.1/transforms/07018a9bea237162a0f010e5064dafd4/transformed/core-runtime-2.2.0 because:
  Build cache is disabled
  Caching not enabled.
Transforming tracing-1.2.0.aar (androidx.tracing:tracing:1.2.0) with ExtractAarTransform
Caching disabled for ExtractAarTransform: /home/runner/.gradle/caches/modules-2/files-2.1/androidx.tracing/tracing/1.2.0/a6ac2cc501278fdc99c56b428548e0cd1e9300f7/tracing-1.2.0.aar because:
  Build cache is disabled
  Caching not enabled.
Transforming tracing-1.2.0.aar (androidx.tracing:tracing:1.2.0) with AarTransform
Caching disabled for AarTransform: /home/runner/.gradle/caches/8.11.1/transforms/796416708e98c36febc75fb0c130477a/transformed/tracing-1.2.0 because:
  Build cache is disabled
  Caching not enabled.
Downloading https://dl.google.com/dl/android/maven2/androidx/annotation/annotation-experimental/1.4.1/annotation-experimental-1.4.1.aar to /home/runner/.gradle/.tmp/gradle_download2028122502750295939bin
Transforming annotation-experimental-1.4.1.aar (androidx.annotation:annotation-experimental:1.4.1) with ExtractAarTransform
Caching disabled for ExtractAarTransform: /home/runner/.gradle/caches/modules-2/files-2.1/androidx.annotation/annotation-experimental/1.4.1/7851235e2a16ce50270a74b555edaf9209b42864/annotation-experimental-1.4.1.aar because:
  Build cache is disabled
  Caching not enabled.
Transforming annotation-experimental-1.4.1.aar (androidx.annotation:annotation-experimental:1.4.1) with AarTransform
Caching disabled for AarTransform: /home/runner/.gradle/caches/8.11.1/transforms/1c13bf3751a84302073f68223688a891/transformed/annotation-experimental-1.4.1 because:
  Build cache is disabled
  Caching not enabled.
Caching disabled for AarTransform: /home/runner/.gradle/caches/8.11.1/transforms/86c9aae865d2ec3e4827ac77095048f8/transformed/runtime-release because:
  Build cache is disabled
  Caching not enabled.
Caching disabled for task ':sample-app:checkDebugAarMetadata' because:
  Build cache is disabled
  Caching has been disabled for the task
Task ':sample-app:checkDebugAarMetadata' is not up-to-date because:
  No history is available.

Resolve mutations for :weft-compose:generateDebugResources (Thread[Execution worker Thread 2,5,main]) started.
:weft-compose:generateDebugResources (Thread[Execution worker Thread 2,5,main]) started.

> Task :weft-compose:generateDebugResources
Caching disabled for task ':weft-compose:generateDebugResources' because:
  Build cache is disabled
Task ':weft-compose:generateDebugResources' is not up-to-date because:
  No history is available.
Resolve mutations for :weft-compose:packageDebugResources (Thread[Execution worker Thread 2,5,main]) started.
:weft-compose:packageDebugResources (Thread[Execution worker Thread 2,5,main]) started.

> Task :weft-compose:packageDebugResources
Caching disabled for task ':weft-compose:packageDebugResources' because:
  Build cache is disabled
Task ':weft-compose:packageDebugResources' is not up-to-date because:
  No history is available.
The input changes require a full rebuild for incremental task ':weft-compose:packageDebugResources'.
[MergeResources] Inputs are non-incremental full task action.
work action resolve packageDebugResources (project :weft-compose) (Thread[Execution worker Thread 2,5,main]) started.
Resolve mutations for :weft-core:generateDebugResValues (Thread[Execution worker Thread 2,5,main]) started.
:weft-core:generateDebugResValues (Thread[Execution worker Thread 2,5,main]) started.

> Task :weft-core:generateDebugResValues
Caching disabled for task ':weft-core:generateDebugResValues' because:
  Build cache is disabled
Task ':weft-core:generateDebugResValues' is not up-to-date because:
  No history is available.
Resolve mutations for :weft-core:generateDebugResources (Thread[Execution worker Thread 2,5,main]) started.
:weft-core:generateDebugResources (Thread[Execution worker Thread 2,5,main]) started.

> Task :weft-core:generateDebugResources
Caching disabled for task ':weft-core:generateDebugResources' because:
  Build cache is disabled
Task ':weft-core:generateDebugResources' is not up-to-date because:
  No history is available.
Resolve mutations for :weft-core:packageDebugResources (Thread[Execution worker Thread 2,5,main]) started.
:weft-core:packageDebugResources (Thread[Execution worker Thread 2,5,main]) started.

> Task :weft-core:packageDebugResources
Caching disabled for task ':weft-core:packageDebugResources' because:
  Build cache is disabled
Task ':weft-core:packageDebugResources' is not up-to-date because:
  No history is available.
The input changes require a full rebuild for incremental task ':weft-core:packageDebugResources'.
[MergeResources] Inputs are non-incremental full task action.
work action resolve packageDebugResources (project :weft-core) (Thread[Execution worker Thread 2,5,main]) started.
Resolve mutations for :sample-app:mapDebugSourceSetPaths (Thread[Execution worker Thread 2,5,main]) started.
:sample-app:mapDebugSourceSetPaths (Thread[Execution worker Thread 2,5,main]) started.

> Task :sample-app:mapDebugSourceSetPaths
Transforming activity-1.9.3.aar (androidx.activity:activity:1.9.3) with ExtractAarTransform
Transforming activity-1.9.3.aar (androidx.activity:activity:1.9.3) with AarTransform
Transforming activity-ktx-1.9.3.aar (androidx.activity:activity-ktx:1.9.3) with ExtractAarTransform
Transforming activity-ktx-1.9.3.aar (androidx.activity:activity-ktx:1.9.3) with AarTransform
Transforming material3-release.aar (androidx.compose.material3:material3-android:1.3.1) with ExtractAarTransform
Transforming material3-release.aar (androidx.compose.material3:material3-android:1.3.1) with AarTransform
Transforming activity-compose-1.9.3.aar (androidx.activity:activity-compose:1.9.3) with ExtractAarTransform
Transforming activity-compose-1.9.3.aar (androidx.activity:activity-compose:1.9.3) with AarTransform
Transforming savedstate-ktx-1.2.1.aar (androidx.savedstate:savedstate-ktx:1.2.1) with ExtractAarTransform
Transforming savedstate-ktx-1.2.1.aar (androidx.savedstate:savedstate-ktx:1.2.1) with AarTransform
Caching disabled for AarTransform: /home/runner/.gradle/caches/8.11.1/transforms/e19c46e29b05aef1921948202dd63ee3/transformed/activity-1.9.3 because:
  Build cache is disabled
  Caching not enabled.
Transforming savedstate-1.2.1.aar (androidx.savedstate:savedstate:1.2.1) with ExtractAarTransform
Caching disabled for AarTransform: /home/runner/.gradle/caches/8.11.1/transforms/14a587fae74d0ea88beb2e529faef0d4/transformed/activity-ktx-1.9.3 because:
  Build cache is disabled
  Caching not enabled.
Transforming savedstate-1.2.1.aar (androidx.savedstate:savedstate:1.2.1) with AarTransform
Transforming material-icons-core-release.aar (androidx.compose.material:material-icons-core-android:1.6.0) with ExtractAarTransform
Transforming material-icons-core-release.aar (androidx.compose.material:material-icons-core-android:1.6.0) with AarTransform
Transforming material-ripple-release.aar (androidx.compose.material:material-ripple-android:1.7.0) with ExtractAarTransform
Transforming material-ripple-release.aar (androidx.compose.material:material-ripple-android:1.7.0) with AarTransform
Transforming animation-core-release.aar (androidx.compose.animation:animation-core-android:1.7.6) with ExtractAarTransform
Transforming animation-core-release.aar (androidx.compose.animation:animation-core-android:1.7.6) with AarTransform
Transforming animation-release.aar (androidx.compose.animation:animation-android:1.7.6) with ExtractAarTransform
Transforming animation-release.aar (androidx.compose.animation:animation-android:1.7.6) with AarTransform
Transforming foundation-layout-release.aar (androidx.compose.foundation:foundation-layout-android:1.7.6) with ExtractAarTransform
Transforming foundation-layout-release.aar (androidx.compose.foundation:foundation-layout-android:1.7.6) with AarTransform
Transforming foundation-release.aar (androidx.compose.foundation:foundation-android:1.7.6) with ExtractAarTransform
Transforming foundation-release.aar (androidx.compose.foundation:foundation-android:1.7.6) with AarTransform
Transforming ui-util-release.aar (androidx.compose.ui:ui-util-android:1.7.6) with ExtractAarTransform
Transforming ui-util-release.aar (androidx.compose.ui:ui-util-android:1.7.6) with AarTransform
Transforming ui-unit-release.aar (androidx.compose.ui:ui-unit-android:1.7.6) with ExtractAarTransform
Transforming ui-unit-release.aar (androidx.compose.ui:ui-unit-android:1.7.6) with AarTransform
Transforming ui-graphics-release.aar (androidx.compose.ui:ui-graphics-android:1.7.6) with ExtractAarTransform
Transforming ui-graphics-release.aar (androidx.compose.ui:ui-graphics-android:1.7.6) with AarTransform
Transforming ui-geometry-release.aar (androidx.compose.ui:ui-geometry-android:1.7.6) with ExtractAarTransform
Transforming ui-geometry-release.aar (androidx.compose.ui:ui-geometry-android:1.7.6) with AarTransform
Transforming ui-text-release.aar (androidx.compose.ui:ui-text-android:1.7.6) with ExtractAarTransform
Transforming ui-text-release.aar (androidx.compose.ui:ui-text-android:1.7.6) with AarTransform
Transforming emoji2-1.3.0.aar (androidx.emoji2:emoji2:1.3.0) with ExtractAarTransform
Transforming emoji2-1.3.0.aar (androidx.emoji2:emoji2:1.3.0) with AarTransform
Transforming lifecycle-process-2.8.7.aar (androidx.lifecycle:lifecycle-process:2.8.7) with ExtractAarTransform
Transforming lifecycle-process-2.8.7.aar (androidx.lifecycle:lifecycle-process:2.8.7) with AarTransform
Transforming lifecycle-runtime-compose-release.aar (androidx.lifecycle:lifecycle-runtime-compose-android:2.8.7) with ExtractAarTransform
Transforming lifecycle-runtime-compose-release.aar (androidx.lifecycle:lifecycle-runtime-compose-android:2.8.7) with AarTransform
Transforming lifecycle-livedata-core-2.8.7.aar (androidx.lifecycle:lifecycle-livedata-core:2.8.7) with ExtractAarTransform
Transforming lifecycle-livedata-core-2.8.7.aar (androidx.lifecycle:lifecycle-livedata-core:2.8.7) with AarTransform
Transforming lifecycle-runtime-ktx-release.aar (androidx.lifecycle:lifecycle-runtime-ktx-android:2.8.7) with ExtractAarTransform
Transforming lifecycle-runtime-ktx-release.aar (androidx.lifecycle:lifecycle-runtime-ktx-android:2.8.7) with AarTransform
Transforming lifecycle-viewmodel-release.aar (androidx.lifecycle:lifecycle-viewmodel-android:2.8.7) with ExtractAarTransform
Transforming lifecycle-viewmodel-release.aar (androidx.lifecycle:lifecycle-viewmodel-android:2.8.7) with AarTransform
Transforming lifecycle-runtime-release.aar (androidx.lifecycle:lifecycle-runtime-android:2.8.7) with ExtractAarTransform
Caching disabled for AarTransform: /home/runner/.gradle/caches/8.11.1/transforms/3a1236b98f57ea50ba4682cb5361c5fd/transformed/savedstate-ktx-1.2.1 because:
  Build cache is disabled
  Caching not enabled.
Transforming lifecycle-runtime-release.aar (androidx.lifecycle:lifecycle-runtime-android:2.8.7) with AarTransform
Transforming lifecycle-viewmodel-savedstate-2.8.7.aar (androidx.lifecycle:lifecycle-viewmodel-savedstate:2.8.7) with ExtractAarTransform
Transforming lifecycle-viewmodel-savedstate-2.8.7.aar (androidx.lifecycle:lifecycle-viewmodel-savedstate:2.8.7) with AarTransform
Transforming lifecycle-viewmodel-ktx-2.8.7.aar (androidx.lifecycle:lifecycle-viewmodel-ktx:2.8.7) with ExtractAarTransform
Caching disabled for AarTransform: /home/runner/.gradle/caches/8.11.1/transforms/de8de35990547289319eedc5ed7ee1e0/transformed/material3-release because:
  Build cache is disabled
  Caching not enabled.
Transforming lifecycle-viewmodel-ktx-2.8.7.aar (androidx.lifecycle:lifecycle-viewmodel-ktx:2.8.7) with AarTransform
Transforming lifecycle-viewmodel-compose-release.aar (androidx.lifecycle:lifecycle-viewmodel-compose-android:2.8.7) with ExtractAarTransform
Transforming lifecycle-viewmodel-compose-release.aar (androidx.lifecycle:lifecycle-viewmodel-compose-android:2.8.7) with AarTransform
Transforming ui-release.aar (androidx.compose.ui:ui-android:1.7.6) with ExtractAarTransform
Transforming ui-release.aar (androidx.compose.ui:ui-android:1.7.6) with AarTransform
Transforming autofill-1.0.0.aar (androidx.autofill:autofill:1.0.0) with ExtractAarTransform
Caching disabled for AarTransform: /home/runner/.gradle/caches/8.11.1/transforms/7421a4698030bc89d4d073c43f08d1b6/transformed/activity-compose-1.9.3 because:
  Build cache is disabled
  Caching not enabled.
Transforming autofill-1.0.0.aar (androidx.autofill:autofill:1.0.0) with AarTransform
Transforming graphics-path-1.0.1.aar (androidx.graphics:graphics-path:1.0.1) with ExtractAarTransform
Transforming graphics-path-1.0.1.aar (androidx.graphics:graphics-path:1.0.1) with AarTransform
Transforming core-1.15.0.aar (androidx.core:core:1.15.0) with ExtractAarTransform
Transforming core-1.15.0.aar (androidx.core:core:1.15.0) with AarTransform
Transforming core-1.15.0.aar (androidx.core:core:1.15.0) with ExtractAarTransform
Transforming core-1.15.0.aar (androidx.core:core:1.15.0) with AarTransform
Transforming customview-poolingcontainer-1.0.0.aar (androidx.customview:customview-poolingcontainer:1.0.0) with ExtractAarTransform
Transforming customview-poolingcontainer-1.0.0.aar (androidx.customview:customview-poolingcontainer:1.0.0) with AarTransform
Transforming core-ktx-1.15.0.aar (androidx.core:core-ktx:1.15.0) with ExtractAarTransform
Transforming core-ktx-1.15.0.aar (androidx.core:core-ktx:1.15.0) with AarTransform
Transforming runtime-saveable-release.aar (androidx.compose.runtime:runtime-saveable-android:1.7.6) with ExtractAarTransform
Transforming runtime-saveable-release.aar (androidx.compose.runtime:runtime-saveable-android:1.7.6) with AarTransform
Transforming runtime-release.aar (androidx.compose.runtime:runtime-android:1.7.6) with ExtractAarTransform
Transforming runtime-release.aar (androidx.compose.runtime:runtime-android:1.7.6) with AarTransform
Transforming interpolator-1.0.0.aar (androidx.interpolator:interpolator:1.0.0) with ExtractAarTransform
Transforming interpolator-1.0.0.aar (androidx.interpolator:interpolator:1.0.0) with AarTransform
Transforming profileinstaller-1.3.1.aar (androidx.profileinstaller:profileinstaller:1.3.1) with ExtractAarTransform
Transforming profileinstaller-1.3.1.aar (androidx.profileinstaller:profileinstaller:1.3.1) with AarTransform
Transforming startup-runtime-1.1.1.aar (androidx.startup:startup-runtime:1.1.1) with ExtractAarTransform
Transforming startup-runtime-1.1.1.aar (androidx.startup:startup-runtime:1.1.1) with AarTransform
Transforming tracing-1.2.0.aar (androidx.tracing:tracing:1.2.0) with ExtractAarTransform
Transforming tracing-1.2.0.aar (androidx.tracing:tracing:1.2.0) with AarTransform
Transforming versionedparcelable-1.1.1.aar (androidx.versionedparcelable:versionedparcelable:1.1.1) with ExtractAarTransform
Transforming versionedparcelable-1.1.1.aar (androidx.versionedparcelable:versionedparcelable:1.1.1) with AarTransform
Transforming core-runtime-2.2.0.aar (androidx.arch.core:core-runtime:2.2.0) with ExtractAarTransform
Transforming core-runtime-2.2.0.aar (androidx.arch.core:core-runtime:2.2.0) with AarTransform
Transforming annotation-experimental-1.4.1.aar (androidx.annotation:annotation-experimental:1.4.1) with ExtractAarTransform
Transforming annotation-experimental-1.4.1.aar (androidx.annotation:annotation-experimental:1.4.1) with AarTransform
Caching disabled for AarTransform: /home/runner/.gradle/caches/8.11.1/transforms/b625fe0482c8ba8b21f3ab56c07a4653/transformed/savedstate-1.2.1 because:
  Build cache is disabled
  Caching not enabled.
Caching disabled for AarTransform: /home/runner/.gradle/caches/8.11.1/transforms/c634742bb781cc6a3ff220e89ec6a6c3/transformed/material-icons-core-release because:
  Build cache is disabled
  Caching not enabled.
Caching disabled for AarTransform: /home/runner/.gradle/caches/8.11.1/transforms/35eda86bc342691a6ca517f9da12e886/transformed/material-ripple-release because:
  Build cache is disabled
  Caching not enabled.
Caching disabled for AarTransform: /home/runner/.gradle/caches/8.11.1/transforms/de57972c072e3620c4759dce2fa0f493/transformed/animation-core-release because:
  Build cache is disabled
  Caching not enabled.
Caching disabled for AarTransform: /home/runner/.gradle/caches/8.11.1/transforms/8d56f5a7f3ab3827f422a61c24a4f8a0/transformed/animation-release because:
  Build cache is disabled
  Caching not enabled.
Caching disabled for AarTransform: /home/runner/.gradle/caches/8.11.1/transforms/1645c4ca5f60c689b6c54bd621edba6d/transformed/foundation-layout-release because:
  Build cache is disabled
  Caching not enabled.
Caching disabled for AarTransform: /home/runner/.gradle/caches/8.11.1/transforms/f4549f10372b527a95837e37242bc2a7/transformed/foundation-release because:
  Build cache is disabled
  Caching not enabled.
Caching disabled for AarTransform: /home/runner/.gradle/caches/8.11.1/transforms/d011fca456783afe6e44c97b7b09d6d2/transformed/ui-util-release because:
  Build cache is disabled
  Caching not enabled.
Caching disabled for AarTransform: /home/runner/.gradle/caches/8.11.1/transforms/5d9f5c8dc827ed79d31c4c1948c691d9/transformed/ui-unit-release because:
  Build cache is disabled
  Caching not enabled.
Caching disabled for AarTransform: /home/runner/.gradle/caches/8.11.1/transforms/5e240b75891ce6a636723ed7a3b91862/transformed/ui-graphics-release because:
  Build cache is disabled
  Caching not enabled.
Caching disabled for AarTransform: /home/runner/.gradle/caches/8.11.1/transforms/d998acb0a97327a2288f6fd477f8d865/transformed/ui-text-release because:
  Build cache is disabled
  Caching not enabled.
Caching disabled for AarTransform: /home/runner/.gradle/caches/8.11.1/transforms/eee286aafefa0c22514751e42c830238/transformed/ui-geometry-release because:
  Build cache is disabled
  Caching not enabled.
Caching disabled for AarTransform: /home/runner/.gradle/caches/8.11.1/transforms/c37406e4844ac2c4f86a1c65b4296a34/transformed/lifecycle-process-2.8.7 because:
  Build cache is disabled
  Caching not enabled.
Caching disabled for AarTransform: /home/runner/.gradle/caches/8.11.1/transforms/e944d2a0e8f857e281c6081cf2ac857b/transformed/emoji2-1.3.0 because:
  Build cache is disabled
  Caching not enabled.
Caching disabled for AarTransform: /home/runner/.gradle/caches/8.11.1/transforms/1f677cc729e06c09af18231fb7262960/transformed/lifecycle-runtime-compose-release because:
  Build cache is disabled
  Caching not enabled.
Caching disabled for AarTransform: /home/runner/.gradle/caches/8.11.1/transforms/372ad2f6a52bfb7ff7dc40cc14f6304e/transformed/lifecycle-livedata-core-2.8.7 because:
  Build cache is disabled
  Caching not enabled.
Caching disabled for AarTransform: /home/runner/.gradle/caches/8.11.1/transforms/e8b2690a9208b8c19fc08fa049e09a0a/transformed/lifecycle-runtime-ktx-release because:
  Build cache is disabled
  Caching not enabled.
Caching disabled for AarTransform: /home/runner/.gradle/caches/8.11.1/transforms/7557869475eade91e472f860bd2d0bfe/transformed/lifecycle-viewmodel-release because:
  Build cache is disabled
  Caching not enabled.
Caching disabled for AarTransform: /home/runner/.gradle/caches/8.11.1/transforms/37ca274cc5f4f8df0bcdf1b3c9a7f642/transformed/lifecycle-runtime-release because:
  Build cache is disabled
  Caching not enabled.
Caching disabled for AarTransform: /home/runner/.gradle/caches/8.11.1/transforms/ecb13d304bf91ff0a2d8546bebc4e027/transformed/lifecycle-viewmodel-compose-release because:
  Build cache is disabled
  Caching not enabled.
Caching disabled for AarTransform: /home/runner/.gradle/caches/8.11.1/transforms/469f349dace3a03d12817116301f0550/transformed/lifecycle-viewmodel-ktx-2.8.7 because:
  Build cache is disabled
  Caching not enabled.
Caching disabled for AarTransform: /home/runner/.gradle/caches/8.11.1/transforms/8c3f1ae122a81665238f5182c147d455/transformed/lifecycle-viewmodel-savedstate-2.8.7 because:
  Build cache is disabled
  Caching not enabled.
Caching disabled for AarTransform: /home/runner/.gradle/caches/8.11.1/transforms/1134bc7b9479853c21619d23c3f0a72b/transformed/ui-release because:
  Build cache is disabled
  Caching not enabled.
Caching disabled for AarTransform: /home/runner/.gradle/caches/8.11.1/transforms/4bee49088ad9e0aeb4cfe20b54bf2013/transformed/autofill-1.0.0 because:
  Build cache is disabled
  Caching not enabled.
Caching disabled for AarTransform: /home/runner/.gradle/caches/8.11.1/transforms/2b9fa503552050337f9b86b8132a53e0/transformed/graphics-path-1.0.1 because:
  Build cache is disabled
  Caching not enabled.
Caching disabled for AarTransform: /home/runner/.gradle/caches/8.11.1/transforms/d5a39e95ef83bb9b2a5a49d1421f0179/transformed/core-1.15.0 because:
  Build cache is disabled
  Caching not enabled.
Caching disabled for AarTransform: /home/runner/.gradle/caches/8.11.1/transforms/387494ee7323c051b2ec561bb25666f6/transformed/core-ktx-1.15.0 because:
  Build cache is disabled
  Caching not enabled.
Caching disabled for AarTransform: /home/runner/.gradle/caches/8.11.1/transforms/ff6b4d73b0fb7dc15264723a14db6b14/transformed/customview-poolingcontainer-1.0.0 because:
  Build cache is disabled
  Caching not enabled.
Caching disabled for AarTransform: /home/runner/.gradle/caches/8.11.1/transforms/4eaf163879220a33aa52b5ab66a6e319/transformed/runtime-saveable-release because:
  Build cache is disabled
  Caching not enabled.
Caching disabled for AarTransform: /home/runner/.gradle/caches/8.11.1/transforms/152f6345457c37c7f0e2346509c8263e/transformed/interpolator-1.0.0 because:
  Build cache is disabled
  Caching not enabled.
Caching disabled for AarTransform: /home/runner/.gradle/caches/8.11.1/transforms/d6a0272db2b66da6f60eb355100f002f/transformed/profileinstaller-1.3.1 because:
  Build cache is disabled
  Caching not enabled.
Caching disabled for AarTransform: /home/runner/.gradle/caches/8.11.1/transforms/86c9aae865d2ec3e4827ac77095048f8/transformed/runtime-release because:
  Build cache is disabled
  Caching not enabled.
Caching disabled for AarTransform: /home/runner/.gradle/caches/8.11.1/transforms/796416708e98c36febc75fb0c130477a/transformed/tracing-1.2.0 because:
  Build cache is disabled
  Caching not enabled.
Caching disabled for AarTransform: /home/runner/.gradle/caches/8.11.1/transforms/995dcf9a200e8d999ba3c7c19b288a6f/transformed/startup-runtime-1.1.1 because:
  Build cache is disabled
  Caching not enabled.
Caching disabled for AarTransform: /home/runner/.gradle/caches/8.11.1/transforms/85ba03369b5f40af279deed8927656be/transformed/versionedparcelable-1.1.1 because:
  Build cache is disabled
  Caching not enabled.
Caching disabled for AarTransform: /home/runner/.gradle/caches/8.11.1/transforms/07018a9bea237162a0f010e5064dafd4/transformed/core-runtime-2.2.0 because:
  Build cache is disabled
  Caching not enabled.
Caching disabled for AarTransform: /home/runner/.gradle/caches/8.11.1/transforms/1c13bf3751a84302073f68223688a891/transformed/annotation-experimental-1.4.1 because:
  Build cache is disabled
  Caching not enabled.
Caching disabled for task ':sample-app:mapDebugSourceSetPaths' because:
  Build cache is disabled
  Caching has been disabled for the task
Task ':sample-app:mapDebugSourceSetPaths' is not up-to-date because:
  No history is available.
Resolve mutations for :sample-app:generateDebugResources (Thread[Execution worker Thread 2,5,main]) started.
:sample-app:generateDebugResources (Thread[Execution worker Thread 2,5,main]) started.

> Task :sample-app:generateDebugResources
Caching disabled for task ':sample-app:generateDebugResources' because:
  Build cache is disabled
Task ':sample-app:generateDebugResources' is not up-to-date because:
  No history is available.
Resolve mutations for :sample-app:mergeDebugResources (Thread[Execution worker Thread 3,5,main]) started.
:sample-app:mergeDebugResources (Thread[Execution worker Thread 3,5,main]) started.
Resolve mutations for :sample-app:packageDebugResources (Thread[Execution worker Thread 2,5,main]) started.
:sample-app:packageDebugResources (Thread[Execution worker Thread 2,5,main]) started.

> Task :sample-app:packageDebugResources
Caching disabled for task ':sample-app:packageDebugResources' because:
  Build cache is disabled
Task ':sample-app:packageDebugResources' is not up-to-date because:
  No history is available.
The input changes require a full rebuild for incremental task ':sample-app:packageDebugResources'.
[MergeResources] Inputs are non-incremental full task action.
Resolve mutations for :sample-app:parseDebugLocalResources (Thread[Execution worker,5,main]) started.
:sample-app:parseDebugLocalResources (Thread[Execution worker,5,main]) started.

> Task :sample-app:mergeDebugResources
Caching disabled for task ':sample-app:mergeDebugResources' because:
  Build cache is disabled
Task ':sample-app:mergeDebugResources' is not up-to-date because:
  No history is available.
The input changes require a full rebuild for incremental task ':sample-app:mergeDebugResources'.
[MergeResources] Inputs are non-incremental full task action.
Compiling XML table /home/runner/work/Weft/Weft/android/sample-app/build/intermediates/incremental/debug/mergeDebugResources/merged.dir/values-de/values-de.xml to /home/runner/work/Weft/Weft/android/sample-app/build/intermediates/merged_res/debug/mergeDebugResources/values-de_values-de.arsc.flat
Compiling XML table /home/runner/work/Weft/Weft/android/sample-app/build/intermediates/incremental/debug/mergeDebugResources/merged.dir/values/values.xml to /home/runner/work/Weft/Weft/android/sample-app/build/intermediates/merged_res/debug/mergeDebugResources/values_values.arsc.flat
Compiling XML table /home/runner/work/Weft/Weft/android/sample-app/build/intermediates/incremental/debug/mergeDebugResources/merged.dir/values-lo/values-lo.xml to /home/runner/work/Weft/Weft/android/sample-app/build/intermediates/merged_res/debug/mergeDebugResources/values-lo_values-lo.arsc.flat
Compiling XML table /home/runner/work/Weft/Weft/android/sample-app/build/intermediates/incremental/debug/mergeDebugResources/merged.dir/values-hi/values-hi.xml to /home/runner/work/Weft/Weft/android/sample-app/build/intermediates/merged_res/debug/mergeDebugResources/values-hi_values-hi.arsc.flat
Compiling XML table /home/runner/work/Weft/Weft/android/sample-app/build/intermediates/incremental/debug/mergeDebugResources/merged.dir/values-lt/values-lt.xml to /home/runner/work/Weft/Weft/android/sample-app/build/intermediates/merged_res/debug/mergeDebugResources/values-lt_values-lt.arsc.flat
Compiling XML table /home/runner/work/Weft/Weft/android/sample-app/build/intermediates/incremental/debug/mergeDebugResources/merged.dir/values-lv/values-lv.xml to /home/runner/work/Weft/Weft/android/sample-app/build/intermediates/merged_res/debug/mergeDebugResources/values-lv_values-lv.arsc.flat
Compiling XML table /home/runner/work/Weft/Weft/android/sample-app/build/intermediates/incremental/debug/mergeDebugResources/merged.dir/values-hr/values-hr.xml to /home/runner/work/Weft/Weft/android/sample-app/build/intermediates/merged_res/debug/mergeDebugResources/values-hr_values-hr.arsc.flat
Compiling XML table /home/runner/work/Weft/Weft/android/sample-app/build/intermediates/incremental/debug/mergeDebugResources/merged.dir/values-pt/values-pt.xml to /home/runner/work/Weft/Weft/android/sample-app/build/intermediates/merged_res/debug/mergeDebugResources/values-pt_values-pt.arsc.flat
Compiling XML table /home/runner/work/Weft/Weft/android/sample-app/build/intermediates/incremental/debug/mergeDebugResources/merged.dir/values-hu/values-hu.xml to /home/runner/work/Weft/Weft/android/sample-app/build/intermediates/merged_res/debug/mergeDebugResources/values-hu_values-hu.arsc.flat
Compiling XML table /home/runner/work/Weft/Weft/android/sample-app/build/intermediates/incremental/debug/mergeDebugResources/merged.dir/values-ur/values-ur.xml to /home/runner/work/Weft/Weft/android/sample-app/build/intermediates/merged_res/debug/mergeDebugResources/values-ur_values-ur.arsc.flat
Compiling XML table /home/runner/work/Weft/Weft/android/sample-app/build/intermediates/incremental/debug/mergeDebugResources/merged.dir/values-en-rIN/values-en-rIN.xml to /home/runner/work/Weft/Weft/android/sample-app/build/intermediates/merged_res/debug/mergeDebugResources/values-en-rIN_values-en-rIN.arsc.flat
Compiling XML table /home/runner/work/Weft/Weft/android/sample-app/build/intermediates/incremental/debug/mergeDebugResources/merged.dir/values-uk/values-uk.xml to /home/runner/work/Weft/Weft/android/sample-app/build/intermediates/merged_res/debug/mergeDebugResources/values-uk_values-uk.arsc.flat
Compiling XML table /home/runner/work/Weft/Weft/android/sample-app/build/intermediates/incremental/debug/mergeDebugResources/merged.dir/values-uz/values-uz.xml to /home/runner/work/Weft/Weft/android/sample-app/build/intermediates/merged_res/debug/mergeDebugResources/values-uz_values-uz.arsc.flat
Compiling XML table /home/runner/work/Weft/Weft/android/sample-app/build/intermediates/incremental/debug/mergeDebugResources/merged.dir/values-hy/values-hy.xml to /home/runner/work/Weft/Weft/android/sample-app/build/intermediates/merged_res/debug/mergeDebugResources/values-hy_values-hy.arsc.flat
Compiling XML table /home/runner/work/Weft/Weft/android/sample-app/build/intermediates/incremental/debug/mergeDebugResources/merged.dir/values-in/values-in.xml to /home/runner/work/Weft/Weft/android/sample-app/build/intermediates/merged_res/debug/mergeDebugResources/values-in_values-in.arsc.flat
Compiling XML table /home/runner/work/Weft/Weft/android/sample-app/build/intermediates/incremental/debug/mergeDebugResources/merged.dir/values-mn/values-mn.xml to /home/runner/work/Weft/Weft/android/sample-app/build/intermediates/merged_res/debug/mergeDebugResources/values-mn_values-mn.arsc.flat
Compiling XML table /home/runner/work/Weft/Weft/android/sample-app/build/intermediates/incremental/debug/mergeDebugResources/merged.dir/values-mk/values-mk.xml to /home/runner/work/Weft/Weft/android/sample-app/build/intermediates/merged_res/debug/mergeDebugResources/values-mk_values-mk.arsc.flat
Compiling XML table /home/runner/work/Weft/Weft/android/sample-app/build/intermediates/incremental/debug/mergeDebugResources/merged.dir/values-ml/values-ml.xml to /home/runner/work/Weft/Weft/android/sample-app/build/intermediates/merged_res/debug/mergeDebugResources/values-ml_values-ml.arsc.flat
Compiling XML table /home/runner/work/Weft/Weft/android/sample-app/build/intermediates/incremental/debug/mergeDebugResources/merged.dir/values-zh-rHK/values-zh-rHK.xml to /home/runner/work/Weft/Weft/android/sample-app/build/intermediates/merged_res/debug/mergeDebugResources/values-zh-rHK_values-zh-rHK.arsc.flat
Compiling XML table /home/runner/work/Weft/Weft/android/sample-app/build/intermediates/incremental/debug/mergeDebugResources/merged.dir/values-am/values-am.xml to /home/runner/work/Weft/Weft/android/sample-app/build/intermediates/merged_res/debug/mergeDebugResources/values-am_values-am.arsc.flat
Compiling XML table /home/runner/work/Weft/Weft/android/sample-app/build/intermediates/incremental/debug/mergeDebugResources/merged.dir/values-fr-rCA/values-fr-rCA.xml to /home/runner/work/Weft/Weft/android/sample-app/build/intermediates/merged_res/debug/mergeDebugResources/values-fr-rCA_values-fr-rCA.arsc.flat
Compiling XML table /home/runner/work/Weft/Weft/android/sample-app/build/intermediates/incremental/debug/mergeDebugResources/merged.dir/values-mr/values-mr.xml to /home/runner/work/Weft/Weft/android/sample-app/build/intermediates/merged_res/debug/mergeDebugResources/values-mr_values-mr.arsc.flat
Compiling XML table /home/runner/work/Weft/Weft/android/sample-app/build/intermediates/incremental/debug/mergeDebugResources/merged.dir/values-af/values-af.xml to /home/runner/work/Weft/Weft/android/sample-app/build/intermediates/merged_res/debug/mergeDebugResources/values-af_values-af.arsc.flat
Compiling XML table /home/runner/work/Weft/Weft/android/sample-app/build/intermediates/incremental/debug/mergeDebugResources/merged.dir/values-et/values-et.xml to /home/runner/work/Weft/Weft/android/sample-app/build/intermediates/merged_res/debug/mergeDebugResources/values-et_values-et.arsc.flat
Compiling XML table /home/runner/work/Weft/Weft/android/sample-app/build/intermediates/incremental/debug/mergeDebugResources/merged.dir/values-ms/values-ms.xml to /home/runner/work/Weft/Weft/android/sample-app/build/intermediates/merged_res/debug/mergeDebugResources/values-ms_values-ms.arsc.flat
Compiling XML table /home/runner/work/Weft/Weft/android/sample-app/build/intermediates/incremental/debug/mergeDebugResources/merged.dir/values-zh-rTW/values-zh-rTW.xml to /home/runner/work/Weft/Weft/android/sample-app/build/intermediates/merged_res/debug/mergeDebugResources/values-zh-rTW_values-zh-rTW.arsc.flat
Compiling XML table /home/runner/work/Weft/Weft/android/sample-app/build/intermediates/incremental/debug/mergeDebugResources/merged.dir/values-el/values-el.xml to /home/runner/work/Weft/Weft/android/sample-app/build/intermediates/merged_res/debug/mergeDebugResources/values-el_values-el.arsc.flat
Compiling XML table /home/runner/work/Weft/Weft/android/sample-app/build/intermediates/incremental/debug/mergeDebugResources/merged.dir/values-vi/values-vi.xml to /home/runner/work/Weft/Weft/android/sample-app/build/intermediates/merged_res/debug/mergeDebugResources/values-vi_values-vi.arsc.flat
Compiling XML table /home/runner/work/Weft/Weft/android/sample-app/build/intermediates/incremental/debug/mergeDebugResources/merged.dir/values-it/values-it.xml to /home/runner/work/Weft/Weft/android/sample-app/build/intermediates/merged_res/debug/mergeDebugResources/values-it_values-it.arsc.flat
Compiling XML table /home/runner/work/Weft/Weft/android/sample-app/build/intermediates/incremental/debug/mergeDebugResources/merged.dir/values-is/values-is.xml to /home/runner/work/Weft/Weft/android/sample-app/build/intermediates/merged_res/debug/mergeDebugResources/values-is_values-is.arsc.flat
Compiling XML table /home/runner/work/Weft/Weft/android/sample-app/build/intermediates/incremental/debug/mergeDebugResources/merged.dir/values-ja/values-ja.xml to /home/runner/work/Weft/Weft/android/sample-app/build/intermediates/merged_res/debug/mergeDebugResources/values-ja_values-ja.arsc.flat
Compiling XML table /home/runner/work/Weft/Weft/android/sample-app/build/intermediates/incremental/debug/mergeDebugResources/merged.dir/values-my/values-my.xml to /home/runner/work/Weft/Weft/android/sample-app/build/intermediates/merged_res/debug/mergeDebugResources/values-my_values-my.arsc.flat
Compiling XML table /home/runner/work/Weft/Weft/android/sample-app/build/intermediates/incremental/debug/mergeDebugResources/merged.dir/values-iw/values-iw.xml to /home/runner/work/Weft/Weft/android/sample-app/build/intermediates/merged_res/debug/mergeDebugResources/values-iw_values-iw.arsc.flat
Compiling XML table /home/runner/work/Weft/Weft/android/sample-app/build/intermediates/incremental/debug/mergeDebugResources/merged.dir/values-fa/values-fa.xml to /home/runner/work/Weft/Weft/android/sample-app/build/intermediates/merged_res/debug/mergeDebugResources/values-fa_values-fa.arsc.flat
Compiling XML table /home/runner/work/Weft/Weft/android/sample-app/build/intermediates/incremental/debug/mergeDebugResources/merged.dir/values-b+sr+Latn/values-b+sr+Latn.xml to /home/runner/work/Weft/Weft/android/sample-app/build/intermediates/merged_res/debug/mergeDebugResources/values-b+sr+Latn_values-b+sr+Latn.arsc.flat
Compiling XML table /home/runner/work/Weft/Weft/android/sample-app/build/intermediates/incremental/debug/mergeDebugResources/merged.dir/values-es/values-es.xml to /home/runner/work/Weft/Weft/android/sample-app/build/intermediates/merged_res/debug/mergeDebugResources/values-es_values-es.arsc.flat
Compiling XML table /home/runner/work/Weft/Weft/android/sample-app/build/intermediates/incremental/debug/mergeDebugResources/merged.dir/values-eu/values-eu.xml to /home/runner/work/Weft/Weft/android/sample-app/build/intermediates/merged_res/debug/mergeDebugResources/values-eu_values-eu.arsc.flat
Compiling XML table /home/runner/work/Weft/Weft/android/sample-app/build/intermediates/incremental/debug/mergeDebugResources/merged.dir/values-zh-rCN/values-zh-rCN.xml to /home/runner/work/Weft/Weft/android/sample-app/build/intermediates/merged_res/debug/mergeDebugResources/values-zh-rCN_values-zh-rCN.arsc.flat
Compiling XML table /home/runner/work/Weft/Weft/android/sample-app/build/intermediates/incremental/debug/mergeDebugResources/merged.dir/values-ar/values-ar.xml to /home/runner/work/Weft/Weft/android/sample-app/build/intermediates/merged_res/debug/mergeDebugResources/values-ar_values-ar.arsc.flat
Compiling XML table /home/runner/work/Weft/Weft/android/sample-app/build/intermediates/incremental/debug/mergeDebugResources/merged.dir/values-as/values-as.xml to /home/runner/work/Weft/Weft/android/sample-app/build/intermediates/merged_res/debug/mergeDebugResources/values-as_values-as.arsc.flat
Compiling XML table /home/runner/work/Weft/Weft/android/sample-app/build/intermediates/incremental/debug/mergeDebugResources/merged.dir/values-nb/values-nb.xml to /home/runner/work/Weft/Weft/android/sample-app/build/intermediates/merged_res/debug/mergeDebugResources/values-nb_values-nb.arsc.flat
Compiling XML table /home/runner/work/Weft/Weft/android/sample-app/build/intermediates/incremental/debug/mergeDebugResources/merged.dir/values-en-rXC/values-en-rXC.xml to /home/runner/work/Weft/Weft/android/sample-app/build/intermediates/merged_res/debug/mergeDebugResources/values-en-rXC_values-en-rXC.arsc.flat
Compiling XML table /home/runner/work/Weft/Weft/android/sample-app/build/intermediates/incremental/debug/mergeDebugResources/merged.dir/values-v21/values-v21.xml to /home/runner/work/Weft/Weft/android/sample-app/build/intermediates/merged_res/debug/mergeDebugResources/values-v21_values-v21.arsc.flat
Compiling XML table /home/runner/work/Weft/Weft/android/sample-app/build/intermediates/incremental/debug/mergeDebugResources/merged.dir/values-az/values-az.xml to /home/runner/work/Weft/Weft/android/sample-app/build/intermediates/merged_res/debug/mergeDebugResources/values-az_values-az.arsc.flat
Compiling XML table /home/runner/work/Weft/Weft/android/sample-app/build/intermediates/incremental/debug/mergeDebugResources/merged.dir/values-es-rUS/values-es-rUS.xml to /home/runner/work/Weft/Weft/android/sample-app/build/intermediates/merged_res/debug/mergeDebugResources/values-es-rUS_values-es-rUS.arsc.flat
Compiling XML table /home/runner/work/Weft/Weft/android/sample-app/build/intermediates/incremental/debug/mergeDebugResources/merged.dir/values-ne/values-ne.xml to /home/runner/work/Weft/Weft/android/sample-app/build/intermediates/merged_res/debug/mergeDebugResources/values-ne_values-ne.arsc.flat
Compiling XML table /home/runner/work/Weft/Weft/android/sample-app/build/intermediates/incremental/debug/mergeDebugResources/merged.dir/values-en-rCA/values-en-rCA.xml to /home/runner/work/Weft/Weft/android/sample-app/build/intermediates/merged_res/debug/mergeDebugResources/values-en-rCA_values-en-rCA.arsc.flat
Compiling XML table /home/runner/work/Weft/Weft/android/sample-app/build/intermediates/incremental/debug/mergeDebugResources/merged.dir/values-ro/values-ro.xml to /home/runner/work/Weft/Weft/android/sample-app/build/intermediates/merged_res/debug/mergeDebugResources/values-ro_values-ro.arsc.flat
Compiling XML table /home/runner/work/Weft/Weft/android/sample-app/build/intermediates/incremental/debug/mergeDebugResources/merged.dir/values-zu/values-zu.xml to /home/runner/work/Weft/Weft/android/sample-app/build/intermediates/merged_res/debug/mergeDebugResources/values-zu_values-zu.arsc.flat
Compiling XML table /home/runner/work/Weft/Weft/android/sample-app/build/intermediates/incremental/debug/mergeDebugResources/merged.dir/values-pt-rPT/values-pt-rPT.xml to /home/runner/work/Weft/Weft/android/sample-app/build/intermediates/merged_res/debug/mergeDebugResources/values-pt-rPT_values-pt-rPT.arsc.flat
Compiling XML table /home/runner/work/Weft/Weft/android/sample-app/build/intermediates/incremental/debug/mergeDebugResources/merged.dir/values-nl/values-nl.xml to /home/runner/work/Weft/Weft/android/sample-app/build/intermediates/merged_res/debug/mergeDebugResources/values-nl_values-nl.arsc.flat
Compiling XML table /home/runner/work/Weft/Weft/android/sample-app/build/intermediates/incremental/debug/mergeDebugResources/merged.dir/values-ka/values-ka.xml to /home/runner/work/Weft/Weft/android/sample-app/build/intermediates/merged_res/debug/mergeDebugResources/values-ka_values-ka.arsc.flat
Compiling XML table /home/runner/work/Weft/Weft/android/sample-app/build/intermediates/incremental/debug/mergeDebugResources/merged.dir/values-ru/values-ru.xml to /home/runner/work/Weft/Weft/android/sample-app/build/intermediates/merged_res/debug/mergeDebugResources/values-ru_values-ru.arsc.flat
Compiling XML table /home/runner/work/Weft/Weft/android/sample-app/build/intermediates/incremental/debug/mergeDebugResources/merged.dir/values-fi/values-fi.xml to /home/runner/work/Weft/Weft/android/sample-app/build/intermediates/merged_res/debug/mergeDebugResources/values-fi_values-fi.arsc.flat
Compiling XML table /home/runner/work/Weft/Weft/android/sample-app/build/intermediates/incremental/debug/mergeDebugResources/merged.dir/values-be/values-be.xml to /home/runner/work/Weft/Weft/android/sample-app/build/intermediates/merged_res/debug/mergeDebugResources/values-be_values-be.arsc.flat
Compiling XML table /home/runner/work/Weft/Weft/android/sample-app/build/intermediates/incremental/debug/mergeDebugResources/merged.dir/values-sq/values-sq.xml to /home/runner/work/Weft/Weft/android/sample-app/build/intermediates/merged_res/debug/mergeDebugResources/values-sq_values-sq.arsc.flat
Compiling XML table /home/runner/work/Weft/Weft/android/sample-app/build/intermediates/incremental/debug/mergeDebugResources/merged.dir/values-bn/values-bn.xml to /home/runner/work/Weft/Weft/android/sample-app/build/intermediates/merged_res/debug/mergeDebugResources/values-bn_values-bn.arsc.flat
Compiling XML table /home/runner/work/Weft/Weft/android/sample-app/build/intermediates/incremental/debug/mergeDebugResources/merged.dir/values-fr/values-fr.xml to /home/runner/work/Weft/Weft/android/sample-app/build/intermediates/merged_res/debug/mergeDebugResources/values-fr_values-fr.arsc.flat
Compiling XML table /home/runner/work/Weft/Weft/android/sample-app/build/intermediates/incremental/debug/mergeDebugResources/merged.dir/values-en-rGB/values-en-rGB.xml to /home/runner/work/Weft/Weft/android/sample-app/build/intermediates/merged_res/debug/mergeDebugResources/values-en-rGB_values-en-rGB.arsc.flat
Compiling XML table /home/runner/work/Weft/Weft/android/sample-app/build/intermediates/incremental/debug/mergeDebugResources/merged.dir/values-bg/values-bg.xml to /home/runner/work/Weft/Weft/android/sample-app/build/intermediates/merged_res/debug/mergeDebugResources/values-bg_values-bg.arsc.flat
Compiling XML table /home/runner/work/Weft/Weft/android/sample-app/build/intermediates/incremental/debug/mergeDebugResources/merged.dir/values-sl/values-sl.xml to /home/runner/work/Weft/Weft/android/sample-app/build/intermediates/merged_res/debug/mergeDebugResources/values-sl_values-sl.arsc.flat
Compiling XML table /home/runner/work/Weft/Weft/android/sample-app/build/intermediates/incremental/debug/mergeDebugResources/merged.dir/values-km/values-km.xml to /home/runner/work/Weft/Weft/android/sample-app/build/intermediates/merged_res/debug/mergeDebugResources/values-km_values-km.arsc.flat
Compiling XML table /home/runner/work/Weft/Weft/android/sample-app/build/intermediates/incremental/debug/mergeDebugResources/merged.dir/values-v30/values-v30.xml to /home/runner/work/Weft/Weft/android/sample-app/build/intermediates/merged_res/debug/mergeDebugResources/values-v30_values-v30.arsc.flat
Compiling XML table /home/runner/work/Weft/Weft/android/sample-app/build/intermediates/incremental/debug/mergeDebugResources/merged.dir/values-sk/values-sk.xml to /home/runner/work/Weft/Weft/android/sample-app/build/intermediates/merged_res/debug/mergeDebugResources/values-sk_values-sk.arsc.flat
Compiling XML table /home/runner/work/Weft/Weft/android/sample-app/build/intermediates/incremental/debug/mergeDebugResources/merged.dir/values-kk/values-kk.xml to /home/runner/work/Weft/Weft/android/sample-app/build/intermediates/merged_res/debug/mergeDebugResources/values-kk_values-kk.arsc.flat
Compiling XML table /home/runner/work/Weft/Weft/android/sample-app/build/intermediates/incremental/debug/mergeDebugResources/merged.dir/values-bs/values-bs.xml to /home/runner/work/Weft/Weft/android/sample-app/build/intermediates/merged_res/debug/mergeDebugResources/values-bs_values-bs.arsc.flat
Compiling XML table /home/runner/work/Weft/Weft/android/sample-app/build/intermediates/incremental/debug/mergeDebugResources/merged.dir/values-or/values-or.xml to /home/runner/work/Weft/Weft/android/sample-app/build/intermediates/merged_res/debug/mergeDebugResources/values-or_values-or.arsc.flat
Compiling XML table /home/runner/work/Weft/Weft/android/sample-app/build/intermediates/incremental/debug/mergeDebugResources/merged.dir/values-ko/values-ko.xml to /home/runner/work/Weft/Weft/android/sample-app/build/intermediates/merged_res/debug/mergeDebugResources/values-ko_values-ko.arsc.flat
Compiling XML table /home/runner/work/Weft/Weft/android/sample-app/build/intermediates/incremental/debug/mergeDebugResources/merged.dir/values-sr/values-sr.xml to /home/runner/work/Weft/Weft/android/sample-app/build/intermediates/merged_res/debug/mergeDebugResources/values-sr_values-sr.arsc.flat
Compiling XML table /home/runner/work/Weft/Weft/android/sample-app/build/intermediates/incremental/debug/mergeDebugResources/merged.dir/values-si/values-si.xml to /home/runner/work/Weft/Weft/android/sample-app/build/intermediates/merged_res/debug/mergeDebugResources/values-si_values-si.arsc.flat
Compiling XML table /home/runner/work/Weft/Weft/android/sample-app/build/intermediates/incremental/debug/mergeDebugResources/merged.dir/values-ta/values-ta.xml to /home/runner/work/Weft/Weft/android/sample-app/build/intermediates/merged_res/debug/mergeDebugResources/values-ta_values-ta.arsc.flat
Compiling XML table /home/runner/work/Weft/Weft/android/sample-app/build/intermediates/incremental/debug/mergeDebugResources/merged.dir/values-cs/values-cs.xml to /home/runner/work/Weft/Weft/android/sample-app/build/intermediates/merged_res/debug/mergeDebugResources/values-cs_values-cs.arsc.flat
Compiling XML table /home/runner/work/Weft/Weft/android/sample-app/build/intermediates/incremental/debug/mergeDebugResources/merged.dir/values-ky/values-ky.xml to /home/runner/work/Weft/Weft/android/sample-app/build/intermediates/merged_res/debug/mergeDebugResources/values-ky_values-ky.arsc.flat
Compiling XML table /home/runner/work/Weft/Weft/android/sample-app/build/intermediates/incremental/debug/mergeDebugResources/merged.dir/values-kn/values-kn.xml to /home/runner/work/Weft/Weft/android/sample-app/build/intermediates/merged_res/debug/mergeDebugResources/values-kn_values-kn.arsc.flat
Compiling XML table /home/runner/work/Weft/Weft/android/sample-app/build/intermediates/incremental/debug/mergeDebugResources/merged.dir/values-ca/values-ca.xml to /home/runner/work/Weft/Weft/android/sample-app/build/intermediates/merged_res/debug/mergeDebugResources/values-ca_values-ca.arsc.flat
Compiling XML table /home/runner/work/Weft/Weft/android/sample-app/build/intermediates/incremental/debug/mergeDebugResources/merged.dir/values-tl/values-tl.xml to /home/runner/work/Weft/Weft/android/sample-app/build/intermediates/merged_res/debug/mergeDebugResources/values-tl_values-tl.arsc.flat
Compiling XML table /home/runner/work/Weft/Weft/android/sample-app/build/intermediates/incremental/debug/mergeDebugResources/merged.dir/values-en-rAU/values-en-rAU.xml to /home/runner/work/Weft/Weft/android/sample-app/build/intermediates/merged_res/debug/mergeDebugResources/values-en-rAU_values-en-rAU.arsc.flat
Compiling XML table /home/runner/work/Weft/Weft/android/sample-app/build/intermediates/incremental/debug/mergeDebugResources/merged.dir/values-te/values-te.xml to /home/runner/work/Weft/Weft/android/sample-app/build/intermediates/merged_res/debug/mergeDebugResources/values-te_values-te.arsc.flat
Compiling XML table /home/runner/work/Weft/Weft/android/sample-app/build/intermediates/incremental/debug/mergeDebugResources/merged.dir/values-gl/values-gl.xml to /home/runner/work/Weft/Weft/android/sample-app/build/intermediates/merged_res/debug/mergeDebugResources/values-gl_values-gl.arsc.flat
Compiling XML table /home/runner/work/Weft/Weft/android/sample-app/build/intermediates/incremental/debug/mergeDebugResources/merged.dir/values-sv/values-sv.xml to /home/runner/work/Weft/Weft/android/sample-app/build/intermediates/merged_res/debug/mergeDebugResources/values-sv_values-sv.arsc.flat
Compiling XML table /home/runner/work/Weft/Weft/android/sample-app/build/intermediates/incremental/debug/mergeDebugResources/merged.dir/values-sw/values-sw.xml to /home/runner/work/Weft/Weft/android/sample-app/build/intermediates/merged_res/debug/mergeDebugResources/values-sw_values-sw.arsc.flat
Compiling XML table /home/runner/work/Weft/Weft/android/sample-app/build/intermediates/incremental/debug/mergeDebugResources/merged.dir/values-pl/values-pl.xml to /home/runner/work/Weft/Weft/android/sample-app/build/intermediates/merged_res/debug/mergeDebugResources/values-pl_values-pl.arsc.flat
Compiling XML table /home/runner/work/Weft/Weft/android/sample-app/build/intermediates/incremental/debug/mergeDebugResources/merged.dir/values-gu/values-gu.xml to /home/runner/work/Weft/Weft/android/sample-app/build/intermediates/merged_res/debug/mergeDebugResources/values-gu_values-gu.arsc.flat
Compiling XML table /home/runner/work/Weft/Weft/android/sample-app/build/intermediates/incremental/debug/mergeDebugResources/merged.dir/values-pt-rBR/values-pt-rBR.xml to /home/runner/work/Weft/Weft/android/sample-app/build/intermediates/merged_res/debug/mergeDebugResources/values-pt-rBR_values-pt-rBR.arsc.flat
Compiling XML table /home/runner/work/Weft/Weft/android/sample-app/build/intermediates/incremental/debug/mergeDebugResources/merged.dir/values-pa/values-pa.xml to /home/runner/work/Weft/Weft/android/sample-app/build/intermediates/merged_res/debug/mergeDebugResources/values-pa_values-pa.arsc.flat
Compiling XML table /home/runner/work/Weft/Weft/android/sample-app/build/intermediates/incremental/debug/mergeDebugResources/merged.dir/values-da/values-da.xml to /home/runner/work/Weft/Weft/android/sample-app/build/intermediates/merged_res/debug/mergeDebugResources/values-da_values-da.arsc.flat
Compiling XML table /home/runner/work/Weft/Weft/android/sample-app/build/intermediates/incremental/debug/mergeDebugResources/merged.dir/values-th/values-th.xml to /home/runner/work/Weft/Weft/android/sample-app/build/intermediates/merged_res/debug/mergeDebugResources/values-th_values-th.arsc.flat
Compiling XML table /home/runner/work/Weft/Weft/android/sample-app/build/intermediates/incremental/debug/mergeDebugResources/merged.dir/values-tr/values-tr.xml to /home/runner/work/Weft/Weft/android/sample-app/build/intermediates/merged_res/debug/mergeDebugResources/values-tr_values-tr.arsc.flat
Resolve mutations for :sample-app:createDebugCompatibleScreenManifests (Thread[Execution worker Thread 3,5,main]) started.
:sample-app:createDebugCompatibleScreenManifests (Thread[Execution worker Thread 3,5,main]) started.

> Task :sample-app:createDebugCompatibleScreenManifests
Caching disabled for task ':sample-app:createDebugCompatibleScreenManifests' because:
  Build cache is disabled
  Caching has been disabled for the task
Task ':sample-app:createDebugCompatibleScreenManifests' is not up-to-date because:
  No history is available.
Resolve mutations for :sample-app:extractDeepLinksDebug (Thread[included builds,5,main]) started.
:sample-app:extractDeepLinksDebug (Thread[Execution worker Thread 2,5,main]) started.

> Task :sample-app:extractDeepLinksDebug
Caching disabled for task ':sample-app:extractDeepLinksDebug' because:
  Build cache is disabled
Task ':sample-app:extractDeepLinksDebug' is not up-to-date because:
  No history is available.
Resolve mutations for :weft-compose:extractDeepLinksDebug (Thread[included builds,5,main]) started.
:weft-compose:extractDeepLinksDebug (Thread[included builds,5,main]) started.

> Task :weft-compose:extractDeepLinksDebug
Caching disabled for task ':weft-compose:extractDeepLinksDebug' because:
  Build cache is disabled
Task ':weft-compose:extractDeepLinksDebug' is not up-to-date because:
  No history is available.
work action resolve navigation.json (project :weft-compose) (Thread[Execution worker Thread 2,5,main]) started.
Resolve mutations for :weft-compose:processDebugManifest (Thread[Execution worker Thread 2,5,main]) started.
:weft-compose:processDebugManifest (Thread[Execution worker Thread 2,5,main]) started.
Resolve mutations for :weft-core:extractDeepLinksDebug (Thread[included builds,5,main]) started.
:weft-core:extractDeepLinksDebug (Thread[included builds,5,main]) started.

> Task :weft-core:extractDeepLinksDebug
Caching disabled for task ':weft-core:extractDeepLinksDebug' because:
  Build cache is disabled
Task ':weft-core:extractDeepLinksDebug' is not up-to-date because:
  No history is available.
work action resolve navigation.json (project :weft-core) (Thread[included builds,5,main]) started.
Resolve mutations for :weft-core:processDebugManifest (Thread[included builds,5,main]) started.
:weft-core:processDebugManifest (Thread[Execution worker Thread 3,5,main]) started.
Resolve mutations for :weft-compose:compileDebugLibraryResources (Thread[included builds,5,main]) started.
:weft-compose:compileDebugLibraryResources (Thread[included builds,5,main]) started.

> Task :sample-app:parseDebugLocalResources
Transforming android.jar with PlatformAttrTransform
Caching disabled for PlatformAttrTransform: /usr/local/lib/android/sdk/platforms/android-35/android.jar because:
  Build cache is disabled
Transforming android.jar with PlatformAttrTransform
Caching disabled for task ':sample-app:parseDebugLocalResources' because:
  Build cache is disabled
Task ':sample-app:parseDebugLocalResources' is not up-to-date because:
  No history is available.
The input changes require a full rebuild for incremental task ':sample-app:parseDebugLocalResources'.
Transforming android.jar with PlatformAttrTransform

> Task :weft-compose:processDebugManifest
Caching disabled for task ':weft-compose:processDebugManifest' because:
  Build cache is disabled
Task ':weft-compose:processDebugManifest' is not up-to-date because:
  No history is available.
package="dev.weft.compose" found in source AndroidManifest.xml: /home/runner/work/Weft/Weft/android/weft-compose/src/main/AndroidManifest.xml.
Setting the namespace via the package attribute in the source AndroidManifest.xml is no longer supported, and the value is ignored.
Recommendation: remove package="dev.weft.compose" from the source AndroidManifest.xml: /home/runner/work/Weft/Weft/android/weft-compose/src/main/AndroidManifest.xml.
Merging main manifest /home/runner/work/Weft/Weft/android/weft-compose/src/main/AndroidManifest.xml

Merging result: SUCCESS
1<?xml version="1.0" encoding="utf-8"?>
2<manifest xmlns:android="http://schemas.android.com/apk/res/android"
3    package="dev.weft.compose" >
4
5    <uses-sdk android:minSdkVersion="24" />
6
7</manifest>

Merged manifest saved to /home/runner/work/Weft/Weft/android/weft-compose/build/intermediates/merged_manifest/debug/processDebugManifest/AndroidManifest.xml

> Task :weft-core:processDebugManifest
Caching disabled for task ':weft-core:processDebugManifest' because:
  Build cache is disabled
Task ':weft-core:processDebugManifest' is not up-to-date because:
  No history is available.
package="dev.weft" found in source AndroidManifest.xml: /home/runner/work/Weft/Weft/android/weft-core/src/main/AndroidManifest.xml.
Setting the namespace via the package attribute in the source AndroidManifest.xml is no longer supported, and the value is ignored.
Recommendation: remove package="dev.weft" from the source AndroidManifest.xml: /home/runner/work/Weft/Weft/android/weft-core/src/main/AndroidManifest.xml.
Merging main manifest /home/runner/work/Weft/Weft/android/weft-core/src/main/AndroidManifest.xml

Merging result: SUCCESS
1<?xml version="1.0" encoding="utf-8"?>
2<manifest xmlns:android="http://schemas.android.com/apk/res/android"
3    package="dev.weft" >
4
5    <uses-sdk android:minSdkVersion="24" />
6
7</manifest>

Merged manifest saved to /home/runner/work/Weft/Weft/android/weft-core/build/intermediates/merged_manifest/debug/processDebugManifest/AndroidManifest.xml
work action resolve AndroidManifest.xml (project :weft-core) (Thread[Execution worker Thread 2,5,main]) started.
work action resolve AndroidManifest.xml (project :weft-compose) (Thread[Execution worker Thread 2,5,main]) started.
Resolve mutations for :sample-app:processDebugMainManifest (Thread[Execution worker Thread 2,5,main]) started.
:sample-app:processDebugMainManifest (Thread[Execution worker Thread 2,5,main]) started.

> Task :weft-compose:compileDebugLibraryResources
Caching disabled for task ':weft-compose:compileDebugLibraryResources' because:
  Build cache is disabled
Task ':weft-compose:compileDebugLibraryResources' is not up-to-date because:
  No history is available.
The input changes require a full rebuild for incremental task ':weft-compose:compileDebugLibraryResources'.
Downloading https://dl.google.com/dl/android/maven2/com/android/tools/build/aapt2/8.7.3-12006047/aapt2-8.7.3-12006047.pom to /home/runner/.gradle/.tmp/gradle_download5989824676471730461bin
Downloading https://dl.google.com/dl/android/maven2/com/android/tools/build/aapt2/8.7.3-12006047/aapt2-8.7.3-12006047-linux.jar to /home/runner/.gradle/.tmp/gradle_download1941379165838761028bin
Transforming aapt2-8.7.3-12006047-linux.jar (com.android.tools.build:aapt2:8.7.3-12006047) with Aapt2Extractor
Caching disabled for Aapt2Extractor: /home/runner/.gradle/caches/modules-2/files-2.1/com.android.tools.build/aapt2/8.7.3-12006047/52a897991b1646c2ca31ada48a86cf4b3e6d3a92/aapt2-8.7.3-12006047-linux.jar because:
  Build cache is disabled
  Caching not enabled.
work action resolve out (project :weft-compose) (Thread[included builds,5,main]) started.

> Task :sample-app:processDebugMainManifest
Transforming activity-1.9.3.aar (androidx.activity:activity:1.9.3) with ExtractAarTransform
Transforming activity-1.9.3.aar (androidx.activity:activity:1.9.3) with AarTransform
Caching disabled for AarTransform: /home/runner/.gradle/caches/8.11.1/transforms/e19c46e29b05aef1921948202dd63ee3/transformed/activity-1.9.3 because:
  Build cache is disabled
  Caching not enabled.
Transforming activity-ktx-1.9.3.aar (androidx.activity:activity-ktx:1.9.3) with ExtractAarTransform
Transforming activity-ktx-1.9.3.aar (androidx.activity:activity-ktx:1.9.3) with AarTransform
Transforming material3-release.aar (androidx.compose.material3:material3-android:1.3.1) with ExtractAarTransform
Transforming material3-release.aar (androidx.compose.material3:material3-android:1.3.1) with AarTransform
Transforming activity-compose-1.9.3.aar (androidx.activity:activity-compose:1.9.3) with ExtractAarTransform
Transforming activity-compose-1.9.3.aar (androidx.activity:activity-compose:1.9.3) with AarTransform
Transforming savedstate-ktx-1.2.1.aar (androidx.savedstate:savedstate-ktx:1.2.1) with ExtractAarTransform
Transforming savedstate-ktx-1.2.1.aar (androidx.savedstate:savedstate-ktx:1.2.1) with AarTransform
Transforming savedstate-1.2.1.aar (androidx.savedstate:savedstate:1.2.1) with ExtractAarTransform
Transforming savedstate-1.2.1.aar (androidx.savedstate:savedstate:1.2.1) with AarTransform
Transforming material-icons-core-release.aar (androidx.compose.material:material-icons-core-android:1.6.0) with ExtractAarTransform
Transforming material-icons-core-release.aar (androidx.compose.material:material-icons-core-android:1.6.0) with AarTransform
Transforming material-ripple-release.aar (androidx.compose.material:material-ripple-android:1.7.0) with ExtractAarTransform
Transforming material-ripple-release.aar (androidx.compose.material:material-ripple-android:1.7.0) with AarTransform
Caching disabled for AarTransform: /home/runner/.gradle/caches/8.11.1/transforms/14a587fae74d0ea88beb2e529faef0d4/transformed/activity-ktx-1.9.3 because:
  Build cache is disabled
  Caching not enabled.
Caching disabled for AarTransform: /home/runner/.gradle/caches/8.11.1/transforms/de8de35990547289319eedc5ed7ee1e0/transformed/material3-release because:
  Build cache is disabled
  Caching not enabled.
Transforming animation-core-release.aar (androidx.compose.animation:animation-core-android:1.7.6) with ExtractAarTransform
Transforming animation-core-release.aar (androidx.compose.animation:animation-core-android:1.7.6) with AarTransform
Transforming animation-release.aar (androidx.compose.animation:animation-android:1.7.6) with ExtractAarTransform
Transforming animation-release.aar (androidx.compose.animation:animation-android:1.7.6) with AarTransform
Transforming foundation-layout-release.aar (androidx.compose.foundation:foundation-layout-android:1.7.6) with ExtractAarTransform
Transforming foundation-layout-release.aar (androidx.compose.foundation:foundation-layout-android:1.7.6) with AarTransform
Transforming foundation-release.aar (androidx.compose.foundation:foundation-android:1.7.6) with ExtractAarTransform
Transforming foundation-release.aar (androidx.compose.foundation:foundation-android:1.7.6) with AarTransform
Transforming ui-util-release.aar (androidx.compose.ui:ui-util-android:1.7.6) with ExtractAarTransform
Transforming ui-util-release.aar (androidx.compose.ui:ui-util-android:1.7.6) with AarTransform
Transforming ui-unit-release.aar (androidx.compose.ui:ui-unit-android:1.7.6) with ExtractAarTransform
Transforming ui-unit-release.aar (androidx.compose.ui:ui-unit-android:1.7.6) with AarTransform
Transforming ui-graphics-release.aar (androidx.compose.ui:ui-graphics-android:1.7.6) with ExtractAarTransform
Transforming ui-graphics-release.aar (androidx.compose.ui:ui-graphics-android:1.7.6) with AarTransform
Caching disabled for AarTransform: /home/runner/.gradle/caches/8.11.1/transforms/7421a4698030bc89d4d073c43f08d1b6/transformed/activity-compose-1.9.3 because:
  Build cache is disabled
  Caching not enabled.
Transforming ui-geometry-release.aar (androidx.compose.ui:ui-geometry-android:1.7.6) with ExtractAarTransform
Transforming ui-geometry-release.aar (androidx.compose.ui:ui-geometry-android:1.7.6) with AarTransform
Transforming ui-text-release.aar (androidx.compose.ui:ui-text-android:1.7.6) with ExtractAarTransform
Transforming ui-text-release.aar (androidx.compose.ui:ui-text-android:1.7.6) with AarTransform
Transforming emoji2-1.3.0.aar (androidx.emoji2:emoji2:1.3.0) with ExtractAarTransform
Transforming emoji2-1.3.0.aar (androidx.emoji2:emoji2:1.3.0) with AarTransform
Transforming lifecycle-process-2.8.7.aar (androidx.lifecycle:lifecycle-process:2.8.7) with ExtractAarTransform
Transforming lifecycle-process-2.8.7.aar (androidx.lifecycle:lifecycle-process:2.8.7) with AarTransform
Transforming lifecycle-runtime-compose-release.aar (androidx.lifecycle:lifecycle-runtime-compose-android:2.8.7) with ExtractAarTransform
Transforming lifecycle-runtime-compose-release.aar (androidx.lifecycle:lifecycle-runtime-compose-android:2.8.7) with AarTransform
Transforming lifecycle-livedata-core-2.8.7.aar (androidx.lifecycle:lifecycle-livedata-core:2.8.7) with ExtractAarTransform
Transforming lifecycle-livedata-core-2.8.7.aar (androidx.lifecycle:lifecycle-livedata-core:2.8.7) with AarTransform
Transforming lifecycle-runtime-ktx-release.aar (androidx.lifecycle:lifecycle-runtime-ktx-android:2.8.7) with ExtractAarTransform
Transforming lifecycle-runtime-ktx-release.aar (androidx.lifecycle:lifecycle-runtime-ktx-android:2.8.7) with AarTransform
Transforming lifecycle-viewmodel-release.aar (androidx.lifecycle:lifecycle-viewmodel-android:2.8.7) with ExtractAarTransform
Transforming lifecycle-viewmodel-release.aar (androidx.lifecycle:lifecycle-viewmodel-android:2.8.7) with AarTransform
Transforming lifecycle-runtime-release.aar (androidx.lifecycle:lifecycle-runtime-android:2.8.7) with ExtractAarTransform
Transforming lifecycle-runtime-release.aar (androidx.lifecycle:lifecycle-runtime-android:2.8.7) with AarTransform
Transforming lifecycle-viewmodel-savedstate-2.8.7.aar (androidx.lifecycle:lifecycle-viewmodel-savedstate:2.8.7) with ExtractAarTransform
Caching disabled for AarTransform: /home/runner/.gradle/caches/8.11.1/transforms/3a1236b98f57ea50ba4682cb5361c5fd/transformed/savedstate-ktx-1.2.1 because:
  Build cache is disabled
  Caching not enabled.
Transforming lifecycle-viewmodel-savedstate-2.8.7.aar (androidx.lifecycle:lifecycle-viewmodel-savedstate:2.8.7) with AarTransform
Transforming lifecycle-viewmodel-ktx-2.8.7.aar (androidx.lifecycle:lifecycle-viewmodel-ktx:2.8.7) with ExtractAarTransform
Transforming lifecycle-viewmodel-ktx-2.8.7.aar (androidx.lifecycle:lifecycle-viewmodel-ktx:2.8.7) with AarTransform
Transforming lifecycle-viewmodel-compose-release.aar (androidx.lifecycle:lifecycle-viewmodel-compose-android:2.8.7) with ExtractAarTransform
Transforming lifecycle-viewmodel-compose-release.aar (androidx.lifecycle:lifecycle-viewmodel-compose-android:2.8.7) with AarTransform
Transforming ui-release.aar (androidx.compose.ui:ui-android:1.7.6) with ExtractAarTransform
Transforming ui-release.aar (androidx.compose.ui:ui-android:1.7.6) with AarTransform
Transforming autofill-1.0.0.aar (androidx.autofill:autofill:1.0.0) with ExtractAarTransform
Transforming autofill-1.0.0.aar (androidx.autofill:autofill:1.0.0) with AarTransform
Transforming graphics-path-1.0.1.aar (androidx.graphics:graphics-path:1.0.1) with ExtractAarTransform
Transforming graphics-path-1.0.1.aar (androidx.graphics:graphics-path:1.0.1) with AarTransform
Transforming core-1.15.0.aar (androidx.core:core:1.15.0) with ExtractAarTransform
Caching disabled for AarTransform: /home/runner/.gradle/caches/8.11.1/transforms/b625fe0482c8ba8b21f3ab56c07a4653/transformed/savedstate-1.2.1 because:
  Build cache is disabled
  Caching not enabled.
Transforming core-1.15.0.aar (androidx.core:core:1.15.0) with AarTransform
Transforming core-1.15.0.aar (androidx.core:core:1.15.0) with ExtractAarTransform
Transforming core-1.15.0.aar (androidx.core:core:1.15.0) with AarTransform
Transforming customview-poolingcontainer-1.0.0.aar (androidx.customview:customview-poolingcontainer:1.0.0) with ExtractAarTransform
Transforming customview-poolingcontainer-1.0.0.aar (androidx.customview:customview-poolingcontainer:1.0.0) with AarTransform
Transforming core-ktx-1.15.0.aar (androidx.core:core-ktx:1.15.0) with ExtractAarTransform
Transforming core-ktx-1.15.0.aar (androidx.core:core-ktx:1.15.0) with AarTransform
Transforming runtime-saveable-release.aar (androidx.compose.runtime:runtime-saveable-android:1.7.6) with ExtractAarTransform
Transforming runtime-saveable-release.aar (androidx.compose.runtime:runtime-saveable-android:1.7.6) with AarTransform
Transforming runtime-release.aar (androidx.compose.runtime:runtime-android:1.7.6) with ExtractAarTransform
Transforming runtime-release.aar (androidx.compose.runtime:runtime-android:1.7.6) with AarTransform
Transforming interpolator-1.0.0.aar (androidx.interpolator:interpolator:1.0.0) with ExtractAarTransform
Transforming interpolator-1.0.0.aar (androidx.interpolator:interpolator:1.0.0) with AarTransform
Transforming profileinstaller-1.3.1.aar (androidx.profileinstaller:profileinstaller:1.3.1) with ExtractAarTransform
Transforming profileinstaller-1.3.1.aar (androidx.profileinstaller:profileinstaller:1.3.1) with AarTransform
Transforming startup-runtime-1.1.1.aar (androidx.startup:startup-runtime:1.1.1) with ExtractAarTransform
Transforming startup-runtime-1.1.1.aar (androidx.startup:startup-runtime:1.1.1) with AarTransform
Transforming tracing-1.2.0.aar (androidx.tracing:tracing:1.2.0) with ExtractAarTransform
Transforming tracing-1.2.0.aar (androidx.tracing:tracing:1.2.0) with AarTransform
Transforming versionedparcelable-1.1.1.aar (androidx.versionedparcelable:versionedparcelable:1.1.1) with ExtractAarTransform
Transforming versionedparcelable-1.1.1.aar (androidx.versionedparcelable:versionedparcelable:1.1.1) with AarTransform
Caching disabled for AarTransform: /home/runner/.gradle/caches/8.11.1/transforms/35eda86bc342691a6ca517f9da12e886/transformed/material-ripple-release because:
  Build cache is disabled
  Caching not enabled.
Caching disabled for AarTransform: /home/runner/.gradle/caches/8.11.1/transforms/de57972c072e3620c4759dce2fa0f493/transformed/animation-core-release because:
  Build cache is disabled
  Caching not enabled.
Transforming core-runtime-2.2.0.aar (androidx.arch.core:core-runtime:2.2.0) with ExtractAarTransform
Transforming core-runtime-2.2.0.aar (androidx.arch.core:core-runtime:2.2.0) with AarTransform
Transforming annotation-experimental-1.4.1.aar (androidx.annotation:annotation-experimental:1.4.1) with ExtractAarTransform
Transforming annotation-experimental-1.4.1.aar (androidx.annotation:annotation-experimental:1.4.1) with AarTransform
Caching disabled for AarTransform: /home/runner/.gradle/caches/8.11.1/transforms/8d56f5a7f3ab3827f422a61c24a4f8a0/transformed/animation-release because:
  Build cache is disabled
  Caching not enabled.
Caching disabled for AarTransform: /home/runner/.gradle/caches/8.11.1/transforms/f4549f10372b527a95837e37242bc2a7/transformed/foundation-release because:
  Build cache is disabled
  Caching not enabled.
Caching disabled for AarTransform: /home/runner/.gradle/caches/8.11.1/transforms/1645c4ca5f60c689b6c54bd621edba6d/transformed/foundation-layout-release because:
  Build cache is disabled
  Caching not enabled.
Caching disabled for AarTransform: /home/runner/.gradle/caches/8.11.1/transforms/c634742bb781cc6a3ff220e89ec6a6c3/transformed/material-icons-core-release because:
  Build cache is disabled
  Caching not enabled.
Caching disabled for AarTransform: /home/runner/.gradle/caches/8.11.1/transforms/d011fca456783afe6e44c97b7b09d6d2/transformed/ui-util-release because:
  Build cache is disabled
  Caching not enabled.
Caching disabled for AarTransform: /home/runner/.gradle/caches/8.11.1/transforms/5d9f5c8dc827ed79d31c4c1948c691d9/transformed/ui-unit-release because:
  Build cache is disabled
  Caching not enabled.
Caching disabled for AarTransform: /home/runner/.gradle/caches/8.11.1/transforms/5e240b75891ce6a636723ed7a3b91862/transformed/ui-graphics-release because:
  Build cache is disabled
  Caching not enabled.
Caching disabled for AarTransform: /home/runner/.gradle/caches/8.11.1/transforms/eee286aafefa0c22514751e42c830238/transformed/ui-geometry-release because:
  Build cache is disabled
  Caching not enabled.
Caching disabled for AarTransform: /home/runner/.gradle/caches/8.11.1/transforms/e944d2a0e8f857e281c6081cf2ac857b/transformed/emoji2-1.3.0 because:
  Build cache is disabled
  Caching not enabled.
Caching disabled for AarTransform: /home/runner/.gradle/caches/8.11.1/transforms/d998acb0a97327a2288f6fd477f8d865/transformed/ui-text-release because:
  Build cache is disabled
  Caching not enabled.
Caching disabled for AarTransform: /home/runner/.gradle/caches/8.11.1/transforms/c37406e4844ac2c4f86a1c65b4296a34/transformed/lifecycle-process-2.8.7 because:
  Build cache is disabled
  Caching not enabled.
Caching disabled for AarTransform: /home/runner/.gradle/caches/8.11.1/transforms/1f677cc729e06c09af18231fb7262960/transformed/lifecycle-runtime-compose-release because:
  Build cache is disabled
  Caching not enabled.
Caching disabled for AarTransform: /home/runner/.gradle/caches/8.11.1/transforms/372ad2f6a52bfb7ff7dc40cc14f6304e/transformed/lifecycle-livedata-core-2.8.7 because:
  Build cache is disabled
  Caching not enabled.
Caching disabled for AarTransform: /home/runner/.gradle/caches/8.11.1/transforms/e8b2690a9208b8c19fc08fa049e09a0a/transformed/lifecycle-runtime-ktx-release because:
  Build cache is disabled
  Caching not enabled.
Caching disabled for AarTransform: /home/runner/.gradle/caches/8.11.1/transforms/7557869475eade91e472f860bd2d0bfe/transformed/lifecycle-viewmodel-release because:
  Build cache is disabled
  Caching not enabled.
Caching disabled for AarTransform: /home/runner/.gradle/caches/8.11.1/transforms/8c3f1ae122a81665238f5182c147d455/transformed/lifecycle-viewmodel-savedstate-2.8.7 because:
  Build cache is disabled
  Caching not enabled.
Caching disabled for AarTransform: /home/runner/.gradle/caches/8.11.1/transforms/37ca274cc5f4f8df0bcdf1b3c9a7f642/transformed/lifecycle-runtime-release because:
  Build cache is disabled
  Caching not enabled.
Caching disabled for AarTransform: /home/runner/.gradle/caches/8.11.1/transforms/469f349dace3a03d12817116301f0550/transformed/lifecycle-viewmodel-ktx-2.8.7 because:
  Build cache is disabled
  Caching not enabled.
Caching disabled for AarTransform: /home/runner/.gradle/caches/8.11.1/transforms/ecb13d304bf91ff0a2d8546bebc4e027/transformed/lifecycle-viewmodel-compose-release because:
  Build cache is disabled
  Caching not enabled.
Caching disabled for AarTransform: /home/runner/.gradle/caches/8.11.1/transforms/1134bc7b9479853c21619d23c3f0a72b/transformed/ui-release because:
  Build cache is disabled
  Caching not enabled.
Caching disabled for AarTransform: /home/runner/.gradle/caches/8.11.1/transforms/4bee49088ad9e0aeb4cfe20b54bf2013/transformed/autofill-1.0.0 because:
  Build cache is disabled
  Caching not enabled.
Caching disabled for AarTransform: /home/runner/.gradle/caches/8.11.1/transforms/2b9fa503552050337f9b86b8132a53e0/transformed/graphics-path-1.0.1 because:
  Build cache is disabled
  Caching not enabled.
Caching disabled for AarTransform: /home/runner/.gradle/caches/8.11.1/transforms/d5a39e95ef83bb9b2a5a49d1421f0179/transformed/core-1.15.0 because:
  Build cache is disabled
  Caching not enabled.
Caching disabled for AarTransform: /home/runner/.gradle/caches/8.11.1/transforms/ff6b4d73b0fb7dc15264723a14db6b14/transformed/customview-poolingcontainer-1.0.0 because:
  Build cache is disabled
  Caching not enabled.
Caching disabled for AarTransform: /home/runner/.gradle/caches/8.11.1/transforms/4eaf163879220a33aa52b5ab66a6e319/transformed/runtime-saveable-release because:
  Build cache is disabled
  Caching not enabled.
Caching disabled for AarTransform: /home/runner/.gradle/caches/8.11.1/transforms/387494ee7323c051b2ec561bb25666f6/transformed/core-ktx-1.15.0 because:
  Build cache is disabled
  Caching not enabled.
Caching disabled for AarTransform: /home/runner/.gradle/caches/8.11.1/transforms/86c9aae865d2ec3e4827ac77095048f8/transformed/runtime-release because:
  Build cache is disabled
  Caching not enabled.
Caching disabled for AarTransform: /home/runner/.gradle/caches/8.11.1/transforms/152f6345457c37c7f0e2346509c8263e/transformed/interpolator-1.0.0 because:
  Build cache is disabled
  Caching not enabled.
Caching disabled for AarTransform: /home/runner/.gradle/caches/8.11.1/transforms/d6a0272db2b66da6f60eb355100f002f/transformed/profileinstaller-1.3.1 because:
  Build cache is disabled
  Caching not enabled.
Caching disabled for AarTransform: /home/runner/.gradle/caches/8.11.1/transforms/995dcf9a200e8d999ba3c7c19b288a6f/transformed/startup-runtime-1.1.1 because:
  Build cache is disabled
  Caching not enabled.
Caching disabled for AarTransform: /home/runner/.gradle/caches/8.11.1/transforms/796416708e98c36febc75fb0c130477a/transformed/tracing-1.2.0 because:
  Build cache is disabled
  Caching not enabled.
Caching disabled for AarTransform: /home/runner/.gradle/caches/8.11.1/transforms/85ba03369b5f40af279deed8927656be/transformed/versionedparcelable-1.1.1 because:
  Build cache is disabled
  Caching not enabled.
Caching disabled for AarTransform: /home/runner/.gradle/caches/8.11.1/transforms/07018a9bea237162a0f010e5064dafd4/transformed/core-runtime-2.2.0 because:
  Build cache is disabled
  Caching not enabled.
Caching disabled for AarTransform: /home/runner/.gradle/caches/8.11.1/transforms/1c13bf3751a84302073f68223688a891/transformed/annotation-experimental-1.4.1 because:
  Build cache is disabled
  Caching not enabled.
Transforming activity-1.9.3.aar (androidx.activity:activity:1.9.3) with ExtractAarTransform
Transforming activity-1.9.3.aar (androidx.activity:activity:1.9.3) with AarTransform
Transforming activity-ktx-1.9.3.aar (androidx.activity:activity-ktx:1.9.3) with ExtractAarTransform
Transforming activity-ktx-1.9.3.aar (androidx.activity:activity-ktx:1.9.3) with AarTransform
Transforming material3-release.aar (androidx.compose.material3:material3-android:1.3.1) with ExtractAarTransform
Transforming material3-release.aar (androidx.compose.material3:material3-android:1.3.1) with AarTransform
Transforming activity-compose-1.9.3.aar (androidx.activity:activity-compose:1.9.3) with ExtractAarTransform
Transforming activity-compose-1.9.3.aar (androidx.activity:activity-compose:1.9.3) with AarTransform
Caching disabled for AarTransform: /home/runner/.gradle/caches/8.11.1/transforms/e19c46e29b05aef1921948202dd63ee3/transformed/activity-1.9.3 because:
  Build cache is disabled
  Caching not enabled.
Caching disabled for AarTransform: /home/runner/.gradle/caches/8.11.1/transforms/14a587fae74d0ea88beb2e529faef0d4/transformed/activity-ktx-1.9.3 because:
  Build cache is disabled
  Caching not enabled.
Caching disabled for AarTransform: /home/runner/.gradle/caches/8.11.1/transforms/de8de35990547289319eedc5ed7ee1e0/transformed/material3-release because:
  Build cache is disabled
  Caching not enabled.
Transforming savedstate-ktx-1.2.1.aar (androidx.savedstate:savedstate-ktx:1.2.1) with ExtractAarTransform
Transforming savedstate-ktx-1.2.1.aar (androidx.savedstate:savedstate-ktx:1.2.1) with AarTransform
Transforming savedstate-1.2.1.aar (androidx.savedstate:savedstate:1.2.1) with ExtractAarTransform
Transforming savedstate-1.2.1.aar (androidx.savedstate:savedstate:1.2.1) with AarTransform
Transforming material-icons-core-release.aar (androidx.compose.material:material-icons-core-android:1.6.0) with ExtractAarTransform
Transforming material-icons-core-release.aar (androidx.compose.material:material-icons-core-android:1.6.0) with AarTransform
Transforming material-ripple-release.aar (androidx.compose.material:material-ripple-android:1.7.0) with ExtractAarTransform
Transforming material-ripple-release.aar (androidx.compose.material:material-ripple-android:1.7.0) with AarTransform
Transforming animation-core-release.aar (androidx.compose.animation:animation-core-android:1.7.6) with ExtractAarTransform
Transforming animation-core-release.aar (androidx.compose.animation:animation-core-android:1.7.6) with AarTransform
Transforming animation-release.aar (androidx.compose.animation:animation-android:1.7.6) with ExtractAarTransform
Transforming animation-release.aar (androidx.compose.animation:animation-android:1.7.6) with AarTransform
Transforming foundation-layout-release.aar (androidx.compose.foundation:foundation-layout-android:1.7.6) with ExtractAarTransform
Transforming foundation-layout-release.aar (androidx.compose.foundation:foundation-layout-android:1.7.6) with AarTransform
Transforming foundation-release.aar (androidx.compose.foundation:foundation-android:1.7.6) with ExtractAarTransform
Transforming foundation-release.aar (androidx.compose.foundation:foundation-android:1.7.6) with AarTransform
Transforming ui-util-release.aar (androidx.compose.ui:ui-util-android:1.7.6) with ExtractAarTransform
Transforming ui-util-release.aar (androidx.compose.ui:ui-util-android:1.7.6) with AarTransform
Transforming ui-unit-release.aar (androidx.compose.ui:ui-unit-android:1.7.6) with ExtractAarTransform
Transforming ui-unit-release.aar (androidx.compose.ui:ui-unit-android:1.7.6) with AarTransform
Transforming ui-graphics-release.aar (androidx.compose.ui:ui-graphics-android:1.7.6) with ExtractAarTransform
Transforming ui-graphics-release.aar (androidx.compose.ui:ui-graphics-android:1.7.6) with AarTransform
Transforming ui-geometry-release.aar (androidx.compose.ui:ui-geometry-android:1.7.6) with ExtractAarTransform
Transforming ui-geometry-release.aar (androidx.compose.ui:ui-geometry-android:1.7.6) with AarTransform
Transforming ui-text-release.aar (androidx.compose.ui:ui-text-android:1.7.6) with ExtractAarTransform
Transforming ui-text-release.aar (androidx.compose.ui:ui-text-android:1.7.6) with AarTransform
Transforming emoji2-1.3.0.aar (androidx.emoji2:emoji2:1.3.0) with ExtractAarTransform
Transforming emoji2-1.3.0.aar (androidx.emoji2:emoji2:1.3.0) with AarTransform
Transforming lifecycle-process-2.8.7.aar (androidx.lifecycle:lifecycle-process:2.8.7) with ExtractAarTransform
Transforming lifecycle-process-2.8.7.aar (androidx.lifecycle:lifecycle-process:2.8.7) with AarTransform
Transforming lifecycle-runtime-compose-release.aar (androidx.lifecycle:lifecycle-runtime-compose-android:2.8.7) with ExtractAarTransform
Transforming lifecycle-runtime-compose-release.aar (androidx.lifecycle:lifecycle-runtime-compose-android:2.8.7) with AarTransform
Transforming lifecycle-livedata-core-2.8.7.aar (androidx.lifecycle:lifecycle-livedata-core:2.8.7) with ExtractAarTransform
Transforming lifecycle-livedata-core-2.8.7.aar (androidx.lifecycle:lifecycle-livedata-core:2.8.7) with AarTransform
Transforming lifecycle-runtime-ktx-release.aar (androidx.lifecycle:lifecycle-runtime-ktx-android:2.8.7) with ExtractAarTransform
Transforming lifecycle-runtime-ktx-release.aar (androidx.lifecycle:lifecycle-runtime-ktx-android:2.8.7) with AarTransform
Transforming lifecycle-viewmodel-release.aar (androidx.lifecycle:lifecycle-viewmodel-android:2.8.7) with ExtractAarTransform
Transforming lifecycle-viewmodel-release.aar (androidx.lifecycle:lifecycle-viewmodel-android:2.8.7) with AarTransform
Transforming lifecycle-runtime-release.aar (androidx.lifecycle:lifecycle-runtime-android:2.8.7) with ExtractAarTransform
Transforming lifecycle-runtime-release.aar (androidx.lifecycle:lifecycle-runtime-android:2.8.7) with AarTransform
Transforming lifecycle-viewmodel-savedstate-2.8.7.aar (androidx.lifecycle:lifecycle-viewmodel-savedstate:2.8.7) with ExtractAarTransform
Transforming lifecycle-viewmodel-savedstate-2.8.7.aar (androidx.lifecycle:lifecycle-viewmodel-savedstate:2.8.7) with AarTransform
Transforming lifecycle-viewmodel-ktx-2.8.7.aar (androidx.lifecycle:lifecycle-viewmodel-ktx:2.8.7) with ExtractAarTransform
Transforming lifecycle-viewmodel-ktx-2.8.7.aar (androidx.lifecycle:lifecycle-viewmodel-ktx:2.8.7) with AarTransform
Transforming lifecycle-viewmodel-compose-release.aar (androidx.lifecycle:lifecycle-viewmodel-compose-android:2.8.7) with ExtractAarTransform
Transforming lifecycle-viewmodel-compose-release.aar (androidx.lifecycle:lifecycle-viewmodel-compose-android:2.8.7) with AarTransform
Transforming ui-release.aar (androidx.compose.ui:ui-android:1.7.6) with ExtractAarTransform
Transforming ui-release.aar (androidx.compose.ui:ui-android:1.7.6) with AarTransform
Transforming autofill-1.0.0.aar (androidx.autofill:autofill:1.0.0) with ExtractAarTransform
Transforming autofill-1.0.0.aar (androidx.autofill:autofill:1.0.0) with AarTransform
Transforming graphics-path-1.0.1.aar (androidx.graphics:graphics-path:1.0.1) with ExtractAarTransform
Transforming graphics-path-1.0.1.aar (androidx.graphics:graphics-path:1.0.1) with AarTransform
Transforming core-1.15.0.aar (androidx.core:core:1.15.0) with ExtractAarTransform
Transforming core-1.15.0.aar (androidx.core:core:1.15.0) with AarTransform
Transforming core-1.15.0.aar (androidx.core:core:1.15.0) with ExtractAarTransform
Transforming core-1.15.0.aar (androidx.core:core:1.15.0) with AarTransform
Transforming customview-poolingcontainer-1.0.0.aar (androidx.customview:customview-poolingcontainer:1.0.0) with ExtractAarTransform
Transforming customview-poolingcontainer-1.0.0.aar (androidx.customview:customview-poolingcontainer:1.0.0) with AarTransform
Transforming core-ktx-1.15.0.aar (androidx.core:core-ktx:1.15.0) with ExtractAarTransform
Transforming core-ktx-1.15.0.aar (androidx.core:core-ktx:1.15.0) with AarTransform
Transforming runtime-saveable-release.aar (androidx.compose.runtime:runtime-saveable-android:1.7.6) with ExtractAarTransform
Transforming runtime-saveable-release.aar (androidx.compose.runtime:runtime-saveable-android:1.7.6) with AarTransform
Transforming runtime-release.aar (androidx.compose.runtime:runtime-android:1.7.6) with ExtractAarTransform
Transforming runtime-release.aar (androidx.compose.runtime:runtime-android:1.7.6) with AarTransform
Transforming interpolator-1.0.0.aar (androidx.interpolator:interpolator:1.0.0) with ExtractAarTransform
Transforming interpolator-1.0.0.aar (androidx.interpolator:interpolator:1.0.0) with AarTransform
Transforming profileinstaller-1.3.1.aar (androidx.profileinstaller:profileinstaller:1.3.1) with ExtractAarTransform
Transforming profileinstaller-1.3.1.aar (androidx.profileinstaller:profileinstaller:1.3.1) with AarTransform
Transforming startup-runtime-1.1.1.aar (androidx.startup:startup-runtime:1.1.1) with ExtractAarTransform
Caching disabled for AarTransform: /home/runner/.gradle/caches/8.11.1/transforms/7421a4698030bc89d4d073c43f08d1b6/transformed/activity-compose-1.9.3 because:
  Build cache is disabled
  Caching not enabled.
Transforming startup-runtime-1.1.1.aar (androidx.startup:startup-runtime:1.1.1) with AarTransform
Transforming tracing-1.2.0.aar (androidx.tracing:tracing:1.2.0) with ExtractAarTransform
Transforming tracing-1.2.0.aar (androidx.tracing:tracing:1.2.0) with AarTransform
Transforming versionedparcelable-1.1.1.aar (androidx.versionedparcelable:versionedparcelable:1.1.1) with ExtractAarTransform
Transforming versionedparcelable-1.1.1.aar (androidx.versionedparcelable:versionedparcelable:1.1.1) with AarTransform
Transforming core-runtime-2.2.0.aar (androidx.arch.core:core-runtime:2.2.0) with ExtractAarTransform
Caching disabled for AarTransform: /home/runner/.gradle/caches/8.11.1/transforms/3a1236b98f57ea50ba4682cb5361c5fd/transformed/savedstate-ktx-1.2.1 because:
  Build cache is disabled
  Caching not enabled.
Transforming core-runtime-2.2.0.aar (androidx.arch.core:core-runtime:2.2.0) with AarTransform
Transforming annotation-experimental-1.4.1.aar (androidx.annotation:annotation-experimental:1.4.1) with ExtractAarTransform
Transforming annotation-experimental-1.4.1.aar (androidx.annotation:annotation-experimental:1.4.1) with AarTransform
Caching disabled for AarTransform: /home/runner/.gradle/caches/8.11.1/transforms/c634742bb781cc6a3ff220e89ec6a6c3/transformed/material-icons-core-release because:
  Build cache is disabled
  Caching not enabled.
Caching disabled for AarTransform: /home/runner/.gradle/caches/8.11.1/transforms/b625fe0482c8ba8b21f3ab56c07a4653/transformed/savedstate-1.2.1 because:
  Build cache is disabled
  Caching not enabled.
Caching disabled for AarTransform: /home/runner/.gradle/caches/8.11.1/transforms/35eda86bc342691a6ca517f9da12e886/transformed/material-ripple-release because:
  Build cache is disabled
  Caching not enabled.
Caching disabled for AarTransform: /home/runner/.gradle/caches/8.11.1/transforms/de57972c072e3620c4759dce2fa0f493/transformed/animation-core-release because:
  Build cache is disabled
  Caching not enabled.
Caching disabled for AarTransform: /home/runner/.gradle/caches/8.11.1/transforms/8d56f5a7f3ab3827f422a61c24a4f8a0/transformed/animation-release because:
  Build cache is disabled
  Caching not enabled.
Caching disabled for AarTransform: /home/runner/.gradle/caches/8.11.1/transforms/1645c4ca5f60c689b6c54bd621edba6d/transformed/foundation-layout-release because:
  Build cache is disabled
  Caching not enabled.
Caching disabled for AarTransform: /home/runner/.gradle/caches/8.11.1/transforms/f4549f10372b527a95837e37242bc2a7/transformed/foundation-release because:
  Build cache is disabled
  Caching not enabled.
Caching disabled for AarTransform: /home/runner/.gradle/caches/8.11.1/transforms/d011fca456783afe6e44c97b7b09d6d2/transformed/ui-util-release because:
  Build cache is disabled
  Caching not enabled.
Caching disabled for AarTransform: /home/runner/.gradle/caches/8.11.1/transforms/5e240b75891ce6a636723ed7a3b91862/transformed/ui-graphics-release because:
  Build cache is disabled
  Caching not enabled.
Caching disabled for AarTransform: /home/runner/.gradle/caches/8.11.1/transforms/eee286aafefa0c22514751e42c830238/transformed/ui-geometry-release because:
  Build cache is disabled
  Caching not enabled.
Caching disabled for AarTransform: /home/runner/.gradle/caches/8.11.1/transforms/d998acb0a97327a2288f6fd477f8d865/transformed/ui-text-release because:
  Build cache is disabled
  Caching not enabled.
Caching disabled for AarTransform: /home/runner/.gradle/caches/8.11.1/transforms/5d9f5c8dc827ed79d31c4c1948c691d9/transformed/ui-unit-release because:
  Build cache is disabled
  Caching not enabled.
Caching disabled for AarTransform: /home/runner/.gradle/caches/8.11.1/transforms/e944d2a0e8f857e281c6081cf2ac857b/transformed/emoji2-1.3.0 because:
  Build cache is disabled
  Caching not enabled.
Caching disabled for AarTransform: /home/runner/.gradle/caches/8.11.1/transforms/c37406e4844ac2c4f86a1c65b4296a34/transformed/lifecycle-process-2.8.7 because:
  Build cache is disabled
  Caching not enabled.
Caching disabled for AarTransform: /home/runner/.gradle/caches/8.11.1/transforms/1f677cc729e06c09af18231fb7262960/transformed/lifecycle-runtime-compose-release because:
  Build cache is disabled
  Caching not enabled.
Caching disabled for AarTransform: /home/runner/.gradle/caches/8.11.1/transforms/372ad2f6a52bfb7ff7dc40cc14f6304e/transformed/lifecycle-livedata-core-2.8.7 because:
  Build cache is disabled
  Caching not enabled.
Caching disabled for AarTransform: /home/runner/.gradle/caches/8.11.1/transforms/e8b2690a9208b8c19fc08fa049e09a0a/transformed/lifecycle-runtime-ktx-release because:
  Build cache is disabled
  Caching not enabled.
Caching disabled for AarTransform: /home/runner/.gradle/caches/8.11.1/transforms/7557869475eade91e472f860bd2d0bfe/transformed/lifecycle-viewmodel-release because:
  Build cache is disabled
  Caching not enabled.
Caching disabled for AarTransform: /home/runner/.gradle/caches/8.11.1/transforms/37ca274cc5f4f8df0bcdf1b3c9a7f642/transformed/lifecycle-runtime-release because:
  Build cache is disabled
  Caching not enabled.
Caching disabled for AarTransform: /home/runner/.gradle/caches/8.11.1/transforms/8c3f1ae122a81665238f5182c147d455/transformed/lifecycle-viewmodel-savedstate-2.8.7 because:
  Build cache is disabled
  Caching not enabled.
Caching disabled for AarTransform: /home/runner/.gradle/caches/8.11.1/transforms/469f349dace3a03d12817116301f0550/transformed/lifecycle-viewmodel-ktx-2.8.7 because:
  Build cache is disabled
  Caching not enabled.
Caching disabled for AarTransform: /home/runner/.gradle/caches/8.11.1/transforms/1134bc7b9479853c21619d23c3f0a72b/transformed/ui-release because:
  Build cache is disabled
  Caching not enabled.
Caching disabled for AarTransform: /home/runner/.gradle/caches/8.11.1/transforms/ecb13d304bf91ff0a2d8546bebc4e027/transformed/lifecycle-viewmodel-compose-release because:
  Build cache is disabled
  Caching not enabled.
Caching disabled for AarTransform: /home/runner/.gradle/caches/8.11.1/transforms/4bee49088ad9e0aeb4cfe20b54bf2013/transformed/autofill-1.0.0 because:
  Build cache is disabled
  Caching not enabled.
Caching disabled for AarTransform: /home/runner/.gradle/caches/8.11.1/transforms/2b9fa503552050337f9b86b8132a53e0/transformed/graphics-path-1.0.1 because:
  Build cache is disabled
  Caching not enabled.
Caching disabled for AarTransform: /home/runner/.gradle/caches/8.11.1/transforms/d5a39e95ef83bb9b2a5a49d1421f0179/transformed/core-1.15.0 because:
  Build cache is disabled
  Caching not enabled.
Caching disabled for AarTransform: /home/runner/.gradle/caches/8.11.1/transforms/ff6b4d73b0fb7dc15264723a14db6b14/transformed/customview-poolingcontainer-1.0.0 because:
  Build cache is disabled
  Caching not enabled.
Caching disabled for AarTransform: /home/runner/.gradle/caches/8.11.1/transforms/387494ee7323c051b2ec561bb25666f6/transformed/core-ktx-1.15.0 because:
  Build cache is disabled
  Caching not enabled.
Caching disabled for AarTransform: /home/runner/.gradle/caches/8.11.1/transforms/4eaf163879220a33aa52b5ab66a6e319/transformed/runtime-saveable-release because:
  Build cache is disabled
  Caching not enabled.
Caching disabled for AarTransform: /home/runner/.gradle/caches/8.11.1/transforms/86c9aae865d2ec3e4827ac77095048f8/transformed/runtime-release because:
  Build cache is disabled
  Caching not enabled.
Caching disabled for AarTransform: /home/runner/.gradle/caches/8.11.1/transforms/152f6345457c37c7f0e2346509c8263e/transformed/interpolator-1.0.0 because:
  Build cache is disabled
  Caching not enabled.
Caching disabled for AarTransform: /home/runner/.gradle/caches/8.11.1/transforms/d6a0272db2b66da6f60eb355100f002f/transformed/profileinstaller-1.3.1 because:
  Build cache is disabled
  Caching not enabled.
Caching disabled for AarTransform: /home/runner/.gradle/caches/8.11.1/transforms/995dcf9a200e8d999ba3c7c19b288a6f/transformed/startup-runtime-1.1.1 because:
  Build cache is disabled
  Caching not enabled.
Caching disabled for AarTransform: /home/runner/.gradle/caches/8.11.1/transforms/796416708e98c36febc75fb0c130477a/transformed/tracing-1.2.0 because:
  Build cache is disabled
  Caching not enabled.
Caching disabled for AarTransform: /home/runner/.gradle/caches/8.11.1/transforms/07018a9bea237162a0f010e5064dafd4/transformed/core-runtime-2.2.0 because:
  Build cache is disabled
  Caching not enabled.
Caching disabled for AarTransform: /home/runner/.gradle/caches/8.11.1/transforms/85ba03369b5f40af279deed8927656be/transformed/versionedparcelable-1.1.1 because:
  Build cache is disabled
  Caching not enabled.
Caching disabled for AarTransform: /home/runner/.gradle/caches/8.11.1/transforms/1c13bf3751a84302073f68223688a891/transformed/annotation-experimental-1.4.1 because:
  Build cache is disabled
  Caching not enabled.
Caching disabled for task ':sample-app:processDebugMainManifest' because:
  Build cache is disabled
Task ':sample-app:processDebugMainManifest' is not up-to-date because:
  No history is available.
package="dev.weft.sample" found in source AndroidManifest.xml: /home/runner/work/Weft/Weft/android/sample-app/src/main/AndroidManifest.xml.
Setting the namespace via the package attribute in the source AndroidManifest.xml is no longer supported, and the value is ignored.
Recommendation: remove package="dev.weft.sample" from the source AndroidManifest.xml: /home/runner/work/Weft/Weft/android/sample-app/src/main/AndroidManifest.xml.
Loading library manifest /home/runner/work/Weft/Weft/android/weft-compose/build/intermediates/merged_manifest/debug/processDebugManifest/AndroidManifest.xml
Loading library manifest /home/runner/work/Weft/Weft/android/weft-core/build/intermediates/merged_manifest/debug/processDebugManifest/AndroidManifest.xml
Loading library manifest /home/runner/.gradle/caches/8.11.1/transforms/e19c46e29b05aef1921948202dd63ee3/transformed/activity-1.9.3/AndroidManifest.xml
Loading library manifest /home/runner/.gradle/caches/8.11.1/transforms/14a587fae74d0ea88beb2e529faef0d4/transformed/activity-ktx-1.9.3/AndroidManifest.xml
Loading library manifest /home/runner/.gradle/caches/8.11.1/transforms/de8de35990547289319eedc5ed7ee1e0/transformed/material3-release/AndroidManifest.xml
Loading library manifest /home/runner/.gradle/caches/8.11.1/transforms/7421a4698030bc89d4d073c43f08d1b6/transformed/activity-compose-1.9.3/AndroidManifest.xml
Loading library manifest /home/runner/.gradle/caches/8.11.1/transforms/3a1236b98f57ea50ba4682cb5361c5fd/transformed/savedstate-ktx-1.2.1/AndroidManifest.xml
Loading library manifest /home/runner/.gradle/caches/8.11.1/transforms/b625fe0482c8ba8b21f3ab56c07a4653/transformed/savedstate-1.2.1/AndroidManifest.xml
Loading library manifest /home/runner/.gradle/caches/8.11.1/transforms/c634742bb781cc6a3ff220e89ec6a6c3/transformed/material-icons-core-release/AndroidManifest.xml
Loading library manifest /home/runner/.gradle/caches/8.11.1/transforms/35eda86bc342691a6ca517f9da12e886/transformed/material-ripple-release/AndroidManifest.xml
Loading library manifest /home/runner/.gradle/caches/8.11.1/transforms/de57972c072e3620c4759dce2fa0f493/transformed/animation-core-release/AndroidManifest.xml
Loading library manifest /home/runner/.gradle/caches/8.11.1/transforms/8d56f5a7f3ab3827f422a61c24a4f8a0/transformed/animation-release/AndroidManifest.xml
Loading library manifest /home/runner/.gradle/caches/8.11.1/transforms/1645c4ca5f60c689b6c54bd621edba6d/transformed/foundation-layout-release/AndroidManifest.xml
Loading library manifest /home/runner/.gradle/caches/8.11.1/transforms/f4549f10372b527a95837e37242bc2a7/transformed/foundation-release/AndroidManifest.xml
Loading library manifest /home/runner/.gradle/caches/8.11.1/transforms/d011fca456783afe6e44c97b7b09d6d2/transformed/ui-util-release/AndroidManifest.xml
Loading library manifest /home/runner/.gradle/caches/8.11.1/transforms/5d9f5c8dc827ed79d31c4c1948c691d9/transformed/ui-unit-release/AndroidManifest.xml
Loading library manifest /home/runner/.gradle/caches/8.11.1/transforms/5e240b75891ce6a636723ed7a3b91862/transformed/ui-graphics-release/AndroidManifest.xml
Loading library manifest /home/runner/.gradle/caches/8.11.1/transforms/eee286aafefa0c22514751e42c830238/transformed/ui-geometry-release/AndroidManifest.xml
Loading library manifest /home/runner/.gradle/caches/8.11.1/transforms/d998acb0a97327a2288f6fd477f8d865/transformed/ui-text-release/AndroidManifest.xml
Loading library manifest /home/runner/.gradle/caches/8.11.1/transforms/e944d2a0e8f857e281c6081cf2ac857b/transformed/emoji2-1.3.0/AndroidManifest.xml
Loading library manifest /home/runner/.gradle/caches/8.11.1/transforms/c37406e4844ac2c4f86a1c65b4296a34/transformed/lifecycle-process-2.8.7/AndroidManifest.xml
Loading library manifest /home/runner/.gradle/caches/8.11.1/transforms/1f677cc729e06c09af18231fb7262960/transformed/lifecycle-runtime-compose-release/AndroidManifest.xml
Loading library manifest /home/runner/.gradle/caches/8.11.1/transforms/372ad2f6a52bfb7ff7dc40cc14f6304e/transformed/lifecycle-livedata-core-2.8.7/AndroidManifest.xml
Loading library manifest /home/runner/.gradle/caches/8.11.1/transforms/e8b2690a9208b8c19fc08fa049e09a0a/transformed/lifecycle-runtime-ktx-release/AndroidManifest.xml
Loading library manifest /home/runner/.gradle/caches/8.11.1/transforms/7557869475eade91e472f860bd2d0bfe/transformed/lifecycle-viewmodel-release/AndroidManifest.xml
Loading library manifest /home/runner/.gradle/caches/8.11.1/transforms/37ca274cc5f4f8df0bcdf1b3c9a7f642/transformed/lifecycle-runtime-release/AndroidManifest.xml
Loading library manifest /home/runner/.gradle/caches/8.11.1/transforms/8c3f1ae122a81665238f5182c147d455/transformed/lifecycle-viewmodel-savedstate-2.8.7/AndroidManifest.xml
Loading library manifest /home/runner/.gradle/caches/8.11.1/transforms/469f349dace3a03d12817116301f0550/transformed/lifecycle-viewmodel-ktx-2.8.7/AndroidManifest.xml
Loading library manifest /home/runner/.gradle/caches/8.11.1/transforms/ecb13d304bf91ff0a2d8546bebc4e027/transformed/lifecycle-viewmodel-compose-release/AndroidManifest.xml
Loading library manifest /home/runner/.gradle/caches/8.11.1/transforms/1134bc7b9479853c21619d23c3f0a72b/transformed/ui-release/AndroidManifest.xml
Loading library manifest /home/runner/.gradle/caches/8.11.1/transforms/4bee49088ad9e0aeb4cfe20b54bf2013/transformed/autofill-1.0.0/AndroidManifest.xml
Loading library manifest /home/runner/.gradle/caches/8.11.1/transforms/2b9fa503552050337f9b86b8132a53e0/transformed/graphics-path-1.0.1/AndroidManifest.xml
Loading library manifest /home/runner/.gradle/caches/8.11.1/transforms/d5a39e95ef83bb9b2a5a49d1421f0179/transformed/core-1.15.0/AndroidManifest.xml
Loading library manifest /home/runner/.gradle/caches/8.11.1/transforms/ff6b4d73b0fb7dc15264723a14db6b14/transformed/customview-poolingcontainer-1.0.0/AndroidManifest.xml
Loading library manifest /home/runner/.gradle/caches/8.11.1/transforms/387494ee7323c051b2ec561bb25666f6/transformed/core-ktx-1.15.0/AndroidManifest.xml
Loading library manifest /home/runner/.gradle/caches/8.11.1/transforms/4eaf163879220a33aa52b5ab66a6e319/transformed/runtime-saveable-release/AndroidManifest.xml
Loading library manifest /home/runner/.gradle/caches/8.11.1/transforms/86c9aae865d2ec3e4827ac77095048f8/transformed/runtime-release/AndroidManifest.xml
Loading library manifest /home/runner/.gradle/caches/8.11.1/transforms/152f6345457c37c7f0e2346509c8263e/transformed/interpolator-1.0.0/AndroidManifest.xml
Loading library manifest /home/runner/.gradle/caches/8.11.1/transforms/d6a0272db2b66da6f60eb355100f002f/transformed/profileinstaller-1.3.1/AndroidManifest.xml
Loading library manifest /home/runner/.gradle/caches/8.11.1/transforms/995dcf9a200e8d999ba3c7c19b288a6f/transformed/startup-runtime-1.1.1/AndroidManifest.xml
Loading library manifest /home/runner/.gradle/caches/8.11.1/transforms/796416708e98c36febc75fb0c130477a/transformed/tracing-1.2.0/AndroidManifest.xml
Loading library manifest /home/runner/.gradle/caches/8.11.1/transforms/85ba03369b5f40af279deed8927656be/transformed/versionedparcelable-1.1.1/AndroidManifest.xml
Loading library manifest /home/runner/.gradle/caches/8.11.1/transforms/07018a9bea237162a0f010e5064dafd4/transformed/core-runtime-2.2.0/AndroidManifest.xml
Loading library manifest /home/runner/.gradle/caches/8.11.1/transforms/1c13bf3751a84302073f68223688a891/transformed/annotation-experimental-1.4.1/AndroidManifest.xml
Merging main manifest /home/runner/work/Weft/Weft/android/sample-app/src/main/AndroidManifest.xml

Merging library manifest /home/runner/work/Weft/Weft/android/weft-compose/build/intermediates/merged_manifest/debug/processDebugManifest/AndroidManifest.xml
Merging manifest with lower [:weft-compose] AndroidManifest.xml:2:1-7:12
uses-sdk defined in both files...
Merging uses-sdk with lower [:weft-compose] AndroidManifest.xml:5:5-44
Merging library manifest /home/runner/work/Weft/Weft/android/weft-core/build/intermediates/merged_manifest/debug/processDebugManifest/AndroidManifest.xml
Merging manifest with lower [:weft-core] AndroidManifest.xml:2:1-7:12
uses-sdk defined in both files...
Merging uses-sdk with lower [:weft-core] AndroidManifest.xml:5:5-44
Merging library manifest /home/runner/.gradle/caches/8.11.1/transforms/e19c46e29b05aef1921948202dd63ee3/transformed/activity-1.9.3/AndroidManifest.xml
Merging manifest with lower [androidx.activity:activity:1.9.3] AndroidManifest.xml:17:1-22:12
uses-sdk defined in both files...
Merging uses-sdk with lower [androidx.activity:activity:1.9.3] AndroidManifest.xml:20:5-44
Merging library manifest /home/runner/.gradle/caches/8.11.1/transforms/14a587fae74d0ea88beb2e529faef0d4/transformed/activity-ktx-1.9.3/AndroidManifest.xml
Merging manifest with lower [androidx.activity:activity-ktx:1.9.3] AndroidManifest.xml:2:1-7:12
uses-sdk defined in both files...
Merging uses-sdk with lower [androidx.activity:activity-ktx:1.9.3] AndroidManifest.xml:5:5-44
Merging library manifest /home/runner/.gradle/caches/8.11.1/transforms/de8de35990547289319eedc5ed7ee1e0/transformed/material3-release/AndroidManifest.xml
Merging manifest with lower [androidx.compose.material3:material3-android:1.3.1] AndroidManifest.xml:17:1-22:12
uses-sdk defined in both files...
Merging uses-sdk with lower [androidx.compose.material3:material3-android:1.3.1] AndroidManifest.xml:20:5-44
Merging library manifest /home/runner/.gradle/caches/8.11.1/transforms/7421a4698030bc89d4d073c43f08d1b6/transformed/activity-compose-1.9.3/AndroidManifest.xml
Merging manifest with lower [androidx.activity:activity-compose:1.9.3] AndroidManifest.xml:2:1-7:12
uses-sdk defined in both files...
Merging uses-sdk with lower [androidx.activity:activity-compose:1.9.3] AndroidManifest.xml:5:5-44
Merging library manifest /home/runner/.gradle/caches/8.11.1/transforms/3a1236b98f57ea50ba4682cb5361c5fd/transformed/savedstate-ktx-1.2.1/AndroidManifest.xml
Merging manifest with lower [androidx.savedstate:savedstate-ktx:1.2.1] AndroidManifest.xml:17:1-22:12
uses-sdk defined in both files...
Merging uses-sdk with lower [androidx.savedstate:savedstate-ktx:1.2.1] AndroidManifest.xml:20:5-44
Merging library manifest /home/runner/.gradle/caches/8.11.1/transforms/b625fe0482c8ba8b21f3ab56c07a4653/transformed/savedstate-1.2.1/AndroidManifest.xml
Merging manifest with lower [androidx.savedstate:savedstate:1.2.1] AndroidManifest.xml:17:1-22:12
uses-sdk defined in both files...
Merging uses-sdk with lower [androidx.savedstate:savedstate:1.2.1] AndroidManifest.xml:20:5-44
Merging library manifest /home/runner/.gradle/caches/8.11.1/transforms/c634742bb781cc6a3ff220e89ec6a6c3/transformed/material-icons-core-release/AndroidManifest.xml
Merging manifest with lower [androidx.compose.material:material-icons-core-android:1.6.0] AndroidManifest.xml:2:1-7:12
uses-sdk defined in both files...
Merging uses-sdk with lower [androidx.compose.material:material-icons-core-android:1.6.0] AndroidManifest.xml:5:5-44
Merging library manifest /home/runner/.gradle/caches/8.11.1/transforms/35eda86bc342691a6ca517f9da12e886/transformed/material-ripple-release/AndroidManifest.xml
Merging manifest with lower [androidx.compose.material:material-ripple-android:1.7.0] AndroidManifest.xml:2:1-7:12
uses-sdk defined in both files...
Merging uses-sdk with lower [androidx.compose.material:material-ripple-android:1.7.0] AndroidManifest.xml:5:5-44
Merging library manifest /home/runner/.gradle/caches/8.11.1/transforms/de57972c072e3620c4759dce2fa0f493/transformed/animation-core-release/AndroidManifest.xml
Merging manifest with lower [androidx.compose.animation:animation-core-android:1.7.6] AndroidManifest.xml:2:1-7:12
uses-sdk defined in both files...
Merging uses-sdk with lower [androidx.compose.animation:animation-core-android:1.7.6] AndroidManifest.xml:5:5-44
Merging library manifest /home/runner/.gradle/caches/8.11.1/transforms/8d56f5a7f3ab3827f422a61c24a4f8a0/transformed/animation-release/AndroidManifest.xml
Merging manifest with lower [androidx.compose.animation:animation-android:1.7.6] AndroidManifest.xml:2:1-7:12
uses-sdk defined in both files...
Merging uses-sdk with lower [androidx.compose.animation:animation-android:1.7.6] AndroidManifest.xml:5:5-44
Merging library manifest /home/runner/.gradle/caches/8.11.1/transforms/1645c4ca5f60c689b6c54bd621edba6d/transformed/foundation-layout-release/AndroidManifest.xml
Merging manifest with lower [androidx.compose.foundation:foundation-layout-android:1.7.6] AndroidManifest.xml:2:1-7:12
uses-sdk defined in both files...
Merging uses-sdk with lower [androidx.compose.foundation:foundation-layout-android:1.7.6] AndroidManifest.xml:5:5-44
Merging library manifest /home/runner/.gradle/caches/8.11.1/transforms/f4549f10372b527a95837e37242bc2a7/transformed/foundation-release/AndroidManifest.xml
Merging manifest with lower [androidx.compose.foundation:foundation-android:1.7.6] AndroidManifest.xml:2:1-7:12
uses-sdk defined in both files...
Merging uses-sdk with lower [androidx.compose.foundation:foundation-android:1.7.6] AndroidManifest.xml:5:5-44
Merging library manifest /home/runner/.gradle/caches/8.11.1/transforms/d011fca456783afe6e44c97b7b09d6d2/transformed/ui-util-release/AndroidManifest.xml
Merging manifest with lower [androidx.compose.ui:ui-util-android:1.7.6] AndroidManifest.xml:2:1-7:12
uses-sdk defined in both files...
Merging uses-sdk with lower [androidx.compose.ui:ui-util-android:1.7.6] AndroidManifest.xml:5:5-44
Merging library manifest /home/runner/.gradle/caches/8.11.1/transforms/5d9f5c8dc827ed79d31c4c1948c691d9/transformed/ui-unit-release/AndroidManifest.xml
Merging manifest with lower [androidx.compose.ui:ui-unit-android:1.7.6] AndroidManifest.xml:2:1-7:12
uses-sdk defined in both files...
Merging uses-sdk with lower [androidx.compose.ui:ui-unit-android:1.7.6] AndroidManifest.xml:5:5-44
Merging library manifest /home/runner/.gradle/caches/8.11.1/transforms/5e240b75891ce6a636723ed7a3b91862/transformed/ui-graphics-release/AndroidManifest.xml
Merging manifest with lower [androidx.compose.ui:ui-graphics-android:1.7.6] AndroidManifest.xml:2:1-7:12
uses-sdk defined in both files...
Merging uses-sdk with lower [androidx.compose.ui:ui-graphics-android:1.7.6] AndroidManifest.xml:5:5-44
Merging library manifest /home/runner/.gradle/caches/8.11.1/transforms/eee286aafefa0c22514751e42c830238/transformed/ui-geometry-release/AndroidManifest.xml
Merging manifest with lower [androidx.compose.ui:ui-geometry-android:1.7.6] AndroidManifest.xml:2:1-7:12
uses-sdk defined in both files...
Merging uses-sdk with lower [androidx.compose.ui:ui-geometry-android:1.7.6] AndroidManifest.xml:5:5-44
Merging library manifest /home/runner/.gradle/caches/8.11.1/transforms/d998acb0a97327a2288f6fd477f8d865/transformed/ui-text-release/AndroidManifest.xml
Merging manifest with lower [androidx.compose.ui:ui-text-android:1.7.6] AndroidManifest.xml:2:1-7:12
uses-sdk defined in both files...
Merging uses-sdk with lower [androidx.compose.ui:ui-text-android:1.7.6] AndroidManifest.xml:5:5-44
Merging library manifest /home/runner/.gradle/caches/8.11.1/transforms/e944d2a0e8f857e281c6081cf2ac857b/transformed/emoji2-1.3.0/AndroidManifest.xml
Merging manifest with lower [androidx.emoji2:emoji2:1.3.0] AndroidManifest.xml:17:1-35:12
uses-sdk defined in both files...
Merging uses-sdk with lower [androidx.emoji2:emoji2:1.3.0] AndroidManifest.xml:21:5-44
application defined in both files...
Merging application with lower [androidx.emoji2:emoji2:1.3.0] AndroidManifest.xml:23:5-33:19
Adopted [provider: null]
Merging library manifest /home/runner/.gradle/caches/8.11.1/transforms/c37406e4844ac2c4f86a1c65b4296a34/transformed/lifecycle-process-2.8.7/AndroidManifest.xml
Merging manifest with lower [androidx.lifecycle:lifecycle-process:2.8.7] AndroidManifest.xml:17:1-35:12
uses-sdk defined in both files...
Merging uses-sdk with lower [androidx.lifecycle:lifecycle-process:2.8.7] AndroidManifest.xml:21:5-44
application defined in both files...
Merging application with lower [androidx.lifecycle:lifecycle-process:2.8.7] AndroidManifest.xml:23:5-33:19
provider#androidx.startup.InitializationProvider defined in both files...
Merging provider#androidx.startup.InitializationProvider with lower [androidx.lifecycle:lifecycle-process:2.8.7] AndroidManifest.xml:24:9-32:20
Adopted [meta-data: null]
Merging library manifest /home/runner/.gradle/caches/8.11.1/transforms/1f677cc729e06c09af18231fb7262960/transformed/lifecycle-runtime-compose-release/AndroidManifest.xml
Merging manifest with lower [androidx.lifecycle:lifecycle-runtime-compose-android:2.8.7] AndroidManifest.xml:2:1-7:12
uses-sdk defined in both files...
Merging uses-sdk with lower [androidx.lifecycle:lifecycle-runtime-compose-android:2.8.7] AndroidManifest.xml:5:5-44
Merging library manifest /home/runner/.gradle/caches/8.11.1/transforms/372ad2f6a52bfb7ff7dc40cc14f6304e/transformed/lifecycle-livedata-core-2.8.7/AndroidManifest.xml
Merging manifest with lower [androidx.lifecycle:lifecycle-livedata-core:2.8.7] AndroidManifest.xml:17:1-22:12
uses-sdk defined in both files...
Merging uses-sdk with lower [androidx.lifecycle:lifecycle-livedata-core:2.8.7] AndroidManifest.xml:20:5-44
Merging library manifest /home/runner/.gradle/caches/8.11.1/transforms/e8b2690a9208b8c19fc08fa049e09a0a/transformed/lifecycle-runtime-ktx-release/AndroidManifest.xml
Merging manifest with lower [androidx.lifecycle:lifecycle-runtime-ktx-android:2.8.7] AndroidManifest.xml:2:1-7:12
uses-sdk defined in both files...
Merging uses-sdk with lower [androidx.lifecycle:lifecycle-runtime-ktx-android:2.8.7] AndroidManifest.xml:5:5-44
Merging library manifest /home/runner/.gradle/caches/8.11.1/transforms/7557869475eade91e472f860bd2d0bfe/transformed/lifecycle-viewmodel-release/AndroidManifest.xml
Merging manifest with lower [androidx.lifecycle:lifecycle-viewmodel-android:2.8.7] AndroidManifest.xml:17:1-22:12
uses-sdk defined in both files...
Merging uses-sdk with lower [androidx.lifecycle:lifecycle-viewmodel-android:2.8.7] AndroidManifest.xml:20:5-44
Merging library manifest /home/runner/.gradle/caches/8.11.1/transforms/37ca274cc5f4f8df0bcdf1b3c9a7f642/transformed/lifecycle-runtime-release/AndroidManifest.xml
Merging manifest with lower [androidx.lifecycle:lifecycle-runtime-android:2.8.7] AndroidManifest.xml:17:1-22:12
uses-sdk defined in both files...
Merging uses-sdk with lower [androidx.lifecycle:lifecycle-runtime-android:2.8.7] AndroidManifest.xml:20:5-44
Merging library manifest /home/runner/.gradle/caches/8.11.1/transforms/8c3f1ae122a81665238f5182c147d455/transformed/lifecycle-viewmodel-savedstate-2.8.7/AndroidManifest.xml
Merging manifest with lower [androidx.lifecycle:lifecycle-viewmodel-savedstate:2.8.7] AndroidManifest.xml:17:1-22:12
uses-sdk defined in both files...
Merging uses-sdk with lower [androidx.lifecycle:lifecycle-viewmodel-savedstate:2.8.7] AndroidManifest.xml:20:5-44
Merging library manifest /home/runner/.gradle/caches/8.11.1/transforms/469f349dace3a03d12817116301f0550/transformed/lifecycle-viewmodel-ktx-2.8.7/AndroidManifest.xml
Merging manifest with lower [androidx.lifecycle:lifecycle-viewmodel-ktx:2.8.7] AndroidManifest.xml:2:1-7:12
uses-sdk defined in both files...
Merging uses-sdk with lower [androidx.lifecycle:lifecycle-viewmodel-ktx:2.8.7] AndroidManifest.xml:5:5-44
Merging library manifest /home/runner/.gradle/caches/8.11.1/transforms/ecb13d304bf91ff0a2d8546bebc4e027/transformed/lifecycle-viewmodel-compose-release/AndroidManifest.xml
Merging manifest with lower [androidx.lifecycle:lifecycle-viewmodel-compose-android:2.8.7] AndroidManifest.xml:2:1-7:12
uses-sdk defined in both files...
Merging uses-sdk with lower [androidx.lifecycle:lifecycle-viewmodel-compose-android:2.8.7] AndroidManifest.xml:5:5-44
Merging library manifest /home/runner/.gradle/caches/8.11.1/transforms/1134bc7b9479853c21619d23c3f0a72b/transformed/ui-release/AndroidManifest.xml
Merging manifest with lower [androidx.compose.ui:ui-android:1.7.6] AndroidManifest.xml:2:1-7:12
uses-sdk defined in both files...
Merging uses-sdk with lower [androidx.compose.ui:ui-android:1.7.6] AndroidManifest.xml:5:5-44
Merging library manifest /home/runner/.gradle/caches/8.11.1/transforms/4bee49088ad9e0aeb4cfe20b54bf2013/transformed/autofill-1.0.0/AndroidManifest.xml
Merging manifest with lower [androidx.autofill:autofill:1.0.0] AndroidManifest.xml:17:1-24:12
uses-sdk defined in both files...
Merging uses-sdk with lower [androidx.autofill:autofill:1.0.0] AndroidManifest.xml:20:5-22:41
Merging library manifest /home/runner/.gradle/caches/8.11.1/transforms/2b9fa503552050337f9b86b8132a53e0/transformed/graphics-path-1.0.1/AndroidManifest.xml
Merging manifest with lower [androidx.graphics:graphics-path:1.0.1] AndroidManifest.xml:2:1-7:12
uses-sdk defined in both files...
Merging uses-sdk with lower [androidx.graphics:graphics-path:1.0.1] AndroidManifest.xml:5:5-44
Merging library manifest /home/runner/.gradle/caches/8.11.1/transforms/d5a39e95ef83bb9b2a5a49d1421f0179/transformed/core-1.15.0/AndroidManifest.xml
Merging manifest with lower [androidx.core:core:1.15.0] AndroidManifest.xml:17:1-30:12
uses-sdk defined in both files...
Merging uses-sdk with lower [androidx.core:core:1.15.0] AndroidManifest.xml:20:5-44
Adopted [permission: null]
Adopted [uses-permission: null]
application defined in both files...
Merging application with lower [androidx.core:core:1.15.0] AndroidManifest.xml:28:5-89
Merging library manifest /home/runner/.gradle/caches/8.11.1/transforms/ff6b4d73b0fb7dc15264723a14db6b14/transformed/customview-poolingcontainer-1.0.0/AndroidManifest.xml
Merging manifest with lower [androidx.customview:customview-poolingcontainer:1.0.0] AndroidManifest.xml:17:1-23:12
uses-sdk defined in both files...
Merging uses-sdk with lower [androidx.customview:customview-poolingcontainer:1.0.0] AndroidManifest.xml:20:5-21:38
Merging library manifest /home/runner/.gradle/caches/8.11.1/transforms/387494ee7323c051b2ec561bb25666f6/transformed/core-ktx-1.15.0/AndroidManifest.xml
Merging manifest with lower [androidx.core:core-ktx:1.15.0] AndroidManifest.xml:2:1-7:12
uses-sdk defined in both files...
Merging uses-sdk with lower [androidx.core:core-ktx:1.15.0] AndroidManifest.xml:5:5-44
Merging library manifest /home/runner/.gradle/caches/8.11.1/transforms/4eaf163879220a33aa52b5ab66a6e319/transformed/runtime-saveable-release/AndroidManifest.xml
Merging manifest with lower [androidx.compose.runtime:runtime-saveable-android:1.7.6] AndroidManifest.xml:2:1-7:12
uses-sdk defined in both files...
Merging uses-sdk with lower [androidx.compose.runtime:runtime-saveable-android:1.7.6] AndroidManifest.xml:5:5-44
Merging library manifest /home/runner/.gradle/caches/8.11.1/transforms/86c9aae865d2ec3e4827ac77095048f8/transformed/runtime-release/AndroidManifest.xml
Merging manifest with lower [androidx.compose.runtime:runtime-android:1.7.6] AndroidManifest.xml:2:1-7:12
uses-sdk defined in both files...
Merging uses-sdk with lower [androidx.compose.runtime:runtime-android:1.7.6] AndroidManifest.xml:5:5-44
Merging library manifest /home/runner/.gradle/caches/8.11.1/transforms/152f6345457c37c7f0e2346509c8263e/transformed/interpolator-1.0.0/AndroidManifest.xml
Merging manifest with lower [androidx.interpolator:interpolator:1.0.0] AndroidManifest.xml:17:1-22:12
uses-sdk defined in both files...
Merging uses-sdk with lower [androidx.interpolator:interpolator:1.0.0] AndroidManifest.xml:20:5-44
Merging library manifest /home/runner/.gradle/caches/8.11.1/transforms/d6a0272db2b66da6f60eb355100f002f/transformed/profileinstaller-1.3.1/AndroidManifest.xml
Merging manifest with lower [androidx.profileinstaller:profileinstaller:1.3.1] AndroidManifest.xml:17:1-55:12
uses-sdk defined in both files...
Merging uses-sdk with lower [androidx.profileinstaller:profileinstaller:1.3.1] AndroidManifest.xml:21:5-44
application defined in both files...
Merging application with lower [androidx.profileinstaller:profileinstaller:1.3.1] AndroidManifest.xml:23:5-53:19
provider#androidx.startup.InitializationProvider defined in both files...
Merging provider#androidx.startup.InitializationProvider with lower [androidx.profileinstaller:profileinstaller:1.3.1] AndroidManifest.xml:24:9-32:20
Adopted [meta-data: null]
Adopted [receiver: null]
Merging library manifest /home/runner/.gradle/caches/8.11.1/transforms/995dcf9a200e8d999ba3c7c19b288a6f/transformed/startup-runtime-1.1.1/AndroidManifest.xml
Merging manifest with lower [androidx.startup:startup-runtime:1.1.1] AndroidManifest.xml:17:1-33:12
uses-sdk defined in both files...
Merging uses-sdk with lower [androidx.startup:startup-runtime:1.1.1] AndroidManifest.xml:21:5-23:41
application defined in both files...
Merging application with lower [androidx.startup:startup-runtime:1.1.1] AndroidManifest.xml:25:5-31:19
provider#androidx.startup.InitializationProvider defined in both files...
Merging provider#androidx.startup.InitializationProvider with lower [androidx.startup:startup-runtime:1.1.1] AndroidManifest.xml:26:9-30:34
Merging library manifest /home/runner/.gradle/caches/8.11.1/transforms/796416708e98c36febc75fb0c130477a/transformed/tracing-1.2.0/AndroidManifest.xml
Merging manifest with lower [androidx.tracing:tracing:1.2.0] AndroidManifest.xml:17:1-22:12
uses-sdk defined in both files...
Merging uses-sdk with lower [androidx.tracing:tracing:1.2.0] AndroidManifest.xml:20:5-44
Merging library manifest /home/runner/.gradle/caches/8.11.1/transforms/85ba03369b5f40af279deed8927656be/transformed/versionedparcelable-1.1.1/AndroidManifest.xml
Merging manifest with lower [androidx.versionedparcelable:versionedparcelable:1.1.1] AndroidManifest.xml:17:1-27:12
uses-sdk defined in both files...
Merging uses-sdk with lower [androidx.versionedparcelable:versionedparcelable:1.1.1] AndroidManifest.xml:20:5-22:41
application defined in both files...
Merging application with lower [androidx.versionedparcelable:versionedparcelable:1.1.1] AndroidManifest.xml:24:5-25:19
Merging library manifest /home/runner/.gradle/caches/8.11.1/transforms/07018a9bea237162a0f010e5064dafd4/transformed/core-runtime-2.2.0/AndroidManifest.xml
Merging manifest with lower [androidx.arch.core:core-runtime:2.2.0] AndroidManifest.xml:17:1-22:12
uses-sdk defined in both files...
Merging uses-sdk with lower [androidx.arch.core:core-runtime:2.2.0] AndroidManifest.xml:20:5-44
Merging library manifest /home/runner/.gradle/caches/8.11.1/transforms/1c13bf3751a84302073f68223688a891/transformed/annotation-experimental-1.4.1/AndroidManifest.xml
Merging manifest with lower [androidx.annotation:annotation-experimental:1.4.1] AndroidManifest.xml:2:1-7:12
uses-sdk defined in both files...
Merging uses-sdk with lower [androidx.annotation:annotation-experimental:1.4.1] AndroidManifest.xml:5:5-44
Merging result: SUCCESS
1<?xml version="1.0" encoding="utf-8"?>
2<manifest xmlns:android="http://schemas.android.com/apk/res/android"
3    package="dev.weft.sample"
4    android:versionCode="1"
5    android:versionName="0.1.0" >
6
7    <uses-sdk
8        android:minSdkVersion="24"
9        android:targetSdkVersion="35" />
10
11    <permission
11-->[androidx.core:core:1.15.0] /home/runner/.gradle/caches/8.11.1/transforms/d5a39e95ef83bb9b2a5a49d1421f0179/transformed/core-1.15.0/AndroidManifest.xml:22:5-24:47
12        android:name="dev.weft.sample.DYNAMIC_RECEIVER_NOT_EXPORTED_PERMISSION"
12-->[androidx.core:core:1.15.0] /home/runner/.gradle/caches/8.11.1/transforms/d5a39e95ef83bb9b2a5a49d1421f0179/transformed/core-1.15.0/AndroidManifest.xml:23:9-81
13        android:protectionLevel="signature" />
13-->[androidx.core:core:1.15.0] /home/runner/.gradle/caches/8.11.1/transforms/d5a39e95ef83bb9b2a5a49d1421f0179/transformed/core-1.15.0/AndroidManifest.xml:24:9-44
14
15    <uses-permission android:name="dev.weft.sample.DYNAMIC_RECEIVER_NOT_EXPORTED_PERMISSION" />
15-->[androidx.core:core:1.15.0] /home/runner/.gradle/caches/8.11.1/transforms/d5a39e95ef83bb9b2a5a49d1421f0179/transformed/core-1.15.0/AndroidManifest.xml:26:5-97
15-->[androidx.core:core:1.15.0] /home/runner/.gradle/caches/8.11.1/transforms/d5a39e95ef83bb9b2a5a49d1421f0179/transformed/core-1.15.0/AndroidManifest.xml:26:22-94
16
17    <application
17-->/home/runner/work/Weft/Weft/android/sample-app/src/main/AndroidManifest.xml:5:5-19:19
18        android:allowBackup="true"
18-->/home/runner/work/Weft/Weft/android/sample-app/src/main/AndroidManifest.xml:6:9-35
19        android:appComponentFactory="androidx.core.app.CoreComponentFactory"
19-->[androidx.core:core:1.15.0] /home/runner/.gradle/caches/8.11.1/transforms/d5a39e95ef83bb9b2a5a49d1421f0179/transformed/core-1.15.0/AndroidManifest.xml:28:18-86
20        android:debuggable="true"
21        android:extractNativeLibs="false"
22        android:icon="@android:drawable/sym_def_app_icon"
22-->/home/runner/work/Weft/Weft/android/sample-app/src/main/AndroidManifest.xml:7:9-58
23        android:label="@string/app_name"
23-->/home/runner/work/Weft/Weft/android/sample-app/src/main/AndroidManifest.xml:8:9-41
24        android:supportsRtl="true"
24-->/home/runner/work/Weft/Weft/android/sample-app/src/main/AndroidManifest.xml:9:9-35
25        android:theme="@android:style/Theme.Material.NoActionBar" >
25-->/home/runner/work/Weft/Weft/android/sample-app/src/main/AndroidManifest.xml:10:9-66
26        <activity
26-->/home/runner/work/Weft/Weft/android/sample-app/src/main/AndroidManifest.xml:11:9-18:20
27            android:name="dev.weft.sample.MainActivity"
27-->/home/runner/work/Weft/Weft/android/sample-app/src/main/AndroidManifest.xml:12:13-41
28            android:exported="true" >
28-->/home/runner/work/Weft/Weft/android/sample-app/src/main/AndroidManifest.xml:13:13-36
29            <intent-filter>
29-->/home/runner/work/Weft/Weft/android/sample-app/src/main/AndroidManifest.xml:14:13-17:29
30                <action android:name="android.intent.action.MAIN" />
30-->/home/runner/work/Weft/Weft/android/sample-app/src/main/AndroidManifest.xml:15:17-69
30-->/home/runner/work/Weft/Weft/android/sample-app/src/main/AndroidManifest.xml:15:25-66
31
32                <category android:name="android.intent.category.LAUNCHER" />
32-->/home/runner/work/Weft/Weft/android/sample-app/src/main/AndroidManifest.xml:16:17-77
32-->/home/runner/work/Weft/Weft/android/sample-app/src/main/AndroidManifest.xml:16:27-74
33            </intent-filter>
34        </activity>
35
36        <provider
36-->[androidx.emoji2:emoji2:1.3.0] /home/runner/.gradle/caches/8.11.1/transforms/e944d2a0e8f857e281c6081cf2ac857b/transformed/emoji2-1.3.0/AndroidManifest.xml:24:9-32:20
37            android:name="androidx.startup.InitializationProvider"
37-->[androidx.emoji2:emoji2:1.3.0] /home/runner/.gradle/caches/8.11.1/transforms/e944d2a0e8f857e281c6081cf2ac857b/transformed/emoji2-1.3.0/AndroidManifest.xml:25:13-67
38            android:authorities="dev.weft.sample.androidx-startup"
38-->[androidx.emoji2:emoji2:1.3.0] /home/runner/.gradle/caches/8.11.1/transforms/e944d2a0e8f857e281c6081cf2ac857b/transformed/emoji2-1.3.0/AndroidManifest.xml:26:13-68
39            android:exported="false" >
39-->[androidx.emoji2:emoji2:1.3.0] /home/runner/.gradle/caches/8.11.1/transforms/e944d2a0e8f857e281c6081cf2ac857b/transformed/emoji2-1.3.0/AndroidManifest.xml:27:13-37
40            <meta-data
40-->[androidx.emoji2:emoji2:1.3.0] /home/runner/.gradle/caches/8.11.1/transforms/e944d2a0e8f857e281c6081cf2ac857b/transformed/emoji2-1.3.0/AndroidManifest.xml:29:13-31:52
41                android:name="androidx.emoji2.text.EmojiCompatInitializer"
41-->[androidx.emoji2:emoji2:1.3.0] /home/runner/.gradle/caches/8.11.1/transforms/e944d2a0e8f857e281c6081cf2ac857b/transformed/emoji2-1.3.0/AndroidManifest.xml:30:17-75
42                android:value="androidx.startup" />
42-->[androidx.emoji2:emoji2:1.3.0] /home/runner/.gradle/caches/8.11.1/transforms/e944d2a0e8f857e281c6081cf2ac857b/transformed/emoji2-1.3.0/AndroidManifest.xml:31:17-49
43            <meta-data
43-->[androidx.lifecycle:lifecycle-process:2.8.7] /home/runner/.gradle/caches/8.11.1/transforms/c37406e4844ac2c4f86a1c65b4296a34/transformed/lifecycle-process-2.8.7/AndroidManifest.xml:29:13-31:52
44                android:name="androidx.lifecycle.ProcessLifecycleInitializer"
44-->[androidx.lifecycle:lifecycle-process:2.8.7] /home/runner/.gradle/caches/8.11.1/transforms/c37406e4844ac2c4f86a1c65b4296a34/transformed/lifecycle-process-2.8.7/AndroidManifest.xml:30:17-78
45                android:value="androidx.startup" />
45-->[androidx.lifecycle:lifecycle-process:2.8.7] /home/runner/.gradle/caches/8.11.1/transforms/c37406e4844ac2c4f86a1c65b4296a34/transformed/lifecycle-process-2.8.7/AndroidManifest.xml:31:17-49
46            <meta-data
46-->[androidx.profileinstaller:profileinstaller:1.3.1] /home/runner/.gradle/caches/8.11.1/transforms/d6a0272db2b66da6f60eb355100f002f/transformed/profileinstaller-1.3.1/AndroidManifest.xml:29:13-31:52
47                android:name="androidx.profileinstaller.ProfileInstallerInitializer"
47-->[androidx.profileinstaller:profileinstaller:1.3.1] /home/runner/.gradle/caches/8.11.1/transforms/d6a0272db2b66da6f60eb355100f002f/transformed/profileinstaller-1.3.1/AndroidManifest.xml:30:17-85
48                android:value="androidx.startup" />
48-->[androidx.profileinstaller:profileinstaller:1.3.1] /home/runner/.gradle/caches/8.11.1/transforms/d6a0272db2b66da6f60eb355100f002f/transformed/profileinstaller-1.3.1/AndroidManifest.xml:31:17-49
49        </provider>
50
51        <receiver
51-->[androidx.profileinstaller:profileinstaller:1.3.1] /home/runner/.gradle/caches/8.11.1/transforms/d6a0272db2b66da6f60eb355100f002f/transformed/profileinstaller-1.3.1/AndroidManifest.xml:34:9-52:20
52            android:name="androidx.profileinstaller.ProfileInstallReceiver"
52-->[androidx.profileinstaller:profileinstaller:1.3.1] /home/runner/.gradle/caches/8.11.1/transforms/d6a0272db2b66da6f60eb355100f002f/transformed/profileinstaller-1.3.1/AndroidManifest.xml:35:13-76
53            android:directBootAware="false"
53-->[androidx.profileinstaller:profileinstaller:1.3.1] /home/runner/.gradle/caches/8.11.1/transforms/d6a0272db2b66da6f60eb355100f002f/transformed/profileinstaller-1.3.1/AndroidManifest.xml:36:13-44
54            android:enabled="true"
54-->[androidx.profileinstaller:profileinstaller:1.3.1] /home/runner/.gradle/caches/8.11.1/transforms/d6a0272db2b66da6f60eb355100f002f/transformed/profileinstaller-1.3.1/AndroidManifest.xml:37:13-35
55            android:exported="true"
55-->[androidx.profileinstaller:profileinstaller:1.3.1] /home/runner/.gradle/caches/8.11.1/transforms/d6a0272db2b66da6f60eb355100f002f/transformed/profileinstaller-1.3.1/AndroidManifest.xml:38:13-36
56            android:permission="android.permission.DUMP" >
56-->[androidx.profileinstaller:profileinstaller:1.3.1] /home/runner/.gradle/caches/8.11.1/transforms/d6a0272db2b66da6f60eb355100f002f/transformed/profileinstaller-1.3.1/AndroidManifest.xml:39:13-57
57            <intent-filter>
57-->[androidx.profileinstaller:profileinstaller:1.3.1] /home/runner/.gradle/caches/8.11.1/transforms/d6a0272db2b66da6f60eb355100f002f/transformed/profileinstaller-1.3.1/AndroidManifest.xml:40:13-42:29
58                <action android:name="androidx.profileinstaller.action.INSTALL_PROFILE" />
58-->[androidx.profileinstaller:profileinstaller:1.3.1] /home/runner/.gradle/caches/8.11.1/transforms/d6a0272db2b66da6f60eb355100f002f/transformed/profileinstaller-1.3.1/AndroidManifest.xml:41:17-91
58-->[androidx.profileinstaller:profileinstaller:1.3.1] /home/runner/.gradle/caches/8.11.1/transforms/d6a0272db2b66da6f60eb355100f002f/transformed/profileinstaller-1.3.1/AndroidManifest.xml:41:25-88
59            </intent-filter>
60            <intent-filter>
60-->[androidx.profileinstaller:profileinstaller:1.3.1] /home/runner/.gradle/caches/8.11.1/transforms/d6a0272db2b66da6f60eb355100f002f/transformed/profileinstaller-1.3.1/AndroidManifest.xml:43:13-45:29
61                <action android:name="androidx.profileinstaller.action.SKIP_FILE" />
61-->[androidx.profileinstaller:profileinstaller:1.3.1] /home/runner/.gradle/caches/8.11.1/transforms/d6a0272db2b66da6f60eb355100f002f/transformed/profileinstaller-1.3.1/AndroidManifest.xml:44:17-85
61-->[androidx.profileinstaller:profileinstaller:1.3.1] /home/runner/.gradle/caches/8.11.1/transforms/d6a0272db2b66da6f60eb355100f002f/transformed/profileinstaller-1.3.1/AndroidManifest.xml:44:25-82
62            </intent-filter>
63            <intent-filter>
63-->[androidx.profileinstaller:profileinstaller:1.3.1] /home/runner/.gradle/caches/8.11.1/transforms/d6a0272db2b66da6f60eb355100f002f/transformed/profileinstaller-1.3.1/AndroidManifest.xml:46:13-48:29
64                <action android:name="androidx.profileinstaller.action.SAVE_PROFILE" />
64-->[androidx.profileinstaller:profileinstaller:1.3.1] /home/runner/.gradle/caches/8.11.1/transforms/d6a0272db2b66da6f60eb355100f002f/transformed/profileinstaller-1.3.1/AndroidManifest.xml:47:17-88
64-->[androidx.profileinstaller:profileinstaller:1.3.1] /home/runner/.gradle/caches/8.11.1/transforms/d6a0272db2b66da6f60eb355100f002f/transformed/profileinstaller-1.3.1/AndroidManifest.xml:47:25-85
65            </intent-filter>
66            <intent-filter>
66-->[androidx.profileinstaller:profileinstaller:1.3.1] /home/runner/.gradle/caches/8.11.1/transforms/d6a0272db2b66da6f60eb355100f002f/transformed/profileinstaller-1.3.1/AndroidManifest.xml:49:13-51:29
67                <action android:name="androidx.profileinstaller.action.BENCHMARK_OPERATION" />
67-->[androidx.profileinstaller:profileinstaller:1.3.1] /home/runner/.gradle/caches/8.11.1/transforms/d6a0272db2b66da6f60eb355100f002f/transformed/profileinstaller-1.3.1/AndroidManifest.xml:50:17-95
67-->[androidx.profileinstaller:profileinstaller:1.3.1] /home/runner/.gradle/caches/8.11.1/transforms/d6a0272db2b66da6f60eb355100f002f/transformed/profileinstaller-1.3.1/AndroidManifest.xml:50:25-92
68            </intent-filter>
69        </receiver>
70    </application>
71
72</manifest>

Merged manifest saved to /home/runner/work/Weft/Weft/android/sample-app/build/intermediates/merged_manifest/debug/processDebugMainManifest/AndroidManifest.xml
Resolve mutations for :sample-app:processDebugManifest (Thread[Execution worker Thread 2,5,main]) started.
:sample-app:processDebugManifest (Thread[Execution worker Thread 2,5,main]) started.

> Task :sample-app:processDebugManifest
Caching disabled for task ':sample-app:processDebugManifest' because:
  Build cache is disabled
Task ':sample-app:processDebugManifest' is not up-to-date because:
  No history is available.
Resolve mutations for :sample-app:processDebugManifestForPackage (Thread[Execution worker Thread 2,5,main]) started.
:sample-app:processDebugManifestForPackage (Thread[Execution worker Thread 2,5,main]) started.
Resolve mutations for :weft-compose:parseDebugLocalResources (Thread[Execution worker,5,main]) started.
:weft-compose:parseDebugLocalResources (Thread[included builds,5,main]) started.
Resolve mutations for :weft-core:compileDebugLibraryResources (Thread[Execution worker,5,main]) started.
:weft-core:compileDebugLibraryResources (Thread[Execution worker,5,main]) started.

> Task :weft-compose:parseDebugLocalResources
Transforming android.jar with PlatformAttrTransform
Transforming android.jar with PlatformAttrTransform
Caching disabled for task ':weft-compose:parseDebugLocalResources' because:
  Build cache is disabled
Task ':weft-compose:parseDebugLocalResources' is not up-to-date because:
  No history is available.
The input changes require a full rebuild for incremental task ':weft-compose:parseDebugLocalResources'.
Transforming android.jar with PlatformAttrTransform
Resolve mutations for :weft-compose:generateDebugRFile (Thread[included builds,5,main]) started.
:weft-compose:generateDebugRFile (Thread[included builds,5,main]) started.

> Task :weft-core:compileDebugLibraryResources
Caching disabled for task ':weft-core:compileDebugLibraryResources' because:
  Build cache is disabled
Task ':weft-core:compileDebugLibraryResources' is not up-to-date because:
  No history is available.
The input changes require a full rebuild for incremental task ':weft-core:compileDebugLibraryResources'.
Transforming aapt2-8.7.3-12006047-linux.jar (com.android.tools.build:aapt2:8.7.3-12006047) with Aapt2Extractor
work action resolve out (project :weft-core) (Thread[Execution worker,5,main]) started.
Resolve mutations for :weft-core:parseDebugLocalResources (Thread[Execution worker,5,main]) started.
:weft-core:parseDebugLocalResources (Thread[Execution worker,5,main]) started.
Resolve mutations for :weft-compose:checkKotlinGradlePluginConfigurationErrors (Thread[Execution worker Thread 3,5,main]) started.
:weft-compose:checkKotlinGradlePluginConfigurationErrors (Thread[Execution worker Thread 3,5,main]) started.

> Task :weft-compose:checkKotlinGradlePluginConfigurationErrors SKIPPED
Skipping task ':weft-compose:checkKotlinGradlePluginConfigurationErrors' as task onlyIf 'errorDiagnostics are present' is false.
Resolve mutations for :weft-core:checkKotlinGradlePluginConfigurationErrors (Thread[Execution worker Thread 3,5,main]) started.
:weft-core:checkKotlinGradlePluginConfigurationErrors (Thread[Execution worker Thread 3,5,main]) started.

> Task :weft-core:checkKotlinGradlePluginConfigurationErrors SKIPPED
Skipping task ':weft-core:checkKotlinGradlePluginConfigurationErrors' as task onlyIf 'errorDiagnostics are present' is false.
Resolve mutations for :weft-core:javaPreCompileDebug (Thread[Execution worker Thread 3,5,main]) started.
:weft-core:javaPreCompileDebug (Thread[Execution worker Thread 3,5,main]) started.

> Task :weft-core:parseDebugLocalResources
Transforming android.jar with PlatformAttrTransform
Transforming android.jar with PlatformAttrTransform
Caching disabled for task ':weft-core:parseDebugLocalResources' because:
  Build cache is disabled
Task ':weft-core:parseDebugLocalResources' is not up-to-date because:
  No history is available.
The input changes require a full rebuild for incremental task ':weft-core:parseDebugLocalResources'.
Transforming android.jar with PlatformAttrTransform
Resolve mutations for :weft-core:generateDebugRFile (Thread[Execution worker,5,main]) started.
:weft-core:generateDebugRFile (Thread[Execution worker,5,main]) started.

> Task :weft-core:javaPreCompileDebug
Caching disabled for task ':weft-core:javaPreCompileDebug' because:
  Build cache is disabled
Task ':weft-core:javaPreCompileDebug' is not up-to-date because:
  No history is available.

> Task :sample-app:processDebugManifestForPackage
Custom actions are attached to task ':sample-app:processDebugManifestForPackage'.
Caching disabled for task ':sample-app:processDebugManifestForPackage' because:
  Build cache is disabled
Task ':sample-app:processDebugManifestForPackage' is not up-to-date because:
  No history is available.
Resolve mutations for :weft-compose:javaPreCompileDebug (Thread[Execution worker Thread 3,5,main]) started.
:weft-compose:javaPreCompileDebug (Thread[Execution worker Thread 3,5,main]) started.
Resolve mutations for :sample-app:javaPreCompileDebug (Thread[Execution worker Thread 2,5,main]) started.
:sample-app:javaPreCompileDebug (Thread[Execution worker Thread 2,5,main]) started.

> Task :weft-compose:javaPreCompileDebug
Caching disabled for task ':weft-compose:javaPreCompileDebug' because:
  Build cache is disabled
Task ':weft-compose:javaPreCompileDebug' is not up-to-date because:
  No history is available.
Resolve mutations for :sample-app:preDebugUnitTestBuild (Thread[Execution worker Thread 3,5,main]) started.
:sample-app:preDebugUnitTestBuild (Thread[Execution worker Thread 3,5,main]) started.

> Task :sample-app:preDebugUnitTestBuild UP-TO-DATE
Skipping task ':sample-app:preDebugUnitTestBuild' as it has no actions.
Resolve mutations for :sample-app:javaPreCompileDebugUnitTest (Thread[Execution worker Thread 3,5,main]) started.
:sample-app:javaPreCompileDebugUnitTest (Thread[Execution worker Thread 3,5,main]) started.

> Task :sample-app:javaPreCompileDebug
Caching disabled for task ':sample-app:javaPreCompileDebug' because:
  Build cache is disabled
Task ':sample-app:javaPreCompileDebug' is not up-to-date because:
  No history is available.
Resolve mutations for :sample-app:buildKotlinToolingMetadata (Thread[Execution worker Thread 2,5,main]) started.
:sample-app:buildKotlinToolingMetadata (Thread[Execution worker Thread 2,5,main]) started.

> Task :sample-app:javaPreCompileDebugUnitTest
Caching disabled for task ':sample-app:javaPreCompileDebugUnitTest' because:
  Build cache is disabled
Task ':sample-app:javaPreCompileDebugUnitTest' is not up-to-date because:
  No history is available.

> Task :weft-core:generateDebugRFile
Transforming android.jar with PlatformAttrTransform
Caching disabled for task ':weft-core:generateDebugRFile' because:
  Build cache is disabled
Task ':weft-core:generateDebugRFile' is not up-to-date because:
  No history is available.
The input changes require a full rebuild for incremental task ':weft-core:generateDebugRFile'.

> Task :weft-compose:generateDebugRFile
Transforming android.jar with PlatformAttrTransform
Caching disabled for task ':weft-compose:generateDebugRFile' because:
  Build cache is disabled
Task ':weft-compose:generateDebugRFile' is not up-to-date because:
  No history is available.
The input changes require a full rebuild for incremental task ':weft-compose:generateDebugRFile'.

> Task :sample-app:buildKotlinToolingMetadata
Caching disabled for task ':sample-app:buildKotlinToolingMetadata' because:
  Build cache is disabled
  Caching has been disabled for the task
Task ':sample-app:buildKotlinToolingMetadata' is not up-to-date because:
  No history is available.
work action resolve package-aware-r.txt (project :weft-core) (Thread[included builds,5,main]) started.
work action resolve package-aware-r.txt (project :weft-compose) (Thread[Execution worker Thread 3,5,main]) started.
Resolve mutations for :sample-app:processDebugResources (Thread[Execution worker Thread 3,5,main]) started.
:sample-app:processDebugResources (Thread[Execution worker Thread 3,5,main]) started.
Resolve mutations for :weft-core:compileDebugKotlin (Thread[Execution worker,5,main]) started.
:weft-core:compileDebugKotlin (Thread[included builds,5,main]) started.

> Task :sample-app:processDebugResources
Transforming aapt2-8.7.3-12006047-linux.jar (com.android.tools.build:aapt2:8.7.3-12006047) with Aapt2Extractor
Transforming activity-1.9.3.aar (androidx.activity:activity:1.9.3) with ExtractAarTransform
Transforming activity-1.9.3.aar (androidx.activity:activity:1.9.3) with AarResourcesCompilerTransform
Transforming activity-ktx-1.9.3.aar (androidx.activity:activity-ktx:1.9.3) with ExtractAarTransform
Transforming activity-ktx-1.9.3.aar (androidx.activity:activity-ktx:1.9.3) with AarResourcesCompilerTransform
Transforming material3-release.aar (androidx.compose.material3:material3-android:1.3.1) with ExtractAarTransform
Transforming material3-release.aar (androidx.compose.material3:material3-android:1.3.1) with AarResourcesCompilerTransform
Transforming activity-compose-1.9.3.aar (androidx.activity:activity-compose:1.9.3) with ExtractAarTransform
Transforming activity-compose-1.9.3.aar (androidx.activity:activity-compose:1.9.3) with AarResourcesCompilerTransform
Transforming savedstate-ktx-1.2.1.aar (androidx.savedstate:savedstate-ktx:1.2.1) with ExtractAarTransform
Transforming savedstate-ktx-1.2.1.aar (androidx.savedstate:savedstate-ktx:1.2.1) with AarResourcesCompilerTransform
Transforming savedstate-1.2.1.aar (androidx.savedstate:savedstate:1.2.1) with ExtractAarTransform
Transforming savedstate-1.2.1.aar (androidx.savedstate:savedstate:1.2.1) with AarResourcesCompilerTransform
Transforming material-icons-core-release.aar (androidx.compose.material:material-icons-core-android:1.6.0) with ExtractAarTransform
Transforming material-icons-core-release.aar (androidx.compose.material:material-icons-core-android:1.6.0) with AarResourcesCompilerTransform
Transforming material-ripple-release.aar (androidx.compose.material:material-ripple-android:1.7.0) with ExtractAarTransform
Transforming material-ripple-release.aar (androidx.compose.material:material-ripple-android:1.7.0) with AarResourcesCompilerTransform
Transforming animation-core-release.aar (androidx.compose.animation:animation-core-android:1.7.6) with ExtractAarTransform
Transforming animation-core-release.aar (androidx.compose.animation:animation-core-android:1.7.6) with AarResourcesCompilerTransform
Transforming animation-release.aar (androidx.compose.animation:animation-android:1.7.6) with ExtractAarTransform
Transforming animation-release.aar (androidx.compose.animation:animation-android:1.7.6) with AarResourcesCompilerTransform
Transforming foundation-layout-release.aar (androidx.compose.foundation:foundation-layout-android:1.7.6) with ExtractAarTransform
Transforming foundation-layout-release.aar (androidx.compose.foundation:foundation-layout-android:1.7.6) with AarResourcesCompilerTransform
Transforming foundation-release.aar (androidx.compose.foundation:foundation-android:1.7.6) with ExtractAarTransform
Transforming foundation-release.aar (androidx.compose.foundation:foundation-android:1.7.6) with AarResourcesCompilerTransform
Transforming ui-util-release.aar (androidx.compose.ui:ui-util-android:1.7.6) with ExtractAarTransform
Transforming ui-util-release.aar (androidx.compose.ui:ui-util-android:1.7.6) with AarResourcesCompilerTransform
Transforming ui-unit-release.aar (androidx.compose.ui:ui-unit-android:1.7.6) with ExtractAarTransform
Transforming ui-unit-release.aar (androidx.compose.ui:ui-unit-android:1.7.6) with AarResourcesCompilerTransform
Transforming ui-graphics-release.aar (androidx.compose.ui:ui-graphics-android:1.7.6) with ExtractAarTransform
Transforming ui-graphics-release.aar (androidx.compose.ui:ui-graphics-android:1.7.6) with AarResourcesCompilerTransform
Transforming ui-geometry-release.aar (androidx.compose.ui:ui-geometry-android:1.7.6) with ExtractAarTransform
Transforming ui-geometry-release.aar (androidx.compose.ui:ui-geometry-android:1.7.6) with AarResourcesCompilerTransform
Transforming ui-text-release.aar (androidx.compose.ui:ui-text-android:1.7.6) with ExtractAarTransform
Transforming ui-text-release.aar (androidx.compose.ui:ui-text-android:1.7.6) with AarResourcesCompilerTransform
Transforming emoji2-1.3.0.aar (androidx.emoji2:emoji2:1.3.0) with ExtractAarTransform
Transforming emoji2-1.3.0.aar (androidx.emoji2:emoji2:1.3.0) with AarResourcesCompilerTransform
Transforming lifecycle-process-2.8.7.aar (androidx.lifecycle:lifecycle-process:2.8.7) with ExtractAarTransform
Transforming lifecycle-process-2.8.7.aar (androidx.lifecycle:lifecycle-process:2.8.7) with AarResourcesCompilerTransform
Transforming lifecycle-runtime-compose-release.aar (androidx.lifecycle:lifecycle-runtime-compose-android:2.8.7) with ExtractAarTransform
Transforming lifecycle-runtime-compose-release.aar (androidx.lifecycle:lifecycle-runtime-compose-android:2.8.7) with AarResourcesCompilerTransform
Transforming lifecycle-livedata-core-2.8.7.aar (androidx.lifecycle:lifecycle-livedata-core:2.8.7) with ExtractAarTransform
Transforming lifecycle-livedata-core-2.8.7.aar (androidx.lifecycle:lifecycle-livedata-core:2.8.7) with AarResourcesCompilerTransform
Transforming lifecycle-runtime-ktx-release.aar (androidx.lifecycle:lifecycle-runtime-ktx-android:2.8.7) with ExtractAarTransform
Transforming lifecycle-runtime-ktx-release.aar (androidx.lifecycle:lifecycle-runtime-ktx-android:2.8.7) with AarResourcesCompilerTransform
Transforming lifecycle-viewmodel-release.aar (androidx.lifecycle:lifecycle-viewmodel-android:2.8.7) with ExtractAarTransform
Transforming lifecycle-viewmodel-release.aar (androidx.lifecycle:lifecycle-viewmodel-android:2.8.7) with AarResourcesCompilerTransform
Transforming lifecycle-runtime-release.aar (androidx.lifecycle:lifecycle-runtime-android:2.8.7) with ExtractAarTransform
Transforming lifecycle-runtime-release.aar (androidx.lifecycle:lifecycle-runtime-android:2.8.7) with AarResourcesCompilerTransform
Transforming lifecycle-viewmodel-savedstate-2.8.7.aar (androidx.lifecycle:lifecycle-viewmodel-savedstate:2.8.7) with ExtractAarTransform
Transforming lifecycle-viewmodel-savedstate-2.8.7.aar (androidx.lifecycle:lifecycle-viewmodel-savedstate:2.8.7) with AarResourcesCompilerTransform
Transforming lifecycle-viewmodel-ktx-2.8.7.aar (androidx.lifecycle:lifecycle-viewmodel-ktx:2.8.7) with ExtractAarTransform
Transforming lifecycle-viewmodel-ktx-2.8.7.aar (androidx.lifecycle:lifecycle-viewmodel-ktx:2.8.7) with AarResourcesCompilerTransform
Transforming lifecycle-viewmodel-compose-release.aar (androidx.lifecycle:lifecycle-viewmodel-compose-android:2.8.7) with ExtractAarTransform
Transforming lifecycle-viewmodel-compose-release.aar (androidx.lifecycle:lifecycle-viewmodel-compose-android:2.8.7) with AarResourcesCompilerTransform
Transforming ui-release.aar (androidx.compose.ui:ui-android:1.7.6) with ExtractAarTransform
Transforming ui-release.aar (androidx.compose.ui:ui-android:1.7.6) with AarResourcesCompilerTransform
Transforming autofill-1.0.0.aar (androidx.autofill:autofill:1.0.0) with ExtractAarTransform
Transforming autofill-1.0.0.aar (androidx.autofill:autofill:1.0.0) with AarResourcesCompilerTransform
Transforming graphics-path-1.0.1.aar (androidx.graphics:graphics-path:1.0.1) with ExtractAarTransform
Transforming graphics-path-1.0.1.aar (androidx.graphics:graphics-path:1.0.1) with AarResourcesCompilerTransform
Transforming core-1.15.0.aar (androidx.core:core:1.15.0) with ExtractAarTransform
Transforming core-1.15.0.aar (androidx.core:core:1.15.0) with AarResourcesCompilerTransform
Transforming core-1.15.0.aar (androidx.core:core:1.15.0) with ExtractAarTransform
Transforming core-1.15.0.aar (androidx.core:core:1.15.0) with AarResourcesCompilerTransform
Transforming customview-poolingcontainer-1.0.0.aar (androidx.customview:customview-poolingcontainer:1.0.0) with ExtractAarTransform
Transforming customview-poolingcontainer-1.0.0.aar (androidx.customview:customview-poolingcontainer:1.0.0) with AarResourcesCompilerTransform
Transforming core-ktx-1.15.0.aar (androidx.core:core-ktx:1.15.0) with ExtractAarTransform
Caching disabled for AarResourcesCompilerTransform: /home/runner/.gradle/caches/8.11.1/transforms/e19c46e29b05aef1921948202dd63ee3/transformed/activity-1.9.3 because:
  Build cache is disabled
Caching disabled for AarResourcesCompilerTransform: /home/runner/.gradle/caches/8.11.1/transforms/14a587fae74d0ea88beb2e529faef0d4/transformed/activity-ktx-1.9.3 because:
  Build cache is disabled
Caching disabled for AarResourcesCompilerTransform: /home/runner/.gradle/caches/8.11.1/transforms/de8de35990547289319eedc5ed7ee1e0/transformed/material3-release because:
  Build cache is disabled
Transforming core-ktx-1.15.0.aar (androidx.core:core-ktx:1.15.0) with AarResourcesCompilerTransform
Transforming runtime-saveable-release.aar (androidx.compose.runtime:runtime-saveable-android:1.7.6) with ExtractAarTransform
Transforming runtime-saveable-release.aar (androidx.compose.runtime:runtime-saveable-android:1.7.6) with AarResourcesCompilerTransform
Transforming runtime-release.aar (androidx.compose.runtime:runtime-android:1.7.6) with ExtractAarTransform
Transforming runtime-release.aar (androidx.compose.runtime:runtime-android:1.7.6) with AarResourcesCompilerTransform
Transforming interpolator-1.0.0.aar (androidx.interpolator:interpolator:1.0.0) with ExtractAarTransform
Transforming interpolator-1.0.0.aar (androidx.interpolator:interpolator:1.0.0) with AarResourcesCompilerTransform
Transforming profileinstaller-1.3.1.aar (androidx.profileinstaller:profileinstaller:1.3.1) with ExtractAarTransform
Transforming profileinstaller-1.3.1.aar (androidx.profileinstaller:profileinstaller:1.3.1) with AarResourcesCompilerTransform
Transforming startup-runtime-1.1.1.aar (androidx.startup:startup-runtime:1.1.1) with ExtractAarTransform
Transforming startup-runtime-1.1.1.aar (androidx.startup:startup-runtime:1.1.1) with AarResourcesCompilerTransform
Transforming tracing-1.2.0.aar (androidx.tracing:tracing:1.2.0) with ExtractAarTransform
Transforming tracing-1.2.0.aar (androidx.tracing:tracing:1.2.0) with AarResourcesCompilerTransform
Transforming versionedparcelable-1.1.1.aar (androidx.versionedparcelable:versionedparcelable:1.1.1) with ExtractAarTransform
Transforming versionedparcelable-1.1.1.aar (androidx.versionedparcelable:versionedparcelable:1.1.1) with AarResourcesCompilerTransform
Transforming core-runtime-2.2.0.aar (androidx.arch.core:core-runtime:2.2.0) with ExtractAarTransform
Transforming core-runtime-2.2.0.aar (androidx.arch.core:core-runtime:2.2.0) with AarResourcesCompilerTransform
Transforming annotation-experimental-1.4.1.aar (androidx.annotation:annotation-experimental:1.4.1) with ExtractAarTransform
Transforming annotation-experimental-1.4.1.aar (androidx.annotation:annotation-experimental:1.4.1) with AarResourcesCompilerTransform
Caching disabled for AarResourcesCompilerTransform: /home/runner/.gradle/caches/8.11.1/transforms/7421a4698030bc89d4d073c43f08d1b6/transformed/activity-compose-1.9.3 because:
  Build cache is disabled
Caching disabled for AarResourcesCompilerTransform: /home/runner/.gradle/caches/8.11.1/transforms/3a1236b98f57ea50ba4682cb5361c5fd/transformed/savedstate-ktx-1.2.1 because:
  Build cache is disabled
Caching disabled for AarResourcesCompilerTransform: /home/runner/.gradle/caches/8.11.1/transforms/c634742bb781cc6a3ff220e89ec6a6c3/transformed/material-icons-core-release because:
  Build cache is disabled
Caching disabled for AarResourcesCompilerTransform: /home/runner/.gradle/caches/8.11.1/transforms/35eda86bc342691a6ca517f9da12e886/transformed/material-ripple-release because:
  Build cache is disabled
Caching disabled for AarResourcesCompilerTransform: /home/runner/.gradle/caches/8.11.1/transforms/b625fe0482c8ba8b21f3ab56c07a4653/transformed/savedstate-1.2.1 because:
  Build cache is disabled
Caching disabled for AarResourcesCompilerTransform: /home/runner/.gradle/caches/8.11.1/transforms/8d56f5a7f3ab3827f422a61c24a4f8a0/transformed/animation-release because:
  Build cache is disabled
Caching disabled for AarResourcesCompilerTransform: /home/runner/.gradle/caches/8.11.1/transforms/de57972c072e3620c4759dce2fa0f493/transformed/animation-core-release because:
  Build cache is disabled
Caching disabled for AarResourcesCompilerTransform: /home/runner/.gradle/caches/8.11.1/transforms/1645c4ca5f60c689b6c54bd621edba6d/transformed/foundation-layout-release because:
  Build cache is disabled
Caching disabled for AarResourcesCompilerTransform: /home/runner/.gradle/caches/8.11.1/transforms/d011fca456783afe6e44c97b7b09d6d2/transformed/ui-util-release because:
  Build cache is disabled
Caching disabled for AarResourcesCompilerTransform: /home/runner/.gradle/caches/8.11.1/transforms/f4549f10372b527a95837e37242bc2a7/transformed/foundation-release because:
  Build cache is disabled
Caching disabled for AarResourcesCompilerTransform: /home/runner/.gradle/caches/8.11.1/transforms/5d9f5c8dc827ed79d31c4c1948c691d9/transformed/ui-unit-release because:
  Build cache is disabled
Caching disabled for AarResourcesCompilerTransform: /home/runner/.gradle/caches/8.11.1/transforms/5e240b75891ce6a636723ed7a3b91862/transformed/ui-graphics-release because:
  Build cache is disabled
Caching disabled for AarResourcesCompilerTransform: /home/runner/.gradle/caches/8.11.1/transforms/eee286aafefa0c22514751e42c830238/transformed/ui-geometry-release because:
  Build cache is disabled
Caching disabled for AarResourcesCompilerTransform: /home/runner/.gradle/caches/8.11.1/transforms/d998acb0a97327a2288f6fd477f8d865/transformed/ui-text-release because:
  Build cache is disabled
Caching disabled for AarResourcesCompilerTransform: /home/runner/.gradle/caches/8.11.1/transforms/e944d2a0e8f857e281c6081cf2ac857b/transformed/emoji2-1.3.0 because:
  Build cache is disabled
Caching disabled for AarResourcesCompilerTransform: /home/runner/.gradle/caches/8.11.1/transforms/c37406e4844ac2c4f86a1c65b4296a34/transformed/lifecycle-process-2.8.7 because:
  Build cache is disabled
Caching disabled for AarResourcesCompilerTransform: /home/runner/.gradle/caches/8.11.1/transforms/1f677cc729e06c09af18231fb7262960/transformed/lifecycle-runtime-compose-release because:
  Build cache is disabled
Caching disabled for AarResourcesCompilerTransform: /home/runner/.gradle/caches/8.11.1/transforms/372ad2f6a52bfb7ff7dc40cc14f6304e/transformed/lifecycle-livedata-core-2.8.7 because:
  Build cache is disabled
Caching disabled for AarResourcesCompilerTransform: /home/runner/.gradle/caches/8.11.1/transforms/e8b2690a9208b8c19fc08fa049e09a0a/transformed/lifecycle-runtime-ktx-release because:
  Build cache is disabled
Caching disabled for AarResourcesCompilerTransform: /home/runner/.gradle/caches/8.11.1/transforms/7557869475eade91e472f860bd2d0bfe/transformed/lifecycle-viewmodel-release because:
  Build cache is disabled
Caching disabled for AarResourcesCompilerTransform: /home/runner/.gradle/caches/8.11.1/transforms/37ca274cc5f4f8df0bcdf1b3c9a7f642/transformed/lifecycle-runtime-release because:
  Build cache is disabled
Caching disabled for AarResourcesCompilerTransform: /home/runner/.gradle/caches/8.11.1/transforms/8c3f1ae122a81665238f5182c147d455/transformed/lifecycle-viewmodel-savedstate-2.8.7 because:
  Build cache is disabled
Caching disabled for AarResourcesCompilerTransform: /home/runner/.gradle/caches/8.11.1/transforms/469f349dace3a03d12817116301f0550/transformed/lifecycle-viewmodel-ktx-2.8.7 because:
  Build cache is disabled
Caching disabled for AarResourcesCompilerTransform: /home/runner/.gradle/caches/8.11.1/transforms/ecb13d304bf91ff0a2d8546bebc4e027/transformed/lifecycle-viewmodel-compose-release because:
  Build cache is disabled
Caching disabled for AarResourcesCompilerTransform: /home/runner/.gradle/caches/8.11.1/transforms/1134bc7b9479853c21619d23c3f0a72b/transformed/ui-release because:
  Build cache is disabled
Caching disabled for AarResourcesCompilerTransform: /home/runner/.gradle/caches/8.11.1/transforms/4bee49088ad9e0aeb4cfe20b54bf2013/transformed/autofill-1.0.0 because:
  Build cache is disabled
Caching disabled for AarResourcesCompilerTransform: /home/runner/.gradle/caches/8.11.1/transforms/2b9fa503552050337f9b86b8132a53e0/transformed/graphics-path-1.0.1 because:
  Build cache is disabled
Caching disabled for AarResourcesCompilerTransform: /home/runner/.gradle/caches/8.11.1/transforms/d5a39e95ef83bb9b2a5a49d1421f0179/transformed/core-1.15.0 because:
  Build cache is disabled
Compiling xml file /home/runner/.gradle/caches/8.11.1/transforms/1134bc7b9479853c21619d23c3f0a72b/transformed/ui-release/res/color/vector_tint_color.xml to /home/runner/.gradle/caches/8.11.1/transforms/93e226c9889028f4d47298c1c2eb0af4-035d9da4-e8bc-4ae0-aa52-f42d6c3c1936/transformed/androidx.compose.ui/color_vector_tint_color.xml.flat
Caching disabled for AarResourcesCompilerTransform: /home/runner/.gradle/caches/8.11.1/transforms/ff6b4d73b0fb7dc15264723a14db6b14/transformed/customview-poolingcontainer-1.0.0 because:
  Build cache is disabled
Compiling xml file /home/runner/.gradle/caches/8.11.1/transforms/d5a39e95ef83bb9b2a5a49d1421f0179/transformed/core-1.15.0/res/drawable/notification_icon_background.xml to /home/runner/.gradle/caches/8.11.1/transforms/3668a5dddf57c985a3f893ae7553a590-e9fa3c9b-837b-439b-8b59-1e41f0ef11f4/transformed/androidx.core/drawable_notification_icon_background.xml.flat
Caching disabled for AarResourcesCompilerTransform: /home/runner/.gradle/caches/8.11.1/transforms/387494ee7323c051b2ec561bb25666f6/transformed/core-ktx-1.15.0 because:
  Build cache is disabled
Caching disabled for AarResourcesCompilerTransform: /home/runner/.gradle/caches/8.11.1/transforms/4eaf163879220a33aa52b5ab66a6e319/transformed/runtime-saveable-release because:
  Build cache is disabled
Caching disabled for AarResourcesCompilerTransform: /home/runner/.gradle/caches/8.11.1/transforms/86c9aae865d2ec3e4827ac77095048f8/transformed/runtime-release because:
  Build cache is disabled
Caching disabled for AarResourcesCompilerTransform: /home/runner/.gradle/caches/8.11.1/transforms/152f6345457c37c7f0e2346509c8263e/transformed/interpolator-1.0.0 because:
  Build cache is disabled
Caching disabled for AarResourcesCompilerTransform: /home/runner/.gradle/caches/8.11.1/transforms/d6a0272db2b66da6f60eb355100f002f/transformed/profileinstaller-1.3.1 because:
  Build cache is disabled
Caching disabled for AarResourcesCompilerTransform: /home/runner/.gradle/caches/8.11.1/transforms/995dcf9a200e8d999ba3c7c19b288a6f/transformed/startup-runtime-1.1.1 because:
  Build cache is disabled
Caching disabled for AarResourcesCompilerTransform: /home/runner/.gradle/caches/8.11.1/transforms/796416708e98c36febc75fb0c130477a/transformed/tracing-1.2.0 because:
  Build cache is disabled
Caching disabled for AarResourcesCompilerTransform: /home/runner/.gradle/caches/8.11.1/transforms/85ba03369b5f40af279deed8927656be/transformed/versionedparcelable-1.1.1 because:
  Build cache is disabled
Caching disabled for AarResourcesCompilerTransform: /home/runner/.gradle/caches/8.11.1/transforms/07018a9bea237162a0f010e5064dafd4/transformed/core-runtime-2.2.0 because:
  Build cache is disabled
Caching disabled for AarResourcesCompilerTransform: /home/runner/.gradle/caches/8.11.1/transforms/1c13bf3751a84302073f68223688a891/transformed/annotation-experimental-1.4.1 because:
  Build cache is disabled
Compiling xml file /home/runner/.gradle/caches/8.11.1/transforms/d5a39e95ef83bb9b2a5a49d1421f0179/transformed/core-1.15.0/res/drawable/ic_call_decline_low.xml to /home/runner/.gradle/caches/8.11.1/transforms/3668a5dddf57c985a3f893ae7553a590-e9fa3c9b-837b-439b-8b59-1e41f0ef11f4/transformed/androidx.core/drawable_ic_call_decline_low.xml.flat
Compiling xml file /home/runner/.gradle/caches/8.11.1/transforms/1134bc7b9479853c21619d23c3f0a72b/transformed/ui-release/res/color/vector_tint_theme_color.xml to /home/runner/.gradle/caches/8.11.1/transforms/93e226c9889028f4d47298c1c2eb0af4-035d9da4-e8bc-4ae0-aa52-f42d6c3c1936/transformed/androidx.compose.ui/color_vector_tint_theme_color.xml.flat
Compiling xml file /home/runner/.gradle/caches/8.11.1/transforms/d5a39e95ef83bb9b2a5a49d1421f0179/transformed/core-1.15.0/res/drawable/ic_call_answer.xml to /home/runner/.gradle/caches/8.11.1/transforms/3668a5dddf57c985a3f893ae7553a590-e9fa3c9b-837b-439b-8b59-1e41f0ef11f4/transformed/androidx.core/drawable_ic_call_answer.xml.flat
Compiling xml file /home/runner/.gradle/caches/8.11.1/transforms/d5a39e95ef83bb9b2a5a49d1421f0179/transformed/core-1.15.0/res/drawable/ic_call_answer_video_low.xml to /home/runner/.gradle/caches/8.11.1/transforms/3668a5dddf57c985a3f893ae7553a590-e9fa3c9b-837b-439b-8b59-1e41f0ef11f4/transformed/androidx.core/drawable_ic_call_answer_video_low.xml.flat
Compiling xml file /home/runner/.gradle/caches/8.11.1/transforms/d5a39e95ef83bb9b2a5a49d1421f0179/transformed/core-1.15.0/res/drawable/ic_call_answer_video.xml to /home/runner/.gradle/caches/8.11.1/transforms/3668a5dddf57c985a3f893ae7553a590-e9fa3c9b-837b-439b-8b59-1e41f0ef11f4/transformed/androidx.core/drawable_ic_call_answer_video.xml.flat
Compiling xml file /home/runner/.gradle/caches/8.11.1/transforms/d5a39e95ef83bb9b2a5a49d1421f0179/transformed/core-1.15.0/res/drawable/notification_bg.xml to /home/runner/.gradle/caches/8.11.1/transforms/3668a5dddf57c985a3f893ae7553a590-e9fa3c9b-837b-439b-8b59-1e41f0ef11f4/transformed/androidx.core/drawable_notification_bg.xml.flat
Compiling xml file /home/runner/.gradle/caches/8.11.1/transforms/d5a39e95ef83bb9b2a5a49d1421f0179/transformed/core-1.15.0/res/drawable/ic_call_decline.xml to /home/runner/.gradle/caches/8.11.1/transforms/3668a5dddf57c985a3f893ae7553a590-e9fa3c9b-837b-439b-8b59-1e41f0ef11f4/transformed/androidx.core/drawable_ic_call_decline.xml.flat
Compiling xml file /home/runner/.gradle/caches/8.11.1/transforms/d5a39e95ef83bb9b2a5a49d1421f0179/transformed/core-1.15.0/res/drawable/ic_call_answer_low.xml to /home/runner/.gradle/caches/8.11.1/transforms/3668a5dddf57c985a3f893ae7553a590-e9fa3c9b-837b-439b-8b59-1e41f0ef11f4/transformed/androidx.core/drawable_ic_call_answer_low.xml.flat
Compiling xml file /home/runner/.gradle/caches/8.11.1/transforms/d5a39e95ef83bb9b2a5a49d1421f0179/transformed/core-1.15.0/res/drawable/notification_tile_bg.xml to /home/runner/.gradle/caches/8.11.1/transforms/3668a5dddf57c985a3f893ae7553a590-e9fa3c9b-837b-439b-8b59-1e41f0ef11f4/transformed/androidx.core/drawable_notification_tile_bg.xml.flat
Compiling xml file /home/runner/.gradle/caches/8.11.1/transforms/d5a39e95ef83bb9b2a5a49d1421f0179/transformed/core-1.15.0/res/drawable/notification_bg_low.xml to /home/runner/.gradle/caches/8.11.1/transforms/3668a5dddf57c985a3f893ae7553a590-e9fa3c9b-837b-439b-8b59-1e41f0ef11f4/transformed/androidx.core/drawable_notification_bg_low.xml.flat
Compiling xml file /home/runner/.gradle/caches/8.11.1/transforms/d5a39e95ef83bb9b2a5a49d1421f0179/transformed/core-1.15.0/res/layout-v21/notification_template_icon_group.xml to /home/runner/.gradle/caches/8.11.1/transforms/3668a5dddf57c985a3f893ae7553a590-e9fa3c9b-837b-439b-8b59-1e41f0ef11f4/transformed/androidx.core/layout-v21_notification_template_icon_group.xml.flat
Compiling xml file /home/runner/.gradle/caches/8.11.1/transforms/d5a39e95ef83bb9b2a5a49d1421f0179/transformed/core-1.15.0/res/layout-v21/notification_template_custom_big.xml to /home/runner/.gradle/caches/8.11.1/transforms/3668a5dddf57c985a3f893ae7553a590-e9fa3c9b-837b-439b-8b59-1e41f0ef11f4/transformed/androidx.core/layout-v21_notification_template_custom_big.xml.flat
Compiling xml file /home/runner/.gradle/caches/8.11.1/transforms/d5a39e95ef83bb9b2a5a49d1421f0179/transformed/core-1.15.0/res/layout-v21/notification_action.xml to /home/runner/.gradle/caches/8.11.1/transforms/3668a5dddf57c985a3f893ae7553a590-e9fa3c9b-837b-439b-8b59-1e41f0ef11f4/transformed/androidx.core/layout-v21_notification_action.xml.flat
Compiling xml file /home/runner/.gradle/caches/8.11.1/transforms/d5a39e95ef83bb9b2a5a49d1421f0179/transformed/core-1.15.0/res/layout-v21/notification_action_tombstone.xml to /home/runner/.gradle/caches/8.11.1/transforms/3668a5dddf57c985a3f893ae7553a590-e9fa3c9b-837b-439b-8b59-1e41f0ef11f4/transformed/androidx.core/layout-v21_notification_action_tombstone.xml.flat
AAPT2 aapt2-8.7.3-12006047-linux Daemon #0: starting
Compiling xml file /home/runner/.gradle/caches/8.11.1/transforms/d5a39e95ef83bb9b2a5a49d1421f0179/transformed/core-1.15.0/res/drawable-v21/notification_action_background.xml to /home/runner/.gradle/caches/8.11.1/transforms/3668a5dddf57c985a3f893ae7553a590-e9fa3c9b-837b-439b-8b59-1e41f0ef11f4/transformed/androidx.core/drawable-v21_notification_action_background.xml.flat
Compiling xml file /home/runner/.gradle/caches/8.11.1/transforms/d5a39e95ef83bb9b2a5a49d1421f0179/transformed/core-1.15.0/res/layout/custom_dialog.xml to /home/runner/.gradle/caches/8.11.1/transforms/3668a5dddf57c985a3f893ae7553a590-e9fa3c9b-837b-439b-8b59-1e41f0ef11f4/transformed/androidx.core/layout_custom_dialog.xml.flat
Compiling xml file /home/runner/.gradle/caches/8.11.1/transforms/d5a39e95ef83bb9b2a5a49d1421f0179/transformed/core-1.15.0/res/layout/ime_base_split_test_activity.xml to /home/runner/.gradle/caches/8.11.1/transforms/3668a5dddf57c985a3f893ae7553a590-e9fa3c9b-837b-439b-8b59-1e41f0ef11f4/transformed/androidx.core/layout_ime_base_split_test_activity.xml.flat
Compiling xml file /home/runner/.gradle/caches/8.11.1/transforms/d5a39e95ef83bb9b2a5a49d1421f0179/transformed/core-1.15.0/res/layout/ime_secondary_split_test_activity.xml to /home/runner/.gradle/caches/8.11.1/transforms/3668a5dddf57c985a3f893ae7553a590-e9fa3c9b-837b-439b-8b59-1e41f0ef11f4/transformed/androidx.core/layout_ime_secondary_split_test_activity.xml.flat
Compiling xml file /home/runner/.gradle/caches/8.11.1/transforms/d5a39e95ef83bb9b2a5a49d1421f0179/transformed/core-1.15.0/res/layout/notification_template_part_chronometer.xml to /home/runner/.gradle/caches/8.11.1/transforms/3668a5dddf57c985a3f893ae7553a590-e9fa3c9b-837b-439b-8b59-1e41f0ef11f4/transformed/androidx.core/layout_notification_template_part_chronometer.xml.flat
Compiling xml file /home/runner/.gradle/caches/8.11.1/transforms/d5a39e95ef83bb9b2a5a49d1421f0179/transformed/core-1.15.0/res/layout/notification_template_part_time.xml to /home/runner/.gradle/caches/8.11.1/transforms/3668a5dddf57c985a3f893ae7553a590-e9fa3c9b-837b-439b-8b59-1e41f0ef11f4/transformed/androidx.core/layout_notification_template_part_time.xml.flat
Transforming activity-1.9.3.aar (androidx.activity:activity:1.9.3) with ExtractAarTransform
Transforming activity-1.9.3.aar (androidx.activity:activity:1.9.3) with LibrarySymbolTableTransform
Transforming activity-ktx-1.9.3.aar (androidx.activity:activity-ktx:1.9.3) with ExtractAarTransform
Transforming activity-ktx-1.9.3.aar (androidx.activity:activity-ktx:1.9.3) with LibrarySymbolTableTransform
Transforming material3-release.aar (androidx.compose.material3:material3-android:1.3.1) with ExtractAarTransform
Transforming material3-release.aar (androidx.compose.material3:material3-android:1.3.1) with LibrarySymbolTableTransform
Transforming activity-compose-1.9.3.aar (androidx.activity:activity-compose:1.9.3) with ExtractAarTransform
Transforming activity-compose-1.9.3.aar (androidx.activity:activity-compose:1.9.3) with LibrarySymbolTableTransform
Transforming savedstate-ktx-1.2.1.aar (androidx.savedstate:savedstate-ktx:1.2.1) with ExtractAarTransform
Transforming savedstate-ktx-1.2.1.aar (androidx.savedstate:savedstate-ktx:1.2.1) with LibrarySymbolTableTransform
Transforming savedstate-1.2.1.aar (androidx.savedstate:savedstate:1.2.1) with ExtractAarTransform
Transforming savedstate-1.2.1.aar (androidx.savedstate:savedstate:1.2.1) with LibrarySymbolTableTransform
Transforming material-icons-core-release.aar (androidx.compose.material:material-icons-core-android:1.6.0) with ExtractAarTransform
Transforming material-icons-core-release.aar (androidx.compose.material:material-icons-core-android:1.6.0) with LibrarySymbolTableTransform
Transforming material-ripple-release.aar (androidx.compose.material:material-ripple-android:1.7.0) with ExtractAarTransform
Transforming material-ripple-release.aar (androidx.compose.material:material-ripple-android:1.7.0) with LibrarySymbolTableTransform
Transforming animation-core-release.aar (androidx.compose.animation:animation-core-android:1.7.6) with ExtractAarTransform
Transforming animation-core-release.aar (androidx.compose.animation:animation-core-android:1.7.6) with LibrarySymbolTableTransform
Transforming animation-release.aar (androidx.compose.animation:animation-android:1.7.6) with ExtractAarTransform
Transforming animation-release.aar (androidx.compose.animation:animation-android:1.7.6) with LibrarySymbolTableTransform
Transforming foundation-layout-release.aar (androidx.compose.foundation:foundation-layout-android:1.7.6) with ExtractAarTransform
Transforming foundation-layout-release.aar (androidx.compose.foundation:foundation-layout-android:1.7.6) with LibrarySymbolTableTransform
Transforming foundation-release.aar (androidx.compose.foundation:foundation-android:1.7.6) with ExtractAarTransform
Caching disabled for LibrarySymbolTableTransform: /home/runner/.gradle/caches/8.11.1/transforms/e19c46e29b05aef1921948202dd63ee3/transformed/activity-1.9.3 because:
  Build cache is disabled
  Caching not enabled.
Transforming foundation-release.aar (androidx.compose.foundation:foundation-android:1.7.6) with LibrarySymbolTableTransform
Transforming ui-util-release.aar (androidx.compose.ui:ui-util-android:1.7.6) with ExtractAarTransform
Transforming ui-util-release.aar (androidx.compose.ui:ui-util-android:1.7.6) with LibrarySymbolTableTransform
Transforming ui-unit-release.aar (androidx.compose.ui:ui-unit-android:1.7.6) with ExtractAarTransform
Transforming ui-unit-release.aar (androidx.compose.ui:ui-unit-android:1.7.6) with LibrarySymbolTableTransform
Transforming ui-graphics-release.aar (androidx.compose.ui:ui-graphics-android:1.7.6) with ExtractAarTransform
Transforming ui-graphics-release.aar (androidx.compose.ui:ui-graphics-android:1.7.6) with LibrarySymbolTableTransform
Transforming ui-geometry-release.aar (androidx.compose.ui:ui-geometry-android:1.7.6) with ExtractAarTransform
Transforming ui-geometry-release.aar (androidx.compose.ui:ui-geometry-android:1.7.6) with LibrarySymbolTableTransform
Transforming ui-text-release.aar (androidx.compose.ui:ui-text-android:1.7.6) with ExtractAarTransform
Transforming ui-text-release.aar (androidx.compose.ui:ui-text-android:1.7.6) with LibrarySymbolTableTransform
Caching disabled for LibrarySymbolTableTransform: /home/runner/.gradle/caches/8.11.1/transforms/14a587fae74d0ea88beb2e529faef0d4/transformed/activity-ktx-1.9.3 because:
  Build cache is disabled
  Caching not enabled.
Transforming emoji2-1.3.0.aar (androidx.emoji2:emoji2:1.3.0) with ExtractAarTransform
Transforming emoji2-1.3.0.aar (androidx.emoji2:emoji2:1.3.0) with LibrarySymbolTableTransform
Transforming lifecycle-process-2.8.7.aar (androidx.lifecycle:lifecycle-process:2.8.7) with ExtractAarTransform
Transforming lifecycle-process-2.8.7.aar (androidx.lifecycle:lifecycle-process:2.8.7) with LibrarySymbolTableTransform
Transforming lifecycle-runtime-compose-release.aar (androidx.lifecycle:lifecycle-runtime-compose-android:2.8.7) with ExtractAarTransform
Transforming lifecycle-runtime-compose-release.aar (androidx.lifecycle:lifecycle-runtime-compose-android:2.8.7) with LibrarySymbolTableTransform
Transforming lifecycle-livedata-core-2.8.7.aar (androidx.lifecycle:lifecycle-livedata-core:2.8.7) with ExtractAarTransform
Transforming lifecycle-livedata-core-2.8.7.aar (androidx.lifecycle:lifecycle-livedata-core:2.8.7) with LibrarySymbolTableTransform
Transforming lifecycle-runtime-ktx-release.aar (androidx.lifecycle:lifecycle-runtime-ktx-android:2.8.7) with ExtractAarTransform
Transforming lifecycle-runtime-ktx-release.aar (androidx.lifecycle:lifecycle-runtime-ktx-android:2.8.7) with LibrarySymbolTableTransform
Transforming lifecycle-viewmodel-release.aar (androidx.lifecycle:lifecycle-viewmodel-android:2.8.7) with ExtractAarTransform
Transforming lifecycle-viewmodel-release.aar (androidx.lifecycle:lifecycle-viewmodel-android:2.8.7) with LibrarySymbolTableTransform
Transforming lifecycle-runtime-release.aar (androidx.lifecycle:lifecycle-runtime-android:2.8.7) with ExtractAarTransform
Transforming lifecycle-runtime-release.aar (androidx.lifecycle:lifecycle-runtime-android:2.8.7) with LibrarySymbolTableTransform
Transforming lifecycle-viewmodel-savedstate-2.8.7.aar (androidx.lifecycle:lifecycle-viewmodel-savedstate:2.8.7) with ExtractAarTransform
Transforming lifecycle-viewmodel-savedstate-2.8.7.aar (androidx.lifecycle:lifecycle-viewmodel-savedstate:2.8.7) with LibrarySymbolTableTransform
Transforming lifecycle-viewmodel-ktx-2.8.7.aar (androidx.lifecycle:lifecycle-viewmodel-ktx:2.8.7) with ExtractAarTransform
Transforming lifecycle-viewmodel-ktx-2.8.7.aar (androidx.lifecycle:lifecycle-viewmodel-ktx:2.8.7) with LibrarySymbolTableTransform
Transforming lifecycle-viewmodel-compose-release.aar (androidx.lifecycle:lifecycle-viewmodel-compose-android:2.8.7) with ExtractAarTransform
Transforming lifecycle-viewmodel-compose-release.aar (androidx.lifecycle:lifecycle-viewmodel-compose-android:2.8.7) with LibrarySymbolTableTransform
Transforming ui-release.aar (androidx.compose.ui:ui-android:1.7.6) with ExtractAarTransform
Transforming ui-release.aar (androidx.compose.ui:ui-android:1.7.6) with LibrarySymbolTableTransform
Transforming autofill-1.0.0.aar (androidx.autofill:autofill:1.0.0) with ExtractAarTransform
Transforming autofill-1.0.0.aar (androidx.autofill:autofill:1.0.0) with LibrarySymbolTableTransform
Transforming graphics-path-1.0.1.aar (androidx.graphics:graphics-path:1.0.1) with ExtractAarTransform
Transforming graphics-path-1.0.1.aar (androidx.graphics:graphics-path:1.0.1) with LibrarySymbolTableTransform
Transforming core-1.15.0.aar (androidx.core:core:1.15.0) with ExtractAarTransform
Transforming core-1.15.0.aar (androidx.core:core:1.15.0) with LibrarySymbolTableTransform
Transforming core-1.15.0.aar (androidx.core:core:1.15.0) with ExtractAarTransform
Transforming core-1.15.0.aar (androidx.core:core:1.15.0) with LibrarySymbolTableTransform
Caching disabled for LibrarySymbolTableTransform: /home/runner/.gradle/caches/8.11.1/transforms/de8de35990547289319eedc5ed7ee1e0/transformed/material3-release because:
  Build cache is disabled
  Caching not enabled.
Transforming customview-poolingcontainer-1.0.0.aar (androidx.customview:customview-poolingcontainer:1.0.0) with ExtractAarTransform
Transforming customview-poolingcontainer-1.0.0.aar (androidx.customview:customview-poolingcontainer:1.0.0) with LibrarySymbolTableTransform
Transforming core-ktx-1.15.0.aar (androidx.core:core-ktx:1.15.0) with ExtractAarTransform
Transforming core-ktx-1.15.0.aar (androidx.core:core-ktx:1.15.0) with LibrarySymbolTableTransform
Transforming runtime-saveable-release.aar (androidx.compose.runtime:runtime-saveable-android:1.7.6) with ExtractAarTransform
Transforming runtime-saveable-release.aar (androidx.compose.runtime:runtime-saveable-android:1.7.6) with LibrarySymbolTableTransform
Transforming runtime-release.aar (androidx.compose.runtime:runtime-android:1.7.6) with ExtractAarTransform
Transforming runtime-release.aar (androidx.compose.runtime:runtime-android:1.7.6) with LibrarySymbolTableTransform
Transforming interpolator-1.0.0.aar (androidx.interpolator:interpolator:1.0.0) with ExtractAarTransform
Transforming interpolator-1.0.0.aar (androidx.interpolator:interpolator:1.0.0) with LibrarySymbolTableTransform
Transforming profileinstaller-1.3.1.aar (androidx.profileinstaller:profileinstaller:1.3.1) with ExtractAarTransform
Transforming profileinstaller-1.3.1.aar (androidx.profileinstaller:profileinstaller:1.3.1) with LibrarySymbolTableTransform
Transforming startup-runtime-1.1.1.aar (androidx.startup:startup-runtime:1.1.1) with ExtractAarTransform
Transforming startup-runtime-1.1.1.aar (androidx.startup:startup-runtime:1.1.1) with LibrarySymbolTableTransform
Transforming tracing-1.2.0.aar (androidx.tracing:tracing:1.2.0) with ExtractAarTransform
Transforming tracing-1.2.0.aar (androidx.tracing:tracing:1.2.0) with LibrarySymbolTableTransform
Transforming versionedparcelable-1.1.1.aar (androidx.versionedparcelable:versionedparcelable:1.1.1) with ExtractAarTransform
Transforming versionedparcelable-1.1.1.aar (androidx.versionedparcelable:versionedparcelable:1.1.1) with LibrarySymbolTableTransform
Transforming core-runtime-2.2.0.aar (androidx.arch.core:core-runtime:2.2.0) with ExtractAarTransform
Transforming core-runtime-2.2.0.aar (androidx.arch.core:core-runtime:2.2.0) with LibrarySymbolTableTransform
Transforming annotation-experimental-1.4.1.aar (androidx.annotation:annotation-experimental:1.4.1) with ExtractAarTransform
Transforming annotation-experimental-1.4.1.aar (androidx.annotation:annotation-experimental:1.4.1) with LibrarySymbolTableTransform
Caching disabled for LibrarySymbolTableTransform: /home/runner/.gradle/caches/8.11.1/transforms/7421a4698030bc89d4d073c43f08d1b6/transformed/activity-compose-1.9.3 because:
  Build cache is disabled
  Caching not enabled.
Caching disabled for LibrarySymbolTableTransform: /home/runner/.gradle/caches/8.11.1/transforms/3a1236b98f57ea50ba4682cb5361c5fd/transformed/savedstate-ktx-1.2.1 because:
  Build cache is disabled
  Caching not enabled.
Caching disabled for LibrarySymbolTableTransform: /home/runner/.gradle/caches/8.11.1/transforms/b625fe0482c8ba8b21f3ab56c07a4653/transformed/savedstate-1.2.1 because:
  Build cache is disabled
  Caching not enabled.
Caching disabled for LibrarySymbolTableTransform: /home/runner/.gradle/caches/8.11.1/transforms/c634742bb781cc6a3ff220e89ec6a6c3/transformed/material-icons-core-release because:
  Build cache is disabled
  Caching not enabled.
Caching disabled for LibrarySymbolTableTransform: /home/runner/.gradle/caches/8.11.1/transforms/35eda86bc342691a6ca517f9da12e886/transformed/material-ripple-release because:
  Build cache is disabled
  Caching not enabled.
Caching disabled for LibrarySymbolTableTransform: /home/runner/.gradle/caches/8.11.1/transforms/de57972c072e3620c4759dce2fa0f493/transformed/animation-core-release because:
  Build cache is disabled
  Caching not enabled.
Caching disabled for LibrarySymbolTableTransform: /home/runner/.gradle/caches/8.11.1/transforms/8d56f5a7f3ab3827f422a61c24a4f8a0/transformed/animation-release because:
  Build cache is disabled
  Caching not enabled.
Caching disabled for LibrarySymbolTableTransform: /home/runner/.gradle/caches/8.11.1/transforms/1645c4ca5f60c689b6c54bd621edba6d/transformed/foundation-layout-release because:
  Build cache is disabled
  Caching not enabled.
Caching disabled for LibrarySymbolTableTransform: /home/runner/.gradle/caches/8.11.1/transforms/f4549f10372b527a95837e37242bc2a7/transformed/foundation-release because:
  Build cache is disabled
  Caching not enabled.
Caching disabled for LibrarySymbolTableTransform: /home/runner/.gradle/caches/8.11.1/transforms/d011fca456783afe6e44c97b7b09d6d2/transformed/ui-util-release because:
  Build cache is disabled
  Caching not enabled.
Caching disabled for LibrarySymbolTableTransform: /home/runner/.gradle/caches/8.11.1/transforms/5d9f5c8dc827ed79d31c4c1948c691d9/transformed/ui-unit-release because:
  Build cache is disabled
  Caching not enabled.
Caching disabled for LibrarySymbolTableTransform: /home/runner/.gradle/caches/8.11.1/transforms/eee286aafefa0c22514751e42c830238/transformed/ui-geometry-release because:
  Build cache is disabled
  Caching not enabled.
Caching disabled for LibrarySymbolTableTransform: /home/runner/.gradle/caches/8.11.1/transforms/5e240b75891ce6a636723ed7a3b91862/transformed/ui-graphics-release because:
  Build cache is disabled
  Caching not enabled.
Caching disabled for LibrarySymbolTableTransform: /home/runner/.gradle/caches/8.11.1/transforms/d998acb0a97327a2288f6fd477f8d865/transformed/ui-text-release because:
  Build cache is disabled
  Caching not enabled.
Caching disabled for LibrarySymbolTableTransform: /home/runner/.gradle/caches/8.11.1/transforms/e944d2a0e8f857e281c6081cf2ac857b/transformed/emoji2-1.3.0 because:
  Build cache is disabled
  Caching not enabled.
Caching disabled for LibrarySymbolTableTransform: /home/runner/.gradle/caches/8.11.1/transforms/c37406e4844ac2c4f86a1c65b4296a34/transformed/lifecycle-process-2.8.7 because:
  Build cache is disabled
  Caching not enabled.
Caching disabled for LibrarySymbolTableTransform: /home/runner/.gradle/caches/8.11.1/transforms/1f677cc729e06c09af18231fb7262960/transformed/lifecycle-runtime-compose-release because:
  Build cache is disabled
  Caching not enabled.
Caching disabled for LibrarySymbolTableTransform: /home/runner/.gradle/caches/8.11.1/transforms/372ad2f6a52bfb7ff7dc40cc14f6304e/transformed/lifecycle-livedata-core-2.8.7 because:
  Build cache is disabled
  Caching not enabled.
Caching disabled for LibrarySymbolTableTransform: /home/runner/.gradle/caches/8.11.1/transforms/e8b2690a9208b8c19fc08fa049e09a0a/transformed/lifecycle-runtime-ktx-release because:
  Build cache is disabled
  Caching not enabled.
Caching disabled for LibrarySymbolTableTransform: /home/runner/.gradle/caches/8.11.1/transforms/7557869475eade91e472f860bd2d0bfe/transformed/lifecycle-viewmodel-release because:
  Build cache is disabled
  Caching not enabled.
Caching disabled for LibrarySymbolTableTransform: /home/runner/.gradle/caches/8.11.1/transforms/37ca274cc5f4f8df0bcdf1b3c9a7f642/transformed/lifecycle-runtime-release because:
  Build cache is disabled
  Caching not enabled.
Caching disabled for LibrarySymbolTableTransform: /home/runner/.gradle/caches/8.11.1/transforms/8c3f1ae122a81665238f5182c147d455/transformed/lifecycle-viewmodel-savedstate-2.8.7 because:
  Build cache is disabled
  Caching not enabled.
Caching disabled for LibrarySymbolTableTransform: /home/runner/.gradle/caches/8.11.1/transforms/469f349dace3a03d12817116301f0550/transformed/lifecycle-viewmodel-ktx-2.8.7 because:
  Build cache is disabled
  Caching not enabled.
Caching disabled for LibrarySymbolTableTransform: /home/runner/.gradle/caches/8.11.1/transforms/1134bc7b9479853c21619d23c3f0a72b/transformed/ui-release because:
  Build cache is disabled
  Caching not enabled.
Caching disabled for LibrarySymbolTableTransform: /home/runner/.gradle/caches/8.11.1/transforms/4bee49088ad9e0aeb4cfe20b54bf2013/transformed/autofill-1.0.0 because:
  Build cache is disabled
  Caching not enabled.
Caching disabled for LibrarySymbolTableTransform: /home/runner/.gradle/caches/8.11.1/transforms/ecb13d304bf91ff0a2d8546bebc4e027/transformed/lifecycle-viewmodel-compose-release because:
  Build cache is disabled
  Caching not enabled.
Caching disabled for LibrarySymbolTableTransform: /home/runner/.gradle/caches/8.11.1/transforms/2b9fa503552050337f9b86b8132a53e0/transformed/graphics-path-1.0.1 because:
  Build cache is disabled
  Caching not enabled.
Caching disabled for LibrarySymbolTableTransform: /home/runner/.gradle/caches/8.11.1/transforms/d5a39e95ef83bb9b2a5a49d1421f0179/transformed/core-1.15.0 because:
  Build cache is disabled
  Caching not enabled.
Caching disabled for LibrarySymbolTableTransform: /home/runner/.gradle/caches/8.11.1/transforms/ff6b4d73b0fb7dc15264723a14db6b14/transformed/customview-poolingcontainer-1.0.0 because:
  Build cache is disabled
  Caching not enabled.
Caching disabled for LibrarySymbolTableTransform: /home/runner/.gradle/caches/8.11.1/transforms/387494ee7323c051b2ec561bb25666f6/transformed/core-ktx-1.15.0 because:
  Build cache is disabled
  Caching not enabled.
Caching disabled for LibrarySymbolTableTransform: /home/runner/.gradle/caches/8.11.1/transforms/86c9aae865d2ec3e4827ac77095048f8/transformed/runtime-release because:
  Build cache is disabled
  Caching not enabled.
Caching disabled for LibrarySymbolTableTransform: /home/runner/.gradle/caches/8.11.1/transforms/4eaf163879220a33aa52b5ab66a6e319/transformed/runtime-saveable-release because:
  Build cache is disabled
  Caching not enabled.
Caching disabled for LibrarySymbolTableTransform: /home/runner/.gradle/caches/8.11.1/transforms/152f6345457c37c7f0e2346509c8263e/transformed/interpolator-1.0.0 because:
  Build cache is disabled
  Caching not enabled.
Caching disabled for LibrarySymbolTableTransform: /home/runner/.gradle/caches/8.11.1/transforms/d6a0272db2b66da6f60eb355100f002f/transformed/profileinstaller-1.3.1 because:
  Build cache is disabled
  Caching not enabled.
Caching disabled for LibrarySymbolTableTransform: /home/runner/.gradle/caches/8.11.1/transforms/995dcf9a200e8d999ba3c7c19b288a6f/transformed/startup-runtime-1.1.1 because:
  Build cache is disabled
  Caching not enabled.
Caching disabled for LibrarySymbolTableTransform: /home/runner/.gradle/caches/8.11.1/transforms/796416708e98c36febc75fb0c130477a/transformed/tracing-1.2.0 because:
  Build cache is disabled
  Caching not enabled.
Caching disabled for LibrarySymbolTableTransform: /home/runner/.gradle/caches/8.11.1/transforms/85ba03369b5f40af279deed8927656be/transformed/versionedparcelable-1.1.1 because:
  Build cache is disabled
  Caching not enabled.
Caching disabled for LibrarySymbolTableTransform: /home/runner/.gradle/caches/8.11.1/transforms/07018a9bea237162a0f010e5064dafd4/transformed/core-runtime-2.2.0 because:
  Build cache is disabled
  Caching not enabled.
Caching disabled for LibrarySymbolTableTransform: /home/runner/.gradle/caches/8.11.1/transforms/1c13bf3751a84302073f68223688a891/transformed/annotation-experimental-1.4.1 because:
  Build cache is disabled
  Caching not enabled.
Caching disabled for task ':sample-app:processDebugResources' because:
  Build cache is disabled
Task ':sample-app:processDebugResources' is not up-to-date because:
  No history is available.
The input changes require a full rebuild for incremental task ':sample-app:processDebugResources'.
Aapt output file /home/runner/work/Weft/Weft/android/sample-app/build/intermediates/linked_resources_binary_format/debug/processDebugResources/linked-resources-binary-format-debug.ap_

> Task :weft-core:compileDebugKotlin
Downloading https://dl.google.com/dl/android/maven2/androidx/collection/collection-jvm/1.4.2/collection-jvm-1.4.2.pom to /home/runner/.gradle/.tmp/gradle_download1117481302164730571bin
Downloading https://dl.google.com/dl/android/maven2/androidx/collection/collection-jvm/1.4.2/collection-jvm-1.4.2.module to /home/runner/.gradle/.tmp/gradle_download13034043321453532894bin
Transforming core-ktx-1.15.0.aar (androidx.core:core-ktx:1.15.0) with AarToClassTransform
Transforming core-1.15.0.aar (androidx.core:core:1.15.0) with AarToClassTransform
Transforming lifecycle-runtime-release.aar (androidx.lifecycle:lifecycle-runtime-android:2.8.7) with AarToClassTransform
Transforming lifecycle-viewmodel-release.aar (androidx.lifecycle:lifecycle-viewmodel-android:2.8.7) with AarToClassTransform
Transforming lifecycle-viewmodel-ktx-2.8.7.aar (androidx.lifecycle:lifecycle-viewmodel-ktx:2.8.7) with AarToClassTransform
Transforming versionedparcelable-1.1.1.aar (androidx.versionedparcelable:versionedparcelable:1.1.1) with AarToClassTransform
Transforming annotation-experimental-1.4.1.aar (androidx.annotation:annotation-experimental:1.4.1) with AarToClassTransform
Caching disabled for AarToClassTransform: /home/runner/.gradle/caches/modules-2/files-2.1/androidx.core/core-ktx/1.15.0/b45c3596eb3875fcb756552706aed117caf90208/core-ktx-1.15.0.aar because:
  Build cache is disabled
  Caching not enabled.
Caching disabled for AarToClassTransform: /home/runner/.gradle/caches/modules-2/files-2.1/androidx.core/core/1.15.0/e8d4c7eeed12403fdd2d5ef29a00ebe946d530d6/core-1.15.0.aar because:
  Build cache is disabled
  Caching not enabled.
Caching disabled for AarToClassTransform: /home/runner/.gradle/caches/modules-2/files-2.1/androidx.lifecycle/lifecycle-viewmodel-android/2.8.7/443f0c8663ee9d8424ee258f1d06e14fc9081327/lifecycle-viewmodel-release.aar because:
  Build cache is disabled
  Caching not enabled.
Downloading https://dl.google.com/dl/android/maven2/androidx/lifecycle/lifecycle-common-jvm/2.8.7/lifecycle-common-jvm-2.8.7.jar to /home/runner/.gradle/.tmp/gradle_download3909899556263164769bin
Transforming lifecycle-common-jvm-2.8.7.jar (androidx.lifecycle:lifecycle-common-jvm:2.8.7) with IdentityTransform
Caching disabled for AarToClassTransform: /home/runner/.gradle/caches/modules-2/files-2.1/androidx.lifecycle/lifecycle-viewmodel-ktx/2.8.7/f74daa218503c75030c39f8d5dcd8750c163792/lifecycle-viewmodel-ktx-2.8.7.aar because:
  Build cache is disabled
  Caching not enabled.
Caching disabled for IdentityTransform: /home/runner/.gradle/caches/modules-2/files-2.1/androidx.lifecycle/lifecycle-common-jvm/2.8.7/7174a594afb73a9ad9ac9074ce78b94af3cc52a7/lifecycle-common-jvm-2.8.7.jar because:
  Build cache is disabled
  Caching not enabled.
Caching disabled for AarToClassTransform: /home/runner/.gradle/caches/modules-2/files-2.1/androidx.versionedparcelable/versionedparcelable/1.1.1/18e18071e7715679e0593c570217edeb5ca48b9e/versionedparcelable-1.1.1.aar because:
  Build cache is disabled
  Caching not enabled.
Downloading https://dl.google.com/dl/android/maven2/androidx/arch/core/core-common/2.2.0/core-common-2.2.0.jar to /home/runner/.gradle/.tmp/gradle_download799812690530652608bin
Transforming core-common-2.2.0.jar (androidx.arch.core:core-common:2.2.0) with IdentityTransform
Caching disabled for IdentityTransform: /home/runner/.gradle/caches/modules-2/files-2.1/androidx.arch.core/core-common/2.2.0/5e1b8b81dfd5f52c56a8d53b18ca759c19a301f3/core-common-2.2.0.jar because:
  Build cache is disabled
  Caching not enabled.
Downloading https://dl.google.com/dl/android/maven2/androidx/annotation/annotation-jvm/1.8.1/annotation-jvm-1.8.1.jar to /home/runner/.gradle/.tmp/gradle_download12467267118705821456bin
Transforming annotation-jvm-1.8.1.jar (androidx.annotation:annotation-jvm:1.8.1) with IdentityTransform
Downloading https://dl.google.com/dl/android/maven2/androidx/collection/collection-jvm/1.4.2/collection-jvm-1.4.2.jar to /home/runner/.gradle/.tmp/gradle_download15595834265916778340bin
Caching disabled for IdentityTransform: /home/runner/.gradle/caches/modules-2/files-2.1/androidx.annotation/annotation-jvm/1.8.1/b8a16fe526014b7941c1debaccaf9c5153692dbb/annotation-jvm-1.8.1.jar because:
  Build cache is disabled
  Caching not enabled.
Caching disabled for AarToClassTransform: /home/runner/.gradle/caches/modules-2/files-2.1/androidx.annotation/annotation-experimental/1.4.1/7851235e2a16ce50270a74b555edaf9209b42864/annotation-experimental-1.4.1.aar because:
  Build cache is disabled
  Caching not enabled.
Transforming collection-jvm-1.4.2.jar (androidx.collection:collection-jvm:1.4.2) with IdentityTransform
Caching disabled for IdentityTransform: /home/runner/.gradle/caches/modules-2/files-2.1/androidx.collection/collection-jvm/1.4.2/bc60b5568a66d765a9fe8e266fd0c6c727e0b50b/collection-jvm-1.4.2.jar because:
  Build cache is disabled
  Caching not enabled.
Downloading https://repo.maven.apache.org/maven2/org/jetbrains/kotlinx/kotlinx-coroutines-core-jvm/1.7.3/kotlinx-coroutines-core-jvm-1.7.3.jar to /home/runner/.gradle/.tmp/gradle_download15366700513820147870bin
Caching disabled for AarToClassTransform: /home/runner/.gradle/caches/modules-2/files-2.1/androidx.lifecycle/lifecycle-runtime-android/2.8.7/279be810b484a629edf73cea65cdd85f91233cca/lifecycle-runtime-release.aar because:
  Build cache is disabled
  Caching not enabled.
Downloading https://repo.maven.apache.org/maven2/org/jetbrains/kotlinx/kotlinx-coroutines-android/1.7.3/kotlinx-coroutines-android-1.7.3.jar to /home/runner/.gradle/.tmp/gradle_download1915856041400806229bin
Transforming kotlinx-coroutines-android-1.7.3.jar (org.jetbrains.kotlinx:kotlinx-coroutines-android:1.7.3) with IdentityTransform
Caching disabled for IdentityTransform: /home/runner/.gradle/caches/modules-2/files-2.1/org.jetbrains.kotlinx/kotlinx-coroutines-android/1.7.3/38d9cad3a0b03a10453b56577984bdeb48edeed5/kotlinx-coroutines-android-1.7.3.jar because:
  Build cache is disabled
  Caching not enabled.
Transforming kotlinx-coroutines-core-jvm-1.7.3.jar (org.jetbrains.kotlinx:kotlinx-coroutines-core-jvm:1.7.3) with IdentityTransform
Caching disabled for IdentityTransform: /home/runner/.gradle/caches/modules-2/files-2.1/org.jetbrains.kotlinx/kotlinx-coroutines-core-jvm/1.7.3/2b09627576f0989a436a00a4a54b55fa5026fb86/kotlinx-coroutines-core-jvm-1.7.3.jar because:
  Build cache is disabled
  Caching not enabled.
Downloading https://repo.maven.apache.org/maven2/org/jetbrains/kotlin/kotlin-stdlib-jdk8/1.8.20/kotlin-stdlib-jdk8-1.8.20.jar to /home/runner/.gradle/.tmp/gradle_download633468847931784353bin
Transforming kotlin-stdlib-jdk8-1.8.20.jar (org.jetbrains.kotlin:kotlin-stdlib-jdk8:1.8.20) with IdentityTransform
Caching disabled for IdentityTransform: /home/runner/.gradle/caches/modules-2/files-2.1/org.jetbrains.kotlin/kotlin-stdlib-jdk8/1.8.20/73576ddf378c5b4f1f6b449fe6b119b8183fc078/kotlin-stdlib-jdk8-1.8.20.jar because:
  Build cache is disabled
  Caching not enabled.
Downloading https://repo.maven.apache.org/maven2/org/jetbrains/kotlin/kotlin-stdlib-jdk7/1.8.20/kotlin-stdlib-jdk7-1.8.20.jar to /home/runner/.gradle/.tmp/gradle_download10715429840451098222bin
Downloading https://repo.maven.apache.org/maven2/org/jetbrains/kotlin/kotlin-stdlib/2.1.0/kotlin-stdlib-2.1.0.jar to /home/runner/.gradle/.tmp/gradle_download6054061415412491879bin
Transforming kotlin-stdlib-jdk7-1.8.20.jar (org.jetbrains.kotlin:kotlin-stdlib-jdk7:1.8.20) with IdentityTransform
Caching disabled for IdentityTransform: /home/runner/.gradle/caches/modules-2/files-2.1/org.jetbrains.kotlin/kotlin-stdlib-jdk7/1.8.20/3aa51faf20aae8b31e1a4bc54f8370673d7b7df4/kotlin-stdlib-jdk7-1.8.20.jar because:
  Build cache is disabled
  Caching not enabled.
Downloading https://repo.maven.apache.org/maven2/org/jetbrains/annotations/23.0.0/annotations-23.0.0.jar to /home/runner/.gradle/.tmp/gradle_download13572554336067708344bin
Transforming annotations-23.0.0.jar (org.jetbrains:annotations:23.0.0) with IdentityTransform
Caching disabled for IdentityTransform: /home/runner/.gradle/caches/modules-2/files-2.1/org.jetbrains/annotations/23.0.0/8cc20c07506ec18e0834947b84a864bfc094484e/annotations-23.0.0.jar because:
  Build cache is disabled
  Caching not enabled.
Transforming kotlin-stdlib-2.1.0.jar (org.jetbrains.kotlin:kotlin-stdlib:2.1.0) with IdentityTransform
Caching disabled for IdentityTransform: /home/runner/.gradle/caches/modules-2/files-2.1/org.jetbrains.kotlin/kotlin-stdlib/2.1.0/85f8b81009cda5890e54ba67d64b5e599c645020/kotlin-stdlib-2.1.0.jar because:
  Build cache is disabled
  Caching not enabled.
Resource missing. [HTTP GET: https://dl.google.com/dl/android/maven2/org/jetbrains/kotlin/kotlin-build-tools-impl/2.1.0/kotlin-build-tools-impl-2.1.0.pom]
Downloading https://repo.maven.apache.org/maven2/org/jetbrains/kotlin/kotlin-build-tools-impl/2.1.0/kotlin-build-tools-impl-2.1.0.pom to /home/runner/.gradle/.tmp/gradle_download574751737248480972bin
Resource missing. [HTTP GET: https://dl.google.com/dl/android/maven2/org/jetbrains/kotlin/kotlin-scripting-compiler-impl-embeddable/2.1.0/kotlin-scripting-compiler-impl-embeddable-2.1.0.pom]
Resource missing. [HTTP GET: https://dl.google.com/dl/android/maven2/org/jetbrains/kotlin/kotlin-compiler-embeddable/2.1.0/kotlin-compiler-embeddable-2.1.0.pom]
Resource missing. [HTTP GET: https://dl.google.com/dl/android/maven2/org/jetbrains/kotlin/kotlin-scripting-compiler-embeddable/2.1.0/kotlin-scripting-compiler-embeddable-2.1.0.pom]
Downloading https://repo.maven.apache.org/maven2/org/jetbrains/kotlin/kotlin-scripting-compiler-impl-embeddable/2.1.0/kotlin-scripting-compiler-impl-embeddable-2.1.0.pom to /home/runner/.gradle/.tmp/gradle_download11054143718255218668bin
Downloading https://repo.maven.apache.org/maven2/org/jetbrains/kotlin/kotlin-compiler-embeddable/2.1.0/kotlin-compiler-embeddable-2.1.0.pom to /home/runner/.gradle/.tmp/gradle_download6621930965914543076bin
Downloading https://repo.maven.apache.org/maven2/org/jetbrains/kotlin/kotlin-scripting-compiler-embeddable/2.1.0/kotlin-scripting-compiler-embeddable-2.1.0.pom to /home/runner/.gradle/.tmp/gradle_download7199182245514188501bin
Resource missing. [HTTP GET: https://dl.google.com/dl/android/maven2/org/jetbrains/kotlin/kotlin-script-runtime/2.1.0/kotlin-script-runtime-2.1.0.pom]
Resource missing. [HTTP GET: https://dl.google.com/dl/android/maven2/org/jetbrains/kotlin/kotlin-reflect/1.6.10/kotlin-reflect-1.6.10.pom]
Resource missing. [HTTP GET: https://dl.google.com/dl/android/maven2/org/jetbrains/kotlin/kotlin-daemon-embeddable/2.1.0/kotlin-daemon-embeddable-2.1.0.pom]
Downloading https://repo.maven.apache.org/maven2/org/jetbrains/kotlin/kotlin-reflect/1.6.10/kotlin-reflect-1.6.10.pom to /home/runner/.gradle/.tmp/gradle_download15992184460456935813bin
Downloading https://repo.maven.apache.org/maven2/org/jetbrains/kotlin/kotlin-daemon-embeddable/2.1.0/kotlin-daemon-embeddable-2.1.0.pom to /home/runner/.gradle/.tmp/gradle_download7272489308874195854bin
Downloading https://repo.maven.apache.org/maven2/org/jetbrains/kotlin/kotlin-script-runtime/2.1.0/kotlin-script-runtime-2.1.0.pom to /home/runner/.gradle/.tmp/gradle_download10327609787134726926bin
Resource missing. [HTTP GET: https://dl.google.com/dl/android/maven2/org/jetbrains/kotlin/kotlin-build-common/2.1.0/kotlin-build-common-2.1.0.pom]
Downloading https://repo.maven.apache.org/maven2/org/jetbrains/kotlin/kotlin-build-common/2.1.0/kotlin-build-common-2.1.0.pom to /home/runner/.gradle/.tmp/gradle_download9101632535217650398bin
Resource missing. [HTTP GET: https://dl.google.com/dl/android/maven2/org/jetbrains/kotlin/kotlin-scripting-jvm/2.1.0/kotlin-scripting-jvm-2.1.0.pom]
Resource missing. [HTTP GET: https://dl.google.com/dl/android/maven2/org/jetbrains/kotlin/kotlin-scripting-common/2.1.0/kotlin-scripting-common-2.1.0.pom]
Downloading https://repo.maven.apache.org/maven2/org/jetbrains/kotlin/kotlin-scripting-common/2.1.0/kotlin-scripting-common-2.1.0.pom to /home/runner/.gradle/.tmp/gradle_download15655618269934660193bin
Downloading https://repo.maven.apache.org/maven2/org/jetbrains/kotlin/kotlin-scripting-jvm/2.1.0/kotlin-scripting-jvm-2.1.0.pom to /home/runner/.gradle/.tmp/gradle_download509321298839323365bin
Downloading https://repo.maven.apache.org/maven2/org/jetbrains/kotlin/kotlin-compiler-embeddable/2.1.0/kotlin-compiler-embeddable-2.1.0.jar to /home/runner/.gradle/.tmp/gradle_download831339215361165319bin
Downloading https://repo.maven.apache.org/maven2/org/jetbrains/kotlin/kotlin-scripting-compiler-impl-embeddable/2.1.0/kotlin-scripting-compiler-impl-embeddable-2.1.0.jar to /home/runner/.gradle/.tmp/gradle_download8113023349527701726bin
Downloading https://repo.maven.apache.org/maven2/org/jetbrains/kotlin/kotlin-scripting-compiler-embeddable/2.1.0/kotlin-scripting-compiler-embeddable-2.1.0.jar to /home/runner/.gradle/.tmp/gradle_download13155023372421702614bin
Downloading https://repo.maven.apache.org/maven2/org/jetbrains/kotlin/kotlin-scripting-jvm/2.1.0/kotlin-scripting-jvm-2.1.0.jar to /home/runner/.gradle/.tmp/gradle_download6422112433804330254bin
Downloading https://repo.maven.apache.org/maven2/org/jetbrains/kotlin/kotlin-scripting-common/2.1.0/kotlin-scripting-common-2.1.0.jar to /home/runner/.gradle/.tmp/gradle_download11004027073139323764bin
Downloading https://repo.maven.apache.org/maven2/org/jetbrains/kotlin/kotlin-build-tools-impl/2.1.0/kotlin-build-tools-impl-2.1.0.jar to /home/runner/.gradle/.tmp/gradle_download2887123926506480687bin
Downloading https://repo.maven.apache.org/maven2/org/jetbrains/kotlin/kotlin-script-runtime/2.1.0/kotlin-script-runtime-2.1.0.jar to /home/runner/.gradle/.tmp/gradle_download16258298660142459536bin
Downloading https://repo.maven.apache.org/maven2/org/jetbrains/kotlin/kotlin-reflect/1.6.10/kotlin-reflect-1.6.10.jar to /home/runner/.gradle/.tmp/gradle_download5863121519768296162bin
Downloading https://repo.maven.apache.org/maven2/org/jetbrains/kotlin/kotlin-build-common/2.1.0/kotlin-build-common-2.1.0.jar to /home/runner/.gradle/.tmp/gradle_download14235541616440745335bin
Downloading https://repo.maven.apache.org/maven2/org/jetbrains/kotlin/kotlin-daemon-embeddable/2.1.0/kotlin-daemon-embeddable-2.1.0.jar to /home/runner/.gradle/.tmp/gradle_download17226563939616013015bin
Transforming R.jar with BuildToolsApiClasspathEntrySnapshotTransform
Transforming core-ktx-1.15.0-api.jar with BuildToolsApiClasspathEntrySnapshotTransform
Transforming core-1.15.0-api.jar with BuildToolsApiClasspathEntrySnapshotTransform
Transforming lifecycle-common-jvm-2.8.7.jar with BuildToolsApiClasspathEntrySnapshotTransform
Transforming lifecycle-runtime-release-api.jar with BuildToolsApiClasspathEntrySnapshotTransform
Transforming lifecycle-viewmodel-release-api.jar with BuildToolsApiClasspathEntrySnapshotTransform
Transforming lifecycle-viewmodel-ktx-2.8.7-api.jar with BuildToolsApiClasspathEntrySnapshotTransform
Transforming versionedparcelable-1.1.1-api.jar with BuildToolsApiClasspathEntrySnapshotTransform
Transforming core-common-2.2.0.jar with BuildToolsApiClasspathEntrySnapshotTransform
Transforming collection-jvm-1.4.2.jar with BuildToolsApiClasspathEntrySnapshotTransform
Transforming annotation-jvm-1.8.1.jar with BuildToolsApiClasspathEntrySnapshotTransform
Transforming annotation-experimental-1.4.1-api.jar with BuildToolsApiClasspathEntrySnapshotTransform
Transforming kotlinx-coroutines-core-jvm-1.7.3.jar with BuildToolsApiClasspathEntrySnapshotTransform
Transforming kotlinx-coroutines-android-1.7.3.jar with BuildToolsApiClasspathEntrySnapshotTransform
Transforming kotlin-stdlib-jdk8-1.8.20.jar with BuildToolsApiClasspathEntrySnapshotTransform
Transforming kotlin-stdlib-jdk7-1.8.20.jar with BuildToolsApiClasspathEntrySnapshotTransform
Transforming kotlin-stdlib-2.1.0.jar with BuildToolsApiClasspathEntrySnapshotTransform
Transforming annotations-23.0.0.jar with BuildToolsApiClasspathEntrySnapshotTransform
Transforming android.jar with BuildToolsApiClasspathEntrySnapshotTransform
Transforming core-lambda-stubs.jar with BuildToolsApiClasspathEntrySnapshotTransform
Caching disabled for BuildToolsApiClasspathEntrySnapshotTransform: /home/runner/.gradle/caches/8.11.1/transforms/e913d759707064826b7fe112b747bca1/transformed/core-ktx-1.15.0-api.jar because:
  Build cache is disabled
Caching disabled for BuildToolsApiClasspathEntrySnapshotTransform: /home/runner/work/Weft/Weft/android/weft-core/build/intermediates/compile_r_class_jar/debug/generateDebugRFile/R.jar because:
  Build cache is disabled
Caching disabled for BuildToolsApiClasspathEntrySnapshotTransform: /home/runner/.gradle/caches/modules-2/files-2.1/androidx.lifecycle/lifecycle-common-jvm/2.8.7/7174a594afb73a9ad9ac9074ce78b94af3cc52a7/lifecycle-common-jvm-2.8.7.jar because:
  Build cache is disabled
Caching disabled for BuildToolsApiClasspathEntrySnapshotTransform: /home/runner/.gradle/caches/8.11.1/transforms/6e88f5b1187cb88e6547c5db9c26eaaa/transformed/core-1.15.0-api.jar because:
  Build cache is disabled
Caching disabled for BuildToolsApiClasspathEntrySnapshotTransform: /home/runner/.gradle/caches/8.11.1/transforms/c0b4e8fcf21b1c4216ca35e959fb4d18/transformed/lifecycle-runtime-release-api.jar because:
  Build cache is disabled
Caching disabled for BuildToolsApiClasspathEntrySnapshotTransform: /home/runner/.gradle/caches/8.11.1/transforms/cfd7eaebcb51c4599decddd03da03675/transformed/lifecycle-viewmodel-release-api.jar because:
  Build cache is disabled
Caching disabled for BuildToolsApiClasspathEntrySnapshotTransform: /home/runner/.gradle/caches/8.11.1/transforms/63604e38a23237dbe18ad75ce3297afc/transformed/lifecycle-viewmodel-ktx-2.8.7-api.jar because:
  Build cache is disabled
Caching disabled for BuildToolsApiClasspathEntrySnapshotTransform: /home/runner/.gradle/caches/8.11.1/transforms/938d5884cfe0b04667678446a4079452/transformed/versionedparcelable-1.1.1-api.jar because:
  Build cache is disabled
Caching disabled for BuildToolsApiClasspathEntrySnapshotTransform: /home/runner/.gradle/caches/modules-2/files-2.1/androidx.arch.core/core-common/2.2.0/5e1b8b81dfd5f52c56a8d53b18ca759c19a301f3/core-common-2.2.0.jar because:
  Build cache is disabled
Caching disabled for BuildToolsApiClasspathEntrySnapshotTransform: /home/runner/.gradle/caches/modules-2/files-2.1/androidx.collection/collection-jvm/1.4.2/bc60b5568a66d765a9fe8e266fd0c6c727e0b50b/collection-jvm-1.4.2.jar because:
  Build cache is disabled
Caching disabled for BuildToolsApiClasspathEntrySnapshotTransform: /home/runner/.gradle/caches/modules-2/files-2.1/androidx.annotation/annotation-jvm/1.8.1/b8a16fe526014b7941c1debaccaf9c5153692dbb/annotation-jvm-1.8.1.jar because:
  Build cache is disabled
Caching disabled for BuildToolsApiClasspathEntrySnapshotTransform: /home/runner/.gradle/caches/8.11.1/transforms/94af70636a7eb900f9f193bc99e3fc62/transformed/annotation-experimental-1.4.1-api.jar because:
  Build cache is disabled
Caching disabled for BuildToolsApiClasspathEntrySnapshotTransform: /home/runner/.gradle/caches/modules-2/files-2.1/org.jetbrains.kotlinx/kotlinx-coroutines-android/1.7.3/38d9cad3a0b03a10453b56577984bdeb48edeed5/kotlinx-coroutines-android-1.7.3.jar because:
  Build cache is disabled
Caching disabled for BuildToolsApiClasspathEntrySnapshotTransform: /home/runner/.gradle/caches/modules-2/files-2.1/org.jetbrains.kotlin/kotlin-stdlib-jdk8/1.8.20/73576ddf378c5b4f1f6b449fe6b119b8183fc078/kotlin-stdlib-jdk8-1.8.20.jar because:
  Build cache is disabled
Caching disabled for BuildToolsApiClasspathEntrySnapshotTransform: /home/runner/.gradle/caches/modules-2/files-2.1/org.jetbrains.kotlin/kotlin-stdlib-jdk7/1.8.20/3aa51faf20aae8b31e1a4bc54f8370673d7b7df4/kotlin-stdlib-jdk7-1.8.20.jar because:
  Build cache is disabled
Caching disabled for BuildToolsApiClasspathEntrySnapshotTransform: /home/runner/.gradle/caches/modules-2/files-2.1/org.jetbrains.kotlin/kotlin-stdlib/2.1.0/85f8b81009cda5890e54ba67d64b5e599c645020/kotlin-stdlib-2.1.0.jar because:
  Build cache is disabled
Caching disabled for BuildToolsApiClasspathEntrySnapshotTransform: /home/runner/.gradle/caches/modules-2/files-2.1/org.jetbrains/annotations/23.0.0/8cc20c07506ec18e0834947b84a864bfc094484e/annotations-23.0.0.jar because:
  Build cache is disabled
Caching disabled for BuildToolsApiClasspathEntrySnapshotTransform: /home/runner/.gradle/caches/modules-2/files-2.1/org.jetbrains.kotlinx/kotlinx-coroutines-core-jvm/1.7.3/2b09627576f0989a436a00a4a54b55fa5026fb86/kotlinx-coroutines-core-jvm-1.7.3.jar because:
  Build cache is disabled
Caching disabled for BuildToolsApiClasspathEntrySnapshotTransform: /usr/local/lib/android/sdk/platforms/android-35/android.jar because:
  Build cache is disabled
Caching disabled for BuildToolsApiClasspathEntrySnapshotTransform: /usr/local/lib/android/sdk/build-tools/34.0.0/core-lambda-stubs.jar because:
  Build cache is disabled
Caching disabled for task ':weft-core:compileDebugKotlin' because:
  Build cache is disabled
Task ':weft-core:compileDebugKotlin' is not up-to-date because:
  No history is available.
The input changes require a full rebuild for incremental task ':weft-core:compileDebugKotlin'.
file or directory '/home/runner/work/Weft/Weft/android/weft-core/src/debug/kotlin', not found
file or directory '/home/runner/work/Weft/Weft/android/weft-core/src/debug/java', not found
file or directory '/home/runner/work/Weft/Weft/android/weft-core/src/debug/kotlin', not found
file or directory '/home/runner/work/Weft/Weft/android/weft-core/src/debug/kotlin', not found
file or directory '/home/runner/work/Weft/Weft/android/weft-core/src/debug/java', not found
file or directory '/home/runner/work/Weft/Weft/android/weft-core/src/debug/java', not found
file or directory '/home/runner/work/Weft/Weft/android/weft-core/src/debug/kotlin', not found
file or directory '/home/runner/work/Weft/Weft/android/weft-core/src/debug/java', not found
file or directory '/home/runner/work/Weft/Weft/android/weft-core/src/debug/kotlin', not found
file or directory '/home/runner/work/Weft/Weft/android/weft-core/src/debug/kotlin', not found
file or directory '/home/runner/work/Weft/Weft/android/weft-core/src/debug/java', not found
file or directory '/home/runner/work/Weft/Weft/android/weft-core/src/debug/kotlin', not found
file or directory '/home/runner/work/Weft/Weft/android/weft-core/src/debug/java', not found
file or directory '/home/runner/work/Weft/Weft/android/weft-core/src/debug/kotlin', not found
file or directory '/home/runner/work/Weft/Weft/android/weft-core/src/debug/kotlin', not found
file or directory '/home/runner/work/Weft/Weft/android/weft-core/src/debug/java', not found
file or directory '/home/runner/work/Weft/Weft/android/weft-core/src/debug/java', not found
file or directory '/home/runner/work/Weft/Weft/android/weft-core/src/debug/kotlin', not found
file or directory '/home/runner/work/Weft/Weft/android/weft-core/src/debug/java', not found
file or directory '/home/runner/work/Weft/Weft/android/weft-core/src/debug/kotlin', not found
file or directory '/home/runner/work/Weft/Weft/android/weft-core/src/debug/kotlin', not found
file or directory '/home/runner/work/Weft/Weft/android/weft-core/src/debug/java', not found
file or directory '/home/runner/work/Weft/Weft/android/weft-core/src/debug/java', not found
file or directory '/home/runner/work/Weft/Weft/android/weft-core/src/debug/kotlin', not found
file or directory '/home/runner/work/Weft/Weft/android/weft-core/src/debug/java', not found
file or directory '/home/runner/work/Weft/Weft/android/weft-core/src/debug/kotlin', not found
file or directory '/home/runner/work/Weft/Weft/android/weft-core/src/debug/kotlin', not found
file or directory '/home/runner/work/Weft/Weft/android/weft-core/src/debug/java', not found
file or directory '/home/runner/work/Weft/Weft/android/weft-core/src/debug/java', not found
Kotlin source files: /home/runner/work/Weft/Weft/android/weft-core/src/main/kotlin/dev/weft/Recycler.kt, /home/runner/work/Weft/Weft/android/weft-core/src/main/kotlin/dev/weft/Weft.kt, /home/runner/work/Weft/Weft/android/weft-core/src/main/kotlin/dev/weft/Steward.kt, /home/runner/work/Weft/Weft/android/weft-core/src/main/kotlin/dev/weft/GovernedFanoutConsumer.kt, /home/runner/work/Weft/Weft/android/weft-core/src/main/kotlin/dev/weft/TriadNative.kt, /home/runner/work/Weft/Weft/android/weft-core/src/main/kotlin/dev/weft/FanoutCompat.kt, /home/runner/work/Weft/Weft/android/weft-core/src/main/kotlin/dev/weft/Verified.kt, /home/runner/work/Weft/Weft/android/weft-core/src/main/kotlin/dev/weft/Governor.kt, /home/runner/work/Weft/Weft/android/weft-core/src/main/kotlin/dev/weft/Fanout.kt, /home/runner/work/Weft/Weft/android/weft-core/src/main/kotlin/dev/weft/FrameCursor.kt
Java source files: /home/runner/work/Weft/Weft/android/weft-core/src/main/java/dev/weft/FanoutVhBridge.java
Script source files: 
Script file extensions: 
Using Kotlin/JVM incremental compilation
[KOTLIN] Kotlin compilation 'jdkHome' argument: null

Resolve mutations for :sample-app:preReleaseBuild (Thread[Execution worker Thread 3,5,main]) started.
:sample-app:preReleaseBuild (Thread[Execution worker Thread 3,5,main]) started.

> Task :sample-app:preReleaseBuild UP-TO-DATE
Skipping task ':sample-app:preReleaseBuild' as it has no actions.
Resolve mutations for :weft-compose:preReleaseBuild (Thread[Execution worker Thread 3,5,main]) started.
:weft-compose:preReleaseBuild (Thread[Execution worker Thread 3,5,main]) started.

> Task :weft-compose:preReleaseBuild UP-TO-DATE
Skipping task ':weft-compose:preReleaseBuild' as it has no actions.
Resolve mutations for :weft-compose:writeReleaseAarMetadata (Thread[Execution worker Thread 3,5,main]) started.
:weft-compose:writeReleaseAarMetadata (Thread[Execution worker Thread 3,5,main]) started.
Resolve mutations for :weft-core:preReleaseBuild (Thread[Execution worker Thread 2,5,main]) started.
:weft-core:preReleaseBuild (Thread[Execution worker Thread 2,5,main]) started.

> Task :weft-core:preReleaseBuild UP-TO-DATE
Skipping task ':weft-core:preReleaseBuild' as it has no actions.
Resolve mutations for :weft-core:writeReleaseAarMetadata (Thread[Execution worker Thread 2,5,main]) started.
:weft-core:writeReleaseAarMetadata (Thread[Execution worker Thread 2,5,main]) started.

> Task :weft-compose:writeReleaseAarMetadata
Caching disabled for task ':weft-compose:writeReleaseAarMetadata' because:
  Build cache is disabled
  Caching has been disabled for the task
Task ':weft-compose:writeReleaseAarMetadata' is not up-to-date because:
  No history is available.
work action resolve aar-metadata.properties (project :weft-compose) (Thread[Execution worker Thread 3,5,main]) started.
Resolve mutations for :sample-app:generateReleaseResValues (Thread[Execution worker Thread 3,5,main]) started.
:sample-app:generateReleaseResValues (Thread[Execution worker Thread 3,5,main]) started.

> Task :sample-app:generateReleaseResValues
Caching disabled for task ':sample-app:generateReleaseResValues' because:
  Build cache is disabled
Task ':sample-app:generateReleaseResValues' is not up-to-date because:
  No history is available.
Resolve mutations for :weft-compose:generateReleaseResValues (Thread[Execution worker,5,main]) started.
:weft-compose:generateReleaseResValues (Thread[Execution worker,5,main]) started.

> Task :weft-core:writeReleaseAarMetadata
Caching disabled for task ':weft-core:writeReleaseAarMetadata' because:
  Build cache is disabled
  Caching has been disabled for the task
Task ':weft-core:writeReleaseAarMetadata' is not up-to-date because:
  No history is available.

> Task :weft-compose:generateReleaseResValues
Caching disabled for task ':weft-compose:generateReleaseResValues' because:
  Build cache is disabled
Task ':weft-compose:generateReleaseResValues' is not up-to-date because:
  No history is available.
work action resolve aar-metadata.properties (project :weft-core) (Thread[Execution worker Thread 2,5,main]) started.
Resolve mutations for :sample-app:checkReleaseAarMetadata (Thread[Execution worker Thread 2,5,main]) started.
:sample-app:checkReleaseAarMetadata (Thread[Execution worker Thread 2,5,main]) started.
Resolve mutations for :weft-compose:generateReleaseResources (Thread[Execution worker,5,main]) started.
:weft-compose:generateReleaseResources (Thread[Execution worker,5,main]) started.

> Task :sample-app:checkReleaseAarMetadata
Caching disabled for task ':sample-app:checkReleaseAarMetadata' because:
  Build cache is disabled
  Caching has been disabled for the task
Task ':sample-app:checkReleaseAarMetadata' is not up-to-date because:
  No history is available.

> Task :weft-compose:generateReleaseResources
Caching disabled for task ':weft-compose:generateReleaseResources' because:
  Build cache is disabled
Task ':weft-compose:generateReleaseResources' is not up-to-date because:
  No history is available.
Resolve mutations for :weft-compose:packageReleaseResources (Thread[Execution worker Thread 2,5,main]) started.
:weft-compose:packageReleaseResources (Thread[Execution worker Thread 2,5,main]) started.

> Task :weft-compose:packageReleaseResources
Caching disabled for task ':weft-compose:packageReleaseResources' because:
  Build cache is disabled
Task ':weft-compose:packageReleaseResources' is not up-to-date because:
  No history is available.
The input changes require a full rebuild for incremental task ':weft-compose:packageReleaseResources'.
[MergeResources] Inputs are non-incremental full task action.
work action resolve packageReleaseResources (project :weft-compose) (Thread[Execution worker Thread 2,5,main]) started.
Resolve mutations for :weft-core:generateReleaseResValues (Thread[Execution worker Thread 2,5,main]) started.
:weft-core:generateReleaseResValues (Thread[Execution worker Thread 2,5,main]) started.

> Task :weft-core:generateReleaseResValues
Caching disabled for task ':weft-core:generateReleaseResValues' because:
  Build cache is disabled
Task ':weft-core:generateReleaseResValues' is not up-to-date because:
  No history is available.
Resolve mutations for :weft-core:generateReleaseResources (Thread[Execution worker,5,main]) started.
:weft-core:generateReleaseResources (Thread[Execution worker,5,main]) started.

> Task :weft-core:generateReleaseResources
Caching disabled for task ':weft-core:generateReleaseResources' because:
  Build cache is disabled
Task ':weft-core:generateReleaseResources' is not up-to-date because:
  No history is available.
Resolve mutations for :weft-core:packageReleaseResources (Thread[Execution worker,5,main]) started.
:weft-core:packageReleaseResources (Thread[Execution worker,5,main]) started.

> Task :weft-core:packageReleaseResources
Caching disabled for task ':weft-core:packageReleaseResources' because:
  Build cache is disabled
Task ':weft-core:packageReleaseResources' is not up-to-date because:
  No history is available.
The input changes require a full rebuild for incremental task ':weft-core:packageReleaseResources'.
[MergeResources] Inputs are non-incremental full task action.
work action resolve packageReleaseResources (project :weft-core) (Thread[Execution worker Thread 2,5,main]) started.
Resolve mutations for :sample-app:mapReleaseSourceSetPaths (Thread[Execution worker Thread 2,5,main]) started.
:sample-app:mapReleaseSourceSetPaths (Thread[Execution worker Thread 2,5,main]) started.

> Task :sample-app:mapReleaseSourceSetPaths
Caching disabled for task ':sample-app:mapReleaseSourceSetPaths' because:
  Build cache is disabled
  Caching has been disabled for the task
Task ':sample-app:mapReleaseSourceSetPaths' is not up-to-date because:
  No history is available.
Resolve mutations for :sample-app:generateReleaseResources (Thread[Execution worker,5,main]) started.
:sample-app:generateReleaseResources (Thread[Execution worker,5,main]) started.

> Task :sample-app:generateReleaseResources
Caching disabled for task ':sample-app:generateReleaseResources' because:
  Build cache is disabled
Task ':sample-app:generateReleaseResources' is not up-to-date because:
  No history is available.
Resolve mutations for :sample-app:mergeReleaseResources (Thread[Execution worker Thread 2,5,main]) started.
:sample-app:mergeReleaseResources (Thread[Execution worker,5,main]) started.
Resolve mutations for :sample-app:packageReleaseResources (Thread[Execution worker Thread 2,5,main]) started.
:sample-app:packageReleaseResources (Thread[Execution worker Thread 2,5,main]) started.

> Task :sample-app:packageReleaseResources
Caching disabled for task ':sample-app:packageReleaseResources' because:
  Build cache is disabled
Task ':sample-app:packageReleaseResources' is not up-to-date because:
  No history is available.
The input changes require a full rebuild for incremental task ':sample-app:packageReleaseResources'.
[MergeResources] Inputs are non-incremental full task action.
Resolve mutations for :sample-app:parseReleaseLocalResources (Thread[Execution worker Thread 2,5,main]) started.
:sample-app:parseReleaseLocalResources (Thread[Execution worker Thread 2,5,main]) started.
Resolve mutations for :sample-app:createReleaseCompatibleScreenManifests (Thread[Execution worker Thread 3,5,main]) started.
:sample-app:createReleaseCompatibleScreenManifests (Thread[Execution worker Thread 3,5,main]) started.

> Task :sample-app:parseReleaseLocalResources
Transforming android.jar with PlatformAttrTransform
Transforming android.jar with PlatformAttrTransform
Caching disabled for task ':sample-app:parseReleaseLocalResources' because:
  Build cache is disabled
Task ':sample-app:parseReleaseLocalResources' is not up-to-date because:
  No history is available.
The input changes require a full rebuild for incremental task ':sample-app:parseReleaseLocalResources'.
Transforming android.jar with PlatformAttrTransform

> Task :sample-app:createReleaseCompatibleScreenManifests
Caching disabled for task ':sample-app:createReleaseCompatibleScreenManifests' because:
  Build cache is disabled
  Caching has been disabled for the task
Task ':sample-app:createReleaseCompatibleScreenManifests' is not up-to-date because:
  No history is available.
Resolve mutations for :sample-app:extractDeepLinksRelease (Thread[Execution worker Thread 3,5,main]) started.
:sample-app:extractDeepLinksRelease (Thread[Execution worker Thread 3,5,main]) started.

> Task :sample-app:extractDeepLinksRelease
Caching disabled for task ':sample-app:extractDeepLinksRelease' because:
  Build cache is disabled
Task ':sample-app:extractDeepLinksRelease' is not up-to-date because:
  No history is available.
Resolve mutations for :weft-compose:extractDeepLinksRelease (Thread[Execution worker Thread 3,5,main]) started.
:weft-compose:extractDeepLinksRelease (Thread[Execution worker Thread 3,5,main]) started.

> Task :weft-compose:extractDeepLinksRelease
Caching disabled for task ':weft-compose:extractDeepLinksRelease' because:
  Build cache is disabled
Task ':weft-compose:extractDeepLinksRelease' is not up-to-date because:
  No history is available.
work action resolve navigation.json (project :weft-compose) (Thread[Execution worker Thread 3,5,main]) started.
Resolve mutations for :weft-compose:processReleaseManifest (Thread[Execution worker Thread 3,5,main]) started.
:weft-compose:processReleaseManifest (Thread[Execution worker Thread 3,5,main]) started.
Resolve mutations for :weft-core:extractDeepLinksRelease (Thread[Execution worker Thread 2,5,main]) started.
:weft-core:extractDeepLinksRelease (Thread[Execution worker Thread 2,5,main]) started.

> Task :weft-core:extractDeepLinksRelease
Caching disabled for task ':weft-core:extractDeepLinksRelease' because:
  Build cache is disabled
Task ':weft-core:extractDeepLinksRelease' is not up-to-date because:
  No history is available.
work action resolve navigation.json (project :weft-core) (Thread[Execution worker Thread 2,5,main]) started.
Resolve mutations for :weft-core:processReleaseManifest (Thread[Execution worker Thread 2,5,main]) started.
:weft-core:processReleaseManifest (Thread[Execution worker Thread 2,5,main]) started.

> Task :weft-compose:processReleaseManifest
Caching disabled for task ':weft-compose:processReleaseManifest' because:
  Build cache is disabled
Task ':weft-compose:processReleaseManifest' is not up-to-date because:
  No history is available.
package="dev.weft.compose" found in source AndroidManifest.xml: /home/runner/work/Weft/Weft/android/weft-compose/src/main/AndroidManifest.xml.
Setting the namespace via the package attribute in the source AndroidManifest.xml is no longer supported, and the value is ignored.
Recommendation: remove package="dev.weft.compose" from the source AndroidManifest.xml: /home/runner/work/Weft/Weft/android/weft-compose/src/main/AndroidManifest.xml.
Merging main manifest /home/runner/work/Weft/Weft/android/weft-compose/src/main/AndroidManifest.xml

Merging result: SUCCESS
1<?xml version="1.0" encoding="utf-8"?>
2<manifest xmlns:android="http://schemas.android.com/apk/res/android"
3    package="dev.weft.compose" >
4
5    <uses-sdk android:minSdkVersion="24" />
6
7</manifest>

Merged manifest saved to /home/runner/work/Weft/Weft/android/weft-compose/build/intermediates/merged_manifest/release/processReleaseManifest/AndroidManifest.xml
work action resolve AndroidManifest.xml (project :weft-compose) (Thread[Execution worker Thread 3,5,main]) started.
Resolve mutations for :weft-compose:compileReleaseLibraryResources (Thread[Execution worker Thread 3,5,main]) started.
:weft-compose:compileReleaseLibraryResources (Thread[Execution worker Thread 3,5,main]) started.

> Task :weft-compose:compileReleaseLibraryResources
Caching disabled for task ':weft-compose:compileReleaseLibraryResources' because:
  Build cache is disabled
Task ':weft-compose:compileReleaseLibraryResources' is not up-to-date because:
  No history is available.
The input changes require a full rebuild for incremental task ':weft-compose:compileReleaseLibraryResources'.
work action resolve out (project :weft-compose) (Thread[Execution worker Thread 3,5,main]) started.
Resolve mutations for :weft-compose:parseReleaseLocalResources (Thread[Execution worker Thread 3,5,main]) started.
:weft-compose:parseReleaseLocalResources (Thread[Execution worker Thread 3,5,main]) started.

> Task :sample-app:mergeReleaseResources
Caching disabled for task ':sample-app:mergeReleaseResources' because:
  Build cache is disabled
Task ':sample-app:mergeReleaseResources' is not up-to-date because:
  No history is available.
The input changes require a full rebuild for incremental task ':sample-app:mergeReleaseResources'.
[MergeResources] Inputs are non-incremental full task action.
Compiling XML table /home/runner/work/Weft/Weft/android/sample-app/build/intermediates/incremental/release/mergeReleaseResources/merged.dir/values-de/values-de.xml to /home/runner/work/Weft/Weft/android/sample-app/build/intermediates/merged_res/release/mergeReleaseResources/values-de_values-de.arsc.flat
Compiling XML table /home/runner/work/Weft/Weft/android/sample-app/build/intermediates/incremental/release/mergeReleaseResources/merged.dir/values/values.xml to /home/runner/work/Weft/Weft/android/sample-app/build/intermediates/merged_res/release/mergeReleaseResources/values_values.arsc.flat
Compiling XML table /home/runner/work/Weft/Weft/android/sample-app/build/intermediates/incremental/release/mergeReleaseResources/merged.dir/values-lt/values-lt.xml to /home/runner/work/Weft/Weft/android/sample-app/build/intermediates/merged_res/release/mergeReleaseResources/values-lt_values-lt.arsc.flat
Compiling XML table /home/runner/work/Weft/Weft/android/sample-app/build/intermediates/incremental/release/mergeReleaseResources/merged.dir/values-en-rIN/values-en-rIN.xml to /home/runner/work/Weft/Weft/android/sample-app/build/intermediates/merged_res/release/mergeReleaseResources/values-en-rIN_values-en-rIN.arsc.flat
Compiling XML table /home/runner/work/Weft/Weft/android/sample-app/build/intermediates/incremental/release/mergeReleaseResources/merged.dir/values-mk/values-mk.xml to /home/runner/work/Weft/Weft/android/sample-app/build/intermediates/merged_res/release/mergeReleaseResources/values-mk_values-mk.arsc.flat
Compiling XML table /home/runner/work/Weft/Weft/android/sample-app/build/intermediates/incremental/release/mergeReleaseResources/merged.dir/values-mr/values-mr.xml to /home/runner/work/Weft/Weft/android/sample-app/build/intermediates/merged_res/release/mergeReleaseResources/values-mr_values-mr.arsc.flat
Compiling XML table /home/runner/work/Weft/Weft/android/sample-app/build/intermediates/incremental/release/mergeReleaseResources/merged.dir/values-ms/values-ms.xml to /home/runner/work/Weft/Weft/android/sample-app/build/intermediates/merged_res/release/mergeReleaseResources/values-ms_values-ms.arsc.flat
Compiling XML table /home/runner/work/Weft/Weft/android/sample-app/build/intermediates/incremental/release/mergeReleaseResources/merged.dir/values-is/values-is.xml to /home/runner/work/Weft/Weft/android/sample-app/build/intermediates/merged_res/release/mergeReleaseResources/values-is_values-is.arsc.flat
Compiling XML table /home/runner/work/Weft/Weft/android/sample-app/build/intermediates/incremental/release/mergeReleaseResources/merged.dir/values-iw/values-iw.xml to /home/runner/work/Weft/Weft/android/sample-app/build/intermediates/merged_res/release/mergeReleaseResources/values-iw_values-iw.arsc.flat
Compiling XML table /home/runner/work/Weft/Weft/android/sample-app/build/intermediates/incremental/release/mergeReleaseResources/merged.dir/values-eu/values-eu.xml to /home/runner/work/Weft/Weft/android/sample-app/build/intermediates/merged_res/release/mergeReleaseResources/values-eu_values-eu.arsc.flat
Compiling XML table /home/runner/work/Weft/Weft/android/sample-app/build/intermediates/incremental/release/mergeReleaseResources/merged.dir/values-nb/values-nb.xml to /home/runner/work/Weft/Weft/android/sample-app/build/intermediates/merged_res/release/mergeReleaseResources/values-nb_values-nb.arsc.flat
Compiling XML table /home/runner/work/Weft/Weft/android/sample-app/build/intermediates/incremental/release/mergeReleaseResources/merged.dir/values-ne/values-ne.xml to /home/runner/work/Weft/Weft/android/sample-app/build/intermediates/merged_res/release/mergeReleaseResources/values-ne_values-ne.arsc.flat
Compiling XML table /home/runner/work/Weft/Weft/android/sample-app/build/intermediates/incremental/release/mergeReleaseResources/merged.dir/values-pt/values-pt.xml to /home/runner/work/Weft/Weft/android/sample-app/build/intermediates/merged_res/release/mergeReleaseResources/values-pt_values-pt.arsc.flat
Compiling XML table /home/runner/work/Weft/Weft/android/sample-app/build/intermediates/incremental/release/mergeReleaseResources/merged.dir/values-zu/values-zu.xml to /home/runner/work/Weft/Weft/android/sample-app/build/intermediates/merged_res/release/mergeReleaseResources/values-zu_values-zu.arsc.flat
Compiling XML table /home/runner/work/Weft/Weft/android/sample-app/build/intermediates/incremental/release/mergeReleaseResources/merged.dir/values-be/values-be.xml to /home/runner/work/Weft/Weft/android/sample-app/build/intermediates/merged_res/release/mergeReleaseResources/values-be_values-be.arsc.flat
Compiling XML table /home/runner/work/Weft/Weft/android/sample-app/build/intermediates/incremental/release/mergeReleaseResources/merged.dir/values-bg/values-bg.xml to /home/runner/work/Weft/Weft/android/sample-app/build/intermediates/merged_res/release/mergeReleaseResources/values-bg_values-bg.arsc.flat
Compiling XML table /home/runner/work/Weft/Weft/android/sample-app/build/intermediates/incremental/release/mergeReleaseResources/merged.dir/values-hu/values-hu.xml to /home/runner/work/Weft/Weft/android/sample-app/build/intermediates/merged_res/release/mergeReleaseResources/values-hu_values-hu.arsc.flat
Compiling XML table /home/runner/work/Weft/Weft/android/sample-app/build/intermediates/incremental/release/mergeReleaseResources/merged.dir/values-bs/values-bs.xml to /home/runner/work/Weft/Weft/android/sample-app/build/intermediates/merged_res/release/mergeReleaseResources/values-bs_values-bs.arsc.flat
Compiling XML table /home/runner/work/Weft/Weft/android/sample-app/build/intermediates/incremental/release/mergeReleaseResources/merged.dir/values-si/values-si.xml to /home/runner/work/Weft/Weft/android/sample-app/build/intermediates/merged_res/release/mergeReleaseResources/values-si_values-si.arsc.flat
Compiling XML table /home/runner/work/Weft/Weft/android/sample-app/build/intermediates/incremental/release/mergeReleaseResources/merged.dir/values-ur/values-ur.xml to /home/runner/work/Weft/Weft/android/sample-app/build/intermediates/merged_res/release/mergeReleaseResources/values-ur_values-ur.arsc.flat
Compiling XML table /home/runner/work/Weft/Weft/android/sample-app/build/intermediates/incremental/release/mergeReleaseResources/merged.dir/values-uz/values-uz.xml to /home/runner/work/Weft/Weft/android/sample-app/build/intermediates/merged_res/release/mergeReleaseResources/values-uz_values-uz.arsc.flat
Compiling XML table /home/runner/work/Weft/Weft/android/sample-app/build/intermediates/incremental/release/mergeReleaseResources/merged.dir/values-ca/values-ca.xml to /home/runner/work/Weft/Weft/android/sample-app/build/intermediates/merged_res/release/mergeReleaseResources/values-ca_values-ca.arsc.flat
Compiling XML table /home/runner/work/Weft/Weft/android/sample-app/build/intermediates/incremental/release/mergeReleaseResources/merged.dir/values-in/values-in.xml to /home/runner/work/Weft/Weft/android/sample-app/build/intermediates/merged_res/release/mergeReleaseResources/values-in_values-in.arsc.flat
Compiling XML table /home/runner/work/Weft/Weft/android/sample-app/build/intermediates/incremental/release/mergeReleaseResources/merged.dir/values-zh-rHK/values-zh-rHK.xml to /home/runner/work/Weft/Weft/android/sample-app/build/intermediates/merged_res/release/mergeReleaseResources/values-zh-rHK_values-zh-rHK.arsc.flat
Compiling XML table /home/runner/work/Weft/Weft/android/sample-app/build/intermediates/incremental/release/mergeReleaseResources/merged.dir/values-sv/values-sv.xml to /home/runner/work/Weft/Weft/android/sample-app/build/intermediates/merged_res/release/mergeReleaseResources/values-sv_values-sv.arsc.flat
Compiling XML table /home/runner/work/Weft/Weft/android/sample-app/build/intermediates/incremental/release/mergeReleaseResources/merged.dir/values-am/values-am.xml to /home/runner/work/Weft/Weft/android/sample-app/build/intermediates/merged_res/release/mergeReleaseResources/values-am_values-am.arsc.flat
Compiling XML table /home/runner/work/Weft/Weft/android/sample-app/build/intermediates/incremental/release/mergeReleaseResources/merged.dir/values-sw/values-sw.xml to /home/runner/work/Weft/Weft/android/sample-app/build/intermediates/merged_res/release/mergeReleaseResources/values-sw_values-sw.arsc.flat
Compiling XML table /home/runner/work/Weft/Weft/android/sample-app/build/intermediates/incremental/release/mergeReleaseResources/merged.dir/values-et/values-et.xml to /home/runner/work/Weft/Weft/android/sample-app/build/intermediates/merged_res/release/mergeReleaseResources/values-et_values-et.arsc.flat
Compiling XML table /home/runner/work/Weft/Weft/android/sample-app/build/intermediates/incremental/release/mergeReleaseResources/merged.dir/values-hi/values-hi.xml to /home/runner/work/Weft/Weft/android/sample-app/build/intermediates/merged_res/release/mergeReleaseResources/values-hi_values-hi.arsc.flat
Compiling XML table /home/runner/work/Weft/Weft/android/sample-app/build/intermediates/incremental/release/mergeReleaseResources/merged.dir/values-gu/values-gu.xml to /home/runner/work/Weft/Weft/android/sample-app/build/intermediates/merged_res/release/mergeReleaseResources/values-gu_values-gu.arsc.flat
Compiling XML table /home/runner/work/Weft/Weft/android/sample-app/build/intermediates/incremental/release/mergeReleaseResources/merged.dir/values-vi/values-vi.xml to /home/runner/work/Weft/Weft/android/sample-app/build/intermediates/merged_res/release/mergeReleaseResources/values-vi_values-vi.arsc.flat
Compiling XML table /home/runner/work/Weft/Weft/android/sample-app/build/intermediates/incremental/release/mergeReleaseResources/merged.dir/values-pa/values-pa.xml to /home/runner/work/Weft/Weft/android/sample-app/build/intermediates/merged_res/release/mergeReleaseResources/values-pa_values-pa.arsc.flat
Compiling XML table /home/runner/work/Weft/Weft/android/sample-app/build/intermediates/incremental/release/mergeReleaseResources/merged.dir/values-ja/values-ja.xml to /home/runner/work/Weft/Weft/android/sample-app/build/intermediates/merged_res/release/mergeReleaseResources/values-ja_values-ja.arsc.flat
Compiling XML table /home/runner/work/Weft/Weft/android/sample-app/build/intermediates/incremental/release/mergeReleaseResources/merged.dir/values-lv/values-lv.xml to /home/runner/work/Weft/Weft/android/sample-app/build/intermediates/merged_res/release/mergeReleaseResources/values-lv_values-lv.arsc.flat
Compiling XML table /home/runner/work/Weft/Weft/android/sample-app/build/intermediates/incremental/release/mergeReleaseResources/merged.dir/values-da/values-da.xml to /home/runner/work/Weft/Weft/android/sample-app/build/intermediates/merged_res/release/mergeReleaseResources/values-da_values-da.arsc.flat
Compiling XML table /home/runner/work/Weft/Weft/android/sample-app/build/intermediates/incremental/release/mergeReleaseResources/merged.dir/values-fa/values-fa.xml to /home/runner/work/Weft/Weft/android/sample-app/build/intermediates/merged_res/release/mergeReleaseResources/values-fa_values-fa.arsc.flat
Compiling XML table /home/runner/work/Weft/Weft/android/sample-app/build/intermediates/incremental/release/mergeReleaseResources/merged.dir/values-zh-rCN/values-zh-rCN.xml to /home/runner/work/Weft/Weft/android/sample-app/build/intermediates/merged_res/release/mergeReleaseResources/values-zh-rCN_values-zh-rCN.arsc.flat
Compiling XML table /home/runner/work/Weft/Weft/android/sample-app/build/intermediates/incremental/release/mergeReleaseResources/merged.dir/values-hy/values-hy.xml to /home/runner/work/Weft/Weft/android/sample-app/build/intermediates/merged_res/release/mergeReleaseResources/values-hy_values-hy.arsc.flat
Compiling XML table /home/runner/work/Weft/Weft/android/sample-app/build/intermediates/incremental/release/mergeReleaseResources/merged.dir/values-en-rXC/values-en-rXC.xml to /home/runner/work/Weft/Weft/android/sample-app/build/intermediates/merged_res/release/mergeReleaseResources/values-en-rXC_values-en-rXC.arsc.flat
Compiling XML table /home/runner/work/Weft/Weft/android/sample-app/build/intermediates/incremental/release/mergeReleaseResources/merged.dir/values-lo/values-lo.xml to /home/runner/work/Weft/Weft/android/sample-app/build/intermediates/merged_res/release/mergeReleaseResources/values-lo_values-lo.arsc.flat
Compiling XML table /home/runner/work/Weft/Weft/android/sample-app/build/intermediates/incremental/release/mergeReleaseResources/merged.dir/values-ml/values-ml.xml to /home/runner/work/Weft/Weft/android/sample-app/build/intermediates/merged_res/release/mergeReleaseResources/values-ml_values-ml.arsc.flat
Compiling XML table /home/runner/work/Weft/Weft/android/sample-app/build/intermediates/incremental/release/mergeReleaseResources/merged.dir/values-hr/values-hr.xml to /home/runner/work/Weft/Weft/android/sample-app/build/intermediates/merged_res/release/mergeReleaseResources/values-hr_values-hr.arsc.flat
Compiling XML table /home/runner/work/Weft/Weft/android/sample-app/build/intermediates/incremental/release/mergeReleaseResources/merged.dir/values-uk/values-uk.xml to /home/runner/work/Weft/Weft/android/sample-app/build/intermediates/merged_res/release/mergeReleaseResources/values-uk_values-uk.arsc.flat
Compiling XML table /home/runner/work/Weft/Weft/android/sample-app/build/intermediates/incremental/release/mergeReleaseResources/merged.dir/values-en-rCA/values-en-rCA.xml to /home/runner/work/Weft/Weft/android/sample-app/build/intermediates/merged_res/release/mergeReleaseResources/values-en-rCA_values-en-rCA.arsc.flat
Compiling XML table /home/runner/work/Weft/Weft/android/sample-app/build/intermediates/incremental/release/mergeReleaseResources/merged.dir/values-af/values-af.xml to /home/runner/work/Weft/Weft/android/sample-app/build/intermediates/merged_res/release/mergeReleaseResources/values-af_values-af.arsc.flat
Compiling XML table /home/runner/work/Weft/Weft/android/sample-app/build/intermediates/incremental/release/mergeReleaseResources/merged.dir/values-mn/values-mn.xml to /home/runner/work/Weft/Weft/android/sample-app/build/intermediates/merged_res/release/mergeReleaseResources/values-mn_values-mn.arsc.flat
Compiling XML table /home/runner/work/Weft/Weft/android/sample-app/build/intermediates/incremental/release/mergeReleaseResources/merged.dir/values-el/values-el.xml to /home/runner/work/Weft/Weft/android/sample-app/build/intermediates/merged_res/release/mergeReleaseResources/values-el_values-el.arsc.flat
Compiling XML table /home/runner/work/Weft/Weft/android/sample-app/build/intermediates/incremental/release/mergeReleaseResources/merged.dir/values-fr-rCA/values-fr-rCA.xml to /home/runner/work/Weft/Weft/android/sample-app/build/intermediates/merged_res/release/mergeReleaseResources/values-fr-rCA_values-fr-rCA.arsc.flat
Compiling XML table /home/runner/work/Weft/Weft/android/sample-app/build/intermediates/incremental/release/mergeReleaseResources/merged.dir/values-zh-rTW/values-zh-rTW.xml to /home/runner/work/Weft/Weft/android/sample-app/build/intermediates/merged_res/release/mergeReleaseResources/values-zh-rTW_values-zh-rTW.arsc.flat
Compiling XML table /home/runner/work/Weft/Weft/android/sample-app/build/intermediates/incremental/release/mergeReleaseResources/merged.dir/values-it/values-it.xml to /home/runner/work/Weft/Weft/android/sample-app/build/intermediates/merged_res/release/mergeReleaseResources/values-it_values-it.arsc.flat
Compiling XML table /home/runner/work/Weft/Weft/android/sample-app/build/intermediates/incremental/release/mergeReleaseResources/merged.dir/values-my/values-my.xml to /home/runner/work/Weft/Weft/android/sample-app/build/intermediates/merged_res/release/mergeReleaseResources/values-my_values-my.arsc.flat
Compiling XML table /home/runner/work/Weft/Weft/android/sample-app/build/intermediates/incremental/release/mergeReleaseResources/merged.dir/values-b+sr+Latn/values-b+sr+Latn.xml to /home/runner/work/Weft/Weft/android/sample-app/build/intermediates/merged_res/release/mergeReleaseResources/values-b+sr+Latn_values-b+sr+Latn.arsc.flat
Compiling XML table /home/runner/work/Weft/Weft/android/sample-app/build/intermediates/incremental/release/mergeReleaseResources/merged.dir/values-es/values-es.xml to /home/runner/work/Weft/Weft/android/sample-app/build/intermediates/merged_res/release/mergeReleaseResources/values-es_values-es.arsc.flat
Compiling XML table /home/runner/work/Weft/Weft/android/sample-app/build/intermediates/incremental/release/mergeReleaseResources/merged.dir/values-ar/values-ar.xml to /home/runner/work/Weft/Weft/android/sample-app/build/intermediates/merged_res/release/mergeReleaseResources/values-ar_values-ar.arsc.flat
Compiling XML table /home/runner/work/Weft/Weft/android/sample-app/build/intermediates/incremental/release/mergeReleaseResources/merged.dir/values-ka/values-ka.xml to /home/runner/work/Weft/Weft/android/sample-app/build/intermediates/merged_res/release/mergeReleaseResources/values-ka_values-ka.arsc.flat
Compiling XML table /home/runner/work/Weft/Weft/android/sample-app/build/intermediates/incremental/release/mergeReleaseResources/merged.dir/values-v21/values-v21.xml to /home/runner/work/Weft/Weft/android/sample-app/build/intermediates/merged_res/release/mergeReleaseResources/values-v21_values-v21.arsc.flat
Compiling XML table /home/runner/work/Weft/Weft/android/sample-app/build/intermediates/incremental/release/mergeReleaseResources/merged.dir/values-as/values-as.xml to /home/runner/work/Weft/Weft/android/sample-app/build/intermediates/merged_res/release/mergeReleaseResources/values-as_values-as.arsc.flat
Compiling XML table /home/runner/work/Weft/Weft/android/sample-app/build/intermediates/incremental/release/mergeReleaseResources/merged.dir/values-az/values-az.xml to /home/runner/work/Weft/Weft/android/sample-app/build/intermediates/merged_res/release/mergeReleaseResources/values-az_values-az.arsc.flat
Compiling XML table /home/runner/work/Weft/Weft/android/sample-app/build/intermediates/incremental/release/mergeReleaseResources/merged.dir/values-ro/values-ro.xml to /home/runner/work/Weft/Weft/android/sample-app/build/intermediates/merged_res/release/mergeReleaseResources/values-ro_values-ro.arsc.flat
Compiling XML table /home/runner/work/Weft/Weft/android/sample-app/build/intermediates/incremental/release/mergeReleaseResources/merged.dir/values-ru/values-ru.xml to /home/runner/work/Weft/Weft/android/sample-app/build/intermediates/merged_res/release/mergeReleaseResources/values-ru_values-ru.arsc.flat
Compiling XML table /home/runner/work/Weft/Weft/android/sample-app/build/intermediates/incremental/release/mergeReleaseResources/merged.dir/values-es-rUS/values-es-rUS.xml to /home/runner/work/Weft/Weft/android/sample-app/build/intermediates/merged_res/release/mergeReleaseResources/values-es-rUS_values-es-rUS.arsc.flat
Compiling XML table /home/runner/work/Weft/Weft/android/sample-app/build/intermediates/incremental/release/mergeReleaseResources/merged.dir/values-fr/values-fr.xml to /home/runner/work/Weft/Weft/android/sample-app/build/intermediates/merged_res/release/mergeReleaseResources/values-fr_values-fr.arsc.flat
Compiling XML table /home/runner/work/Weft/Weft/android/sample-app/build/intermediates/incremental/release/mergeReleaseResources/merged.dir/values-sq/values-sq.xml to /home/runner/work/Weft/Weft/android/sample-app/build/intermediates/merged_res/release/mergeReleaseResources/values-sq_values-sq.arsc.flat
Compiling XML table /home/runner/work/Weft/Weft/android/sample-app/build/intermediates/incremental/release/mergeReleaseResources/merged.dir/values-v30/values-v30.xml to /home/runner/work/Weft/Weft/android/sample-app/build/intermediates/merged_res/release/mergeReleaseResources/values-v30_values-v30.arsc.flat
Compiling XML table /home/runner/work/Weft/Weft/android/sample-app/build/intermediates/incremental/release/mergeReleaseResources/merged.dir/values-sk/values-sk.xml to /home/runner/work/Weft/Weft/android/sample-app/build/intermediates/merged_res/release/mergeReleaseResources/values-sk_values-sk.arsc.flat
Compiling XML table /home/runner/work/Weft/Weft/android/sample-app/build/intermediates/incremental/release/mergeReleaseResources/merged.dir/values-sr/values-sr.xml to /home/runner/work/Weft/Weft/android/sample-app/build/intermediates/merged_res/release/mergeReleaseResources/values-sr_values-sr.arsc.flat
Compiling XML table /home/runner/work/Weft/Weft/android/sample-app/build/intermediates/incremental/release/mergeReleaseResources/merged.dir/values-km/values-km.xml to /home/runner/work/Weft/Weft/android/sample-app/build/intermediates/merged_res/release/mergeReleaseResources/values-km_values-km.arsc.flat
Compiling XML table /home/runner/work/Weft/Weft/android/sample-app/build/intermediates/incremental/release/mergeReleaseResources/merged.dir/values-kn/values-kn.xml to /home/runner/work/Weft/Weft/android/sample-app/build/intermediates/merged_res/release/mergeReleaseResources/values-kn_values-kn.arsc.flat
Compiling XML table /home/runner/work/Weft/Weft/android/sample-app/build/intermediates/incremental/release/mergeReleaseResources/merged.dir/values-pt-rPT/values-pt-rPT.xml to /home/runner/work/Weft/Weft/android/sample-app/build/intermediates/merged_res/release/mergeReleaseResources/values-pt-rPT_values-pt-rPT.arsc.flat
Compiling XML table /home/runner/work/Weft/Weft/android/sample-app/build/intermediates/incremental/release/mergeReleaseResources/merged.dir/values-gl/values-gl.xml to /home/runner/work/Weft/Weft/android/sample-app/build/intermediates/merged_res/release/mergeReleaseResources/values-gl_values-gl.arsc.flat
Compiling XML table /home/runner/work/Weft/Weft/android/sample-app/build/intermediates/incremental/release/mergeReleaseResources/merged.dir/values-ko/values-ko.xml to /home/runner/work/Weft/Weft/android/sample-app/build/intermediates/merged_res/release/mergeReleaseResources/values-ko_values-ko.arsc.flat
Compiling XML table /home/runner/work/Weft/Weft/android/sample-app/build/intermediates/incremental/release/mergeReleaseResources/merged.dir/values-pt-rBR/values-pt-rBR.xml to /home/runner/work/Weft/Weft/android/sample-app/build/intermediates/merged_res/release/mergeReleaseResources/values-pt-rBR_values-pt-rBR.arsc.flat
Compiling XML table /home/runner/work/Weft/Weft/android/sample-app/build/intermediates/incremental/release/mergeReleaseResources/merged.dir/values-nl/values-nl.xml to /home/runner/work/Weft/Weft/android/sample-app/build/intermediates/merged_res/release/mergeReleaseResources/values-nl_values-nl.arsc.flat
Compiling XML table /home/runner/work/Weft/Weft/android/sample-app/build/intermediates/incremental/release/mergeReleaseResources/merged.dir/values-th/values-th.xml to /home/runner/work/Weft/Weft/android/sample-app/build/intermediates/merged_res/release/mergeReleaseResources/values-th_values-th.arsc.flat
Compiling XML table /home/runner/work/Weft/Weft/android/sample-app/build/intermediates/incremental/release/mergeReleaseResources/merged.dir/values-ky/values-ky.xml to /home/runner/work/Weft/Weft/android/sample-app/build/intermediates/merged_res/release/mergeReleaseResources/values-ky_values-ky.arsc.flat
Compiling XML table /home/runner/work/Weft/Weft/android/sample-app/build/intermediates/incremental/release/mergeReleaseResources/merged.dir/values-fi/values-fi.xml to /home/runner/work/Weft/Weft/android/sample-app/build/intermediates/merged_res/release/mergeReleaseResources/values-fi_values-fi.arsc.flat
Compiling XML table /home/runner/work/Weft/Weft/android/sample-app/build/intermediates/incremental/release/mergeReleaseResources/merged.dir/values-tr/values-tr.xml to /home/runner/work/Weft/Weft/android/sample-app/build/intermediates/merged_res/release/mergeReleaseResources/values-tr_values-tr.arsc.flat
Compiling XML table /home/runner/work/Weft/Weft/android/sample-app/build/intermediates/incremental/release/mergeReleaseResources/merged.dir/values-te/values-te.xml to /home/runner/work/Weft/Weft/android/sample-app/build/intermediates/merged_res/release/mergeReleaseResources/values-te_values-te.arsc.flat
Compiling XML table /home/runner/work/Weft/Weft/android/sample-app/build/intermediates/incremental/release/mergeReleaseResources/merged.dir/values-bn/values-bn.xml to /home/runner/work/Weft/Weft/android/sample-app/build/intermediates/merged_res/release/mergeReleaseResources/values-bn_values-bn.arsc.flat
Compiling XML table /home/runner/work/Weft/Weft/android/sample-app/build/intermediates/incremental/release/mergeReleaseResources/merged.dir/values-en-rGB/values-en-rGB.xml to /home/runner/work/Weft/Weft/android/sample-app/build/intermediates/merged_res/release/mergeReleaseResources/values-en-rGB_values-en-rGB.arsc.flat
Compiling XML table /home/runner/work/Weft/Weft/android/sample-app/build/intermediates/incremental/release/mergeReleaseResources/merged.dir/values-pl/values-pl.xml to /home/runner/work/Weft/Weft/android/sample-app/build/intermediates/merged_res/release/mergeReleaseResources/values-pl_values-pl.arsc.flat
Compiling XML table /home/runner/work/Weft/Weft/android/sample-app/build/intermediates/incremental/release/mergeReleaseResources/merged.dir/values-sl/values-sl.xml to /home/runner/work/Weft/Weft/android/sample-app/build/intermediates/merged_res/release/mergeReleaseResources/values-sl_values-sl.arsc.flat
Compiling XML table /home/runner/work/Weft/Weft/android/sample-app/build/intermediates/incremental/release/mergeReleaseResources/merged.dir/values-kk/values-kk.xml to /home/runner/work/Weft/Weft/android/sample-app/build/intermediates/merged_res/release/mergeReleaseResources/values-kk_values-kk.arsc.flat
Compiling XML table /home/runner/work/Weft/Weft/android/sample-app/build/intermediates/incremental/release/mergeReleaseResources/merged.dir/values-or/values-or.xml to /home/runner/work/Weft/Weft/android/sample-app/build/intermediates/merged_res/release/mergeReleaseResources/values-or_values-or.arsc.flat
Compiling XML table /home/runner/work/Weft/Weft/android/sample-app/build/intermediates/incremental/release/mergeReleaseResources/merged.dir/values-ta/values-ta.xml to /home/runner/work/Weft/Weft/android/sample-app/build/intermediates/merged_res/release/mergeReleaseResources/values-ta_values-ta.arsc.flat
Compiling XML table /home/runner/work/Weft/Weft/android/sample-app/build/intermediates/incremental/release/mergeReleaseResources/merged.dir/values-cs/values-cs.xml to /home/runner/work/Weft/Weft/android/sample-app/build/intermediates/merged_res/release/mergeReleaseResources/values-cs_values-cs.arsc.flat
Compiling XML table /home/runner/work/Weft/Weft/android/sample-app/build/intermediates/incremental/release/mergeReleaseResources/merged.dir/values-tl/values-tl.xml to /home/runner/work/Weft/Weft/android/sample-app/build/intermediates/merged_res/release/mergeReleaseResources/values-tl_values-tl.arsc.flat
Compiling XML table /home/runner/work/Weft/Weft/android/sample-app/build/intermediates/incremental/release/mergeReleaseResources/merged.dir/values-en-rAU/values-en-rAU.xml to /home/runner/work/Weft/Weft/android/sample-app/build/intermediates/merged_res/release/mergeReleaseResources/values-en-rAU_values-en-rAU.arsc.flat

> Task :weft-core:processReleaseManifest
Caching disabled for task ':weft-core:processReleaseManifest' because:
  Build cache is disabled
Task ':weft-core:processReleaseManifest' is not up-to-date because:
  No history is available.
package="dev.weft" found in source AndroidManifest.xml: /home/runner/work/Weft/Weft/android/weft-core/src/main/AndroidManifest.xml.
Setting the namespace via the package attribute in the source AndroidManifest.xml is no longer supported, and the value is ignored.
Recommendation: remove package="dev.weft" from the source AndroidManifest.xml: /home/runner/work/Weft/Weft/android/weft-core/src/main/AndroidManifest.xml.
Merging main manifest /home/runner/work/Weft/Weft/android/weft-core/src/main/AndroidManifest.xml

Merging result: SUCCESS
1<?xml version="1.0" encoding="utf-8"?>
2<manifest xmlns:android="http://schemas.android.com/apk/res/android"
3    package="dev.weft" >
4
5    <uses-sdk android:minSdkVersion="24" />
6
7</manifest>

Merged manifest saved to /home/runner/work/Weft/Weft/android/weft-core/build/intermediates/merged_manifest/release/processReleaseManifest/AndroidManifest.xml
work action resolve AndroidManifest.xml (project :weft-core) (Thread[Execution worker Thread 2,5,main]) started.
Resolve mutations for :sample-app:processReleaseMainManifest (Thread[Execution worker Thread 2,5,main]) started.
:sample-app:processReleaseMainManifest (Thread[Execution worker Thread 2,5,main]) started.

> Task :weft-compose:parseReleaseLocalResources
Transforming android.jar with PlatformAttrTransform
Transforming android.jar with PlatformAttrTransform
Caching disabled for task ':weft-compose:parseReleaseLocalResources' because:
  Build cache is disabled
Task ':weft-compose:parseReleaseLocalResources' is not up-to-date because:
  No history is available.
The input changes require a full rebuild for incremental task ':weft-compose:parseReleaseLocalResources'.
Transforming android.jar with PlatformAttrTransform

> Task :sample-app:processReleaseMainManifest
Caching disabled for task ':sample-app:processReleaseMainManifest' because:
  Build cache is disabled
Task ':sample-app:processReleaseMainManifest' is not up-to-date because:
  No history is available.
package="dev.weft.sample" found in source AndroidManifest.xml: /home/runner/work/Weft/Weft/android/sample-app/src/main/AndroidManifest.xml.
Setting the namespace via the package attribute in the source AndroidManifest.xml is no longer supported, and the value is ignored.
Recommendation: remove package="dev.weft.sample" from the source AndroidManifest.xml: /home/runner/work/Weft/Weft/android/sample-app/src/main/AndroidManifest.xml.
Loading library manifest /home/runner/work/Weft/Weft/android/weft-compose/build/intermediates/merged_manifest/release/processReleaseManifest/AndroidManifest.xml
Loading library manifest /home/runner/work/Weft/Weft/android/weft-core/build/intermediates/merged_manifest/release/processReleaseManifest/AndroidManifest.xml
Loading library manifest /home/runner/.gradle/caches/8.11.1/transforms/e19c46e29b05aef1921948202dd63ee3/transformed/activity-1.9.3/AndroidManifest.xml
Loading library manifest /home/runner/.gradle/caches/8.11.1/transforms/14a587fae74d0ea88beb2e529faef0d4/transformed/activity-ktx-1.9.3/AndroidManifest.xml
Loading library manifest /home/runner/.gradle/caches/8.11.1/transforms/de8de35990547289319eedc5ed7ee1e0/transformed/material3-release/AndroidManifest.xml
Loading library manifest /home/runner/.gradle/caches/8.11.1/transforms/7421a4698030bc89d4d073c43f08d1b6/transformed/activity-compose-1.9.3/AndroidManifest.xml
Loading library manifest /home/runner/.gradle/caches/8.11.1/transforms/3a1236b98f57ea50ba4682cb5361c5fd/transformed/savedstate-ktx-1.2.1/AndroidManifest.xml
Loading library manifest /home/runner/.gradle/caches/8.11.1/transforms/b625fe0482c8ba8b21f3ab56c07a4653/transformed/savedstate-1.2.1/AndroidManifest.xml
Loading library manifest /home/runner/.gradle/caches/8.11.1/transforms/c634742bb781cc6a3ff220e89ec6a6c3/transformed/material-icons-core-release/AndroidManifest.xml
Loading library manifest /home/runner/.gradle/caches/8.11.1/transforms/35eda86bc342691a6ca517f9da12e886/transformed/material-ripple-release/AndroidManifest.xml
Loading library manifest /home/runner/.gradle/caches/8.11.1/transforms/de57972c072e3620c4759dce2fa0f493/transformed/animation-core-release/AndroidManifest.xml
Loading library manifest /home/runner/.gradle/caches/8.11.1/transforms/8d56f5a7f3ab3827f422a61c24a4f8a0/transformed/animation-release/AndroidManifest.xml
Loading library manifest /home/runner/.gradle/caches/8.11.1/transforms/1645c4ca5f60c689b6c54bd621edba6d/transformed/foundation-layout-release/AndroidManifest.xml
Loading library manifest /home/runner/.gradle/caches/8.11.1/transforms/f4549f10372b527a95837e37242bc2a7/transformed/foundation-release/AndroidManifest.xml
Loading library manifest /home/runner/.gradle/caches/8.11.1/transforms/d011fca456783afe6e44c97b7b09d6d2/transformed/ui-util-release/AndroidManifest.xml
Loading library manifest /home/runner/.gradle/caches/8.11.1/transforms/5d9f5c8dc827ed79d31c4c1948c691d9/transformed/ui-unit-release/AndroidManifest.xml
Loading library manifest /home/runner/.gradle/caches/8.11.1/transforms/5e240b75891ce6a636723ed7a3b91862/transformed/ui-graphics-release/AndroidManifest.xml
Loading library manifest /home/runner/.gradle/caches/8.11.1/transforms/eee286aafefa0c22514751e42c830238/transformed/ui-geometry-release/AndroidManifest.xml
Loading library manifest /home/runner/.gradle/caches/8.11.1/transforms/d998acb0a97327a2288f6fd477f8d865/transformed/ui-text-release/AndroidManifest.xml
Loading library manifest /home/runner/.gradle/caches/8.11.1/transforms/e944d2a0e8f857e281c6081cf2ac857b/transformed/emoji2-1.3.0/AndroidManifest.xml
Loading library manifest /home/runner/.gradle/caches/8.11.1/transforms/c37406e4844ac2c4f86a1c65b4296a34/transformed/lifecycle-process-2.8.7/AndroidManifest.xml
Loading library manifest /home/runner/.gradle/caches/8.11.1/transforms/1f677cc729e06c09af18231fb7262960/transformed/lifecycle-runtime-compose-release/AndroidManifest.xml
Loading library manifest /home/runner/.gradle/caches/8.11.1/transforms/372ad2f6a52bfb7ff7dc40cc14f6304e/transformed/lifecycle-livedata-core-2.8.7/AndroidManifest.xml
Loading library manifest /home/runner/.gradle/caches/8.11.1/transforms/e8b2690a9208b8c19fc08fa049e09a0a/transformed/lifecycle-runtime-ktx-release/AndroidManifest.xml
Loading library manifest /home/runner/.gradle/caches/8.11.1/transforms/7557869475eade91e472f860bd2d0bfe/transformed/lifecycle-viewmodel-release/AndroidManifest.xml
Loading library manifest /home/runner/.gradle/caches/8.11.1/transforms/37ca274cc5f4f8df0bcdf1b3c9a7f642/transformed/lifecycle-runtime-release/AndroidManifest.xml
Loading library manifest /home/runner/.gradle/caches/8.11.1/transforms/8c3f1ae122a81665238f5182c147d455/transformed/lifecycle-viewmodel-savedstate-2.8.7/AndroidManifest.xml
Loading library manifest /home/runner/.gradle/caches/8.11.1/transforms/469f349dace3a03d12817116301f0550/transformed/lifecycle-viewmodel-ktx-2.8.7/AndroidManifest.xml
Loading library manifest /home/runner/.gradle/caches/8.11.1/transforms/ecb13d304bf91ff0a2d8546bebc4e027/transformed/lifecycle-viewmodel-compose-release/AndroidManifest.xml
Loading library manifest /home/runner/.gradle/caches/8.11.1/transforms/1134bc7b9479853c21619d23c3f0a72b/transformed/ui-release/AndroidManifest.xml
Loading library manifest /home/runner/.gradle/caches/8.11.1/transforms/4bee49088ad9e0aeb4cfe20b54bf2013/transformed/autofill-1.0.0/AndroidManifest.xml
Loading library manifest /home/runner/.gradle/caches/8.11.1/transforms/2b9fa503552050337f9b86b8132a53e0/transformed/graphics-path-1.0.1/AndroidManifest.xml
Loading library manifest /home/runner/.gradle/caches/8.11.1/transforms/d5a39e95ef83bb9b2a5a49d1421f0179/transformed/core-1.15.0/AndroidManifest.xml
Loading library manifest /home/runner/.gradle/caches/8.11.1/transforms/ff6b4d73b0fb7dc15264723a14db6b14/transformed/customview-poolingcontainer-1.0.0/AndroidManifest.xml
Loading library manifest /home/runner/.gradle/caches/8.11.1/transforms/387494ee7323c051b2ec561bb25666f6/transformed/core-ktx-1.15.0/AndroidManifest.xml
Loading library manifest /home/runner/.gradle/caches/8.11.1/transforms/4eaf163879220a33aa52b5ab66a6e319/transformed/runtime-saveable-release/AndroidManifest.xml
Loading library manifest /home/runner/.gradle/caches/8.11.1/transforms/86c9aae865d2ec3e4827ac77095048f8/transformed/runtime-release/AndroidManifest.xml
Loading library manifest /home/runner/.gradle/caches/8.11.1/transforms/152f6345457c37c7f0e2346509c8263e/transformed/interpolator-1.0.0/AndroidManifest.xml
Loading library manifest /home/runner/.gradle/caches/8.11.1/transforms/d6a0272db2b66da6f60eb355100f002f/transformed/profileinstaller-1.3.1/AndroidManifest.xml
Loading library manifest /home/runner/.gradle/caches/8.11.1/transforms/995dcf9a200e8d999ba3c7c19b288a6f/transformed/startup-runtime-1.1.1/AndroidManifest.xml
Loading library manifest /home/runner/.gradle/caches/8.11.1/transforms/796416708e98c36febc75fb0c130477a/transformed/tracing-1.2.0/AndroidManifest.xml
Loading library manifest /home/runner/.gradle/caches/8.11.1/transforms/85ba03369b5f40af279deed8927656be/transformed/versionedparcelable-1.1.1/AndroidManifest.xml
Loading library manifest /home/runner/.gradle/caches/8.11.1/transforms/07018a9bea237162a0f010e5064dafd4/transformed/core-runtime-2.2.0/AndroidManifest.xml
Loading library manifest /home/runner/.gradle/caches/8.11.1/transforms/1c13bf3751a84302073f68223688a891/transformed/annotation-experimental-1.4.1/AndroidManifest.xml
Merging main manifest /home/runner/work/Weft/Weft/android/sample-app/src/main/AndroidManifest.xml

Merging library manifest /home/runner/work/Weft/Weft/android/weft-compose/build/intermediates/merged_manifest/release/processReleaseManifest/AndroidManifest.xml
Merging manifest with lower [:weft-compose] AndroidManifest.xml:2:1-7:12
uses-sdk defined in both files...
Merging uses-sdk with lower [:weft-compose] AndroidManifest.xml:5:5-44
Merging library manifest /home/runner/work/Weft/Weft/android/weft-core/build/intermediates/merged_manifest/release/processReleaseManifest/AndroidManifest.xml
Merging manifest with lower [:weft-core] AndroidManifest.xml:2:1-7:12
uses-sdk defined in both files...
Merging uses-sdk with lower [:weft-core] AndroidManifest.xml:5:5-44
Merging library manifest /home/runner/.gradle/caches/8.11.1/transforms/e19c46e29b05aef1921948202dd63ee3/transformed/activity-1.9.3/AndroidManifest.xml
Merging manifest with lower [androidx.activity:activity:1.9.3] AndroidManifest.xml:17:1-22:12
uses-sdk defined in both files...
Merging uses-sdk with lower [androidx.activity:activity:1.9.3] AndroidManifest.xml:20:5-44
Merging library manifest /home/runner/.gradle/caches/8.11.1/transforms/14a587fae74d0ea88beb2e529faef0d4/transformed/activity-ktx-1.9.3/AndroidManifest.xml
Merging manifest with lower [androidx.activity:activity-ktx:1.9.3] AndroidManifest.xml:2:1-7:12
uses-sdk defined in both files...
Merging uses-sdk with lower [androidx.activity:activity-ktx:1.9.3] AndroidManifest.xml:5:5-44
Merging library manifest /home/runner/.gradle/caches/8.11.1/transforms/de8de35990547289319eedc5ed7ee1e0/transformed/material3-release/AndroidManifest.xml
Merging manifest with lower [androidx.compose.material3:material3-android:1.3.1] AndroidManifest.xml:17:1-22:12
uses-sdk defined in both files...
Merging uses-sdk with lower [androidx.compose.material3:material3-android:1.3.1] AndroidManifest.xml:20:5-44
Merging library manifest /home/runner/.gradle/caches/8.11.1/transforms/7421a4698030bc89d4d073c43f08d1b6/transformed/activity-compose-1.9.3/AndroidManifest.xml
Merging manifest with lower [androidx.activity:activity-compose:1.9.3] AndroidManifest.xml:2:1-7:12
uses-sdk defined in both files...
Merging uses-sdk with lower [androidx.activity:activity-compose:1.9.3] AndroidManifest.xml:5:5-44
Merging library manifest /home/runner/.gradle/caches/8.11.1/transforms/3a1236b98f57ea50ba4682cb5361c5fd/transformed/savedstate-ktx-1.2.1/AndroidManifest.xml
Merging manifest with lower [androidx.savedstate:savedstate-ktx:1.2.1] AndroidManifest.xml:17:1-22:12
uses-sdk defined in both files...
Merging uses-sdk with lower [androidx.savedstate:savedstate-ktx:1.2.1] AndroidManifest.xml:20:5-44
Merging library manifest /home/runner/.gradle/caches/8.11.1/transforms/b625fe0482c8ba8b21f3ab56c07a4653/transformed/savedstate-1.2.1/AndroidManifest.xml
Merging manifest with lower [androidx.savedstate:savedstate:1.2.1] AndroidManifest.xml:17:1-22:12
uses-sdk defined in both files...
Merging uses-sdk with lower [androidx.savedstate:savedstate:1.2.1] AndroidManifest.xml:20:5-44
Merging library manifest /home/runner/.gradle/caches/8.11.1/transforms/c634742bb781cc6a3ff220e89ec6a6c3/transformed/material-icons-core-release/AndroidManifest.xml
Merging manifest with lower [androidx.compose.material:material-icons-core-android:1.6.0] AndroidManifest.xml:2:1-7:12
uses-sdk defined in both files...
Merging uses-sdk with lower [androidx.compose.material:material-icons-core-android:1.6.0] AndroidManifest.xml:5:5-44
Merging library manifest /home/runner/.gradle/caches/8.11.1/transforms/35eda86bc342691a6ca517f9da12e886/transformed/material-ripple-release/AndroidManifest.xml
Merging manifest with lower [androidx.compose.material:material-ripple-android:1.7.0] AndroidManifest.xml:2:1-7:12
uses-sdk defined in both files...
Merging uses-sdk with lower [androidx.compose.material:material-ripple-android:1.7.0] AndroidManifest.xml:5:5-44
Merging library manifest /home/runner/.gradle/caches/8.11.1/transforms/de57972c072e3620c4759dce2fa0f493/transformed/animation-core-release/AndroidManifest.xml
Merging manifest with lower [androidx.compose.animation:animation-core-android:1.7.6] AndroidManifest.xml:2:1-7:12
uses-sdk defined in both files...
Merging uses-sdk with lower [androidx.compose.animation:animation-core-android:1.7.6] AndroidManifest.xml:5:5-44
Merging library manifest /home/runner/.gradle/caches/8.11.1/transforms/8d56f5a7f3ab3827f422a61c24a4f8a0/transformed/animation-release/AndroidManifest.xml
Merging manifest with lower [androidx.compose.animation:animation-android:1.7.6] AndroidManifest.xml:2:1-7:12
uses-sdk defined in both files...
Merging uses-sdk with lower [androidx.compose.animation:animation-android:1.7.6] AndroidManifest.xml:5:5-44
Merging library manifest /home/runner/.gradle/caches/8.11.1/transforms/1645c4ca5f60c689b6c54bd621edba6d/transformed/foundation-layout-release/AndroidManifest.xml
Merging manifest with lower [androidx.compose.foundation:foundation-layout-android:1.7.6] AndroidManifest.xml:2:1-7:12
uses-sdk defined in both files...
Merging uses-sdk with lower [androidx.compose.foundation:foundation-layout-android:1.7.6] AndroidManifest.xml:5:5-44
Merging library manifest /home/runner/.gradle/caches/8.11.1/transforms/f4549f10372b527a95837e37242bc2a7/transformed/foundation-release/AndroidManifest.xml
Merging manifest with lower [androidx.compose.foundation:foundation-android:1.7.6] AndroidManifest.xml:2:1-7:12
uses-sdk defined in both files...
Merging uses-sdk with lower [androidx.compose.foundation:foundation-android:1.7.6] AndroidManifest.xml:5:5-44
Merging library manifest /home/runner/.gradle/caches/8.11.1/transforms/d011fca456783afe6e44c97b7b09d6d2/transformed/ui-util-release/AndroidManifest.xml
Merging manifest with lower [androidx.compose.ui:ui-util-android:1.7.6] AndroidManifest.xml:2:1-7:12
uses-sdk defined in both files...
Merging uses-sdk with lower [androidx.compose.ui:ui-util-android:1.7.6] AndroidManifest.xml:5:5-44
Merging library manifest /home/runner/.gradle/caches/8.11.1/transforms/5d9f5c8dc827ed79d31c4c1948c691d9/transformed/ui-unit-release/AndroidManifest.xml
Merging manifest with lower [androidx.compose.ui:ui-unit-android:1.7.6] AndroidManifest.xml:2:1-7:12
uses-sdk defined in both files...
Merging uses-sdk with lower [androidx.compose.ui:ui-unit-android:1.7.6] AndroidManifest.xml:5:5-44
Merging library manifest /home/runner/.gradle/caches/8.11.1/transforms/5e240b75891ce6a636723ed7a3b91862/transformed/ui-graphics-release/AndroidManifest.xml
Merging manifest with lower [androidx.compose.ui:ui-graphics-android:1.7.6] AndroidManifest.xml:2:1-7:12
uses-sdk defined in both files...
Merging uses-sdk with lower [androidx.compose.ui:ui-graphics-android:1.7.6] AndroidManifest.xml:5:5-44
Merging library manifest /home/runner/.gradle/caches/8.11.1/transforms/eee286aafefa0c22514751e42c830238/transformed/ui-geometry-release/AndroidManifest.xml
Merging manifest with lower [androidx.compose.ui:ui-geometry-android:1.7.6] AndroidManifest.xml:2:1-7:12
uses-sdk defined in both files...
Merging uses-sdk with lower [androidx.compose.ui:ui-geometry-android:1.7.6] AndroidManifest.xml:5:5-44
Merging library manifest /home/runner/.gradle/caches/8.11.1/transforms/d998acb0a97327a2288f6fd477f8d865/transformed/ui-text-release/AndroidManifest.xml
Merging manifest with lower [androidx.compose.ui:ui-text-android:1.7.6] AndroidManifest.xml:2:1-7:12
uses-sdk defined in both files...
Merging uses-sdk with lower [androidx.compose.ui:ui-text-android:1.7.6] AndroidManifest.xml:5:5-44
Merging library manifest /home/runner/.gradle/caches/8.11.1/transforms/e944d2a0e8f857e281c6081cf2ac857b/transformed/emoji2-1.3.0/AndroidManifest.xml
Merging manifest with lower [androidx.emoji2:emoji2:1.3.0] AndroidManifest.xml:17:1-35:12
uses-sdk defined in both files...
Merging uses-sdk with lower [androidx.emoji2:emoji2:1.3.0] AndroidManifest.xml:21:5-44
application defined in both files...
Merging application with lower [androidx.emoji2:emoji2:1.3.0] AndroidManifest.xml:23:5-33:19
Adopted [provider: null]
Merging library manifest /home/runner/.gradle/caches/8.11.1/transforms/c37406e4844ac2c4f86a1c65b4296a34/transformed/lifecycle-process-2.8.7/AndroidManifest.xml
Merging manifest with lower [androidx.lifecycle:lifecycle-process:2.8.7] AndroidManifest.xml:17:1-35:12
uses-sdk defined in both files...
Merging uses-sdk with lower [androidx.lifecycle:lifecycle-process:2.8.7] AndroidManifest.xml:21:5-44
application defined in both files...
Merging application with lower [androidx.lifecycle:lifecycle-process:2.8.7] AndroidManifest.xml:23:5-33:19
provider#androidx.startup.InitializationProvider defined in both files...
Merging provider#androidx.startup.InitializationProvider with lower [androidx.lifecycle:lifecycle-process:2.8.7] AndroidManifest.xml:24:9-32:20
Adopted [meta-data: null]
Merging library manifest /home/runner/.gradle/caches/8.11.1/transforms/1f677cc729e06c09af18231fb7262960/transformed/lifecycle-runtime-compose-release/AndroidManifest.xml
Merging manifest with lower [androidx.lifecycle:lifecycle-runtime-compose-android:2.8.7] AndroidManifest.xml:2:1-7:12
uses-sdk defined in both files...
Merging uses-sdk with lower [androidx.lifecycle:lifecycle-runtime-compose-android:2.8.7] AndroidManifest.xml:5:5-44
Merging library manifest /home/runner/.gradle/caches/8.11.1/transforms/372ad2f6a52bfb7ff7dc40cc14f6304e/transformed/lifecycle-livedata-core-2.8.7/AndroidManifest.xml
Merging manifest with lower [androidx.lifecycle:lifecycle-livedata-core:2.8.7] AndroidManifest.xml:17:1-22:12
uses-sdk defined in both files...
Merging uses-sdk with lower [androidx.lifecycle:lifecycle-livedata-core:2.8.7] AndroidManifest.xml:20:5-44
Merging library manifest /home/runner/.gradle/caches/8.11.1/transforms/e8b2690a9208b8c19fc08fa049e09a0a/transformed/lifecycle-runtime-ktx-release/AndroidManifest.xml
Merging manifest with lower [androidx.lifecycle:lifecycle-runtime-ktx-android:2.8.7] AndroidManifest.xml:2:1-7:12
uses-sdk defined in both files...
Merging uses-sdk with lower [androidx.lifecycle:lifecycle-runtime-ktx-android:2.8.7] AndroidManifest.xml:5:5-44
Merging library manifest /home/runner/.gradle/caches/8.11.1/transforms/7557869475eade91e472f860bd2d0bfe/transformed/lifecycle-viewmodel-release/AndroidManifest.xml
Merging manifest with lower [androidx.lifecycle:lifecycle-viewmodel-android:2.8.7] AndroidManifest.xml:17:1-22:12
uses-sdk defined in both files...
Merging uses-sdk with lower [androidx.lifecycle:lifecycle-viewmodel-android:2.8.7] AndroidManifest.xml:20:5-44
Merging library manifest /home/runner/.gradle/caches/8.11.1/transforms/37ca274cc5f4f8df0bcdf1b3c9a7f642/transformed/lifecycle-runtime-release/AndroidManifest.xml
Merging manifest with lower [androidx.lifecycle:lifecycle-runtime-android:2.8.7] AndroidManifest.xml:17:1-22:12
uses-sdk defined in both files...
Merging uses-sdk with lower [androidx.lifecycle:lifecycle-runtime-android:2.8.7] AndroidManifest.xml:20:5-44
Merging library manifest /home/runner/.gradle/caches/8.11.1/transforms/8c3f1ae122a81665238f5182c147d455/transformed/lifecycle-viewmodel-savedstate-2.8.7/AndroidManifest.xml
Merging manifest with lower [androidx.lifecycle:lifecycle-viewmodel-savedstate:2.8.7] AndroidManifest.xml:17:1-22:12
uses-sdk defined in both files...
Merging uses-sdk with lower [androidx.lifecycle:lifecycle-viewmodel-savedstate:2.8.7] AndroidManifest.xml:20:5-44
Merging library manifest /home/runner/.gradle/caches/8.11.1/transforms/469f349dace3a03d12817116301f0550/transformed/lifecycle-viewmodel-ktx-2.8.7/AndroidManifest.xml
Merging manifest with lower [androidx.lifecycle:lifecycle-viewmodel-ktx:2.8.7] AndroidManifest.xml:2:1-7:12
uses-sdk defined in both files...
Merging uses-sdk with lower [androidx.lifecycle:lifecycle-viewmodel-ktx:2.8.7] AndroidManifest.xml:5:5-44
Merging library manifest /home/runner/.gradle/caches/8.11.1/transforms/ecb13d304bf91ff0a2d8546bebc4e027/transformed/lifecycle-viewmodel-compose-release/AndroidManifest.xml
Merging manifest with lower [androidx.lifecycle:lifecycle-viewmodel-compose-android:2.8.7] AndroidManifest.xml:2:1-7:12
uses-sdk defined in both files...
Merging uses-sdk with lower [androidx.lifecycle:lifecycle-viewmodel-compose-android:2.8.7] AndroidManifest.xml:5:5-44
Merging library manifest /home/runner/.gradle/caches/8.11.1/transforms/1134bc7b9479853c21619d23c3f0a72b/transformed/ui-release/AndroidManifest.xml
Merging manifest with lower [androidx.compose.ui:ui-android:1.7.6] AndroidManifest.xml:2:1-7:12
uses-sdk defined in both files...
Merging uses-sdk with lower [androidx.compose.ui:ui-android:1.7.6] AndroidManifest.xml:5:5-44
Merging library manifest /home/runner/.gradle/caches/8.11.1/transforms/4bee49088ad9e0aeb4cfe20b54bf2013/transformed/autofill-1.0.0/AndroidManifest.xml
Merging manifest with lower [androidx.autofill:autofill:1.0.0] AndroidManifest.xml:17:1-24:12
uses-sdk defined in both files...
Merging uses-sdk with lower [androidx.autofill:autofill:1.0.0] AndroidManifest.xml:20:5-22:41
Merging library manifest /home/runner/.gradle/caches/8.11.1/transforms/2b9fa503552050337f9b86b8132a53e0/transformed/graphics-path-1.0.1/AndroidManifest.xml
Merging manifest with lower [androidx.graphics:graphics-path:1.0.1] AndroidManifest.xml:2:1-7:12
uses-sdk defined in both files...
Merging uses-sdk with lower [androidx.graphics:graphics-path:1.0.1] AndroidManifest.xml:5:5-44
Merging library manifest /home/runner/.gradle/caches/8.11.1/transforms/d5a39e95ef83bb9b2a5a49d1421f0179/transformed/core-1.15.0/AndroidManifest.xml
Merging manifest with lower [androidx.core:core:1.15.0] AndroidManifest.xml:17:1-30:12
uses-sdk defined in both files...
Merging uses-sdk with lower [androidx.core:core:1.15.0] AndroidManifest.xml:20:5-44
Adopted [permission: null]
Adopted [uses-permission: null]
application defined in both files...
Merging application with lower [androidx.core:core:1.15.0] AndroidManifest.xml:28:5-89
Merging library manifest /home/runner/.gradle/caches/8.11.1/transforms/ff6b4d73b0fb7dc15264723a14db6b14/transformed/customview-poolingcontainer-1.0.0/AndroidManifest.xml
Merging manifest with lower [androidx.customview:customview-poolingcontainer:1.0.0] AndroidManifest.xml:17:1-23:12
uses-sdk defined in both files...
Merging uses-sdk with lower [androidx.customview:customview-poolingcontainer:1.0.0] AndroidManifest.xml:20:5-21:38
Merging library manifest /home/runner/.gradle/caches/8.11.1/transforms/387494ee7323c051b2ec561bb25666f6/transformed/core-ktx-1.15.0/AndroidManifest.xml
Merging manifest with lower [androidx.core:core-ktx:1.15.0] AndroidManifest.xml:2:1-7:12
uses-sdk defined in both files...
Merging uses-sdk with lower [androidx.core:core-ktx:1.15.0] AndroidManifest.xml:5:5-44
Merging library manifest /home/runner/.gradle/caches/8.11.1/transforms/4eaf163879220a33aa52b5ab66a6e319/transformed/runtime-saveable-release/AndroidManifest.xml
Merging manifest with lower [androidx.compose.runtime:runtime-saveable-android:1.7.6] AndroidManifest.xml:2:1-7:12
uses-sdk defined in both files...
Merging uses-sdk with lower [androidx.compose.runtime:runtime-saveable-android:1.7.6] AndroidManifest.xml:5:5-44
Merging library manifest /home/runner/.gradle/caches/8.11.1/transforms/86c9aae865d2ec3e4827ac77095048f8/transformed/runtime-release/AndroidManifest.xml
Merging manifest with lower [androidx.compose.runtime:runtime-android:1.7.6] AndroidManifest.xml:2:1-7:12
uses-sdk defined in both files...
Merging uses-sdk with lower [androidx.compose.runtime:runtime-android:1.7.6] AndroidManifest.xml:5:5-44
Merging library manifest /home/runner/.gradle/caches/8.11.1/transforms/152f6345457c37c7f0e2346509c8263e/transformed/interpolator-1.0.0/AndroidManifest.xml
Merging manifest with lower [androidx.interpolator:interpolator:1.0.0] AndroidManifest.xml:17:1-22:12
uses-sdk defined in both files...
Merging uses-sdk with lower [androidx.interpolator:interpolator:1.0.0] AndroidManifest.xml:20:5-44
Merging library manifest /home/runner/.gradle/caches/8.11.1/transforms/d6a0272db2b66da6f60eb355100f002f/transformed/profileinstaller-1.3.1/AndroidManifest.xml
Merging manifest with lower [androidx.profileinstaller:profileinstaller:1.3.1] AndroidManifest.xml:17:1-55:12
uses-sdk defined in both files...
Merging uses-sdk with lower [androidx.profileinstaller:profileinstaller:1.3.1] AndroidManifest.xml:21:5-44
application defined in both files...
Merging application with lower [androidx.profileinstaller:profileinstaller:1.3.1] AndroidManifest.xml:23:5-53:19
provider#androidx.startup.InitializationProvider defined in both files...
Merging provider#androidx.startup.InitializationProvider with lower [androidx.profileinstaller:profileinstaller:1.3.1] AndroidManifest.xml:24:9-32:20
Adopted [meta-data: null]
Adopted [receiver: null]
Merging library manifest /home/runner/.gradle/caches/8.11.1/transforms/995dcf9a200e8d999ba3c7c19b288a6f/transformed/startup-runtime-1.1.1/AndroidManifest.xml
Merging manifest with lower [androidx.startup:startup-runtime:1.1.1] AndroidManifest.xml:17:1-33:12
uses-sdk defined in both files...
Merging uses-sdk with lower [androidx.startup:startup-runtime:1.1.1] AndroidManifest.xml:21:5-23:41
application defined in both files...
Merging application with lower [androidx.startup:startup-runtime:1.1.1] AndroidManifest.xml:25:5-31:19
provider#androidx.startup.InitializationProvider defined in both files...
Merging provider#androidx.startup.InitializationProvider with lower [androidx.startup:startup-runtime:1.1.1] AndroidManifest.xml:26:9-30:34
Merging library manifest /home/runner/.gradle/caches/8.11.1/transforms/796416708e98c36febc75fb0c130477a/transformed/tracing-1.2.0/AndroidManifest.xml
Merging manifest with lower [androidx.tracing:tracing:1.2.0] AndroidManifest.xml:17:1-22:12
uses-sdk defined in both files...
Merging uses-sdk with lower [androidx.tracing:tracing:1.2.0] AndroidManifest.xml:20:5-44
Merging library manifest /home/runner/.gradle/caches/8.11.1/transforms/85ba03369b5f40af279deed8927656be/transformed/versionedparcelable-1.1.1/AndroidManifest.xml
Merging manifest with lower [androidx.versionedparcelable:versionedparcelable:1.1.1] AndroidManifest.xml:17:1-27:12
uses-sdk defined in both files...
Merging uses-sdk with lower [androidx.versionedparcelable:versionedparcelable:1.1.1] AndroidManifest.xml:20:5-22:41
application defined in both files...
Merging application with lower [androidx.versionedparcelable:versionedparcelable:1.1.1] AndroidManifest.xml:24:5-25:19
Merging library manifest /home/runner/.gradle/caches/8.11.1/transforms/07018a9bea237162a0f010e5064dafd4/transformed/core-runtime-2.2.0/AndroidManifest.xml
Merging manifest with lower [androidx.arch.core:core-runtime:2.2.0] AndroidManifest.xml:17:1-22:12
uses-sdk defined in both files...
Merging uses-sdk with lower [androidx.arch.core:core-runtime:2.2.0] AndroidManifest.xml:20:5-44
Merging library manifest /home/runner/.gradle/caches/8.11.1/transforms/1c13bf3751a84302073f68223688a891/transformed/annotation-experimental-1.4.1/AndroidManifest.xml
Merging manifest with lower [androidx.annotation:annotation-experimental:1.4.1] AndroidManifest.xml:2:1-7:12
uses-sdk defined in both files...
Merging uses-sdk with lower [androidx.annotation:annotation-experimental:1.4.1] AndroidManifest.xml:5:5-44
Merging result: SUCCESS
1<?xml version="1.0" encoding="utf-8"?>
2<manifest xmlns:android="http://schemas.android.com/apk/res/android"
3    package="dev.weft.sample"
4    android:versionCode="1"
5    android:versionName="0.1.0" >
6
7    <uses-sdk
8        android:minSdkVersion="24"
9        android:targetSdkVersion="35" />
10
11    <permission
11-->[androidx.core:core:1.15.0] /home/runner/.gradle/caches/8.11.1/transforms/d5a39e95ef83bb9b2a5a49d1421f0179/transformed/core-1.15.0/AndroidManifest.xml:22:5-24:47
12        android:name="dev.weft.sample.DYNAMIC_RECEIVER_NOT_EXPORTED_PERMISSION"
12-->[androidx.core:core:1.15.0] /home/runner/.gradle/caches/8.11.1/transforms/d5a39e95ef83bb9b2a5a49d1421f0179/transformed/core-1.15.0/AndroidManifest.xml:23:9-81
13        android:protectionLevel="signature" />
13-->[androidx.core:core:1.15.0] /home/runner/.gradle/caches/8.11.1/transforms/d5a39e95ef83bb9b2a5a49d1421f0179/transformed/core-1.15.0/AndroidManifest.xml:24:9-44
14
15    <uses-permission android:name="dev.weft.sample.DYNAMIC_RECEIVER_NOT_EXPORTED_PERMISSION" />
15-->[androidx.core:core:1.15.0] /home/runner/.gradle/caches/8.11.1/transforms/d5a39e95ef83bb9b2a5a49d1421f0179/transformed/core-1.15.0/AndroidManifest.xml:26:5-97
15-->[androidx.core:core:1.15.0] /home/runner/.gradle/caches/8.11.1/transforms/d5a39e95ef83bb9b2a5a49d1421f0179/transformed/core-1.15.0/AndroidManifest.xml:26:22-94
16
17    <application
17-->/home/runner/work/Weft/Weft/android/sample-app/src/main/AndroidManifest.xml:5:5-19:19
18        android:allowBackup="true"
18-->/home/runner/work/Weft/Weft/android/sample-app/src/main/AndroidManifest.xml:6:9-35
19        android:appComponentFactory="androidx.core.app.CoreComponentFactory"
19-->[androidx.core:core:1.15.0] /home/runner/.gradle/caches/8.11.1/transforms/d5a39e95ef83bb9b2a5a49d1421f0179/transformed/core-1.15.0/AndroidManifest.xml:28:18-86
20        android:extractNativeLibs="false"
21        android:icon="@android:drawable/sym_def_app_icon"
21-->/home/runner/work/Weft/Weft/android/sample-app/src/main/AndroidManifest.xml:7:9-58
22        android:label="@string/app_name"
22-->/home/runner/work/Weft/Weft/android/sample-app/src/main/AndroidManifest.xml:8:9-41
23        android:supportsRtl="true"
23-->/home/runner/work/Weft/Weft/android/sample-app/src/main/AndroidManifest.xml:9:9-35
24        android:theme="@android:style/Theme.Material.NoActionBar" >
24-->/home/runner/work/Weft/Weft/android/sample-app/src/main/AndroidManifest.xml:10:9-66
25        <activity
25-->/home/runner/work/Weft/Weft/android/sample-app/src/main/AndroidManifest.xml:11:9-18:20
26            android:name="dev.weft.sample.MainActivity"
26-->/home/runner/work/Weft/Weft/android/sample-app/src/main/AndroidManifest.xml:12:13-41
27            android:exported="true" >
27-->/home/runner/work/Weft/Weft/android/sample-app/src/main/AndroidManifest.xml:13:13-36
28            <intent-filter>
28-->/home/runner/work/Weft/Weft/android/sample-app/src/main/AndroidManifest.xml:14:13-17:29
29                <action android:name="android.intent.action.MAIN" />
29-->/home/runner/work/Weft/Weft/android/sample-app/src/main/AndroidManifest.xml:15:17-69
29-->/home/runner/work/Weft/Weft/android/sample-app/src/main/AndroidManifest.xml:15:25-66
30
31                <category android:name="android.intent.category.LAUNCHER" />
31-->/home/runner/work/Weft/Weft/android/sample-app/src/main/AndroidManifest.xml:16:17-77
31-->/home/runner/work/Weft/Weft/android/sample-app/src/main/AndroidManifest.xml:16:27-74
32            </intent-filter>
33        </activity>
34
35        <provider
35-->[androidx.emoji2:emoji2:1.3.0] /home/runner/.gradle/caches/8.11.1/transforms/e944d2a0e8f857e281c6081cf2ac857b/transformed/emoji2-1.3.0/AndroidManifest.xml:24:9-32:20
36            android:name="androidx.startup.InitializationProvider"
36-->[androidx.emoji2:emoji2:1.3.0] /home/runner/.gradle/caches/8.11.1/transforms/e944d2a0e8f857e281c6081cf2ac857b/transformed/emoji2-1.3.0/AndroidManifest.xml:25:13-67
37            android:authorities="dev.weft.sample.androidx-startup"
37-->[androidx.emoji2:emoji2:1.3.0] /home/runner/.gradle/caches/8.11.1/transforms/e944d2a0e8f857e281c6081cf2ac857b/transformed/emoji2-1.3.0/AndroidManifest.xml:26:13-68
38            android:exported="false" >
38-->[androidx.emoji2:emoji2:1.3.0] /home/runner/.gradle/caches/8.11.1/transforms/e944d2a0e8f857e281c6081cf2ac857b/transformed/emoji2-1.3.0/AndroidManifest.xml:27:13-37
39            <meta-data
39-->[androidx.emoji2:emoji2:1.3.0] /home/runner/.gradle/caches/8.11.1/transforms/e944d2a0e8f857e281c6081cf2ac857b/transformed/emoji2-1.3.0/AndroidManifest.xml:29:13-31:52
40                android:name="androidx.emoji2.text.EmojiCompatInitializer"
40-->[androidx.emoji2:emoji2:1.3.0] /home/runner/.gradle/caches/8.11.1/transforms/e944d2a0e8f857e281c6081cf2ac857b/transformed/emoji2-1.3.0/AndroidManifest.xml:30:17-75
41                android:value="androidx.startup" />
41-->[androidx.emoji2:emoji2:1.3.0] /home/runner/.gradle/caches/8.11.1/transforms/e944d2a0e8f857e281c6081cf2ac857b/transformed/emoji2-1.3.0/AndroidManifest.xml:31:17-49
42            <meta-data
42-->[androidx.lifecycle:lifecycle-process:2.8.7] /home/runner/.gradle/caches/8.11.1/transforms/c37406e4844ac2c4f86a1c65b4296a34/transformed/lifecycle-process-2.8.7/AndroidManifest.xml:29:13-31:52
43                android:name="androidx.lifecycle.ProcessLifecycleInitializer"
43-->[androidx.lifecycle:lifecycle-process:2.8.7] /home/runner/.gradle/caches/8.11.1/transforms/c37406e4844ac2c4f86a1c65b4296a34/transformed/lifecycle-process-2.8.7/AndroidManifest.xml:30:17-78
44                android:value="androidx.startup" />
44-->[androidx.lifecycle:lifecycle-process:2.8.7] /home/runner/.gradle/caches/8.11.1/transforms/c37406e4844ac2c4f86a1c65b4296a34/transformed/lifecycle-process-2.8.7/AndroidManifest.xml:31:17-49
45            <meta-data
45-->[androidx.profileinstaller:profileinstaller:1.3.1] /home/runner/.gradle/caches/8.11.1/transforms/d6a0272db2b66da6f60eb355100f002f/transformed/profileinstaller-1.3.1/AndroidManifest.xml:29:13-31:52
46                android:name="androidx.profileinstaller.ProfileInstallerInitializer"
46-->[androidx.profileinstaller:profileinstaller:1.3.1] /home/runner/.gradle/caches/8.11.1/transforms/d6a0272db2b66da6f60eb355100f002f/transformed/profileinstaller-1.3.1/AndroidManifest.xml:30:17-85
47                android:value="androidx.startup" />
47-->[androidx.profileinstaller:profileinstaller:1.3.1] /home/runner/.gradle/caches/8.11.1/transforms/d6a0272db2b66da6f60eb355100f002f/transformed/profileinstaller-1.3.1/AndroidManifest.xml:31:17-49
48        </provider>
49
50        <receiver
50-->[androidx.profileinstaller:profileinstaller:1.3.1] /home/runner/.gradle/caches/8.11.1/transforms/d6a0272db2b66da6f60eb355100f002f/transformed/profileinstaller-1.3.1/AndroidManifest.xml:34:9-52:20
51            android:name="androidx.profileinstaller.ProfileInstallReceiver"
51-->[androidx.profileinstaller:profileinstaller:1.3.1] /home/runner/.gradle/caches/8.11.1/transforms/d6a0272db2b66da6f60eb355100f002f/transformed/profileinstaller-1.3.1/AndroidManifest.xml:35:13-76
52            android:directBootAware="false"
52-->[androidx.profileinstaller:profileinstaller:1.3.1] /home/runner/.gradle/caches/8.11.1/transforms/d6a0272db2b66da6f60eb355100f002f/transformed/profileinstaller-1.3.1/AndroidManifest.xml:36:13-44
53            android:enabled="true"
53-->[androidx.profileinstaller:profileinstaller:1.3.1] /home/runner/.gradle/caches/8.11.1/transforms/d6a0272db2b66da6f60eb355100f002f/transformed/profileinstaller-1.3.1/AndroidManifest.xml:37:13-35
54            android:exported="true"
54-->[androidx.profileinstaller:profileinstaller:1.3.1] /home/runner/.gradle/caches/8.11.1/transforms/d6a0272db2b66da6f60eb355100f002f/transformed/profileinstaller-1.3.1/AndroidManifest.xml:38:13-36
55            android:permission="android.permission.DUMP" >
55-->[androidx.profileinstaller:profileinstaller:1.3.1] /home/runner/.gradle/caches/8.11.1/transforms/d6a0272db2b66da6f60eb355100f002f/transformed/profileinstaller-1.3.1/AndroidManifest.xml:39:13-57
56            <intent-filter>
56-->[androidx.profileinstaller:profileinstaller:1.3.1] /home/runner/.gradle/caches/8.11.1/transforms/d6a0272db2b66da6f60eb355100f002f/transformed/profileinstaller-1.3.1/AndroidManifest.xml:40:13-42:29
57                <action android:name="androidx.profileinstaller.action.INSTALL_PROFILE" />
57-->[androidx.profileinstaller:profileinstaller:1.3.1] /home/runner/.gradle/caches/8.11.1/transforms/d6a0272db2b66da6f60eb355100f002f/transformed/profileinstaller-1.3.1/AndroidManifest.xml:41:17-91
57-->[androidx.profileinstaller:profileinstaller:1.3.1] /home/runner/.gradle/caches/8.11.1/transforms/d6a0272db2b66da6f60eb355100f002f/transformed/profileinstaller-1.3.1/AndroidManifest.xml:41:25-88
58            </intent-filter>
59            <intent-filter>
59-->[androidx.profileinstaller:profileinstaller:1.3.1] /home/runner/.gradle/caches/8.11.1/transforms/d6a0272db2b66da6f60eb355100f002f/transformed/profileinstaller-1.3.1/AndroidManifest.xml:43:13-45:29
60                <action android:name="androidx.profileinstaller.action.SKIP_FILE" />
60-->[androidx.profileinstaller:profileinstaller:1.3.1] /home/runner/.gradle/caches/8.11.1/transforms/d6a0272db2b66da6f60eb355100f002f/transformed/profileinstaller-1.3.1/AndroidManifest.xml:44:17-85
60-->[androidx.profileinstaller:profileinstaller:1.3.1] /home/runner/.gradle/caches/8.11.1/transforms/d6a0272db2b66da6f60eb355100f002f/transformed/profileinstaller-1.3.1/AndroidManifest.xml:44:25-82
61            </intent-filter>
62            <intent-filter>
62-->[androidx.profileinstaller:profileinstaller:1.3.1] /home/runner/.gradle/caches/8.11.1/transforms/d6a0272db2b66da6f60eb355100f002f/transformed/profileinstaller-1.3.1/AndroidManifest.xml:46:13-48:29
63                <action android:name="androidx.profileinstaller.action.SAVE_PROFILE" />
63-->[androidx.profileinstaller:profileinstaller:1.3.1] /home/runner/.gradle/caches/8.11.1/transforms/d6a0272db2b66da6f60eb355100f002f/transformed/profileinstaller-1.3.1/AndroidManifest.xml:47:17-88
63-->[androidx.profileinstaller:profileinstaller:1.3.1] /home/runner/.gradle/caches/8.11.1/transforms/d6a0272db2b66da6f60eb355100f002f/transformed/profileinstaller-1.3.1/AndroidManifest.xml:47:25-85
64            </intent-filter>
65            <intent-filter>
65-->[androidx.profileinstaller:profileinstaller:1.3.1] /home/runner/.gradle/caches/8.11.1/transforms/d6a0272db2b66da6f60eb355100f002f/transformed/profileinstaller-1.3.1/AndroidManifest.xml:49:13-51:29
66                <action android:name="androidx.profileinstaller.action.BENCHMARK_OPERATION" />
66-->[androidx.profileinstaller:profileinstaller:1.3.1] /home/runner/.gradle/caches/8.11.1/transforms/d6a0272db2b66da6f60eb355100f002f/transformed/profileinstaller-1.3.1/AndroidManifest.xml:50:17-95
66-->[androidx.profileinstaller:profileinstaller:1.3.1] /home/runner/.gradle/caches/8.11.1/transforms/d6a0272db2b66da6f60eb355100f002f/transformed/profileinstaller-1.3.1/AndroidManifest.xml:50:25-92
67            </intent-filter>
68        </receiver>
69    </application>
70
71</manifest>

Merged manifest saved to /home/runner/work/Weft/Weft/android/sample-app/build/intermediates/merged_manifest/release/processReleaseMainManifest/AndroidManifest.xml
Resolve mutations for :sample-app:processReleaseManifest (Thread[Execution worker Thread 2,5,main]) started.
:sample-app:processReleaseManifest (Thread[Execution worker Thread 2,5,main]) started.

> Task :sample-app:processReleaseManifest
Caching disabled for task ':sample-app:processReleaseManifest' because:
  Build cache is disabled
Task ':sample-app:processReleaseManifest' is not up-to-date because:
  No history is available.
Resolve mutations for :sample-app:processReleaseManifestForPackage (Thread[Execution worker Thread 3,5,main]) started.
:sample-app:processReleaseManifestForPackage (Thread[Execution worker Thread 3,5,main]) started.
Resolve mutations for :weft-compose:generateReleaseRFile (Thread[Execution worker Thread 2,5,main]) started.
:weft-compose:generateReleaseRFile (Thread[Execution worker,5,main]) started.

> Task :sample-app:processReleaseManifestForPackage
Custom actions are attached to task ':sample-app:processReleaseManifestForPackage'.
Caching disabled for task ':sample-app:processReleaseManifestForPackage' because:
  Build cache is disabled
Task ':sample-app:processReleaseManifestForPackage' is not up-to-date because:
  No history is available.
Resolve mutations for :weft-core:compileReleaseLibraryResources (Thread[Execution worker Thread 3,5,main]) started.
:weft-core:compileReleaseLibraryResources (Thread[Execution worker Thread 3,5,main]) started.

> Task :weft-compose:generateReleaseRFile
Transforming android.jar with PlatformAttrTransform
Caching disabled for task ':weft-compose:generateReleaseRFile' because:
  Build cache is disabled
Task ':weft-compose:generateReleaseRFile' is not up-to-date because:
  No history is available.
The input changes require a full rebuild for incremental task ':weft-compose:generateReleaseRFile'.
work action resolve package-aware-r.txt (project :weft-compose) (Thread[Execution worker,5,main]) started.
Resolve mutations for :weft-core:parseReleaseLocalResources (Thread[Execution worker,5,main]) started.
:weft-core:parseReleaseLocalResources (Thread[Execution worker,5,main]) started.
Resolve mutations for :weft-core:javaPreCompileRelease (Thread[Execution worker Thread 2,5,main]) started.
:weft-core:javaPreCompileRelease (Thread[Execution worker Thread 2,5,main]) started.

> Task :weft-core:compileReleaseLibraryResources
Caching disabled for task ':weft-core:compileReleaseLibraryResources' because:
  Build cache is disabled
Task ':weft-core:compileReleaseLibraryResources' is not up-to-date because:
  No history is available.
The input changes require a full rebuild for incremental task ':weft-core:compileReleaseLibraryResources'.
work action resolve out (project :weft-core) (Thread[Execution worker Thread 3,5,main]) started.
Resolve mutations for :weft-compose:javaPreCompileRelease (Thread[Execution worker Thread 3,5,main]) started.
:weft-compose:javaPreCompileRelease (Thread[Execution worker Thread 3,5,main]) started.

> Task :weft-core:javaPreCompileRelease
Caching disabled for task ':weft-core:javaPreCompileRelease' because:
  Build cache is disabled
Task ':weft-core:javaPreCompileRelease' is not up-to-date because:
  No history is available.
Resolve mutations for :sample-app:javaPreCompileRelease (Thread[Execution worker Thread 2,5,main]) started.
:sample-app:javaPreCompileRelease (Thread[Execution worker Thread 2,5,main]) started.

> Task :weft-compose:javaPreCompileRelease
Caching disabled for task ':weft-compose:javaPreCompileRelease' because:
  Build cache is disabled
Task ':weft-compose:javaPreCompileRelease' is not up-to-date because:
  No history is available.
Resolve mutations for :sample-app:preReleaseUnitTestBuild (Thread[Execution worker Thread 3,5,main]) started.
:sample-app:preReleaseUnitTestBuild (Thread[Execution worker Thread 3,5,main]) started.

> Task :sample-app:preReleaseUnitTestBuild UP-TO-DATE
Skipping task ':sample-app:preReleaseUnitTestBuild' as it has no actions.
Resolve mutations for :sample-app:javaPreCompileReleaseUnitTest (Thread[Execution worker Thread 3,5,main]) started.
:sample-app:javaPreCompileReleaseUnitTest (Thread[Execution worker Thread 3,5,main]) started.

> Task :weft-core:parseReleaseLocalResources
Transforming android.jar with PlatformAttrTransform
Transforming android.jar with PlatformAttrTransform
Caching disabled for task ':weft-core:parseReleaseLocalResources' because:
  Build cache is disabled
Task ':weft-core:parseReleaseLocalResources' is not up-to-date because:
  No history is available.
The input changes require a full rebuild for incremental task ':weft-core:parseReleaseLocalResources'.
Transforming android.jar with PlatformAttrTransform
Resolve mutations for :weft-core:generateReleaseRFile (Thread[Execution worker,5,main]) started.
:weft-core:generateReleaseRFile (Thread[Execution worker,5,main]) started.

> Task :sample-app:javaPreCompileRelease
Caching disabled for task ':sample-app:javaPreCompileRelease' because:
  Build cache is disabled
Task ':sample-app:javaPreCompileRelease' is not up-to-date because:
  No history is available.

> Task :sample-app:javaPreCompileReleaseUnitTest
Caching disabled for task ':sample-app:javaPreCompileReleaseUnitTest' because:
  Build cache is disabled
Task ':sample-app:javaPreCompileReleaseUnitTest' is not up-to-date because:
  No history is available.
Resolve mutations for :weft-compose:preDebugUnitTestBuild (Thread[Execution worker Thread 3,5,main]) started.
:weft-compose:preDebugUnitTestBuild (Thread[Execution worker Thread 3,5,main]) started.

> Task :weft-compose:preDebugUnitTestBuild UP-TO-DATE
Skipping task ':weft-compose:preDebugUnitTestBuild' as it has no actions.
Resolve mutations for :weft-compose:generateDebugUnitTestStubRFile (Thread[Execution worker Thread 3,5,main]) started.
:weft-compose:generateDebugUnitTestStubRFile (Thread[Execution worker Thread 3,5,main]) started.

> Task :weft-core:generateReleaseRFile
Transforming android.jar with PlatformAttrTransform
Caching disabled for task ':weft-core:generateReleaseRFile' because:
  Build cache is disabled
Task ':weft-core:generateReleaseRFile' is not up-to-date because:
  No history is available.
The input changes require a full rebuild for incremental task ':weft-core:generateReleaseRFile'.
work action resolve package-aware-r.txt (project :weft-core) (Thread[Execution worker,5,main]) started.
Resolve mutations for :sample-app:processReleaseResources (Thread[Execution worker,5,main]) started.
:sample-app:processReleaseResources (Thread[Execution worker Thread 2,5,main]) started.

> Task :weft-core:compileDebugKotlin
i: starting the daemon as: /usr/lib/jvm/temurin-17-jdk-amd64/bin/java -cp /home/runner/.gradle/caches/modules-2/files-2.1/org.jetbrains.kotlin/kotlin-compiler-embeddable/2.1.0/988bf980588bbbcfa1ba19c1ffd7aa869b335a31/kotlin-compiler-embeddable-2.1.0.jar:/home/runner/.gradle/caches/modules-2/files-2.1/org.jetbrains.kotlin/kotlin-stdlib/2.1.0/85f8b81009cda5890e54ba67d64b5e599c645020/kotlin-stdlib-2.1.0.jar:/home/runner/.gradle/caches/modules-2/files-2.1/org.jetbrains.kotlin/kotlin-script-runtime/2.1.0/5909da8c57b75a117714ab0e348c86101b7a3284/kotlin-script-runtime-2.1.0.jar:/home/runner/.gradle/caches/modules-2/files-2.1/org.jetbrains.kotlin/kotlin-reflect/1.6.10/1cbe9c92c12a94eea200d23c2bbaedaf3daf5132/kotlin-reflect-1.6.10.jar:/home/runner/.gradle/caches/modules-2/files-2.1/org.jetbrains.kotlin/kotlin-daemon-embeddable/2.1.0/420bae1908e4a353f5b56c3c850d24d86367b25d/kotlin-daemon-embeddable-2.1.0.jar:/home/runner/.gradle/caches/modules-2/files-2.1/org.jetbrains.intellij.deps/trove4j/1.0.20200330/3afb14d5f9ceb459d724e907a21145e8ff394f02/trove4j-1.0.20200330.jar:/home/runner/.gradle/caches/modules-2/files-2.1/org.jetbrains.kotlinx/kotlinx-coroutines-core-jvm/1.6.4/2c997cd1c0ef33f3e751d3831929aeff1390cb30/kotlinx-coroutines-core-jvm-1.6.4.jar:/home/runner/.gradle/caches/modules-2/files-2.1/org.jetbrains/annotations/13.0/919f0dfe192fb4e063e7dacadee7f8bb9a2672a9/annotations-13.0.jar -Djava.awt.headless=true -Djava.rmi.server.hostname=127.0.0.1 -Xmx2048m -XX:ReservedCodeCacheSize=320m -Dkotlin.environment.keepalive -ea -XX:+UseCodeCacheFlushing -XX:+UseParallelGC -Dkotlin.daemon.initiator.marker.file=/tmp/kotlin-compiler-in-weftandroid-5567613504226187855.alive --add-exports java.base/sun.nio.ch=ALL-UNNAMED org.jetbrains.kotlin.daemon.KotlinCompileDaemon --daemon-runFilesPath /home/runner/.kotlin/daemon --daemon-autoshutdownIdleSeconds=7200 --daemon-compilerClasspath /home/runner/.gradle/caches/modules-2/files-2.1/org.jetbrains.kotlin/kotlin-compiler-embeddable/2.1.0/988bf980588bbbcfa1ba19c1ffd7aa869b335a31/kotlin-compiler-embeddable-2.1.0.jar:/home/runner/.gradle/caches/modules-2/files-2.1/org.jetbrains.kotlin/kotlin-stdlib/2.1.0/85f8b81009cda5890e54ba67d64b5e599c645020/kotlin-stdlib-2.1.0.jar:/home/runner/.gradle/caches/modules-2/files-2.1/org.jetbrains.kotlin/kotlin-script-runtime/2.1.0/5909da8c57b75a117714ab0e348c86101b7a3284/kotlin-script-runtime-2.1.0.jar:/home/runner/.gradle/caches/modules-2/files-2.1/org.jetbrains.kotlin/kotlin-reflect/1.6.10/1cbe9c92c12a94eea200d23c2bbaedaf3daf5132/kotlin-reflect-1.6.10.jar:/home/runner/.gradle/caches/modules-2/files-2.1/org.jetbrains.kotlin/kotlin-daemon-embeddable/2.1.0/420bae1908e4a353f5b56c3c850d24d86367b25d/kotlin-daemon-embeddable-2.1.0.jar:/home/runner/.gradle/caches/modules-2/files-2.1/org.jetbrains.intellij.deps/trove4j/1.0.20200330/3afb14d5f9ceb459d724e907a21145e8ff394f02/trove4j-1.0.20200330.jar:/home/runner/.gradle/caches/modules-2/files-2.1/org.jetbrains.kotlinx/kotlinx-coroutines-core-jvm/1.6.4/2c997cd1c0ef33f3e751d3831929aeff1390cb30/kotlinx-coroutines-core-jvm-1.6.4.jar:/home/runner/.gradle/caches/modules-2/files-2.1/org.jetbrains/annotations/13.0/919f0dfe192fb4e063e7dacadee7f8bb9a2672a9/annotations-13.0.jar
i: #1 retrying connecting to the daemon 
Options for KOTLIN DAEMON: IncrementalCompilationOptions(super=CompilationOptions(compilerMode=INCREMENTAL_COMPILER, targetPlatform=JVM, reportCategories=[0, 3], reportSeverity=2, requestedCompilationResults=[0], kotlinScriptExtensions=[]), areFileChangesKnown=false, modifiedFiles=null, deletedFiles=null, classpathChanges=NotAvailableForNonIncrementalRun, workingDir=/home/runner/work/Weft/Weft/android/weft-core/build/kotlin/compileDebugKotlin/cacheable, multiModuleICSettings=MultiModuleICSettings(buildHistoryFile=/home/runner/work/Weft/Weft/android/weft-core/build/kotlin/compileDebugKotlin/local-state/build-history.bin, useModuleDetection=true), usePreciseJavaTracking=true, icFeatures=IncrementalCompilationFeatures(withAbiSnapshot=false, preciseCompilationResultsBackup=true, keepIncrementalCompilationCachesInMemory=true, enableUnsafeIncrementalCompilationForMultiplatform=false), outputFiles=[/home/runner/work/Weft/Weft/android/weft-core/build/tmp/kotlin-classes/debug, /home/runner/work/Weft/Weft/android/weft-core/build/kotlin/compileDebugKotlin/cacheable, /home/runner/work/Weft/Weft/android/weft-core/build/kotlin/compileDebugKotlin/local-state])

> Task :weft-compose:generateDebugUnitTestStubRFile
Resource missing. [HTTP GET: https://dl.google.com/dl/android/maven2/junit/junit/4.13.2/junit-4.13.2.pom]
Downloading https://repo.maven.apache.org/maven2/junit/junit/4.13.2/junit-4.13.2.pom to /home/runner/.gradle/.tmp/gradle_download2722254422024926420bin
Downloading https://dl.google.com/dl/android/maven2/androidx/arch/core/core-testing/2.2.0/core-testing-2.2.0.pom to /home/runner/.gradle/.tmp/gradle_download17834323191233895697bin
Downloading https://dl.google.com/dl/android/maven2/androidx/arch/core/core-testing/2.2.0/core-testing-2.2.0.module to /home/runner/.gradle/.tmp/gradle_download4449242391964117043bin
Resource missing. [HTTP GET: https://dl.google.com/dl/android/maven2/org/hamcrest/hamcrest-core/1.3/hamcrest-core-1.3.pom]
Downloading https://repo.maven.apache.org/maven2/org/hamcrest/hamcrest-core/1.3/hamcrest-core-1.3.pom to /home/runner/.gradle/.tmp/gradle_download4582286861088962112bin
Resource missing. [HTTP GET: https://dl.google.com/dl/android/maven2/org/hamcrest/hamcrest-parent/1.3/hamcrest-parent-1.3.pom]
Downloading https://repo.maven.apache.org/maven2/org/hamcrest/hamcrest-parent/1.3/hamcrest-parent-1.3.pom to /home/runner/.gradle/.tmp/gradle_download5010862554460851593bin
Resource missing. [HTTP GET: https://dl.google.com/dl/android/maven2/org/mockito/mockito-core/2.25.0/mockito-core-2.25.0.pom]
Downloading https://dl.google.com/dl/android/maven2/androidx/annotation/annotation/1.1.0/annotation-1.1.0.pom to /home/runner/.gradle/.tmp/gradle_download9404294264301243558bin
Downloading https://repo.maven.apache.org/maven2/org/mockito/mockito-core/2.25.0/mockito-core-2.25.0.pom to /home/runner/.gradle/.tmp/gradle_download1595449014416232795bin
Resource missing. [HTTP GET: https://dl.google.com/dl/android/maven2/org/objenesis/objenesis/2.6/objenesis-2.6.pom]
Downloading https://repo.maven.apache.org/maven2/org/objenesis/objenesis/2.6/objenesis-2.6.pom to /home/runner/.gradle/.tmp/gradle_download114954944603321841bin
Resource missing. [HTTP GET: https://dl.google.com/dl/android/maven2/org/objenesis/objenesis-parent/2.6/objenesis-parent-2.6.pom]
Downloading https://repo.maven.apache.org/maven2/org/objenesis/objenesis-parent/2.6/objenesis-parent-2.6.pom to /home/runner/.gradle/.tmp/gradle_download12049858755997600420bin
Downloading https://dl.google.com/dl/android/maven2/androidx/activity/activity-ktx/1.7.0/activity-ktx-1.7.0.pom to /home/runner/.gradle/.tmp/gradle_download17990804508272264971bin
Downloading https://dl.google.com/dl/android/maven2/androidx/activity/activity-ktx/1.7.0/activity-ktx-1.7.0.module to /home/runner/.gradle/.tmp/gradle_download14882143554466992420bin
Downloading https://dl.google.com/dl/android/maven2/androidx/activity/activity/1.7.0/activity-1.7.0.pom to /home/runner/.gradle/.tmp/gradle_download14373206519704247494bin
Downloading https://dl.google.com/dl/android/maven2/androidx/activity/activity/1.7.0/activity-1.7.0.module to /home/runner/.gradle/.tmp/gradle_download8953582423049913340bin
Downloading https://dl.google.com/dl/android/maven2/androidx/startup/startup-runtime/1.0.0/startup-runtime-1.0.0.pom to /home/runner/.gradle/.tmp/gradle_download17644097238892604942bin
Downloading https://dl.google.com/dl/android/maven2/androidx/startup/startup-runtime/1.0.0/startup-runtime-1.0.0.module to /home/runner/.gradle/.tmp/gradle_download1304794764985476228bin
Transforming ui-util-release.aar (androidx.compose.ui:ui-util-android:1.7.6) with ExtractAarTransform
Transforming ui-util-release.aar (androidx.compose.ui:ui-util-android:1.7.6) with LibrarySymbolTableTransform
Transforming ui-unit-release.aar (androidx.compose.ui:ui-unit-android:1.7.6) with ExtractAarTransform
Transforming ui-unit-release.aar (androidx.compose.ui:ui-unit-android:1.7.6) with LibrarySymbolTableTransform
Transforming ui-graphics-release.aar (androidx.compose.ui:ui-graphics-android:1.7.6) with ExtractAarTransform
Transforming ui-graphics-release.aar (androidx.compose.ui:ui-graphics-android:1.7.6) with LibrarySymbolTableTransform
Transforming ui-geometry-release.aar (androidx.compose.ui:ui-geometry-android:1.7.6) with ExtractAarTransform
Transforming ui-geometry-release.aar (androidx.compose.ui:ui-geometry-android:1.7.6) with LibrarySymbolTableTransform
Transforming ui-text-release.aar (androidx.compose.ui:ui-text-android:1.7.6) with ExtractAarTransform
Transforming ui-text-release.aar (androidx.compose.ui:ui-text-android:1.7.6) with LibrarySymbolTableTransform
Transforming savedstate-ktx-1.2.1.aar (androidx.savedstate:savedstate-ktx:1.2.1) with ExtractAarTransform
Transforming savedstate-ktx-1.2.1.aar (androidx.savedstate:savedstate-ktx:1.2.1) with LibrarySymbolTableTransform
Transforming savedstate-1.2.1.aar (androidx.savedstate:savedstate:1.2.1) with ExtractAarTransform
Transforming savedstate-1.2.1.aar (androidx.savedstate:savedstate:1.2.1) with LibrarySymbolTableTransform
Transforming lifecycle-runtime-ktx-release.aar (androidx.lifecycle:lifecycle-runtime-ktx-android:2.8.7) with ExtractAarTransform
Transforming lifecycle-runtime-ktx-release.aar (androidx.lifecycle:lifecycle-runtime-ktx-android:2.8.7) with LibrarySymbolTableTransform
Transforming lifecycle-livedata-core-2.8.7.aar (androidx.lifecycle:lifecycle-livedata-core:2.8.7) with ExtractAarTransform
Transforming lifecycle-livedata-core-2.8.7.aar (androidx.lifecycle:lifecycle-livedata-core:2.8.7) with LibrarySymbolTableTransform
Transforming lifecycle-runtime-compose-release.aar (androidx.lifecycle:lifecycle-runtime-compose-android:2.8.7) with ExtractAarTransform
Transforming lifecycle-runtime-compose-release.aar (androidx.lifecycle:lifecycle-runtime-compose-android:2.8.7) with LibrarySymbolTableTransform
Transforming lifecycle-process-2.8.7.aar (androidx.lifecycle:lifecycle-process:2.8.7) with ExtractAarTransform
Transforming lifecycle-process-2.8.7.aar (androidx.lifecycle:lifecycle-process:2.8.7) with LibrarySymbolTableTransform
Transforming lifecycle-runtime-release.aar (androidx.lifecycle:lifecycle-runtime-android:2.8.7) with ExtractAarTransform
Transforming lifecycle-runtime-release.aar (androidx.lifecycle:lifecycle-runtime-android:2.8.7) with LibrarySymbolTableTransform
Transforming lifecycle-viewmodel-release.aar (androidx.lifecycle:lifecycle-viewmodel-android:2.8.7) with ExtractAarTransform
Transforming lifecycle-viewmodel-release.aar (androidx.lifecycle:lifecycle-viewmodel-android:2.8.7) with LibrarySymbolTableTransform
Transforming lifecycle-viewmodel-savedstate-2.8.7.aar (androidx.lifecycle:lifecycle-viewmodel-savedstate:2.8.7) with ExtractAarTransform
Transforming lifecycle-viewmodel-savedstate-2.8.7.aar (androidx.lifecycle:lifecycle-viewmodel-savedstate:2.8.7) with LibrarySymbolTableTransform
Transforming lifecycle-viewmodel-ktx-2.8.7.aar (androidx.lifecycle:lifecycle-viewmodel-ktx:2.8.7) with ExtractAarTransform
Transforming lifecycle-viewmodel-ktx-2.8.7.aar (androidx.lifecycle:lifecycle-viewmodel-ktx:2.8.7) with LibrarySymbolTableTransform
Transforming lifecycle-viewmodel-compose-release.aar (androidx.lifecycle:lifecycle-viewmodel-compose-android:2.8.7) with ExtractAarTransform
Transforming lifecycle-viewmodel-compose-release.aar (androidx.lifecycle:lifecycle-viewmodel-compose-android:2.8.7) with LibrarySymbolTableTransform
Transforming ui-release.aar (androidx.compose.ui:ui-android:1.7.6) with ExtractAarTransform
Transforming ui-release.aar (androidx.compose.ui:ui-android:1.7.6) with LibrarySymbolTableTransform
Transforming autofill-1.0.0.aar (androidx.autofill:autofill:1.0.0) with ExtractAarTransform
Transforming autofill-1.0.0.aar (androidx.autofill:autofill:1.0.0) with LibrarySymbolTableTransform
Transforming graphics-path-1.0.1.aar (androidx.graphics:graphics-path:1.0.1) with ExtractAarTransform
Transforming graphics-path-1.0.1.aar (androidx.graphics:graphics-path:1.0.1) with LibrarySymbolTableTransform
Transforming core-1.15.0.aar (androidx.core:core:1.15.0) with ExtractAarTransform
Transforming core-1.15.0.aar (androidx.core:core:1.15.0) with LibrarySymbolTableTransform
Transforming core-1.15.0.aar (androidx.core:core:1.15.0) with ExtractAarTransform
Transforming core-1.15.0.aar (androidx.core:core:1.15.0) with LibrarySymbolTableTransform
Transforming customview-poolingcontainer-1.0.0.aar (androidx.customview:customview-poolingcontainer:1.0.0) with ExtractAarTransform
Transforming customview-poolingcontainer-1.0.0.aar (androidx.customview:customview-poolingcontainer:1.0.0) with LibrarySymbolTableTransform
Transforming core-ktx-1.15.0.aar (androidx.core:core-ktx:1.15.0) with ExtractAarTransform
Transforming core-ktx-1.15.0.aar (androidx.core:core-ktx:1.15.0) with LibrarySymbolTableTransform
Transforming runtime-saveable-release.aar (androidx.compose.runtime:runtime-saveable-android:1.7.6) with ExtractAarTransform
Transforming runtime-saveable-release.aar (androidx.compose.runtime:runtime-saveable-android:1.7.6) with LibrarySymbolTableTransform
Transforming runtime-release.aar (androidx.compose.runtime:runtime-android:1.7.6) with ExtractAarTransform
Transforming runtime-release.aar (androidx.compose.runtime:runtime-android:1.7.6) with LibrarySymbolTableTransform
Transforming core-runtime-2.2.0.aar (androidx.arch.core:core-runtime:2.2.0) with ExtractAarTransform
Transforming core-runtime-2.2.0.aar (androidx.arch.core:core-runtime:2.2.0) with LibrarySymbolTableTransform
Transforming interpolator-1.0.0.aar (androidx.interpolator:interpolator:1.0.0) with ExtractAarTransform
Transforming interpolator-1.0.0.aar (androidx.interpolator:interpolator:1.0.0) with LibrarySymbolTableTransform
Transforming profileinstaller-1.3.1.aar (androidx.profileinstaller:profileinstaller:1.3.1) with ExtractAarTransform
Transforming profileinstaller-1.3.1.aar (androidx.profileinstaller:profileinstaller:1.3.1) with LibrarySymbolTableTransform
Transforming startup-runtime-1.1.1.aar (androidx.startup:startup-runtime:1.1.1) with ExtractAarTransform
Transforming startup-runtime-1.1.1.aar (androidx.startup:startup-runtime:1.1.1) with LibrarySymbolTableTransform
Transforming tracing-1.2.0.aar (androidx.tracing:tracing:1.2.0) with ExtractAarTransform
Transforming tracing-1.2.0.aar (androidx.tracing:tracing:1.2.0) with LibrarySymbolTableTransform
Transforming versionedparcelable-1.1.1.aar (androidx.versionedparcelable:versionedparcelable:1.1.1) with ExtractAarTransform
Transforming versionedparcelable-1.1.1.aar (androidx.versionedparcelable:versionedparcelable:1.1.1) with LibrarySymbolTableTransform
Transforming annotation-experimental-1.4.1.aar (androidx.annotation:annotation-experimental:1.4.1) with ExtractAarTransform
Transforming annotation-experimental-1.4.1.aar (androidx.annotation:annotation-experimental:1.4.1) with LibrarySymbolTableTransform
Downloading https://dl.google.com/dl/android/maven2/androidx/arch/core/core-testing/2.2.0/core-testing-2.2.0.aar to /home/runner/.gradle/.tmp/gradle_download1188178230877462550bin
Transforming core-testing-2.2.0.aar (androidx.arch.core:core-testing:2.2.0) with ExtractAarTransform
Downloading https://dl.google.com/dl/android/maven2/androidx/activity/activity/1.7.0/activity-1.7.0.aar to /home/runner/.gradle/.tmp/gradle_download6726093099043038839bin
Caching disabled for ExtractAarTransform: /home/runner/.gradle/caches/modules-2/files-2.1/androidx.arch.core/core-testing/2.2.0/fa0035bc85ef4918ff47bfdadc3d7eb3ea74aa54/core-testing-2.2.0.aar because:
  Build cache is disabled
  Caching not enabled.
Transforming activity-1.7.0.aar (androidx.activity:activity:1.7.0) with ExtractAarTransform
Downloading https://dl.google.com/dl/android/maven2/androidx/emoji2/emoji2/1.2.0/emoji2-1.2.0.aar to /home/runner/.gradle/.tmp/gradle_download2952524262554753956bin
Transforming core-testing-2.2.0.aar (androidx.arch.core:core-testing:2.2.0) with LibrarySymbolTableTransform
Caching disabled for LibrarySymbolTableTransform: /home/runner/.gradle/caches/8.11.1/transforms/7878f40871dfb7ce31d2c9a582dd66b7/transformed/core-testing-2.2.0 because:
  Build cache is disabled
  Caching not enabled.
Caching disabled for ExtractAarTransform: /home/runner/.gradle/caches/modules-2/files-2.1/androidx.activity/activity/1.7.0/7c28313e2f754db008beb3e8f57118c62c2d080d/activity-1.7.0.aar because:
  Build cache is disabled
  Caching not enabled.
Transforming emoji2-1.2.0.aar (androidx.emoji2:emoji2:1.2.0) with ExtractAarTransform
Caching disabled for ExtractAarTransform: /home/runner/.gradle/caches/modules-2/files-2.1/androidx.emoji2/emoji2/1.2.0/2c95c9aa87788e4d9ce692ecfc961db004e57480/emoji2-1.2.0.aar because:
  Build cache is disabled
  Caching not enabled.
Downloading https://dl.google.com/dl/android/maven2/androidx/activity/activity-ktx/1.7.0/activity-ktx-1.7.0.aar to /home/runner/.gradle/.tmp/gradle_download3596917770720834854bin
Transforming activity-1.7.0.aar (androidx.activity:activity:1.7.0) with LibrarySymbolTableTransform
Transforming activity-ktx-1.7.0.aar (androidx.activity:activity-ktx:1.7.0) with ExtractAarTransform
Caching disabled for LibrarySymbolTableTransform: /home/runner/.gradle/caches/8.11.1/transforms/c41fcb2ffd655ae1a2c2a8e2d4a67e28/transformed/activity-1.7.0 because:
  Build cache is disabled
  Caching not enabled.
Caching disabled for ExtractAarTransform: /home/runner/.gradle/caches/modules-2/files-2.1/androidx.activity/activity-ktx/1.7.0/e9c29708c0179b483d22a764b7a645ec1eaa6174/activity-ktx-1.7.0.aar because:
  Build cache is disabled
  Caching not enabled.
Transforming emoji2-1.2.0.aar (androidx.emoji2:emoji2:1.2.0) with LibrarySymbolTableTransform
Caching disabled for LibrarySymbolTableTransform: /home/runner/.gradle/caches/8.11.1/transforms/644360851a12e056e79a8588be1f8454/transformed/emoji2-1.2.0 because:
  Build cache is disabled
  Caching not enabled.
Transforming activity-ktx-1.7.0.aar (androidx.activity:activity-ktx:1.7.0) with LibrarySymbolTableTransform
Caching disabled for LibrarySymbolTableTransform: /home/runner/.gradle/caches/8.11.1/transforms/238f1127aa5321501d20810d9df9e7ba/transformed/activity-ktx-1.7.0 because:
  Build cache is disabled
  Caching not enabled.
Transforming android.jar with PlatformAttrTransform
Caching disabled for task ':weft-compose:generateDebugUnitTestStubRFile' because:
  Build cache is disabled
Task ':weft-compose:generateDebugUnitTestStubRFile' is not up-to-date because:
  No history is available.
The input changes require a full rebuild for incremental task ':weft-compose:generateDebugUnitTestStubRFile'.
Resolve mutations for :weft-core:compileReleaseKotlin (Thread[Execution worker Thread 3,5,main]) started.
:weft-core:compileReleaseKotlin (Thread[Execution worker Thread 3,5,main]) started.
Resolve mutations for :weft-compose:javaPreCompileDebugUnitTest (Thread[Execution worker,5,main]) started.
:weft-compose:javaPreCompileDebugUnitTest (Thread[Execution worker,5,main]) started.

> Task :weft-compose:javaPreCompileDebugUnitTest
Caching disabled for task ':weft-compose:javaPreCompileDebugUnitTest' because:
  Build cache is disabled
Task ':weft-compose:javaPreCompileDebugUnitTest' is not up-to-date because:
  No history is available.
Resolve mutations for :weft-compose:preReleaseUnitTestBuild (Thread[Execution worker,5,main]) started.
:weft-compose:preReleaseUnitTestBuild (Thread[Execution worker,5,main]) started.

> Task :weft-compose:preReleaseUnitTestBuild UP-TO-DATE
Skipping task ':weft-compose:preReleaseUnitTestBuild' as it has no actions.
Resolve mutations for :weft-compose:generateReleaseUnitTestStubRFile (Thread[Execution worker,5,main]) started.
:weft-compose:generateReleaseUnitTestStubRFile (Thread[Execution worker,5,main]) started.

> Task :weft-compose:generateReleaseUnitTestStubRFile
Transforming android.jar with PlatformAttrTransform
Caching disabled for task ':weft-compose:generateReleaseUnitTestStubRFile' because:
  Build cache is disabled
Task ':weft-compose:generateReleaseUnitTestStubRFile' is not up-to-date because:
  No history is available.
The input changes require a full rebuild for incremental task ':weft-compose:generateReleaseUnitTestStubRFile'.
Resolve mutations for :weft-compose:javaPreCompileReleaseUnitTest (Thread[Execution worker,5,main]) started.
:weft-compose:javaPreCompileReleaseUnitTest (Thread[Execution worker,5,main]) started.

> Task :weft-compose:javaPreCompileReleaseUnitTest
Caching disabled for task ':weft-compose:javaPreCompileReleaseUnitTest' because:
  Build cache is disabled
Task ':weft-compose:javaPreCompileReleaseUnitTest' is not up-to-date because:
  No history is available.
Resolve mutations for :weft-core:preDebugUnitTestBuild (Thread[Execution worker,5,main]) started.
:weft-core:preDebugUnitTestBuild (Thread[Execution worker,5,main]) started.

> Task :weft-core:preDebugUnitTestBuild UP-TO-DATE
Skipping task ':weft-core:preDebugUnitTestBuild' as it has no actions.
Resolve mutations for :weft-core:generateDebugUnitTestStubRFile (Thread[Execution worker,5,main]) started.
:weft-core:generateDebugUnitTestStubRFile (Thread[Execution worker,5,main]) started.

> Task :weft-core:generateDebugUnitTestStubRFile
Transforming core-testing-2.2.0.aar (androidx.arch.core:core-testing:2.2.0) with ExtractAarTransform
Transforming core-testing-2.2.0.aar (androidx.arch.core:core-testing:2.2.0) with LibrarySymbolTableTransform
Transforming core-1.15.0.aar (androidx.core:core:1.15.0) with ExtractAarTransform
Transforming core-1.15.0.aar (androidx.core:core:1.15.0) with LibrarySymbolTableTransform
Transforming core-ktx-1.15.0.aar (androidx.core:core-ktx:1.15.0) with ExtractAarTransform
Transforming core-ktx-1.15.0.aar (androidx.core:core-ktx:1.15.0) with LibrarySymbolTableTransform
Transforming lifecycle-runtime-release.aar (androidx.lifecycle:lifecycle-runtime-android:2.8.7) with ExtractAarTransform
Transforming lifecycle-runtime-release.aar (androidx.lifecycle:lifecycle-runtime-android:2.8.7) with LibrarySymbolTableTransform
Transforming lifecycle-viewmodel-release.aar (androidx.lifecycle:lifecycle-viewmodel-android:2.8.7) with ExtractAarTransform
Transforming lifecycle-viewmodel-release.aar (androidx.lifecycle:lifecycle-viewmodel-android:2.8.7) with LibrarySymbolTableTransform
Transforming lifecycle-viewmodel-ktx-2.8.7.aar (androidx.lifecycle:lifecycle-viewmodel-ktx:2.8.7) with ExtractAarTransform
Transforming lifecycle-viewmodel-ktx-2.8.7.aar (androidx.lifecycle:lifecycle-viewmodel-ktx:2.8.7) with LibrarySymbolTableTransform
Transforming core-runtime-2.2.0.aar (androidx.arch.core:core-runtime:2.2.0) with ExtractAarTransform
Transforming core-runtime-2.2.0.aar (androidx.arch.core:core-runtime:2.2.0) with LibrarySymbolTableTransform
Transforming interpolator-1.0.0.aar (androidx.interpolator:interpolator:1.0.0) with ExtractAarTransform
Transforming interpolator-1.0.0.aar (androidx.interpolator:interpolator:1.0.0) with LibrarySymbolTableTransform
Transforming profileinstaller-1.3.1.aar (androidx.profileinstaller:profileinstaller:1.3.1) with ExtractAarTransform
Transforming profileinstaller-1.3.1.aar (androidx.profileinstaller:profileinstaller:1.3.1) with LibrarySymbolTableTransform
Transforming startup-runtime-1.1.1.aar (androidx.startup:startup-runtime:1.1.1) with ExtractAarTransform
Transforming startup-runtime-1.1.1.aar (androidx.startup:startup-runtime:1.1.1) with LibrarySymbolTableTransform
Transforming tracing-1.2.0.aar (androidx.tracing:tracing:1.2.0) with ExtractAarTransform
Transforming tracing-1.2.0.aar (androidx.tracing:tracing:1.2.0) with LibrarySymbolTableTransform
Transforming versionedparcelable-1.1.1.aar (androidx.versionedparcelable:versionedparcelable:1.1.1) with ExtractAarTransform
Transforming versionedparcelable-1.1.1.aar (androidx.versionedparcelable:versionedparcelable:1.1.1) with LibrarySymbolTableTransform
Transforming annotation-experimental-1.4.1.aar (androidx.annotation:annotation-experimental:1.4.1) with ExtractAarTransform
Transforming annotation-experimental-1.4.1.aar (androidx.annotation:annotation-experimental:1.4.1) with LibrarySymbolTableTransform
Transforming android.jar with PlatformAttrTransform
Caching disabled for task ':weft-core:generateDebugUnitTestStubRFile' because:
  Build cache is disabled
Task ':weft-core:generateDebugUnitTestStubRFile' is not up-to-date because:
  No history is available.
The input changes require a full rebuild for incremental task ':weft-core:generateDebugUnitTestStubRFile'.
Resolve mutations for :weft-core:javaPreCompileDebugUnitTest (Thread[Execution worker,5,main]) started.
:weft-core:javaPreCompileDebugUnitTest (Thread[Execution worker,5,main]) started.

> Task :weft-core:javaPreCompileDebugUnitTest
Caching disabled for task ':weft-core:javaPreCompileDebugUnitTest' because:
  Build cache is disabled
Task ':weft-core:javaPreCompileDebugUnitTest' is not up-to-date because:
  No history is available.
Resolve mutations for :weft-core:preReleaseUnitTestBuild (Thread[Execution worker,5,main]) started.
:weft-core:preReleaseUnitTestBuild (Thread[Execution worker,5,main]) started.

> Task :weft-core:preReleaseUnitTestBuild UP-TO-DATE
Skipping task ':weft-core:preReleaseUnitTestBuild' as it has no actions.
Resolve mutations for :weft-core:generateReleaseUnitTestStubRFile (Thread[Execution worker,5,main]) started.
:weft-core:generateReleaseUnitTestStubRFile (Thread[Execution worker,5,main]) started.

> Task :sample-app:processReleaseResources
Caching disabled for task ':sample-app:processReleaseResources' because:
  Build cache is disabled
Task ':sample-app:processReleaseResources' is not up-to-date because:
  No history is available.
The input changes require a full rebuild for incremental task ':sample-app:processReleaseResources'.
Aapt output file /home/runner/work/Weft/Weft/android/sample-app/build/intermediates/linked_resources_binary_format/release/processReleaseResources/linked-resources-binary-format-release.ap_
Resolve mutations for :weft-core:javaPreCompileReleaseUnitTest (Thread[Execution worker Thread 2,5,main]) started.
:weft-core:javaPreCompileReleaseUnitTest (Thread[Execution worker Thread 2,5,main]) started.

> Task :weft-core:javaPreCompileReleaseUnitTest
Caching disabled for task ':weft-core:javaPreCompileReleaseUnitTest' because:
  Build cache is disabled
Task ':weft-core:javaPreCompileReleaseUnitTest' is not up-to-date because:
  No history is available.

> Task :weft-core:generateReleaseUnitTestStubRFile
Transforming android.jar with PlatformAttrTransform
Caching disabled for task ':weft-core:generateReleaseUnitTestStubRFile' because:
  Build cache is disabled
Task ':weft-core:generateReleaseUnitTestStubRFile' is not up-to-date because:
  No history is available.
The input changes require a full rebuild for incremental task ':weft-core:generateReleaseUnitTestStubRFile'.

> Task :weft-core:compileReleaseKotlin
Transforming R.jar with BuildToolsApiClasspathEntrySnapshotTransform
Transforming core-ktx-1.15.0-api.jar with BuildToolsApiClasspathEntrySnapshotTransform
Transforming core-1.15.0-api.jar with BuildToolsApiClasspathEntrySnapshotTransform
Transforming lifecycle-common-jvm-2.8.7.jar with BuildToolsApiClasspathEntrySnapshotTransform
Transforming lifecycle-runtime-release-api.jar with BuildToolsApiClasspathEntrySnapshotTransform
Transforming lifecycle-viewmodel-release-api.jar with BuildToolsApiClasspathEntrySnapshotTransform
Transforming lifecycle-viewmodel-ktx-2.8.7-api.jar with BuildToolsApiClasspathEntrySnapshotTransform
Transforming versionedparcelable-1.1.1-api.jar with BuildToolsApiClasspathEntrySnapshotTransform
Transforming core-common-2.2.0.jar with BuildToolsApiClasspathEntrySnapshotTransform
Transforming collection-jvm-1.4.2.jar with BuildToolsApiClasspathEntrySnapshotTransform
Transforming annotation-jvm-1.8.1.jar with BuildToolsApiClasspathEntrySnapshotTransform
Transforming annotation-experimental-1.4.1-api.jar with BuildToolsApiClasspathEntrySnapshotTransform
Transforming kotlinx-coroutines-core-jvm-1.7.3.jar with BuildToolsApiClasspathEntrySnapshotTransform
Transforming kotlinx-coroutines-android-1.7.3.jar with BuildToolsApiClasspathEntrySnapshotTransform
Transforming kotlin-stdlib-jdk8-1.8.20.jar with BuildToolsApiClasspathEntrySnapshotTransform
Transforming kotlin-stdlib-jdk7-1.8.20.jar with BuildToolsApiClasspathEntrySnapshotTransform
Transforming kotlin-stdlib-2.1.0.jar with BuildToolsApiClasspathEntrySnapshotTransform
Transforming annotations-23.0.0.jar with BuildToolsApiClasspathEntrySnapshotTransform
Transforming android.jar with BuildToolsApiClasspathEntrySnapshotTransform
Transforming core-lambda-stubs.jar with BuildToolsApiClasspathEntrySnapshotTransform
Caching disabled for task ':weft-core:compileReleaseKotlin' because:
  Build cache is disabled
Task ':weft-core:compileReleaseKotlin' is not up-to-date because:
  No history is available.
The input changes require a full rebuild for incremental task ':weft-core:compileReleaseKotlin'.
file or directory '/home/runner/work/Weft/Weft/android/weft-core/src/release/kotlin', not found
file or directory '/home/runner/work/Weft/Weft/android/weft-core/src/release/java', not found
file or directory '/home/runner/work/Weft/Weft/android/weft-core/src/release/kotlin', not found
file or directory '/home/runner/work/Weft/Weft/android/weft-core/src/release/kotlin', not found
file or directory '/home/runner/work/Weft/Weft/android/weft-core/src/release/java', not found
file or directory '/home/runner/work/Weft/Weft/android/weft-core/src/release/java', not found
file or directory '/home/runner/work/Weft/Weft/android/weft-core/src/release/kotlin', not found
file or directory '/home/runner/work/Weft/Weft/android/weft-core/src/release/java', not found
file or directory '/home/runner/work/Weft/Weft/android/weft-core/src/release/kotlin', not found
file or directory '/home/runner/work/Weft/Weft/android/weft-core/src/release/kotlin', not found
file or directory '/home/runner/work/Weft/Weft/android/weft-core/src/release/java', not found
file or directory '/home/runner/work/Weft/Weft/android/weft-core/src/release/kotlin', not found
file or directory '/home/runner/work/Weft/Weft/android/weft-core/src/release/java', not found
file or directory '/home/runner/work/Weft/Weft/android/weft-core/src/release/kotlin', not found
file or directory '/home/runner/work/Weft/Weft/android/weft-core/src/release/kotlin', not found
file or directory '/home/runner/work/Weft/Weft/android/weft-core/src/release/java', not found
file or directory '/home/runner/work/Weft/Weft/android/weft-core/src/release/java', not found
file or directory '/home/runner/work/Weft/Weft/android/weft-core/src/release/kotlin', not found
file or directory '/home/runner/work/Weft/Weft/android/weft-core/src/release/java', not found
file or directory '/home/runner/work/Weft/Weft/android/weft-core/src/release/kotlin', not found
file or directory '/home/runner/work/Weft/Weft/android/weft-core/src/release/kotlin', not found
file or directory '/home/runner/work/Weft/Weft/android/weft-core/src/release/java', not found
file or directory '/home/runner/work/Weft/Weft/android/weft-core/src/release/java', not found
file or directory '/home/runner/work/Weft/Weft/android/weft-core/src/release/kotlin', not found
file or directory '/home/runner/work/Weft/Weft/android/weft-core/src/release/java', not found
file or directory '/home/runner/work/Weft/Weft/android/weft-core/src/release/kotlin', not found
file or directory '/home/runner/work/Weft/Weft/android/weft-core/src/release/kotlin', not found
file or directory '/home/runner/work/Weft/Weft/android/weft-core/src/release/java', not found
file or directory '/home/runner/work/Weft/Weft/android/weft-core/src/release/java', not found
Kotlin source files: /home/runner/work/Weft/Weft/android/weft-core/src/main/kotlin/dev/weft/Recycler.kt, /home/runner/work/Weft/Weft/android/weft-core/src/main/kotlin/dev/weft/Weft.kt, /home/runner/work/Weft/Weft/android/weft-core/src/main/kotlin/dev/weft/Steward.kt, /home/runner/work/Weft/Weft/android/weft-core/src/main/kotlin/dev/weft/GovernedFanoutConsumer.kt, /home/runner/work/Weft/Weft/android/weft-core/src/main/kotlin/dev/weft/TriadNative.kt, /home/runner/work/Weft/Weft/android/weft-core/src/main/kotlin/dev/weft/FanoutCompat.kt, /home/runner/work/Weft/Weft/android/weft-core/src/main/kotlin/dev/weft/Verified.kt, /home/runner/work/Weft/Weft/android/weft-core/src/main/kotlin/dev/weft/Governor.kt, /home/runner/work/Weft/Weft/android/weft-core/src/main/kotlin/dev/weft/Fanout.kt, /home/runner/work/Weft/Weft/android/weft-core/src/main/kotlin/dev/weft/FrameCursor.kt
Java source files: /home/runner/work/Weft/Weft/android/weft-core/src/main/java/dev/weft/FanoutVhBridge.java
Script source files: 
Script file extensions: 
Using Kotlin/JVM incremental compilation
[KOTLIN] Kotlin compilation 'jdkHome' argument: null
Options for KOTLIN DAEMON: IncrementalCompilationOptions(super=CompilationOptions(compilerMode=INCREMENTAL_COMPILER, targetPlatform=JVM, reportCategories=[0, 3], reportSeverity=2, requestedCompilationResults=[0], kotlinScriptExtensions=[]), areFileChangesKnown=false, modifiedFiles=null, deletedFiles=null, classpathChanges=NotAvailableForNonIncrementalRun, workingDir=/home/runner/work/Weft/Weft/android/weft-core/build/kotlin/compileReleaseKotlin/cacheable, multiModuleICSettings=MultiModuleICSettings(buildHistoryFile=/home/runner/work/Weft/Weft/android/weft-core/build/kotlin/compileReleaseKotlin/local-state/build-history.bin, useModuleDetection=true), usePreciseJavaTracking=true, icFeatures=IncrementalCompilationFeatures(withAbiSnapshot=false, preciseCompilationResultsBackup=true, keepIncrementalCompilationCachesInMemory=true, enableUnsafeIncrementalCompilationForMultiplatform=false), outputFiles=[/home/runner/work/Weft/Weft/android/weft-core/build/tmp/kotlin-classes/release, /home/runner/work/Weft/Weft/android/weft-core/build/kotlin/compileReleaseKotlin/cacheable, /home/runner/work/Weft/Weft/android/weft-core/build/kotlin/compileReleaseKotlin/local-state])
Finished executing kotlin compiler using DAEMON strategy
Resolve mutations for :weft-core:compileReleaseJavaWithJavac (Thread[Execution worker Thread 3,5,main]) started.

> Task :weft-core:compileDebugKotlin
Finished executing kotlin compiler using DAEMON strategy
Resolve mutations for :weft-core:compileDebugJavaWithJavac (Thread[Execution worker Thread 3,5,main]) started.
:weft-core:compileDebugJavaWithJavac (Thread[Execution worker Thread 3,5,main]) started.

> Task :weft-core:compileDebugJavaWithJavac
Transforming core-for-system-modules.jar with JdkImageTransform
Caching disabled for JdkImageTransform: /usr/local/lib/android/sdk/platforms/android-35/core-for-system-modules.jar because:
  Build cache is disabled
Starting process 'command '/usr/lib/jvm/temurin-17-jdk-amd64/bin/jlink''. Working directory: /home/runner/work/Weft/Weft/android/weft-core Command: /usr/lib/jvm/temurin-17-jdk-amd64/bin/jlink --version
Successfully started process 'command '/usr/lib/jvm/temurin-17-jdk-amd64/bin/jlink''
Starting process 'command '/usr/lib/jvm/temurin-17-jdk-amd64/bin/javac''. Working directory: /home/runner/work/Weft/Weft/android/weft-core Command: /usr/lib/jvm/temurin-17-jdk-amd64/bin/javac --system=none --patch-module=java.base=/usr/local/lib/android/sdk/platforms/android-35/core-for-system-modules.jar -d /home/runner/.gradle/caches/8.11.1/transforms/fd8f24bcb2d685496312ea520c61c704-0576166a-f585-466d-b701-dbddb8da1863/transformed/output/temp /home/runner/.gradle/caches/8.11.1/transforms/fd8f24bcb2d685496312ea520c61c704-0576166a-f585-466d-b701-dbddb8da1863/transformed/output/temp/module-info.java
Successfully started process 'command '/usr/lib/jvm/temurin-17-jdk-amd64/bin/javac''
Starting process 'command '/usr/lib/jvm/temurin-17-jdk-amd64/bin/jmod''. Working directory: /home/runner/work/Weft/Weft/android/weft-core Command: /usr/lib/jvm/temurin-17-jdk-amd64/bin/jmod create --module-version 17 --target-platform LINUX-OTHER --class-path /home/runner/.gradle/caches/8.11.1/transforms/fd8f24bcb2d685496312ea520c61c704-0576166a-f585-466d-b701-dbddb8da1863/transformed/output/temp/module.jar /home/runner/.gradle/caches/8.11.1/transforms/fd8f24bcb2d685496312ea520c61c704-0576166a-f585-466d-b701-dbddb8da1863/transformed/output/temp/jmod/java.base.jmod
Successfully started process 'command '/usr/lib/jvm/temurin-17-jdk-amd64/bin/jmod''
Starting process 'command '/usr/lib/jvm/temurin-17-jdk-amd64/bin/jlink''. Working directory: /home/runner/work/Weft/Weft/android/weft-core Command: /usr/lib/jvm/temurin-17-jdk-amd64/bin/jlink --module-path /home/runner/.gradle/caches/8.11.1/transforms/fd8f24bcb2d685496312ea520c61c704-0576166a-f585-466d-b701-dbddb8da1863/transformed/output/temp/jmod --add-modules java.base --output /home/runner/.gradle/caches/8.11.1/transforms/fd8f24bcb2d685496312ea520c61c704-0576166a-f585-466d-b701-dbddb8da1863/transformed/output/jdkImage --disable-plugin system-modules
Successfully started process 'command '/usr/lib/jvm/temurin-17-jdk-amd64/bin/jlink''
Transforming core-for-system-modules.jar with JdkImageTransform
Transforming core-for-system-modules.jar with JdkImageTransform
Transforming core-for-system-modules.jar with JdkImageTransform
Transforming core-for-system-modules.jar with JdkImageTransform
Transforming core-for-system-modules.jar with JdkImageTransform
Custom actions are attached to task ':weft-core:compileDebugJavaWithJavac'.
Caching disabled for task ':weft-core:compileDebugJavaWithJavac' because:
  Build cache is disabled
Task ':weft-core:compileDebugJavaWithJavac' is not up-to-date because:
  No history is available.
The input changes require a full rebuild for incremental task ':weft-core:compileDebugJavaWithJavac'.
Compilation mode: in-process compilation
Transforming core-for-system-modules.jar with JdkImageTransform
Full recompilation is required because no incremental change information is available. This is usually caused by clean builds or changing compiler arguments.
Compiling with toolchain '/usr/lib/jvm/temurin-17-jdk-amd64'.
file or directory '/home/runner/work/Weft/Weft/android/weft-core/src/debug/java', not found
Compiling with JDK Java compiler API.
Class dependency analysis for incremental compilation took 0.009 secs.
Created classpath snapshot for incremental compilation in 1.903 secs.
Resolve mutations for :weft-core:bundleLibCompileToJarDebug (Thread[included builds,5,main]) started.
:weft-core:bundleLibCompileToJarDebug (Thread[included builds,5,main]) started.
Resolve mutations for :weft-core:bundleLibRuntimeToJarDebug (Thread[Execution worker,5,main]) started.
:weft-core:bundleLibRuntimeToJarDebug (Thread[Execution worker,5,main]) started.
Resolve mutations for :weft-core:processDebugJavaRes (Thread[Execution worker Thread 2,5,main]) started.
:weft-core:processDebugJavaRes (Thread[Execution worker Thread 2,5,main]) started.

> Task :weft-core:bundleLibCompileToJarDebug
Caching disabled for task ':weft-core:bundleLibCompileToJarDebug' because:
  Build cache is disabled
  Simple merging task
Task ':weft-core:bundleLibCompileToJarDebug' is not up-to-date because:
  No history is available.

> Task :weft-core:bundleLibRuntimeToJarDebug
Caching disabled for task ':weft-core:bundleLibRuntimeToJarDebug' because:
  Build cache is disabled
  Simple merging task
Task ':weft-core:bundleLibRuntimeToJarDebug' is not up-to-date because:
  No history is available.

> Task :weft-core:processDebugJavaRes
file or directory '/home/runner/work/Weft/Weft/android/weft-core/src/main/resources', not found
file or directory '/home/runner/work/Weft/Weft/android/weft-core/src/debug/resources', not found
file or directory '/home/runner/work/Weft/Weft/android/weft-core/src/main/resources', not found
file or directory '/home/runner/work/Weft/Weft/android/weft-core/src/debug/resources', not found
Caching disabled for task ':weft-core:processDebugJavaRes' because:
  Build cache is disabled
  Caching has been disabled for the task
Task ':weft-core:processDebugJavaRes' is not up-to-date because:
  No history is available.
file or directory '/home/runner/work/Weft/Weft/android/weft-core/src/main/resources', not found
file or directory '/home/runner/work/Weft/Weft/android/weft-core/src/debug/resources', not found
file or directory '/home/runner/work/Weft/Weft/android/weft-core/src/main/resources', not found
file or directory '/home/runner/work/Weft/Weft/android/weft-core/src/debug/resources', not found
work action resolve classes.jar (project :weft-core) (Thread[Execution worker Thread 2,5,main]) started.
work action resolve out (project :weft-core) (Thread[Execution worker Thread 2,5,main]) started.
work action resolve classes.jar (project :weft-core) (Thread[Execution worker Thread 2,5,main]) started.
Resolve mutations for :weft-compose:compileDebugKotlin (Thread[Execution worker Thread 2,5,main]) started.
:weft-compose:compileDebugKotlin (Thread[Execution worker Thread 2,5,main]) started.
:weft-core:compileReleaseJavaWithJavac (Thread[Execution worker,5,main]) started.

> Task :weft-core:compileReleaseJavaWithJavac
Transforming core-for-system-modules.jar with JdkImageTransform
Transforming core-for-system-modules.jar with JdkImageTransform
Transforming core-for-system-modules.jar with JdkImageTransform
Transforming core-for-system-modules.jar with JdkImageTransform
Transforming core-for-system-modules.jar with JdkImageTransform
Transforming core-for-system-modules.jar with JdkImageTransform
Custom actions are attached to task ':weft-core:compileReleaseJavaWithJavac'.
Caching disabled for task ':weft-core:compileReleaseJavaWithJavac' because:
  Build cache is disabled
Task ':weft-core:compileReleaseJavaWithJavac' is not up-to-date because:
  No history is available.
The input changes require a full rebuild for incremental task ':weft-core:compileReleaseJavaWithJavac'.
Compilation mode: in-process compilation
Transforming core-for-system-modules.jar with JdkImageTransform
Full recompilation is required because no incremental change information is available. This is usually caused by clean builds or changing compiler arguments.
Compiling with toolchain '/usr/lib/jvm/temurin-17-jdk-amd64'.
file or directory '/home/runner/work/Weft/Weft/android/weft-core/src/release/java', not found
Compiling with JDK Java compiler API.
Class dependency analysis for incremental compilation took 0.0 secs.
Created classpath snapshot for incremental compilation in 0.037 secs.
Resolve mutations for :weft-core:bundleLibCompileToJarRelease (Thread[Execution worker,5,main]) started.
:weft-core:bundleLibCompileToJarRelease (Thread[Execution worker,5,main]) started.
Resolve mutations for :weft-core:bundleLibRuntimeToJarRelease (Thread[Execution worker Thread 3,5,main]) started.
:weft-core:bundleLibRuntimeToJarRelease (Thread[Execution worker Thread 3,5,main]) started.
Resolve mutations for :weft-core:processReleaseJavaRes (Thread[included builds,5,main]) started.
:weft-core:processReleaseJavaRes (Thread[included builds,5,main]) started.

> Task :weft-core:bundleLibCompileToJarRelease
Caching disabled for task ':weft-core:bundleLibCompileToJarRelease' because:
  Build cache is disabled
  Simple merging task
Task ':weft-core:bundleLibCompileToJarRelease' is not up-to-date because:
  No history is available.

> Task :weft-core:processReleaseJavaRes
file or directory '/home/runner/work/Weft/Weft/android/weft-core/src/main/resources', not found
file or directory '/home/runner/work/Weft/Weft/android/weft-core/src/release/resources', not found
file or directory '/home/runner/work/Weft/Weft/android/weft-core/src/main/resources', not found
file or directory '/home/runner/work/Weft/Weft/android/weft-core/src/release/resources', not found
Caching disabled for task ':weft-core:processReleaseJavaRes' because:
  Build cache is disabled
  Caching has been disabled for the task
Task ':weft-core:processReleaseJavaRes' is not up-to-date because:
  No history is available.
file or directory '/home/runner/work/Weft/Weft/android/weft-core/src/main/resources', not found
file or directory '/home/runner/work/Weft/Weft/android/weft-core/src/release/resources', not found
file or directory '/home/runner/work/Weft/Weft/android/weft-core/src/main/resources', not found
file or directory '/home/runner/work/Weft/Weft/android/weft-core/src/release/resources', not found
work action resolve classes.jar (project :weft-core) (Thread[Execution worker,5,main]) started.
work action resolve out (project :weft-core) (Thread[Execution worker,5,main]) started.
Resolve mutations for :weft-compose:compileReleaseKotlin (Thread[Execution worker,5,main]) started.
:weft-compose:compileReleaseKotlin (Thread[Execution worker,5,main]) started.

> Task :weft-core:bundleLibRuntimeToJarRelease
Caching disabled for task ':weft-core:bundleLibRuntimeToJarRelease' because:
  Build cache is disabled
  Simple merging task
Task ':weft-core:bundleLibRuntimeToJarRelease' is not up-to-date because:
  No history is available.
work action resolve classes.jar (project :weft-core) (Thread[Execution worker Thread 3,5,main]) started.
Resolve mutations for :weft-core:compileDebugUnitTestKotlin (Thread[Execution worker Thread 3,5,main]) started.
:weft-core:compileDebugUnitTestKotlin (Thread[Execution worker Thread 3,5,main]) started.
Resolve mutations for :weft-core:compileReleaseUnitTestKotlin (Thread[included builds,5,main]) started.
:weft-core:compileReleaseUnitTestKotlin (Thread[included builds,5,main]) started.

> Task :weft-compose:compileDebugKotlin
Transforming core-1.15.0.aar (androidx.core:core:1.15.0) with AarToClassTransform
Transforming ui-util-release.aar (androidx.compose.ui:ui-util-android:1.7.6) with AarToClassTransform
Caching disabled for AarToClassTransform: /home/runner/.gradle/caches/modules-2/files-2.1/androidx.compose.ui/ui-util-android/1.7.6/943ea447286231a4f72379a76e298c705e534258/ui-util-release.aar because:
  Build cache is disabled
  Caching not enabled.
Transforming ui-unit-release.aar (androidx.compose.ui:ui-unit-android:1.7.6) with AarToClassTransform
Transforming ui-text-release.aar (androidx.compose.ui:ui-text-android:1.7.6) with AarToClassTransform
Transforming ui-graphics-release.aar (androidx.compose.ui:ui-graphics-android:1.7.6) with AarToClassTransform
Transforming ui-geometry-release.aar (androidx.compose.ui:ui-geometry-android:1.7.6) with AarToClassTransform
Transforming ui-release.aar (androidx.compose.ui:ui-android:1.7.6) with AarToClassTransform
Transforming lifecycle-runtime-ktx-release.aar (androidx.lifecycle:lifecycle-runtime-ktx-android:2.8.7) with AarToClassTransform
Transforming lifecycle-livedata-core-2.8.7.aar (androidx.lifecycle:lifecycle-livedata-core:2.8.7) with AarToClassTransform
Transforming lifecycle-viewmodel-release.aar (androidx.lifecycle:lifecycle-viewmodel-android:2.8.7) with AarToClassTransform
Transforming lifecycle-common-jvm-2.8.7.jar (androidx.lifecycle:lifecycle-common-jvm:2.8.7) with IdentityTransform
Transforming lifecycle-runtime-compose-release.aar (androidx.lifecycle:lifecycle-runtime-compose-android:2.8.7) with AarToClassTransform
Transforming lifecycle-runtime-release.aar (androidx.lifecycle:lifecycle-runtime-android:2.8.7) with AarToClassTransform
Transforming lifecycle-viewmodel-compose-release.aar (androidx.lifecycle:lifecycle-viewmodel-compose-android:2.8.7) with AarToClassTransform
Transforming lifecycle-viewmodel-savedstate-2.8.7.aar (androidx.lifecycle:lifecycle-viewmodel-savedstate:2.8.7) with AarToClassTransform
Transforming core-ktx-1.15.0.aar (androidx.core:core-ktx:1.15.0) with AarToClassTransform
Transforming versionedparcelable-1.1.1.aar (androidx.versionedparcelable:versionedparcelable:1.1.1) with AarToClassTransform
Transforming runtime-release.aar (androidx.compose.runtime:runtime-android:1.7.6) with AarToClassTransform
Transforming runtime-saveable-release.aar (androidx.compose.runtime:runtime-saveable-android:1.7.6) with AarToClassTransform
Transforming savedstate-1.2.1.aar (androidx.savedstate:savedstate:1.2.1) with AarToClassTransform
Transforming core-common-2.2.0.jar (androidx.arch.core:core-common:2.2.0) with IdentityTransform
Transforming annotation-jvm-1.8.1.jar (androidx.annotation:annotation-jvm:1.8.1) with IdentityTransform
Caching disabled for AarToClassTransform: /home/runner/.gradle/caches/modules-2/files-2.1/androidx.compose.ui/ui-unit-android/1.7.6/731cce47c8f596076fda91092c8b2629ad22794b/ui-unit-release.aar because:
  Build cache is disabled
  Caching not enabled.
Transforming annotation-experimental-1.4.1.aar (androidx.annotation:annotation-experimental:1.4.1) with AarToClassTransform
Transforming kotlinx-coroutines-core-jvm-1.7.3.jar (org.jetbrains.kotlinx:kotlinx-coroutines-core-jvm:1.7.3) with IdentityTransform
Transforming kotlinx-coroutines-android-1.7.3.jar (org.jetbrains.kotlinx:kotlinx-coroutines-android:1.7.3) with IdentityTransform
Transforming kotlin-stdlib-jdk8-1.8.20.jar (org.jetbrains.kotlin:kotlin-stdlib-jdk8:1.8.20) with IdentityTransform
Transforming kotlin-stdlib-jdk7-1.8.20.jar (org.jetbrains.kotlin:kotlin-stdlib-jdk7:1.8.20) with IdentityTransform
Transforming kotlin-stdlib-2.1.0.jar (org.jetbrains.kotlin:kotlin-stdlib:2.1.0) with IdentityTransform
Transforming annotations-23.0.0.jar (org.jetbrains:annotations:23.0.0) with IdentityTransform
Caching disabled for AarToClassTransform: /home/runner/.gradle/caches/modules-2/files-2.1/androidx.compose.ui/ui-text-android/1.7.6/a180631cb396954bed7aa72e0728f9bb7dd06d5a/ui-text-release.aar because:
  Build cache is disabled
  Caching not enabled.
Caching disabled for AarToClassTransform: /home/runner/.gradle/caches/modules-2/files-2.1/androidx.compose.ui/ui-graphics-android/1.7.6/150850a5fa820d8d57f71ea7c69b28b98f641ffc/ui-graphics-release.aar because:
  Build cache is disabled
  Caching not enabled.
Caching disabled for AarToClassTransform: /home/runner/.gradle/caches/modules-2/files-2.1/androidx.compose.ui/ui-geometry-android/1.7.6/8144834bd81e6e69d897ebf0411ecb04d13a7aa9/ui-geometry-release.aar because:
  Build cache is disabled
  Caching not enabled.
Caching disabled for AarToClassTransform: /home/runner/.gradle/caches/modules-2/files-2.1/androidx.compose.ui/ui-android/1.7.6/50f44a3b5cd79ed21f7c02e48b30129702200a56/ui-release.aar because:
  Build cache is disabled
  Caching not enabled.
Caching disabled for AarToClassTransform: /home/runner/.gradle/caches/modules-2/files-2.1/androidx.lifecycle/lifecycle-runtime-ktx-android/2.8.7/4efeb13bc2500635dcffc517b401cb5270c6aa42/lifecycle-runtime-ktx-release.aar because:
  Build cache is disabled
  Caching not enabled.
Caching disabled for AarToClassTransform: /home/runner/.gradle/caches/modules-2/files-2.1/androidx.lifecycle/lifecycle-livedata-core/2.8.7/62e7efadd1ee10a038f39caa0a0242e19ae150dd/lifecycle-livedata-core-2.8.7.aar because:
  Build cache is disabled
  Caching not enabled.
Caching disabled for AarToClassTransform: /home/runner/.gradle/caches/modules-2/files-2.1/androidx.lifecycle/lifecycle-runtime-compose-android/2.8.7/5851a3aee97f0a9157a97beafd457304629b60a1/lifecycle-runtime-compose-release.aar because:
  Build cache is disabled
  Caching not enabled.
Caching disabled for AarToClassTransform: /home/runner/.gradle/caches/modules-2/files-2.1/androidx.lifecycle/lifecycle-viewmodel-compose-android/2.8.7/4ad6d776a6552a3b0df2252f68a1eef6a3bf7710/lifecycle-viewmodel-compose-release.aar because:
  Build cache is disabled
  Caching not enabled.
Caching disabled for AarToClassTransform: /home/runner/.gradle/caches/modules-2/files-2.1/androidx.lifecycle/lifecycle-viewmodel-savedstate/2.8.7/a276ea2c0c811d5fac2c3fe03ddba78122c41deb/lifecycle-viewmodel-savedstate-2.8.7.aar because:
  Build cache is disabled
  Caching not enabled.
Caching disabled for AarToClassTransform: /home/runner/.gradle/caches/modules-2/files-2.1/androidx.compose.runtime/runtime-android/1.7.6/4a413ce3ef6d1c1e9f8fdc47613154bbd6780ede/runtime-release.aar because:
  Build cache is disabled
  Caching not enabled.
Caching disabled for AarToClassTransform: /home/runner/.gradle/caches/modules-2/files-2.1/androidx.compose.runtime/runtime-saveable-android/1.7.6/9fcb67c0ad7fa69d4dc19e2ebac3516f23896b1b/runtime-saveable-release.aar because:
  Build cache is disabled
  Caching not enabled.
Caching disabled for AarToClassTransform: /home/runner/.gradle/caches/modules-2/files-2.1/androidx.savedstate/savedstate/1.2.1/e364fc9dec32aa569d855f85864e50250318a093/savedstate-1.2.1.aar because:
  Build cache is disabled
  Caching not enabled.
Downloading https://dl.google.com/dl/android/maven2/androidx/collection/collection-jvm/1.4.4/collection-jvm-1.4.4.jar to /home/runner/.gradle/.tmp/gradle_download4934226467753771827bin
Transforming collection-jvm-1.4.4.jar (androidx.collection:collection-jvm:1.4.4) with IdentityTransform
Caching disabled for IdentityTransform: /home/runner/.gradle/caches/modules-2/files-2.1/androidx.collection/collection-jvm/1.4.4/da13a7e557c430276b8cb490420effebc1398c0d/collection-jvm-1.4.4.jar because:
  Build cache is disabled
  Caching not enabled.
Transforming R.jar with BuildToolsApiClasspathEntrySnapshotTransform
Transforming classes.jar with BuildToolsApiClasspathEntrySnapshotTransform
Transforming core-1.15.0-api.jar with BuildToolsApiClasspathEntrySnapshotTransform
Transforming ui-util-release-api.jar with BuildToolsApiClasspathEntrySnapshotTransform
Transforming ui-unit-release-api.jar with BuildToolsApiClasspathEntrySnapshotTransform
Transforming ui-text-release-api.jar with BuildToolsApiClasspathEntrySnapshotTransform
Transforming ui-graphics-release-api.jar with BuildToolsApiClasspathEntrySnapshotTransform
Transforming ui-geometry-release-api.jar with BuildToolsApiClasspathEntrySnapshotTransform
Transforming ui-release-api.jar with BuildToolsApiClasspathEntrySnapshotTransform
Transforming lifecycle-runtime-ktx-release-api.jar with BuildToolsApiClasspathEntrySnapshotTransform
Transforming lifecycle-livedata-core-2.8.7-api.jar with BuildToolsApiClasspathEntrySnapshotTransform
Transforming lifecycle-viewmodel-release-api.jar with BuildToolsApiClasspathEntrySnapshotTransform
Transforming lifecycle-common-jvm-2.8.7.jar with BuildToolsApiClasspathEntrySnapshotTransform
Transforming lifecycle-runtime-compose-release-api.jar with BuildToolsApiClasspathEntrySnapshotTransform
Transforming lifecycle-runtime-release-api.jar with BuildToolsApiClasspathEntrySnapshotTransform
Transforming lifecycle-viewmodel-compose-release-api.jar with BuildToolsApiClasspathEntrySnapshotTransform
Transforming lifecycle-viewmodel-savedstate-2.8.7-api.jar with BuildToolsApiClasspathEntrySnapshotTransform
Transforming core-ktx-1.15.0-api.jar with BuildToolsApiClasspathEntrySnapshotTransform
Transforming versionedparcelable-1.1.1-api.jar with BuildToolsApiClasspathEntrySnapshotTransform
Transforming runtime-release-api.jar with BuildToolsApiClasspathEntrySnapshotTransform
Transforming runtime-saveable-release-api.jar with BuildToolsApiClasspathEntrySnapshotTransform
Transforming savedstate-1.2.1-api.jar with BuildToolsApiClasspathEntrySnapshotTransform
Caching disabled for BuildToolsApiClasspathEntrySnapshotTransform: /home/runner/work/Weft/Weft/android/weft-compose/build/intermediates/compile_r_class_jar/debug/generateDebugRFile/R.jar because:
  Build cache is disabled
Transforming core-common-2.2.0.jar with BuildToolsApiClasspathEntrySnapshotTransform
Transforming collection-jvm-1.4.4.jar with BuildToolsApiClasspathEntrySnapshotTransform
Transforming annotation-jvm-1.8.1.jar with BuildToolsApiClasspathEntrySnapshotTransform
Transforming annotation-experimental-1.4.1-api.jar with BuildToolsApiClasspathEntrySnapshotTransform
Transforming kotlinx-coroutines-core-jvm-1.7.3.jar with BuildToolsApiClasspathEntrySnapshotTransform
Transforming kotlinx-coroutines-android-1.7.3.jar with BuildToolsApiClasspathEntrySnapshotTransform
Transforming kotlin-stdlib-jdk8-1.8.20.jar with BuildToolsApiClasspathEntrySnapshotTransform
Transforming kotlin-stdlib-jdk7-1.8.20.jar with BuildToolsApiClasspathEntrySnapshotTransform
Transforming kotlin-stdlib-2.1.0.jar with BuildToolsApiClasspathEntrySnapshotTransform
Transforming annotations-23.0.0.jar with BuildToolsApiClasspathEntrySnapshotTransform
Transforming android.jar with BuildToolsApiClasspathEntrySnapshotTransform
Transforming core-lambda-stubs.jar with BuildToolsApiClasspathEntrySnapshotTransform
Caching disabled for BuildToolsApiClasspathEntrySnapshotTransform: /home/runner/work/Weft/Weft/android/weft-core/build/intermediates/compile_library_classes_jar/debug/bundleLibCompileToJarDebug/classes.jar because:
  Build cache is disabled
Caching disabled for BuildToolsApiClasspathEntrySnapshotTransform: /home/runner/.gradle/caches/8.11.1/transforms/21a72919f723b0dd339d17b747cba369/transformed/ui-util-release-api.jar because:
  Build cache is disabled
Caching disabled for BuildToolsApiClasspathEntrySnapshotTransform: /home/runner/.gradle/caches/8.11.1/transforms/1c45bc602d2613c951c1df949b924917/transformed/ui-unit-release-api.jar because:
  Build cache is disabled
Caching disabled for BuildToolsApiClasspathEntrySnapshotTransform: /home/runner/.gradle/caches/8.11.1/transforms/eaf39ffc17a68698deb5970a9fbba826/transformed/ui-text-release-api.jar because:
  Build cache is disabled
Caching disabled for BuildToolsApiClasspathEntrySnapshotTransform: /home/runner/.gradle/caches/8.11.1/transforms/26fbd3b86b677dc778c4a32ce624c22c/transformed/ui-graphics-release-api.jar because:
  Build cache is disabled
Caching disabled for BuildToolsApiClasspathEntrySnapshotTransform: /home/runner/.gradle/caches/8.11.1/transforms/cdb502f3340952b621737a0fffef2759/transformed/ui-geometry-release-api.jar because:
  Build cache is disabled
Caching disabled for BuildToolsApiClasspathEntrySnapshotTransform: /home/runner/.gradle/caches/8.11.1/transforms/70db2dc0433be56a1be4e148b300d6d2/transformed/lifecycle-runtime-ktx-release-api.jar because:
  Build cache is disabled
Caching disabled for BuildToolsApiClasspathEntrySnapshotTransform: /home/runner/.gradle/caches/8.11.1/transforms/4a90acc45a374f0a75793e39292dce83/transformed/lifecycle-livedata-core-2.8.7-api.jar because:
  Build cache is disabled
Caching disabled for BuildToolsApiClasspathEntrySnapshotTransform: /home/runner/.gradle/caches/8.11.1/transforms/2400e97a3c9c5d5fc45952a6477d4f6c/transformed/ui-release-api.jar because:
  Build cache is disabled
Caching disabled for BuildToolsApiClasspathEntrySnapshotTransform: /home/runner/.gradle/caches/8.11.1/transforms/0318c744856a6a209e7ebffbc0925d2f/transformed/lifecycle-runtime-compose-release-api.jar because:
  Build cache is disabled
Caching disabled for BuildToolsApiClasspathEntrySnapshotTransform: /home/runner/.gradle/caches/8.11.1/transforms/27f14616cb789be95ec67696214e6412/transformed/lifecycle-viewmodel-compose-release-api.jar because:
  Build cache is disabled
Caching disabled for BuildToolsApiClasspathEntrySnapshotTransform: /home/runner/.gradle/caches/8.11.1/transforms/f9d93833790b6cd2a864f97dd088a3b8/transformed/lifecycle-viewmodel-savedstate-2.8.7-api.jar because:
  Build cache is disabled
Caching disabled for BuildToolsApiClasspathEntrySnapshotTransform: /home/runner/.gradle/caches/8.11.1/transforms/168b8d8a7a4cf9202f68505c5e5b5fb6/transformed/runtime-release-api.jar because:
  Build cache is disabled
Caching disabled for BuildToolsApiClasspathEntrySnapshotTransform: /home/runner/.gradle/caches/8.11.1/transforms/db5e5df0c73988ed1c4ac06f8ab63169/transformed/runtime-saveable-release-api.jar because:
  Build cache is disabled
Caching disabled for BuildToolsApiClasspathEntrySnapshotTransform: /home/runner/.gradle/caches/8.11.1/transforms/420df488327e0fe1388e017748eaf32d/transformed/savedstate-1.2.1-api.jar because:
  Build cache is disabled
Caching disabled for BuildToolsApiClasspathEntrySnapshotTransform: /home/runner/.gradle/caches/modules-2/files-2.1/androidx.collection/collection-jvm/1.4.4/da13a7e557c430276b8cb490420effebc1398c0d/collection-jvm-1.4.4.jar because:
  Build cache is disabled
Resource missing. [HTTP GET: https://dl.google.com/dl/android/maven2/org/jetbrains/kotlin/kotlin-compose-compiler-plugin-embeddable/2.1.0/kotlin-compose-compiler-plugin-embeddable-2.1.0.pom]
Downloading https://repo.maven.apache.org/maven2/org/jetbrains/kotlin/kotlin-compose-compiler-plugin-embeddable/2.1.0/kotlin-compose-compiler-plugin-embeddable-2.1.0.pom to /home/runner/.gradle/.tmp/gradle_download17763994460312938795bin
Downloading https://repo.maven.apache.org/maven2/org/jetbrains/kotlin/kotlin-compose-compiler-plugin-embeddable/2.1.0/kotlin-compose-compiler-plugin-embeddable-2.1.0.jar to /home/runner/.gradle/.tmp/gradle_download3786425621604323704bin
Caching disabled for task ':weft-compose:compileDebugKotlin' because:
  Build cache is disabled
Task ':weft-compose:compileDebugKotlin' is not up-to-date because:
  No history is available.
The input changes require a full rebuild for incremental task ':weft-compose:compileDebugKotlin'.
file or directory '/home/runner/work/Weft/Weft/android/weft-compose/src/debug/kotlin', not found
file or directory '/home/runner/work/Weft/Weft/android/weft-compose/src/debug/java', not found
file or directory '/home/runner/work/Weft/Weft/android/weft-compose/src/debug/kotlin', not found
file or directory '/home/runner/work/Weft/Weft/android/weft-compose/src/debug/kotlin', not found
file or directory '/home/runner/work/Weft/Weft/android/weft-compose/src/debug/java', not found
file or directory '/home/runner/work/Weft/Weft/android/weft-compose/src/main/java', not found
file or directory '/home/runner/work/Weft/Weft/android/weft-compose/src/main/java', not found
file or directory '/home/runner/work/Weft/Weft/android/weft-compose/src/main/java', not found
file or directory '/home/runner/work/Weft/Weft/android/weft-compose/src/debug/java', not found
file or directory '/home/runner/work/Weft/Weft/android/weft-compose/src/debug/kotlin', not found
file or directory '/home/runner/work/Weft/Weft/android/weft-compose/src/debug/java', not found
file or directory '/home/runner/work/Weft/Weft/android/weft-compose/src/debug/kotlin', not found
file or directory '/home/runner/work/Weft/Weft/android/weft-compose/src/debug/kotlin', not found
file or directory '/home/runner/work/Weft/Weft/android/weft-compose/src/debug/java', not found
file or directory '/home/runner/work/Weft/Weft/android/weft-compose/src/debug/kotlin', not found
file or directory '/home/runner/work/Weft/Weft/android/weft-compose/src/debug/java', not found
file or directory '/home/runner/work/Weft/Weft/android/weft-compose/src/debug/kotlin', not found
file or directory '/home/runner/work/Weft/Weft/android/weft-compose/src/debug/kotlin', not found
file or directory '/home/runner/work/Weft/Weft/android/weft-compose/src/debug/java', not found
file or directory '/home/runner/work/Weft/Weft/android/weft-compose/src/main/java', not found
file or directory '/home/runner/work/Weft/Weft/android/weft-compose/src/main/java', not found
file or directory '/home/runner/work/Weft/Weft/android/weft-compose/src/main/java', not found
file or directory '/home/runner/work/Weft/Weft/android/weft-compose/src/debug/java', not found
file or directory '/home/runner/work/Weft/Weft/android/weft-compose/src/debug/kotlin', not found
file or directory '/home/runner/work/Weft/Weft/android/weft-compose/src/debug/java', not found
file or directory '/home/runner/work/Weft/Weft/android/weft-compose/src/debug/kotlin', not found
file or directory '/home/runner/work/Weft/Weft/android/weft-compose/src/debug/kotlin', not found
file or directory '/home/runner/work/Weft/Weft/android/weft-compose/src/debug/java', not found
file or directory '/home/runner/work/Weft/Weft/android/weft-compose/src/main/java', not found
file or directory '/home/runner/work/Weft/Weft/android/weft-compose/src/main/java', not found
file or directory '/home/runner/work/Weft/Weft/android/weft-compose/src/main/java', not found
file or directory '/home/runner/work/Weft/Weft/android/weft-compose/src/debug/java', not found
file or directory '/home/runner/work/Weft/Weft/android/weft-compose/src/debug/kotlin', not found
file or directory '/home/runner/work/Weft/Weft/android/weft-compose/src/debug/java', not found
file or directory '/home/runner/work/Weft/Weft/android/weft-compose/src/debug/kotlin', not found
file or directory '/home/runner/work/Weft/Weft/android/weft-compose/src/debug/kotlin', not found
file or directory '/home/runner/work/Weft/Weft/android/weft-compose/src/debug/java', not found
file or directory '/home/runner/work/Weft/Weft/android/weft-compose/src/main/java', not found
file or directory '/home/runner/work/Weft/Weft/android/weft-compose/src/main/java', not found
file or directory '/home/runner/work/Weft/Weft/android/weft-compose/src/main/java', not found
file or directory '/home/runner/work/Weft/Weft/android/weft-compose/src/debug/java', not found
Kotlin source files: /home/runner/work/Weft/Weft/android/weft-compose/src/main/kotlin/dev/weft/compose/WeftGovernedDraw.kt, /home/runner/work/Weft/Weft/android/weft-compose/src/main/kotlin/dev/weft/compose/WeftModifiers.kt, /home/runner/work/Weft/Weft/android/weft-compose/src/main/kotlin/dev/weft/compose/WeftHeddle.kt
Java source files: 
Script source files: 
Script file extensions: 
Using Kotlin/JVM incremental compilation
[KOTLIN] Kotlin compilation 'jdkHome' argument: null
Options for KOTLIN DAEMON: IncrementalCompilationOptions(super=CompilationOptions(compilerMode=INCREMENTAL_COMPILER, targetPlatform=JVM, reportCategories=[0, 3], reportSeverity=2, requestedCompilationResults=[0], kotlinScriptExtensions=[]), areFileChangesKnown=false, modifiedFiles=null, deletedFiles=null, classpathChanges=NotAvailableForNonIncrementalRun, workingDir=/home/runner/work/Weft/Weft/android/weft-compose/build/kotlin/compileDebugKotlin/cacheable, multiModuleICSettings=MultiModuleICSettings(buildHistoryFile=/home/runner/work/Weft/Weft/android/weft-compose/build/kotlin/compileDebugKotlin/local-state/build-history.bin, useModuleDetection=true), usePreciseJavaTracking=true, icFeatures=IncrementalCompilationFeatures(withAbiSnapshot=false, preciseCompilationResultsBackup=true, keepIncrementalCompilationCachesInMemory=true, enableUnsafeIncrementalCompilationForMultiplatform=false), outputFiles=[/home/runner/work/Weft/Weft/android/weft-compose/build/tmp/kotlin-classes/debug, /home/runner/work/Weft/Weft/android/weft-compose/build/kotlin/compileDebugKotlin/cacheable, /home/runner/work/Weft/Weft/android/weft-compose/build/kotlin/compileDebugKotlin/local-state])
Finished executing kotlin compiler using DAEMON strategy
Resolve mutations for :weft-compose:compileDebugJavaWithJavac (Thread[Execution worker Thread 2,5,main]) started.
:weft-compose:compileDebugJavaWithJavac (Thread[Execution worker Thread 2,5,main]) started.

> Task :weft-compose:compileReleaseKotlin
Transforming R.jar with BuildToolsApiClasspathEntrySnapshotTransform
Transforming classes.jar with BuildToolsApiClasspathEntrySnapshotTransform
Transforming core-1.15.0-api.jar with BuildToolsApiClasspathEntrySnapshotTransform
Transforming ui-util-release-api.jar with BuildToolsApiClasspathEntrySnapshotTransform
Transforming ui-unit-release-api.jar with BuildToolsApiClasspathEntrySnapshotTransform
Transforming ui-text-release-api.jar with BuildToolsApiClasspathEntrySnapshotTransform
Transforming ui-graphics-release-api.jar with BuildToolsApiClasspathEntrySnapshotTransform
Transforming ui-geometry-release-api.jar with BuildToolsApiClasspathEntrySnapshotTransform
Transforming ui-release-api.jar with BuildToolsApiClasspathEntrySnapshotTransform
Transforming lifecycle-runtime-ktx-release-api.jar with BuildToolsApiClasspathEntrySnapshotTransform
Transforming lifecycle-livedata-core-2.8.7-api.jar with BuildToolsApiClasspathEntrySnapshotTransform
Transforming lifecycle-viewmodel-release-api.jar with BuildToolsApiClasspathEntrySnapshotTransform
Transforming lifecycle-common-jvm-2.8.7.jar with BuildToolsApiClasspathEntrySnapshotTransform
Transforming lifecycle-runtime-compose-release-api.jar with BuildToolsApiClasspathEntrySnapshotTransform
Transforming lifecycle-runtime-release-api.jar with BuildToolsApiClasspathEntrySnapshotTransform
Transforming lifecycle-viewmodel-compose-release-api.jar with BuildToolsApiClasspathEntrySnapshotTransform
Transforming lifecycle-viewmodel-savedstate-2.8.7-api.jar with BuildToolsApiClasspathEntrySnapshotTransform
Transforming core-ktx-1.15.0-api.jar with BuildToolsApiClasspathEntrySnapshotTransform
Transforming versionedparcelable-1.1.1-api.jar with BuildToolsApiClasspathEntrySnapshotTransform
Transforming runtime-release-api.jar with BuildToolsApiClasspathEntrySnapshotTransform
Transforming runtime-saveable-release-api.jar with BuildToolsApiClasspathEntrySnapshotTransform
Transforming savedstate-1.2.1-api.jar with BuildToolsApiClasspathEntrySnapshotTransform
Transforming core-common-2.2.0.jar with BuildToolsApiClasspathEntrySnapshotTransform
Transforming collection-jvm-1.4.4.jar with BuildToolsApiClasspathEntrySnapshotTransform
Transforming annotation-jvm-1.8.1.jar with BuildToolsApiClasspathEntrySnapshotTransform
Transforming annotation-experimental-1.4.1-api.jar with BuildToolsApiClasspathEntrySnapshotTransform
Transforming kotlinx-coroutines-core-jvm-1.7.3.jar with BuildToolsApiClasspathEntrySnapshotTransform
Transforming kotlinx-coroutines-android-1.7.3.jar with BuildToolsApiClasspathEntrySnapshotTransform
Transforming kotlin-stdlib-jdk8-1.8.20.jar with BuildToolsApiClasspathEntrySnapshotTransform
Transforming kotlin-stdlib-jdk7-1.8.20.jar with BuildToolsApiClasspathEntrySnapshotTransform
Transforming kotlin-stdlib-2.1.0.jar with BuildToolsApiClasspathEntrySnapshotTransform
Transforming annotations-23.0.0.jar with BuildToolsApiClasspathEntrySnapshotTransform
Transforming android.jar with BuildToolsApiClasspathEntrySnapshotTransform
Transforming core-lambda-stubs.jar with BuildToolsApiClasspathEntrySnapshotTransform
Caching disabled for BuildToolsApiClasspathEntrySnapshotTransform: /home/runner/work/Weft/Weft/android/weft-core/build/intermediates/compile_library_classes_jar/release/bundleLibCompileToJarRelease/classes.jar because:
  Build cache is disabled
Caching disabled for task ':weft-compose:compileReleaseKotlin' because:
  Build cache is disabled
Task ':weft-compose:compileReleaseKotlin' is not up-to-date because:
  No history is available.
The input changes require a full rebuild for incremental task ':weft-compose:compileReleaseKotlin'.
file or directory '/home/runner/work/Weft/Weft/android/weft-compose/src/release/kotlin', not found
file or directory '/home/runner/work/Weft/Weft/android/weft-compose/src/release/java', not found
file or directory '/home/runner/work/Weft/Weft/android/weft-compose/src/release/kotlin', not found
file or directory '/home/runner/work/Weft/Weft/android/weft-compose/src/release/kotlin', not found
file or directory '/home/runner/work/Weft/Weft/android/weft-compose/src/release/java', not found
file or directory '/home/runner/work/Weft/Weft/android/weft-compose/src/main/java', not found
file or directory '/home/runner/work/Weft/Weft/android/weft-compose/src/main/java', not found
file or directory '/home/runner/work/Weft/Weft/android/weft-compose/src/main/java', not found
file or directory '/home/runner/work/Weft/Weft/android/weft-compose/src/release/java', not found
file or directory '/home/runner/work/Weft/Weft/android/weft-compose/src/release/kotlin', not found
file or directory '/home/runner/work/Weft/Weft/android/weft-compose/src/release/java', not found
file or directory '/home/runner/work/Weft/Weft/android/weft-compose/src/release/kotlin', not found
file or directory '/home/runner/work/Weft/Weft/android/weft-compose/src/release/kotlin', not found
file or directory '/home/runner/work/Weft/Weft/android/weft-compose/src/release/java', not found
file or directory '/home/runner/work/Weft/Weft/android/weft-compose/src/release/kotlin', not found
file or directory '/home/runner/work/Weft/Weft/android/weft-compose/src/release/java', not found
file or directory '/home/runner/work/Weft/Weft/android/weft-compose/src/release/kotlin', not found
file or directory '/home/runner/work/Weft/Weft/android/weft-compose/src/release/kotlin', not found
file or directory '/home/runner/work/Weft/Weft/android/weft-compose/src/release/java', not found
file or directory '/home/runner/work/Weft/Weft/android/weft-compose/src/main/java', not found
file or directory '/home/runner/work/Weft/Weft/android/weft-compose/src/main/java', not found
file or directory '/home/runner/work/Weft/Weft/android/weft-compose/src/main/java', not found
file or directory '/home/runner/work/Weft/Weft/android/weft-compose/src/release/java', not found
file or directory '/home/runner/work/Weft/Weft/android/weft-compose/src/release/kotlin', not found
file or directory '/home/runner/work/Weft/Weft/android/weft-compose/src/release/java', not found
file or directory '/home/runner/work/Weft/Weft/android/weft-compose/src/release/kotlin', not found
file or directory '/home/runner/work/Weft/Weft/android/weft-compose/src/release/kotlin', not found
file or directory '/home/runner/work/Weft/Weft/android/weft-compose/src/release/java', not found
file or directory '/home/runner/work/Weft/Weft/android/weft-compose/src/main/java', not found
file or directory '/home/runner/work/Weft/Weft/android/weft-compose/src/main/java', not found
file or directory '/home/runner/work/Weft/Weft/android/weft-compose/src/main/java', not found
file or directory '/home/runner/work/Weft/Weft/android/weft-compose/src/release/java', not found
file or directory '/home/runner/work/Weft/Weft/android/weft-compose/src/release/kotlin', not found
file or directory '/home/runner/work/Weft/Weft/android/weft-compose/src/release/java', not found
file or directory '/home/runner/work/Weft/Weft/android/weft-compose/src/release/kotlin', not found
file or directory '/home/runner/work/Weft/Weft/android/weft-compose/src/release/kotlin', not found
file or directory '/home/runner/work/Weft/Weft/android/weft-compose/src/release/java', not found
file or directory '/home/runner/work/Weft/Weft/android/weft-compose/src/main/java', not found
file or directory '/home/runner/work/Weft/Weft/android/weft-compose/src/main/java', not found
file or directory '/home/runner/work/Weft/Weft/android/weft-compose/src/main/java', not found
file or directory '/home/runner/work/Weft/Weft/android/weft-compose/src/release/java', not found
Kotlin source files: /home/runner/work/Weft/Weft/android/weft-compose/src/main/kotlin/dev/weft/compose/WeftGovernedDraw.kt, /home/runner/work/Weft/Weft/android/weft-compose/src/main/kotlin/dev/weft/compose/WeftModifiers.kt, /home/runner/work/Weft/Weft/android/weft-compose/src/main/kotlin/dev/weft/compose/WeftHeddle.kt
Java source files: 
Script source files: 
Script file extensions: 
Using Kotlin/JVM incremental compilation
[KOTLIN] Kotlin compilation 'jdkHome' argument: null
Options for KOTLIN DAEMON: IncrementalCompilationOptions(super=CompilationOptions(compilerMode=INCREMENTAL_COMPILER, targetPlatform=JVM, reportCategories=[0, 3], reportSeverity=2, requestedCompilationResults=[0], kotlinScriptExtensions=[]), areFileChangesKnown=false, modifiedFiles=null, deletedFiles=null, classpathChanges=NotAvailableForNonIncrementalRun, workingDir=/home/runner/work/Weft/Weft/android/weft-compose/build/kotlin/compileReleaseKotlin/cacheable, multiModuleICSettings=MultiModuleICSettings(buildHistoryFile=/home/runner/work/Weft/Weft/android/weft-compose/build/kotlin/compileReleaseKotlin/local-state/build-history.bin, useModuleDetection=true), usePreciseJavaTracking=true, icFeatures=IncrementalCompilationFeatures(withAbiSnapshot=false, preciseCompilationResultsBackup=true, keepIncrementalCompilationCachesInMemory=true, enableUnsafeIncrementalCompilationForMultiplatform=false), outputFiles=[/home/runner/work/Weft/Weft/android/weft-compose/build/tmp/kotlin-classes/release, /home/runner/work/Weft/Weft/android/weft-compose/build/kotlin/compileReleaseKotlin/cacheable, /home/runner/work/Weft/Weft/android/weft-compose/build/kotlin/compileReleaseKotlin/local-state])
Finished executing kotlin compiler using DAEMON strategy

> Task :weft-compose:compileDebugJavaWithJavac NO-SOURCE
Skipping task ':weft-compose:compileDebugJavaWithJavac' as it has no source files and no previous output files.
Resolve mutations for :weft-compose:bundleLibCompileToJarDebug (Thread[Execution worker Thread 2,5,main]) started.
:weft-compose:bundleLibCompileToJarDebug (Thread[Execution worker Thread 2,5,main]) started.
Resolve mutations for :weft-compose:bundleLibRuntimeToJarDebug (Thread[Execution worker,5,main]) started.
:weft-compose:bundleLibRuntimeToJarDebug (Thread[Execution worker,5,main]) started.

> Task :weft-compose:bundleLibCompileToJarDebug
Caching disabled for task ':weft-compose:bundleLibCompileToJarDebug' because:
  Build cache is disabled
  Simple merging task
Task ':weft-compose:bundleLibCompileToJarDebug' is not up-to-date because:
  No history is available.
work action resolve classes.jar (project :weft-compose) (Thread[Execution worker Thread 2,5,main]) started.
Resolve mutations for :sample-app:compileDebugKotlin (Thread[Execution worker Thread 2,5,main]) started.
:sample-app:compileDebugKotlin (Thread[Execution worker Thread 2,5,main]) started.

> Task :weft-compose:bundleLibRuntimeToJarDebug
Caching disabled for task ':weft-compose:bundleLibRuntimeToJarDebug' because:
  Build cache is disabled
  Simple merging task
Task ':weft-compose:bundleLibRuntimeToJarDebug' is not up-to-date because:
  No history is available.

> Task :weft-core:compileDebugUnitTestKotlin
Transforming core-testing-2.2.0.aar (androidx.arch.core:core-testing:2.2.0) with AarToClassTransform
Transforming core-runtime-2.2.0.aar (androidx.arch.core:core-runtime:2.2.0) with AarToClassTransform
Caching disabled for AarToClassTransform: /home/runner/.gradle/caches/modules-2/files-2.1/androidx.arch.core/core-testing/2.2.0/fa0035bc85ef4918ff47bfdadc3d7eb3ea74aa54/core-testing-2.2.0.aar because:
  Build cache is disabled
  Caching not enabled.
Caching disabled for AarToClassTransform: /home/runner/.gradle/caches/modules-2/files-2.1/androidx.arch.core/core-runtime/2.2.0/39705982680d78556b679ef9d5400d4f17509b0b/core-runtime-2.2.0.aar because:
  Build cache is disabled
  Caching not enabled.
Downloading https://repo.maven.apache.org/maven2/org/mockito/mockito-core/2.25.0/mockito-core-2.25.0.jar to /home/runner/.gradle/.tmp/gradle_download12961406463861138614bin
Downloading https://repo.maven.apache.org/maven2/org/objenesis/objenesis/2.6/objenesis-2.6.jar to /home/runner/.gradle/.tmp/gradle_download5194015594435245028bin
Transforming mockito-core-2.25.0.jar (org.mockito:mockito-core:2.25.0) with IdentityTransform
Transforming objenesis-2.6.jar (org.objenesis:objenesis:2.6) with IdentityTransform
Caching disabled for IdentityTransform: /home/runner/.gradle/caches/modules-2/files-2.1/org.objenesis/objenesis/2.6/639033469776fd37c08358c6b92a4761feb2af4b/objenesis-2.6.jar because:
  Build cache is disabled
  Caching not enabled.
Caching disabled for IdentityTransform: /home/runner/.gradle/caches/modules-2/files-2.1/org.mockito/mockito-core/2.25.0/1fcf2f6944d69b6f39cd579718d8b5395a97836b/mockito-core-2.25.0.jar because:
  Build cache is disabled
  Caching not enabled.
Downloading https://repo.maven.apache.org/maven2/org/hamcrest/hamcrest-core/1.3/hamcrest-core-1.3.jar to /home/runner/.gradle/.tmp/gradle_download10284689164298333487bin
Transforming hamcrest-core-1.3.jar (org.hamcrest:hamcrest-core:1.3) with IdentityTransform
Caching disabled for IdentityTransform: /home/runner/.gradle/caches/modules-2/files-2.1/org.hamcrest/hamcrest-core/1.3/42a25dc3219429f0e5d060061f71acb49bf010a0/hamcrest-core-1.3.jar because:
  Build cache is disabled
  Caching not enabled.
Downloading https://repo.maven.apache.org/maven2/junit/junit/4.13.2/junit-4.13.2.jar to /home/runner/.gradle/.tmp/gradle_download4815018054375533099bin
Transforming junit-4.13.2.jar (junit:junit:4.13.2) with IdentityTransform
Caching disabled for IdentityTransform: /home/runner/.gradle/caches/modules-2/files-2.1/junit/junit/4.13.2/8ac9e16d933b6fb43bc7f576336b8f4d7eb5ba12/junit-4.13.2.jar because:
  Build cache is disabled
  Caching not enabled.
Transforming R.jar with BuildToolsApiClasspathEntrySnapshotTransform
Transforming classes.jar with BuildToolsApiClasspathEntrySnapshotTransform
Transforming core-ktx-1.15.0-api.jar with BuildToolsApiClasspathEntrySnapshotTransform
Transforming core-1.15.0-api.jar with BuildToolsApiClasspathEntrySnapshotTransform
Transforming lifecycle-common-jvm-2.8.7.jar with BuildToolsApiClasspathEntrySnapshotTransform
Transforming lifecycle-runtime-release-api.jar with BuildToolsApiClasspathEntrySnapshotTransform
Transforming lifecycle-viewmodel-release-api.jar with BuildToolsApiClasspathEntrySnapshotTransform
Transforming lifecycle-viewmodel-ktx-2.8.7-api.jar with BuildToolsApiClasspathEntrySnapshotTransform
Transforming core-testing-2.2.0-api.jar with BuildToolsApiClasspathEntrySnapshotTransform
Transforming core-runtime-2.2.0-api.jar with BuildToolsApiClasspathEntrySnapshotTransform
Transforming versionedparcelable-1.1.1-api.jar with BuildToolsApiClasspathEntrySnapshotTransform
Transforming core-common-2.2.0.jar with BuildToolsApiClasspathEntrySnapshotTransform
Transforming collection-jvm-1.4.2.jar with BuildToolsApiClasspathEntrySnapshotTransform
Transforming annotation-jvm-1.8.1.jar with BuildToolsApiClasspathEntrySnapshotTransform
Transforming annotation-experimental-1.4.1-api.jar with BuildToolsApiClasspathEntrySnapshotTransform
Transforming kotlinx-coroutines-core-jvm-1.7.3.jar with BuildToolsApiClasspathEntrySnapshotTransform
Transforming kotlinx-coroutines-android-1.7.3.jar with BuildToolsApiClasspathEntrySnapshotTransform
Transforming kotlin-stdlib-jdk8-1.8.20.jar with BuildToolsApiClasspathEntrySnapshotTransform
Transforming kotlin-stdlib-jdk7-1.8.20.jar with BuildToolsApiClasspathEntrySnapshotTransform
Transforming kotlin-stdlib-2.1.0.jar with BuildToolsApiClasspathEntrySnapshotTransform
Transforming junit-4.13.2.jar with BuildToolsApiClasspathEntrySnapshotTransform
Transforming hamcrest-core-1.3.jar with BuildToolsApiClasspathEntrySnapshotTransform
Transforming annotations-23.0.0.jar with BuildToolsApiClasspathEntrySnapshotTransform
Transforming mockito-core-2.25.0.jar with BuildToolsApiClasspathEntrySnapshotTransform
Transforming objenesis-2.6.jar with BuildToolsApiClasspathEntrySnapshotTransform
Transforming android.jar with BuildToolsApiClasspathEntrySnapshotTransform
Transforming core-lambda-stubs.jar with BuildToolsApiClasspathEntrySnapshotTransform
Caching disabled for BuildToolsApiClasspathEntrySnapshotTransform: /home/runner/work/Weft/Weft/android/weft-core/build/intermediates/compile_and_runtime_not_namespaced_r_class_jar/debugUnitTest/generateDebugUnitTestStubRFile/R.jar because:
  Build cache is disabled
Caching disabled for BuildToolsApiClasspathEntrySnapshotTransform: /home/runner/.gradle/caches/8.11.1/transforms/a96c43d663210aa51c8330f434bc05a7/transformed/core-testing-2.2.0-api.jar because:
  Build cache is disabled
Caching disabled for BuildToolsApiClasspathEntrySnapshotTransform: /home/runner/.gradle/caches/modules-2/files-2.1/org.hamcrest/hamcrest-core/1.3/42a25dc3219429f0e5d060061f71acb49bf010a0/hamcrest-core-1.3.jar because:
  Build cache is disabled
Caching disabled for BuildToolsApiClasspathEntrySnapshotTransform: /home/runner/.gradle/caches/modules-2/files-2.1/org.objenesis/objenesis/2.6/639033469776fd37c08358c6b92a4761feb2af4b/objenesis-2.6.jar because:
  Build cache is disabled
Caching disabled for BuildToolsApiClasspathEntrySnapshotTransform: /home/runner/.gradle/caches/modules-2/files-2.1/org.mockito/mockito-core/2.25.0/1fcf2f6944d69b6f39cd579718d8b5395a97836b/mockito-core-2.25.0.jar because:
  Build cache is disabled
Caching disabled for BuildToolsApiClasspathEntrySnapshotTransform: /home/runner/.gradle/caches/modules-2/files-2.1/junit/junit/4.13.2/8ac9e16d933b6fb43bc7f576336b8f4d7eb5ba12/junit-4.13.2.jar because:
  Build cache is disabled
Caching disabled for BuildToolsApiClasspathEntrySnapshotTransform: /home/runner/.gradle/caches/8.11.1/transforms/d38ddcd6a4860d3ad1c8d1e362a1b1c8/transformed/core-runtime-2.2.0-api.jar because:
  Build cache is disabled
Caching disabled for task ':weft-core:compileDebugUnitTestKotlin' because:
  Build cache is disabled
Task ':weft-core:compileDebugUnitTestKotlin' is not up-to-date because:
  No history is available.
The input changes require a full rebuild for incremental task ':weft-core:compileDebugUnitTestKotlin'.
file or directory '/home/runner/work/Weft/Weft/android/weft-core/src/debugUnitTest/kotlin', not found
file or directory '/home/runner/work/Weft/Weft/android/weft-core/src/test/java', not found
file or directory '/home/runner/work/Weft/Weft/android/weft-core/src/test/java', not found
file or directory '/home/runner/work/Weft/Weft/android/weft-core/src/testDebug/kotlin', not found
file or directory '/home/runner/work/Weft/Weft/android/weft-core/src/testDebug/java', not found
file or directory '/home/runner/work/Weft/Weft/android/weft-core/src/testDebug/kotlin', not found
file or directory '/home/runner/work/Weft/Weft/android/weft-core/src/testDebug/kotlin', not found
file or directory '/home/runner/work/Weft/Weft/android/weft-core/src/testDebug/java', not found
file or directory '/home/runner/work/Weft/Weft/android/weft-core/src/test/java', not found
file or directory '/home/runner/work/Weft/Weft/android/weft-core/src/testDebug/java', not found
file or directory '/home/runner/work/Weft/Weft/android/weft-core/src/debugUnitTest/kotlin', not found
file or directory '/home/runner/work/Weft/Weft/android/weft-core/src/debugUnitTest/kotlin', not found
file or directory '/home/runner/work/Weft/Weft/android/weft-core/src/test/java', not found
file or directory '/home/runner/work/Weft/Weft/android/weft-core/src/test/java', not found
file or directory '/home/runner/work/Weft/Weft/android/weft-core/src/testDebug/kotlin', not found
file or directory '/home/runner/work/Weft/Weft/android/weft-core/src/testDebug/java', not found
file or directory '/home/runner/work/Weft/Weft/android/weft-core/src/testDebug/kotlin', not found
file or directory '/home/runner/work/Weft/Weft/android/weft-core/src/testDebug/kotlin', not found
file or directory '/home/runner/work/Weft/Weft/android/weft-core/src/testDebug/java', not found
file or directory '/home/runner/work/Weft/Weft/android/weft-core/src/test/java', not found
file or directory '/home/runner/work/Weft/Weft/android/weft-core/src/testDebug/java', not found
file or directory '/home/runner/work/Weft/Weft/android/weft-core/src/debugUnitTest/kotlin', not found
file or directory '/home/runner/work/Weft/Weft/android/weft-core/src/test/java', not found
file or directory '/home/runner/work/Weft/Weft/android/weft-core/src/test/java', not found
file or directory '/home/runner/work/Weft/Weft/android/weft-core/src/testDebug/kotlin', not found
file or directory '/home/runner/work/Weft/Weft/android/weft-core/src/testDebug/java', not found
file or directory '/home/runner/work/Weft/Weft/android/weft-core/src/testDebug/kotlin', not found
file or directory '/home/runner/work/Weft/Weft/android/weft-core/src/testDebug/kotlin', not found
file or directory '/home/runner/work/Weft/Weft/android/weft-core/src/testDebug/java', not found
file or directory '/home/runner/work/Weft/Weft/android/weft-core/src/test/java', not found
file or directory '/home/runner/work/Weft/Weft/android/weft-core/src/testDebug/java', not found
file or directory '/home/runner/work/Weft/Weft/android/weft-core/src/debugUnitTest/kotlin', not found
file or directory '/home/runner/work/Weft/Weft/android/weft-core/src/test/java', not found
file or directory '/home/runner/work/Weft/Weft/android/weft-core/src/test/java', not found
file or directory '/home/runner/work/Weft/Weft/android/weft-core/src/testDebug/kotlin', not found
file or directory '/home/runner/work/Weft/Weft/android/weft-core/src/testDebug/java', not found
file or directory '/home/runner/work/Weft/Weft/android/weft-core/src/testDebug/kotlin', not found
file or directory '/home/runner/work/Weft/Weft/android/weft-core/src/testDebug/kotlin', not found
file or directory '/home/runner/work/Weft/Weft/android/weft-core/src/testDebug/java', not found
file or directory '/home/runner/work/Weft/Weft/android/weft-core/src/test/java', not found
file or directory '/home/runner/work/Weft/Weft/android/weft-core/src/testDebug/java', not found
Kotlin source files: /home/runner/work/Weft/Weft/android/weft-core/src/test/kotlin/dev/weft/StewardLifecycleTest.kt, /home/runner/work/Weft/Weft/android/weft-core/src/test/kotlin/dev/weft/GovernedFanoutConsumerTest.kt, /home/runner/work/Weft/Weft/android/weft-core/src/test/kotlin/dev/weft/GovernorTest.kt, /home/runner/work/Weft/Weft/android/weft-core/src/test/kotlin/dev/weft/FanoutTest.kt, /home/runner/work/Weft/Weft/android/weft-core/src/test/kotlin/dev/weft/FanoutCompatTest.kt, /home/runner/work/Weft/Weft/android/weft-core/src/test/kotlin/dev/weft/VerifiedTest.kt, /home/runner/work/Weft/Weft/android/weft-core/src/test/kotlin/dev/weft/RecyclerTest.kt, /home/runner/work/Weft/Weft/android/weft-core/src/test/kotlin/dev/weft/WeftTest.kt
Java source files: 
Script source files: 
Script file extensions: 
Using Kotlin/JVM incremental compilation
[KOTLIN] Kotlin compilation 'jdkHome' argument: null
Options for KOTLIN DAEMON: IncrementalCompilationOptions(super=CompilationOptions(compilerMode=INCREMENTAL_COMPILER, targetPlatform=JVM, reportCategories=[0, 3], reportSeverity=2, requestedCompilationResults=[0], kotlinScriptExtensions=[]), areFileChangesKnown=false, modifiedFiles=null, deletedFiles=null, classpathChanges=NotAvailableForNonIncrementalRun, workingDir=/home/runner/work/Weft/Weft/android/weft-core/build/kotlin/compileDebugUnitTestKotlin/cacheable, multiModuleICSettings=MultiModuleICSettings(buildHistoryFile=/home/runner/work/Weft/Weft/android/weft-core/build/kotlin/compileDebugUnitTestKotlin/local-state/build-history.bin, useModuleDetection=true), usePreciseJavaTracking=true, icFeatures=IncrementalCompilationFeatures(withAbiSnapshot=false, preciseCompilationResultsBackup=true, keepIncrementalCompilationCachesInMemory=true, enableUnsafeIncrementalCompilationForMultiplatform=false), outputFiles=[/home/runner/work/Weft/Weft/android/weft-core/build/tmp/kotlin-classes/debugUnitTest, /home/runner/work/Weft/Weft/android/weft-core/build/kotlin/compileDebugUnitTestKotlin/cacheable, /home/runner/work/Weft/Weft/android/weft-core/build/kotlin/compileDebugUnitTestKotlin/local-state])

work action resolve classes.jar (project :weft-compose) (Thread[Execution worker,5,main]) started.
Resolve mutations for :weft-compose:processDebugJavaRes (Thread[Execution worker,5,main]) started.
:weft-compose:processDebugJavaRes (Thread[Execution worker,5,main]) started.

> Task :weft-core:compileReleaseUnitTestKotlin
Transforming R.jar with BuildToolsApiClasspathEntrySnapshotTransform
Transforming classes.jar with BuildToolsApiClasspathEntrySnapshotTransform
Transforming core-ktx-1.15.0-api.jar with BuildToolsApiClasspathEntrySnapshotTransform
Transforming core-1.15.0-api.jar with BuildToolsApiClasspathEntrySnapshotTransform
Transforming lifecycle-common-jvm-2.8.7.jar with BuildToolsApiClasspathEntrySnapshotTransform
Transforming lifecycle-runtime-release-api.jar with BuildToolsApiClasspathEntrySnapshotTransform
Transforming lifecycle-viewmodel-release-api.jar with BuildToolsApiClasspathEntrySnapshotTransform
Transforming lifecycle-viewmodel-ktx-2.8.7-api.jar with BuildToolsApiClasspathEntrySnapshotTransform
Transforming core-testing-2.2.0-api.jar with BuildToolsApiClasspathEntrySnapshotTransform
Transforming core-runtime-2.2.0-api.jar with BuildToolsApiClasspathEntrySnapshotTransform
Transforming versionedparcelable-1.1.1-api.jar with BuildToolsApiClasspathEntrySnapshotTransform
Transforming core-common-2.2.0.jar with BuildToolsApiClasspathEntrySnapshotTransform
Transforming collection-jvm-1.4.2.jar with BuildToolsApiClasspathEntrySnapshotTransform
Transforming annotation-jvm-1.8.1.jar with BuildToolsApiClasspathEntrySnapshotTransform
Transforming annotation-experimental-1.4.1-api.jar with BuildToolsApiClasspathEntrySnapshotTransform
Transforming kotlinx-coroutines-core-jvm-1.7.3.jar with BuildToolsApiClasspathEntrySnapshotTransform
Transforming kotlinx-coroutines-android-1.7.3.jar with BuildToolsApiClasspathEntrySnapshotTransform
Transforming kotlin-stdlib-jdk8-1.8.20.jar with BuildToolsApiClasspathEntrySnapshotTransform
Transforming kotlin-stdlib-jdk7-1.8.20.jar with BuildToolsApiClasspathEntrySnapshotTransform
Transforming kotlin-stdlib-2.1.0.jar with BuildToolsApiClasspathEntrySnapshotTransform
Transforming junit-4.13.2.jar with BuildToolsApiClasspathEntrySnapshotTransform
Transforming hamcrest-core-1.3.jar with BuildToolsApiClasspathEntrySnapshotTransform
Transforming annotations-23.0.0.jar with BuildToolsApiClasspathEntrySnapshotTransform
Transforming mockito-core-2.25.0.jar with BuildToolsApiClasspathEntrySnapshotTransform
Transforming objenesis-2.6.jar with BuildToolsApiClasspathEntrySnapshotTransform
Transforming android.jar with BuildToolsApiClasspathEntrySnapshotTransform
Transforming core-lambda-stubs.jar with BuildToolsApiClasspathEntrySnapshotTransform
Caching disabled for task ':weft-core:compileReleaseUnitTestKotlin' because:
  Build cache is disabled
Task ':weft-core:compileReleaseUnitTestKotlin' is not up-to-date because:
  No history is available.
The input changes require a full rebuild for incremental task ':weft-core:compileReleaseUnitTestKotlin'.
file or directory '/home/runner/work/Weft/Weft/android/weft-core/src/releaseUnitTest/kotlin', not found
file or directory '/home/runner/work/Weft/Weft/android/weft-core/src/test/java', not found
file or directory '/home/runner/work/Weft/Weft/android/weft-core/src/test/java', not found
file or directory '/home/runner/work/Weft/Weft/android/weft-core/src/testRelease/kotlin', not found
file or directory '/home/runner/work/Weft/Weft/android/weft-core/src/testRelease/java', not found
file or directory '/home/runner/work/Weft/Weft/android/weft-core/src/testRelease/kotlin', not found
file or directory '/home/runner/work/Weft/Weft/android/weft-core/src/testRelease/kotlin', not found
file or directory '/home/runner/work/Weft/Weft/android/weft-core/src/testRelease/java', not found
file or directory '/home/runner/work/Weft/Weft/android/weft-core/src/test/java', not found
file or directory '/home/runner/work/Weft/Weft/android/weft-core/src/testRelease/java', not found
file or directory '/home/runner/work/Weft/Weft/android/weft-core/src/releaseUnitTest/kotlin', not found
file or directory '/home/runner/work/Weft/Weft/android/weft-core/src/releaseUnitTest/kotlin', not found
file or directory '/home/runner/work/Weft/Weft/android/weft-core/src/test/java', not found
file or directory '/home/runner/work/Weft/Weft/android/weft-core/src/test/java', not found
file or directory '/home/runner/work/Weft/Weft/android/weft-core/src/testRelease/kotlin', not found
file or directory '/home/runner/work/Weft/Weft/android/weft-core/src/testRelease/java', not found
file or directory '/home/runner/work/Weft/Weft/android/weft-core/src/testRelease/kotlin', not found
file or directory '/home/runner/work/Weft/Weft/android/weft-core/src/testRelease/kotlin', not found
file or directory '/home/runner/work/Weft/Weft/android/weft-core/src/testRelease/java', not found
file or directory '/home/runner/work/Weft/Weft/android/weft-core/src/test/java', not found
file or directory '/home/runner/work/Weft/Weft/android/weft-core/src/testRelease/java', not found
file or directory '/home/runner/work/Weft/Weft/android/weft-core/src/releaseUnitTest/kotlin', not found
file or directory '/home/runner/work/Weft/Weft/android/weft-core/src/test/java', not found
file or directory '/home/runner/work/Weft/Weft/android/weft-core/src/test/java', not found
file or directory '/home/runner/work/Weft/Weft/android/weft-core/src/testRelease/kotlin', not found
file or directory '/home/runner/work/Weft/Weft/android/weft-core/src/testRelease/java', not found
file or directory '/home/runner/work/Weft/Weft/android/weft-core/src/testRelease/kotlin', not found
file or directory '/home/runner/work/Weft/Weft/android/weft-core/src/testRelease/kotlin', not found
file or directory '/home/runner/work/Weft/Weft/android/weft-core/src/testRelease/java', not found
file or directory '/home/runner/work/Weft/Weft/android/weft-core/src/test/java', not found
file or directory '/home/runner/work/Weft/Weft/android/weft-core/src/testRelease/java', not found
file or directory '/home/runner/work/Weft/Weft/android/weft-core/src/releaseUnitTest/kotlin', not found
file or directory '/home/runner/work/Weft/Weft/android/weft-core/src/test/java', not found
file or directory '/home/runner/work/Weft/Weft/android/weft-core/src/test/java', not found
file or directory '/home/runner/work/Weft/Weft/android/weft-core/src/testRelease/kotlin', not found
file or directory '/home/runner/work/Weft/Weft/android/weft-core/src/testRelease/java', not found
file or directory '/home/runner/work/Weft/Weft/android/weft-core/src/testRelease/kotlin', not found
file or directory '/home/runner/work/Weft/Weft/android/weft-core/src/testRelease/kotlin', not found
file or directory '/home/runner/work/Weft/Weft/android/weft-core/src/testRelease/java', not found
file or directory '/home/runner/work/Weft/Weft/android/weft-core/src/test/java', not found
file or directory '/home/runner/work/Weft/Weft/android/weft-core/src/testRelease/java', not found
Kotlin source files: /home/runner/work/Weft/Weft/android/weft-core/src/test/kotlin/dev/weft/StewardLifecycleTest.kt, /home/runner/work/Weft/Weft/android/weft-core/src/test/kotlin/dev/weft/GovernedFanoutConsumerTest.kt, /home/runner/work/Weft/Weft/android/weft-core/src/test/kotlin/dev/weft/GovernorTest.kt, /home/runner/work/Weft/Weft/android/weft-core/src/test/kotlin/dev/weft/FanoutTest.kt, /home/runner/work/Weft/Weft/android/weft-core/src/test/kotlin/dev/weft/FanoutCompatTest.kt, /home/runner/work/Weft/Weft/android/weft-core/src/test/kotlin/dev/weft/VerifiedTest.kt, /home/runner/work/Weft/Weft/android/weft-core/src/test/kotlin/dev/weft/RecyclerTest.kt, /home/runner/work/Weft/Weft/android/weft-core/src/test/kotlin/dev/weft/WeftTest.kt
Java source files: 
Script source files: 
Script file extensions: 
Using Kotlin/JVM incremental compilation
[KOTLIN] Kotlin compilation 'jdkHome' argument: null
Options for KOTLIN DAEMON: IncrementalCompilationOptions(super=CompilationOptions(compilerMode=INCREMENTAL_COMPILER, targetPlatform=JVM, reportCategories=[0, 3], reportSeverity=2, requestedCompilationResults=[0], kotlinScriptExtensions=[]), areFileChangesKnown=false, modifiedFiles=null, deletedFiles=null, classpathChanges=NotAvailableForNonIncrementalRun, workingDir=/home/runner/work/Weft/Weft/android/weft-core/build/kotlin/compileReleaseUnitTestKotlin/cacheable, multiModuleICSettings=MultiModuleICSettings(buildHistoryFile=/home/runner/work/Weft/Weft/android/weft-core/build/kotlin/compileReleaseUnitTestKotlin/local-state/build-history.bin, useModuleDetection=true), usePreciseJavaTracking=true, icFeatures=IncrementalCompilationFeatures(withAbiSnapshot=false, preciseCompilationResultsBackup=true, keepIncrementalCompilationCachesInMemory=true, enableUnsafeIncrementalCompilationForMultiplatform=false), outputFiles=[/home/runner/work/Weft/Weft/android/weft-core/build/tmp/kotlin-classes/releaseUnitTest, /home/runner/work/Weft/Weft/android/weft-core/build/kotlin/compileReleaseUnitTestKotlin/cacheable, /home/runner/work/Weft/Weft/android/weft-core/build/kotlin/compileReleaseUnitTestKotlin/local-state])

> Task :weft-compose:processDebugJavaRes
file or directory '/home/runner/work/Weft/Weft/android/weft-compose/src/main/resources', not found
file or directory '/home/runner/work/Weft/Weft/android/weft-compose/src/debug/resources', not found
file or directory '/home/runner/work/Weft/Weft/android/weft-compose/src/main/resources', not found
file or directory '/home/runner/work/Weft/Weft/android/weft-compose/src/debug/resources', not found
Caching disabled for task ':weft-compose:processDebugJavaRes' because:
  Build cache is disabled
  Caching has been disabled for the task
Task ':weft-compose:processDebugJavaRes' is not up-to-date because:
  No history is available.
file or directory '/home/runner/work/Weft/Weft/android/weft-compose/src/main/resources', not found
file or directory '/home/runner/work/Weft/Weft/android/weft-compose/src/debug/resources', not found
file or directory '/home/runner/work/Weft/Weft/android/weft-compose/src/main/resources', not found
file or directory '/home/runner/work/Weft/Weft/android/weft-compose/src/debug/resources', not found
work action resolve out (project :weft-compose) (Thread[Execution worker,5,main]) started.
Resolve mutations for :weft-compose:compileReleaseJavaWithJavac (Thread[Execution worker,5,main]) started.
:weft-compose:compileReleaseJavaWithJavac (Thread[Execution worker,5,main]) started.

> Task :weft-compose:compileReleaseJavaWithJavac NO-SOURCE
Skipping task ':weft-compose:compileReleaseJavaWithJavac' as it has no source files and no previous output files.
Resolve mutations for :weft-compose:bundleLibCompileToJarRelease (Thread[Execution worker,5,main]) started.
:weft-compose:bundleLibCompileToJarRelease (Thread[Execution worker,5,main]) started.

> Task :weft-compose:bundleLibCompileToJarRelease
Caching disabled for task ':weft-compose:bundleLibCompileToJarRelease' because:
  Build cache is disabled
  Simple merging task
Task ':weft-compose:bundleLibCompileToJarRelease' is not up-to-date because:
  No history is available.
work action resolve classes.jar (project :weft-compose) (Thread[Execution worker,5,main]) started.
Resolve mutations for :sample-app:compileReleaseKotlin (Thread[Execution worker,5,main]) started.
:sample-app:compileReleaseKotlin (Thread[Execution worker,5,main]) started.

> Task :sample-app:compileDebugKotlin
Transforming activity-1.9.3.aar (androidx.activity:activity:1.9.3) with AarToClassTransform
Transforming activity-compose-1.9.3.aar (androidx.activity:activity-compose:1.9.3) with AarToClassTransform
Transforming activity-ktx-1.9.3.aar (androidx.activity:activity-ktx:1.9.3) with AarToClassTransform
Transforming core-1.15.0.aar (androidx.core:core:1.15.0) with AarToClassTransform
Transforming material3-release.aar (androidx.compose.material3:material3-android:1.3.1) with AarToClassTransform
Transforming animation-core-release.aar (androidx.compose.animation:animation-core-android:1.7.6) with AarToClassTransform
Transforming animation-release.aar (androidx.compose.animation:animation-android:1.7.6) with AarToClassTransform
Transforming foundation-layout-release.aar (androidx.compose.foundation:foundation-layout-android:1.7.6) with AarToClassTransform
Transforming material-icons-core-release.aar (androidx.compose.material:material-icons-core-android:1.6.0) with AarToClassTransform
Transforming material-ripple-release.aar (androidx.compose.material:material-ripple-android:1.7.0) with AarToClassTransform
Transforming foundation-release.aar (androidx.compose.foundation:foundation-android:1.7.6) with AarToClassTransform
Transforming ui-util-release.aar (androidx.compose.ui:ui-util-android:1.7.6) with AarToClassTransform
Transforming ui-unit-release.aar (androidx.compose.ui:ui-unit-android:1.7.6) with AarToClassTransform
Transforming ui-text-release.aar (androidx.compose.ui:ui-text-android:1.7.6) with AarToClassTransform
Transforming ui-graphics-release.aar (androidx.compose.ui:ui-graphics-android:1.7.6) with AarToClassTransform
Transforming ui-geometry-release.aar (androidx.compose.ui:ui-geometry-android:1.7.6) with AarToClassTransform
Transforming ui-release.aar (androidx.compose.ui:ui-android:1.7.6) with AarToClassTransform
Transforming lifecycle-runtime-compose-release.aar (androidx.lifecycle:lifecycle-runtime-compose-android:2.8.7) with AarToClassTransform
Caching disabled for AarToClassTransform: /home/runner/.gradle/caches/modules-2/files-2.1/androidx.activity/activity/1.9.3/643a69bf29d8eaedac8bd2974296d15a8748ba54/activity-1.9.3.aar because:
  Build cache is disabled
  Caching not enabled.
Transforming lifecycle-livedata-core-2.8.7.aar (androidx.lifecycle:lifecycle-livedata-core:2.8.7) with AarToClassTransform
Transforming lifecycle-common-jvm-2.8.7.jar (androidx.lifecycle:lifecycle-common-jvm:2.8.7) with IdentityTransform
Transforming lifecycle-runtime-ktx-release.aar (androidx.lifecycle:lifecycle-runtime-ktx-android:2.8.7) with AarToClassTransform
Transforming lifecycle-runtime-release.aar (androidx.lifecycle:lifecycle-runtime-android:2.8.7) with AarToClassTransform
Transforming lifecycle-viewmodel-release.aar (androidx.lifecycle:lifecycle-viewmodel-android:2.8.7) with AarToClassTransform
Transforming lifecycle-viewmodel-ktx-2.8.7.aar (androidx.lifecycle:lifecycle-viewmodel-ktx:2.8.7) with AarToClassTransform
Transforming lifecycle-viewmodel-compose-release.aar (androidx.lifecycle:lifecycle-viewmodel-compose-android:2.8.7) with AarToClassTransform
Transforming lifecycle-viewmodel-savedstate-2.8.7.aar (androidx.lifecycle:lifecycle-viewmodel-savedstate:2.8.7) with AarToClassTransform
Transforming core-ktx-1.15.0.aar (androidx.core:core-ktx:1.15.0) with AarToClassTransform
Transforming versionedparcelable-1.1.1.aar (androidx.versionedparcelable:versionedparcelable:1.1.1) with AarToClassTransform
Transforming runtime-release.aar (androidx.compose.runtime:runtime-android:1.7.6) with AarToClassTransform
Transforming runtime-saveable-release.aar (androidx.compose.runtime:runtime-saveable-android:1.7.6) with AarToClassTransform
Transforming savedstate-ktx-1.2.1.aar (androidx.savedstate:savedstate-ktx:1.2.1) with AarToClassTransform
Transforming savedstate-1.2.1.aar (androidx.savedstate:savedstate:1.2.1) with AarToClassTransform
Transforming collection-jvm-1.4.4.jar (androidx.collection:collection-jvm:1.4.4) with IdentityTransform
Transforming core-common-2.2.0.jar (androidx.arch.core:core-common:2.2.0) with IdentityTransform
Transforming annotation-jvm-1.8.1.jar (androidx.annotation:annotation-jvm:1.8.1) with IdentityTransform
Transforming annotation-experimental-1.4.1.aar (androidx.annotation:annotation-experimental:1.4.1) with AarToClassTransform
Transforming kotlinx-coroutines-core-jvm-1.7.3.jar (org.jetbrains.kotlinx:kotlinx-coroutines-core-jvm:1.7.3) with IdentityTransform
Transforming kotlinx-coroutines-android-1.7.3.jar (org.jetbrains.kotlinx:kotlinx-coroutines-android:1.7.3) with IdentityTransform
Transforming kotlin-stdlib-jdk8-1.8.20.jar (org.jetbrains.kotlin:kotlin-stdlib-jdk8:1.8.20) with IdentityTransform
Transforming kotlin-stdlib-jdk7-1.8.20.jar (org.jetbrains.kotlin:kotlin-stdlib-jdk7:1.8.20) with IdentityTransform
Transforming kotlin-stdlib-2.1.0.jar (org.jetbrains.kotlin:kotlin-stdlib:2.1.0) with IdentityTransform
Transforming annotations-23.0.0.jar (org.jetbrains:annotations:23.0.0) with IdentityTransform
Caching disabled for AarToClassTransform: /home/runner/.gradle/caches/modules-2/files-2.1/androidx.activity/activity-ktx/1.9.3/a1ac8704cfd955139ae60b07a8fcfc6cab8f218b/activity-ktx-1.9.3.aar because:
  Build cache is disabled
  Caching not enabled.
Caching disabled for AarToClassTransform: /home/runner/.gradle/caches/modules-2/files-2.1/androidx.compose.animation/animation-core-android/1.7.6/20531684a1e98ea78069aba642e4bdc644826538/animation-core-release.aar because:
  Build cache is disabled
  Caching not enabled.
Caching disabled for AarToClassTransform: /home/runner/.gradle/caches/modules-2/files-2.1/androidx.compose.animation/animation-android/1.7.6/9341480b1a3691ae5cf25e3bc011f440bf180803/animation-release.aar because:
  Build cache is disabled
  Caching not enabled.
Caching disabled for AarToClassTransform: /home/runner/.gradle/caches/modules-2/files-2.1/androidx.compose.foundation/foundation-layout-android/1.7.6/5070b561ed137298ca0567eed09ac8d303549185/foundation-layout-release.aar because:
  Build cache is disabled
  Caching not enabled.
Caching disabled for AarToClassTransform: /home/runner/.gradle/caches/modules-2/files-2.1/androidx.compose.material/material-icons-core-android/1.6.0/392feaeeebc7b4cea64b41a5509f84a153731c0/material-icons-core-release.aar because:
  Build cache is disabled
  Caching not enabled.
Caching disabled for AarToClassTransform: /home/runner/.gradle/caches/modules-2/files-2.1/androidx.compose.material/material-ripple-android/1.7.0/eab873d09be67b35eec38fdfabc9882ca5e5151f/material-ripple-release.aar because:
  Build cache is disabled
  Caching not enabled.
Caching disabled for AarToClassTransform: /home/runner/.gradle/caches/modules-2/files-2.1/androidx.compose.foundation/foundation-android/1.7.6/a8d820c38cbfea353ef8766fc96b7c6918c23e87/foundation-release.aar because:
  Build cache is disabled
  Caching not enabled.
Caching disabled for AarToClassTransform: /home/runner/.gradle/caches/modules-2/files-2.1/androidx.savedstate/savedstate-ktx/1.2.1/b86d338d91b1c26193a42b1d87be9bb02123fa16/savedstate-ktx-1.2.1.aar because:
  Build cache is disabled
  Caching not enabled.
Caching disabled for AarToClassTransform: /home/runner/.gradle/caches/modules-2/files-2.1/androidx.compose.material3/material3-android/1.3.1/98016d623b96c25adbc6498aabf07507de258a62/material3-release.aar because:
  Build cache is disabled
  Caching not enabled.
Caching disabled for AarToClassTransform: /home/runner/.gradle/caches/modules-2/files-2.1/androidx.activity/activity-compose/1.9.3/a164a9b2befba58b27451b4bc071c5335c500872/activity-compose-1.9.3.aar because:
  Build cache is disabled
  Caching not enabled.
Transforming R.jar with BuildToolsApiClasspathEntrySnapshotTransform
Transforming classes.jar with BuildToolsApiClasspathEntrySnapshotTransform
Transforming activity-1.9.3-api.jar with BuildToolsApiClasspathEntrySnapshotTransform
Transforming activity-compose-1.9.3-api.jar with BuildToolsApiClasspathEntrySnapshotTransform
Transforming activity-ktx-1.9.3-api.jar with BuildToolsApiClasspathEntrySnapshotTransform
Transforming core-1.15.0-api.jar with BuildToolsApiClasspathEntrySnapshotTransform
Transforming material3-release-api.jar with BuildToolsApiClasspathEntrySnapshotTransform
Transforming animation-core-release-api.jar with BuildToolsApiClasspathEntrySnapshotTransform
Transforming animation-release-api.jar with BuildToolsApiClasspathEntrySnapshotTransform
Transforming foundation-layout-release-api.jar with BuildToolsApiClasspathEntrySnapshotTransform
Transforming material-icons-core-release-api.jar with BuildToolsApiClasspathEntrySnapshotTransform
Transforming material-ripple-release-api.jar with BuildToolsApiClasspathEntrySnapshotTransform
Transforming foundation-release-api.jar with BuildToolsApiClasspathEntrySnapshotTransform
Transforming ui-util-release-api.jar with BuildToolsApiClasspathEntrySnapshotTransform
Transforming ui-unit-release-api.jar with BuildToolsApiClasspathEntrySnapshotTransform
Transforming ui-text-release-api.jar with BuildToolsApiClasspathEntrySnapshotTransform
Transforming ui-graphics-release-api.jar with BuildToolsApiClasspathEntrySnapshotTransform
Transforming ui-geometry-release-api.jar with BuildToolsApiClasspathEntrySnapshotTransform
Transforming ui-release-api.jar with BuildToolsApiClasspathEntrySnapshotTransform
Transforming lifecycle-runtime-compose-release-api.jar with BuildToolsApiClasspathEntrySnapshotTransform
Transforming lifecycle-livedata-core-2.8.7-api.jar with BuildToolsApiClasspathEntrySnapshotTransform
Transforming lifecycle-common-jvm-2.8.7.jar with BuildToolsApiClasspathEntrySnapshotTransform
Transforming lifecycle-runtime-ktx-release-api.jar with BuildToolsApiClasspathEntrySnapshotTransform
Transforming lifecycle-runtime-release-api.jar with BuildToolsApiClasspathEntrySnapshotTransform
Transforming lifecycle-viewmodel-release-api.jar with BuildToolsApiClasspathEntrySnapshotTransform
Transforming lifecycle-viewmodel-ktx-2.8.7-api.jar with BuildToolsApiClasspathEntrySnapshotTransform
Transforming lifecycle-viewmodel-compose-release-api.jar with BuildToolsApiClasspathEntrySnapshotTransform
Caching disabled for BuildToolsApiClasspathEntrySnapshotTransform: /home/runner/work/Weft/Weft/android/sample-app/build/intermediates/compile_and_runtime_not_namespaced_r_class_jar/debug/processDebugResources/R.jar because:
  Build cache is disabled
Transforming lifecycle-viewmodel-savedstate-2.8.7-api.jar with BuildToolsApiClasspathEntrySnapshotTransform
Transforming core-ktx-1.15.0-api.jar with BuildToolsApiClasspathEntrySnapshotTransform
Transforming classes.jar with BuildToolsApiClasspathEntrySnapshotTransform
Transforming versionedparcelable-1.1.1-api.jar with BuildToolsApiClasspathEntrySnapshotTransform
Transforming runtime-release-api.jar with BuildToolsApiClasspathEntrySnapshotTransform
Transforming runtime-saveable-release-api.jar with BuildToolsApiClasspathEntrySnapshotTransform
Transforming savedstate-ktx-1.2.1-api.jar with BuildToolsApiClasspathEntrySnapshotTransform
Transforming savedstate-1.2.1-api.jar with BuildToolsApiClasspathEntrySnapshotTransform
Transforming collection-jvm-1.4.4.jar with BuildToolsApiClasspathEntrySnapshotTransform
Transforming core-common-2.2.0.jar with BuildToolsApiClasspathEntrySnapshotTransform
Transforming annotation-jvm-1.8.1.jar with BuildToolsApiClasspathEntrySnapshotTransform
Transforming annotation-experimental-1.4.1-api.jar with BuildToolsApiClasspathEntrySnapshotTransform
Transforming kotlinx-coroutines-core-jvm-1.7.3.jar with BuildToolsApiClasspathEntrySnapshotTransform
Transforming kotlinx-coroutines-android-1.7.3.jar with BuildToolsApiClasspathEntrySnapshotTransform
Transforming kotlin-stdlib-jdk8-1.8.20.jar with BuildToolsApiClasspathEntrySnapshotTransform
Transforming kotlin-stdlib-jdk7-1.8.20.jar with BuildToolsApiClasspathEntrySnapshotTransform
Transforming kotlin-stdlib-2.1.0.jar with BuildToolsApiClasspathEntrySnapshotTransform
Transforming annotations-23.0.0.jar with BuildToolsApiClasspathEntrySnapshotTransform
Transforming android.jar with BuildToolsApiClasspathEntrySnapshotTransform
Transforming core-lambda-stubs.jar with BuildToolsApiClasspathEntrySnapshotTransform
Caching disabled for BuildToolsApiClasspathEntrySnapshotTransform: /home/runner/.gradle/caches/8.11.1/transforms/8543aad19799a95ab751e20f46ad2b4f/transformed/activity-compose-1.9.3-api.jar because:
  Build cache is disabled
Caching disabled for BuildToolsApiClasspathEntrySnapshotTransform: /home/runner/.gradle/caches/8.11.1/transforms/8b5b7332aaf34c6f99e0e9f5222e360b/transformed/activity-ktx-1.9.3-api.jar because:
  Build cache is disabled
Caching disabled for BuildToolsApiClasspathEntrySnapshotTransform: /home/runner/.gradle/caches/8.11.1/transforms/30d5be0e7368795a00a6838bdfb3386e/transformed/animation-core-release-api.jar because:
  Build cache is disabled
Caching disabled for BuildToolsApiClasspathEntrySnapshotTransform: /home/runner/.gradle/caches/8.11.1/transforms/37b6773b6433b9162209cf9890d6daf5/transformed/material3-release-api.jar because:
  Build cache is disabled
Caching disabled for BuildToolsApiClasspathEntrySnapshotTransform: /home/runner/.gradle/caches/8.11.1/transforms/917a59196d1a524dbcd0b1ce35f6994d/transformed/animation-release-api.jar because:
  Build cache is disabled
Caching disabled for BuildToolsApiClasspathEntrySnapshotTransform: /home/runner/.gradle/caches/8.11.1/transforms/9df0e2cc0b049693d3c70b6596a554d2/transformed/foundation-layout-release-api.jar because:
  Build cache is disabled
Caching disabled for BuildToolsApiClasspathEntrySnapshotTransform: /home/runner/.gradle/caches/8.11.1/transforms/994321a90973b4e84c436cb37120ec02/transformed/material-icons-core-release-api.jar because:
  Build cache is disabled
Caching disabled for BuildToolsApiClasspathEntrySnapshotTransform: /home/runner/.gradle/caches/8.11.1/transforms/b04f36efd65b53914ff58732399ab2ba/transformed/material-ripple-release-api.jar because:
  Build cache is disabled
Caching disabled for BuildToolsApiClasspathEntrySnapshotTransform: /home/runner/.gradle/caches/8.11.1/transforms/46af42b65bb91dc8d855c48ddc37207e/transformed/foundation-release-api.jar because:
  Build cache is disabled
Caching disabled for BuildToolsApiClasspathEntrySnapshotTransform: /home/runner/.gradle/caches/8.11.1/transforms/54a92df84257feca80b84f2d51dba782/transformed/savedstate-ktx-1.2.1-api.jar because:
  Build cache is disabled
Caching disabled for BuildToolsApiClasspathEntrySnapshotTransform: /home/runner/.gradle/caches/8.11.1/transforms/23b1a20afe5afd2ee1b668d5f8ae75f6/transformed/activity-1.9.3-api.jar because:
  Build cache is disabled
Caching disabled for BuildToolsApiClasspathEntrySnapshotTransform: /home/runner/work/Weft/Weft/android/weft-compose/build/intermediates/compile_library_classes_jar/debug/bundleLibCompileToJarDebug/classes.jar because:
  Build cache is disabled
Caching disabled for task ':sample-app:compileDebugKotlin' because:
  Build cache is disabled
Task ':sample-app:compileDebugKotlin' is not up-to-date because:
  No history is available.
The input changes require a full rebuild for incremental task ':sample-app:compileDebugKotlin'.
file or directory '/home/runner/work/Weft/Weft/android/sample-app/src/debug/kotlin', not found
file or directory '/home/runner/work/Weft/Weft/android/sample-app/src/debug/java', not found
file or directory '/home/runner/work/Weft/Weft/android/sample-app/src/debug/kotlin', not found
file or directory '/home/runner/work/Weft/Weft/android/sample-app/src/debug/kotlin', not found
file or directory '/home/runner/work/Weft/Weft/android/sample-app/src/debug/java', not found
file or directory '/home/runner/work/Weft/Weft/android/sample-app/src/main/java', not found
file or directory '/home/runner/work/Weft/Weft/android/sample-app/src/main/java', not found
file or directory '/home/runner/work/Weft/Weft/android/sample-app/src/main/java', not found
file or directory '/home/runner/work/Weft/Weft/android/sample-app/src/debug/java', not found
file or directory '/home/runner/work/Weft/Weft/android/sample-app/src/debug/kotlin', not found
file or directory '/home/runner/work/Weft/Weft/android/sample-app/src/debug/java', not found
file or directory '/home/runner/work/Weft/Weft/android/sample-app/src/debug/kotlin', not found
file or directory '/home/runner/work/Weft/Weft/android/sample-app/src/debug/kotlin', not found
file or directory '/home/runner/work/Weft/Weft/android/sample-app/src/debug/java', not found
file or directory '/home/runner/work/Weft/Weft/android/sample-app/src/debug/kotlin', not found
file or directory '/home/runner/work/Weft/Weft/android/sample-app/src/debug/java', not found
file or directory '/home/runner/work/Weft/Weft/android/sample-app/src/debug/kotlin', not found
file or directory '/home/runner/work/Weft/Weft/android/sample-app/src/debug/kotlin', not found
file or directory '/home/runner/work/Weft/Weft/android/sample-app/src/debug/java', not found
file or directory '/home/runner/work/Weft/Weft/android/sample-app/src/main/java', not found
file or directory '/home/runner/work/Weft/Weft/android/sample-app/src/main/java', not found
file or directory '/home/runner/work/Weft/Weft/android/sample-app/src/main/java', not found
file or directory '/home/runner/work/Weft/Weft/android/sample-app/src/debug/java', not found
file or directory '/home/runner/work/Weft/Weft/android/sample-app/src/debug/kotlin', not found
file or directory '/home/runner/work/Weft/Weft/android/sample-app/src/debug/java', not found
file or directory '/home/runner/work/Weft/Weft/android/sample-app/src/debug/kotlin', not found
file or directory '/home/runner/work/Weft/Weft/android/sample-app/src/debug/kotlin', not found
file or directory '/home/runner/work/Weft/Weft/android/sample-app/src/debug/java', not found
file or directory '/home/runner/work/Weft/Weft/android/sample-app/src/main/java', not found
file or directory '/home/runner/work/Weft/Weft/android/sample-app/src/main/java', not found
file or directory '/home/runner/work/Weft/Weft/android/sample-app/src/main/java', not found
file or directory '/home/runner/work/Weft/Weft/android/sample-app/src/debug/java', not found
file or directory '/home/runner/work/Weft/Weft/android/sample-app/src/debug/kotlin', not found
file or directory '/home/runner/work/Weft/Weft/android/sample-app/src/debug/java', not found
file or directory '/home/runner/work/Weft/Weft/android/sample-app/src/debug/kotlin', not found
file or directory '/home/runner/work/Weft/Weft/android/sample-app/src/debug/kotlin', not found
file or directory '/home/runner/work/Weft/Weft/android/sample-app/src/debug/java', not found
file or directory '/home/runner/work/Weft/Weft/android/sample-app/src/main/java', not found
file or directory '/home/runner/work/Weft/Weft/android/sample-app/src/main/java', not found
file or directory '/home/runner/work/Weft/Weft/android/sample-app/src/main/java', not found
file or directory '/home/runner/work/Weft/Weft/android/sample-app/src/debug/java', not found
Kotlin source files: /home/runner/work/Weft/Weft/android/sample-app/src/main/kotlin/dev/weft/sample/MainActivity.kt
Java source files: 
Script source files: 
Script file extensions: 
Using Kotlin/JVM incremental compilation
[KOTLIN] Kotlin compilation 'jdkHome' argument: null
Options for KOTLIN DAEMON: IncrementalCompilationOptions(super=CompilationOptions(compilerMode=INCREMENTAL_COMPILER, targetPlatform=JVM, reportCategories=[0, 3], reportSeverity=2, requestedCompilationResults=[0], kotlinScriptExtensions=[]), areFileChangesKnown=false, modifiedFiles=null, deletedFiles=null, classpathChanges=NotAvailableForNonIncrementalRun, workingDir=/home/runner/work/Weft/Weft/android/sample-app/build/kotlin/compileDebugKotlin/cacheable, multiModuleICSettings=MultiModuleICSettings(buildHistoryFile=/home/runner/work/Weft/Weft/android/sample-app/build/kotlin/compileDebugKotlin/local-state/build-history.bin, useModuleDetection=true), usePreciseJavaTracking=true, icFeatures=IncrementalCompilationFeatures(withAbiSnapshot=false, preciseCompilationResultsBackup=true, keepIncrementalCompilationCachesInMemory=true, enableUnsafeIncrementalCompilationForMultiplatform=false), outputFiles=[/home/runner/work/Weft/Weft/android/sample-app/build/tmp/kotlin-classes/debug, /home/runner/work/Weft/Weft/android/sample-app/build/kotlin/compileDebugKotlin/cacheable, /home/runner/work/Weft/Weft/android/sample-app/build/kotlin/compileDebugKotlin/local-state])

> Task :weft-core:compileReleaseUnitTestKotlin FAILED
e: file:///home/runner/work/Weft/Weft/android/weft-core/src/test/kotlin/dev/weft/GovernedFanoutConsumerTest.kt:16:18 Unresolved reference 'management'.
e: file:///home/runner/work/Weft/Weft/android/weft-core/src/test/kotlin/dev/weft/GovernedFanoutConsumerTest.kt:156:20 Unresolved reference 'ManagementFactory'.
e: file:///home/runner/work/Weft/Weft/android/weft-core/src/test/kotlin/dev/weft/GovernedFanoutConsumerTest.kt:157:22 Unresolved reference 'com'.
e: file:///home/runner/work/Weft/Weft/android/weft-core/src/test/kotlin/dev/weft/GovernedFanoutConsumerTest.kt:157:63 Unresolved reference 'isThreadAllocatedMemorySupported'.
e: file:///home/runner/work/Weft/Weft/android/weft-core/src/test/kotlin/dev/weft/GovernedFanoutConsumerTest.kt:195:34 Unresolved reference 'getThreadAllocatedBytes'.
e: file:///home/runner/work/Weft/Weft/android/weft-core/src/test/kotlin/dev/weft/GovernedFanoutConsumerTest.kt:197:35 Unresolved reference 'getThreadAllocatedBytes'.
e: file:///home/runner/work/Weft/Weft/android/weft-core/src/test/kotlin/dev/weft/GovernedFanoutConsumerTest.kt:201:43 Unresolved reference 'getThreadAllocatedBytes'.
e: file:///home/runner/work/Weft/Weft/android/weft-core/src/test/kotlin/dev/weft/GovernorTest.kt:25:18 Unresolved reference 'management'.
e: file:///home/runner/work/Weft/Weft/android/weft-core/src/test/kotlin/dev/weft/GovernorTest.kt:153:20 Unresolved reference 'ManagementFactory'.
e: file:///home/runner/work/Weft/Weft/android/weft-core/src/test/kotlin/dev/weft/GovernorTest.kt:154:22 Unresolved reference 'com'.
e: file:///home/runner/work/Weft/Weft/android/weft-core/src/test/kotlin/dev/weft/GovernorTest.kt:154:63 Unresolved reference 'isThreadAllocatedMemorySupported'.
e: file:///home/runner/work/Weft/Weft/android/weft-core/src/test/kotlin/dev/weft/GovernorTest.kt:175:27 Unresolved reference 'getThreadAllocatedBytes'.
e: file:///home/runner/work/Weft/Weft/android/weft-core/src/test/kotlin/dev/weft/GovernorTest.kt:184:26 Unresolved reference 'getThreadAllocatedBytes'.
e: file:///home/runner/work/Weft/Weft/android/weft-core/src/test/kotlin/dev/weft/RecyclerTest.kt:18:18 Unresolved reference 'management'.
e: file:///home/runner/work/Weft/Weft/android/weft-core/src/test/kotlin/dev/weft/RecyclerTest.kt:208:20 Unresolved reference 'ManagementFactory'.
e: file:///home/runner/work/Weft/Weft/android/weft-core/src/test/kotlin/dev/weft/RecyclerTest.kt:209:22 Unresolved reference 'com'.
e: file:///home/runner/work/Weft/Weft/android/weft-core/src/test/kotlin/dev/weft/RecyclerTest.kt:209:63 Unresolved reference 'isThreadAllocatedMemorySupported'.
e: file:///home/runner/work/Weft/Weft/android/weft-core/src/test/kotlin/dev/weft/RecyclerTest.kt:313:26 Unresolved reference 'getThreadAllocatedBytes'.
e: file:///home/runner/work/Weft/Weft/android/weft-core/src/test/kotlin/dev/weft/RecyclerTest.kt:316:35 Unresolved reference 'getThreadAllocatedBytes'.
e: file:///home/runner/work/Weft/Weft/android/weft-core/src/test/kotlin/dev/weft/RecyclerTest.kt:320:43 Unresolved reference 'getThreadAllocatedBytes'.
Finished executing kotlin compiler using DAEMON strategy

> Task :weft-core:compileDebugUnitTestKotlin FAILED
e: file:///home/runner/work/Weft/Weft/android/weft-core/src/test/kotlin/dev/weft/GovernedFanoutConsumerTest.kt:16:18 Unresolved reference 'management'.
e: file:///home/runner/work/Weft/Weft/android/weft-core/src/test/kotlin/dev/weft/GovernedFanoutConsumerTest.kt:156:20 Unresolved reference 'ManagementFactory'.
e: file:///home/runner/work/Weft/Weft/android/weft-core/src/test/kotlin/dev/weft/GovernedFanoutConsumerTest.kt:157:22 Unresolved reference 'com'.
e: file:///home/runner/work/Weft/Weft/android/weft-core/src/test/kotlin/dev/weft/GovernedFanoutConsumerTest.kt:157:63 Unresolved reference 'isThreadAllocatedMemorySupported'.
e: file:///home/runner/work/Weft/Weft/android/weft-core/src/test/kotlin/dev/weft/GovernedFanoutConsumerTest.kt:195:34 Unresolved reference 'getThreadAllocatedBytes'.
e: file:///home/runner/work/Weft/Weft/android/weft-core/src/test/kotlin/dev/weft/GovernedFanoutConsumerTest.kt:197:35 Unresolved reference 'getThreadAllocatedBytes'.
e: file:///home/runner/work/Weft/Weft/android/weft-core/src/test/kotlin/dev/weft/GovernedFanoutConsumerTest.kt:201:43 Unresolved reference 'getThreadAllocatedBytes'.
e: file:///home/runner/work/Weft/Weft/android/weft-core/src/test/kotlin/dev/weft/GovernorTest.kt:25:18 Unresolved reference 'management'.
e: file:///home/runner/work/Weft/Weft/android/weft-core/src/test/kotlin/dev/weft/GovernorTest.kt:153:20 Unresolved reference 'ManagementFactory'.
e: file:///home/runner/work/Weft/Weft/android/weft-core/src/test/kotlin/dev/weft/GovernorTest.kt:154:22 Unresolved reference 'com'.
e: file:///home/runner/work/Weft/Weft/android/weft-core/src/test/kotlin/dev/weft/GovernorTest.kt:154:63 Unresolved reference 'isThreadAllocatedMemorySupported'.
e: file:///home/runner/work/Weft/Weft/android/weft-core/src/test/kotlin/dev/weft/GovernorTest.kt:175:27 Unresolved reference 'getThreadAllocatedBytes'.
e: file:///home/runner/work/Weft/Weft/android/weft-core/src/test/kotlin/dev/weft/GovernorTest.kt:184:26 Unresolved reference 'getThreadAllocatedBytes'.
e: file:///home/runner/work/Weft/Weft/android/weft-core/src/test/kotlin/dev/weft/RecyclerTest.kt:18:18 Unresolved reference 'management'.
e: file:///home/runner/work/Weft/Weft/android/weft-core/src/test/kotlin/dev/weft/RecyclerTest.kt:208:20 Unresolved reference 'ManagementFactory'.
e: file:///home/runner/work/Weft/Weft/android/weft-core/src/test/kotlin/dev/weft/RecyclerTest.kt:209:22 Unresolved reference 'com'.
e: file:///home/runner/work/Weft/Weft/android/weft-core/src/test/kotlin/dev/weft/RecyclerTest.kt:209:63 Unresolved reference 'isThreadAllocatedMemorySupported'.
e: file:///home/runner/work/Weft/Weft/android/weft-core/src/test/kotlin/dev/weft/RecyclerTest.kt:313:26 Unresolved reference 'getThreadAllocatedBytes'.
e: file:///home/runner/work/Weft/Weft/android/weft-core/src/test/kotlin/dev/weft/RecyclerTest.kt:316:35 Unresolved reference 'getThreadAllocatedBytes'.
e: file:///home/runner/work/Weft/Weft/android/weft-core/src/test/kotlin/dev/weft/RecyclerTest.kt:320:43 Unresolved reference 'getThreadAllocatedBytes'.
Finished executing kotlin compiler using DAEMON strategy

> Task :sample-app:compileReleaseKotlin
Transforming R.jar with BuildToolsApiClasspathEntrySnapshotTransform
Transforming classes.jar with BuildToolsApiClasspathEntrySnapshotTransform
Transforming activity-1.9.3-api.jar with BuildToolsApiClasspathEntrySnapshotTransform
Transforming activity-compose-1.9.3-api.jar with BuildToolsApiClasspathEntrySnapshotTransform
Transforming activity-ktx-1.9.3-api.jar with BuildToolsApiClasspathEntrySnapshotTransform
Transforming core-1.15.0-api.jar with BuildToolsApiClasspathEntrySnapshotTransform
Transforming material3-release-api.jar with BuildToolsApiClasspathEntrySnapshotTransform
Transforming animation-core-release-api.jar with BuildToolsApiClasspathEntrySnapshotTransform
Transforming animation-release-api.jar with BuildToolsApiClasspathEntrySnapshotTransform
Transforming foundation-layout-release-api.jar with BuildToolsApiClasspathEntrySnapshotTransform
Transforming material-icons-core-release-api.jar with BuildToolsApiClasspathEntrySnapshotTransform
Transforming material-ripple-release-api.jar with BuildToolsApiClasspathEntrySnapshotTransform
Transforming foundation-release-api.jar with BuildToolsApiClasspathEntrySnapshotTransform
Transforming ui-util-release-api.jar with BuildToolsApiClasspathEntrySnapshotTransform
Transforming ui-unit-release-api.jar with BuildToolsApiClasspathEntrySnapshotTransform
Transforming ui-text-release-api.jar with BuildToolsApiClasspathEntrySnapshotTransform
Transforming ui-graphics-release-api.jar with BuildToolsApiClasspathEntrySnapshotTransform
Transforming ui-geometry-release-api.jar with BuildToolsApiClasspathEntrySnapshotTransform
Transforming ui-release-api.jar with BuildToolsApiClasspathEntrySnapshotTransform
Transforming lifecycle-runtime-compose-release-api.jar with BuildToolsApiClasspathEntrySnapshotTransform
Transforming lifecycle-livedata-core-2.8.7-api.jar with BuildToolsApiClasspathEntrySnapshotTransform
Transforming lifecycle-common-jvm-2.8.7.jar with BuildToolsApiClasspathEntrySnapshotTransform
Transforming lifecycle-runtime-ktx-release-api.jar with BuildToolsApiClasspathEntrySnapshotTransform
Transforming lifecycle-runtime-release-api.jar with BuildToolsApiClasspathEntrySnapshotTransform
Transforming lifecycle-viewmodel-release-api.jar with BuildToolsApiClasspathEntrySnapshotTransform
Transforming lifecycle-viewmodel-ktx-2.8.7-api.jar with BuildToolsApiClasspathEntrySnapshotTransform
Transforming lifecycle-viewmodel-compose-release-api.jar with BuildToolsApiClasspathEntrySnapshotTransform
Transforming lifecycle-viewmodel-savedstate-2.8.7-api.jar with BuildToolsApiClasspathEntrySnapshotTransform
Transforming core-ktx-1.15.0-api.jar with BuildToolsApiClasspathEntrySnapshotTransform
Transforming classes.jar with BuildToolsApiClasspathEntrySnapshotTransform
Transforming versionedparcelable-1.1.1-api.jar with BuildToolsApiClasspathEntrySnapshotTransform
Transforming runtime-release-api.jar with BuildToolsApiClasspathEntrySnapshotTransform
Transforming runtime-saveable-release-api.jar with BuildToolsApiClasspathEntrySnapshotTransform
Transforming savedstate-ktx-1.2.1-api.jar with BuildToolsApiClasspathEntrySnapshotTransform
Transforming savedstate-1.2.1-api.jar with BuildToolsApiClasspathEntrySnapshotTransform
Transforming collection-jvm-1.4.4.jar with BuildToolsApiClasspathEntrySnapshotTransform
Transforming core-common-2.2.0.jar with BuildToolsApiClasspathEntrySnapshotTransform
Transforming annotation-jvm-1.8.1.jar with BuildToolsApiClasspathEntrySnapshotTransform
Transforming annotation-experimental-1.4.1-api.jar with BuildToolsApiClasspathEntrySnapshotTransform
Transforming kotlinx-coroutines-core-jvm-1.7.3.jar with BuildToolsApiClasspathEntrySnapshotTransform
Transforming kotlinx-coroutines-android-1.7.3.jar with BuildToolsApiClasspathEntrySnapshotTransform
Transforming kotlin-stdlib-jdk8-1.8.20.jar with BuildToolsApiClasspathEntrySnapshotTransform
Transforming kotlin-stdlib-jdk7-1.8.20.jar with BuildToolsApiClasspathEntrySnapshotTransform
Transforming kotlin-stdlib-2.1.0.jar with BuildToolsApiClasspathEntrySnapshotTransform
Transforming annotations-23.0.0.jar with BuildToolsApiClasspathEntrySnapshotTransform
Transforming android.jar with BuildToolsApiClasspathEntrySnapshotTransform
Transforming core-lambda-stubs.jar with BuildToolsApiClasspathEntrySnapshotTransform
Caching disabled for BuildToolsApiClasspathEntrySnapshotTransform: /home/runner/work/Weft/Weft/android/weft-compose/build/intermediates/compile_library_classes_jar/release/bundleLibCompileToJarRelease/classes.jar because:
  Build cache is disabled
Caching disabled for task ':sample-app:compileReleaseKotlin' because:
  Build cache is disabled
Task ':sample-app:compileReleaseKotlin' is not up-to-date because:
  No history is available.
The input changes require a full rebuild for incremental task ':sample-app:compileReleaseKotlin'.
file or directory '/home/runner/work/Weft/Weft/android/sample-app/src/release/kotlin', not found
file or directory '/home/runner/work/Weft/Weft/android/sample-app/src/release/java', not found
file or directory '/home/runner/work/Weft/Weft/android/sample-app/src/release/kotlin', not found
file or directory '/home/runner/work/Weft/Weft/android/sample-app/src/release/kotlin', not found
file or directory '/home/runner/work/Weft/Weft/android/sample-app/src/release/java', not found
file or directory '/home/runner/work/Weft/Weft/android/sample-app/src/main/java', not found
file or directory '/home/runner/work/Weft/Weft/android/sample-app/src/main/java', not found
file or directory '/home/runner/work/Weft/Weft/android/sample-app/src/main/java', not found
file or directory '/home/runner/work/Weft/Weft/android/sample-app/src/release/java', not found
file or directory '/home/runner/work/Weft/Weft/android/sample-app/src/release/kotlin', not found
file or directory '/home/runner/work/Weft/Weft/android/sample-app/src/release/java', not found
file or directory '/home/runner/work/Weft/Weft/android/sample-app/src/release/kotlin', not found
file or directory '/home/runner/work/Weft/Weft/android/sample-app/src/release/kotlin', not found
file or directory '/home/runner/work/Weft/Weft/android/sample-app/src/release/java', not found
file or directory '/home/runner/work/Weft/Weft/android/sample-app/src/release/kotlin', not found
file or directory '/home/runner/work/Weft/Weft/android/sample-app/src/release/java', not found
file or directory '/home/runner/work/Weft/Weft/android/sample-app/src/release/kotlin', not found
file or directory '/home/runner/work/Weft/Weft/android/sample-app/src/release/kotlin', not found
file or directory '/home/runner/work/Weft/Weft/android/sample-app/src/release/java', not found
file or directory '/home/runner/work/Weft/Weft/android/sample-app/src/main/java', not found
file or directory '/home/runner/work/Weft/Weft/android/sample-app/src/main/java', not found
file or directory '/home/runner/work/Weft/Weft/android/sample-app/src/main/java', not found
file or directory '/home/runner/work/Weft/Weft/android/sample-app/src/release/java', not found
file or directory '/home/runner/work/Weft/Weft/android/sample-app/src/release/kotlin', not found
file or directory '/home/runner/work/Weft/Weft/android/sample-app/src/release/java', not found
file or directory '/home/runner/work/Weft/Weft/android/sample-app/src/release/kotlin', not found
file or directory '/home/runner/work/Weft/Weft/android/sample-app/src/release/kotlin', not found
file or directory '/home/runner/work/Weft/Weft/android/sample-app/src/release/java', not found
file or directory '/home/runner/work/Weft/Weft/android/sample-app/src/main/java', not found
file or directory '/home/runner/work/Weft/Weft/android/sample-app/src/main/java', not found
file or directory '/home/runner/work/Weft/Weft/android/sample-app/src/main/java', not found
file or directory '/home/runner/work/Weft/Weft/android/sample-app/src/release/java', not found
file or directory '/home/runner/work/Weft/Weft/android/sample-app/src/release/kotlin', not found
file or directory '/home/runner/work/Weft/Weft/android/sample-app/src/release/java', not found
file or directory '/home/runner/work/Weft/Weft/android/sample-app/src/release/kotlin', not found
file or directory '/home/runner/work/Weft/Weft/android/sample-app/src/release/kotlin', not found
file or directory '/home/runner/work/Weft/Weft/android/sample-app/src/release/java', not found
file or directory '/home/runner/work/Weft/Weft/android/sample-app/src/main/java', not found
file or directory '/home/runner/work/Weft/Weft/android/sample-app/src/main/java', not found
file or directory '/home/runner/work/Weft/Weft/android/sample-app/src/main/java', not found
file or directory '/home/runner/work/Weft/Weft/android/sample-app/src/release/java', not found
Kotlin source files: /home/runner/work/Weft/Weft/android/sample-app/src/main/kotlin/dev/weft/sample/MainActivity.kt
Java source files: 
Script source files: 
Script file extensions: 
Using Kotlin/JVM incremental compilation
[KOTLIN] Kotlin compilation 'jdkHome' argument: null
Options for KOTLIN DAEMON: IncrementalCompilationOptions(super=CompilationOptions(compilerMode=INCREMENTAL_COMPILER, targetPlatform=JVM, reportCategories=[0, 3], reportSeverity=2, requestedCompilationResults=[0], kotlinScriptExtensions=[]), areFileChangesKnown=false, modifiedFiles=null, deletedFiles=null, classpathChanges=NotAvailableForNonIncrementalRun, workingDir=/home/runner/work/Weft/Weft/android/sample-app/build/kotlin/compileReleaseKotlin/cacheable, multiModuleICSettings=MultiModuleICSettings(buildHistoryFile=/home/runner/work/Weft/Weft/android/sample-app/build/kotlin/compileReleaseKotlin/local-state/build-history.bin, useModuleDetection=true), usePreciseJavaTracking=true, icFeatures=IncrementalCompilationFeatures(withAbiSnapshot=false, preciseCompilationResultsBackup=true, keepIncrementalCompilationCachesInMemory=true, enableUnsafeIncrementalCompilationForMultiplatform=false), outputFiles=[/home/runner/work/Weft/Weft/android/sample-app/build/tmp/kotlin-classes/release, /home/runner/work/Weft/Weft/android/sample-app/build/kotlin/compileReleaseKotlin/cacheable, /home/runner/work/Weft/Weft/android/sample-app/build/kotlin/compileReleaseKotlin/local-state])
Finished executing kotlin compiler using DAEMON strategy

> Task :sample-app:compileDebugKotlin
Finished executing kotlin compiler using DAEMON strategy
AAPT2 aapt2-8.7.3-12006047-linux Daemon #0: shutdown

FAILURE: Build completed with 2 failures.

1: Task failed with an exception.
-----------
* What went wrong:
Execution failed for task ':weft-core:compileReleaseUnitTestKotlin'.
> A failure occurred while executing org.jetbrains.kotlin.compilerRunner.GradleCompilerRunnerWithWorkers$GradleKotlinCompilerWorkAction
   > Compilation error. See log for more details

* Try:
> Run with --debug option to get more log output.
> Run with --scan to get full insights.
> Get more help at https://help.gradle.org.

* Exception is:
org.gradle.api.tasks.TaskExecutionException: Execution failed for task ':weft-core:compileReleaseUnitTestKotlin'.
	at org.gradle.api.internal.tasks.execution.ExecuteActionsTaskExecuter.lambda$executeIfValid$1(ExecuteActionsTaskExecuter.java:130)
	at org.gradle.internal.Try$Failure.ifSuccessfulOrElse(Try.java:293)
	at org.gradle.api.internal.tasks.execution.ExecuteActionsTaskExecuter.executeIfValid(ExecuteActionsTaskExecuter.java:128)
	at org.gradle.api.internal.tasks.execution.ExecuteActionsTaskExecuter.execute(ExecuteActionsTaskExecuter.java:116)
	at org.gradle.api.internal.tasks.execution.FinalizePropertiesTaskExecuter.execute(FinalizePropertiesTaskExecuter.java:46)
	at org.gradle.api.internal.tasks.execution.ResolveTaskExecutionModeExecuter.execute(ResolveTaskExecutionModeExecuter.java:51)
	at org.gradle.api.internal.tasks.execution.SkipTaskWithNoActionsExecuter.execute(SkipTaskWithNoActionsExecuter.java:57)
	at org.gradle.api.internal.tasks.execution.SkipOnlyIfTaskExecuter.execute(SkipOnlyIfTaskExecuter.java:74)
	at org.gradle.api.internal.tasks.execution.CatchExceptionTaskExecuter.execute(CatchExceptionTaskExecuter.java:36)
	at org.gradle.api.internal.tasks.execution.EventFiringTaskExecuter$1.executeTask(EventFiringTaskExecuter.java:77)
	at org.gradle.api.internal.tasks.execution.EventFiringTaskExecuter$1.call(EventFiringTaskExecuter.java:55)
	at org.gradle.api.internal.tasks.execution.EventFiringTaskExecuter$1.call(EventFiringTaskExecuter.java:52)
	at org.gradle.internal.operations.DefaultBuildOperationRunner$CallableBuildOperationWorker.execute(DefaultBuildOperationRunner.java:209)
	at org.gradle.internal.operations.DefaultBuildOperationRunner$CallableBuildOperationWorker.execute(DefaultBuildOperationRunner.java:204)
	at org.gradle.internal.operations.DefaultBuildOperationRunner$2.execute(DefaultBuildOperationRunner.java:66)
	at org.gradle.internal.operations.DefaultBuildOperationRunner$2.execute(DefaultBuildOperationRunner.java:59)
	at org.gradle.internal.operations.DefaultBuildOperationRunner.execute(DefaultBuildOperationRunner.java:166)
	at org.gradle.internal.operations.DefaultBuildOperationRunner.execute(DefaultBuildOperationRunner.java:59)
	at org.gradle.internal.operations.DefaultBuildOperationRunner.call(DefaultBuildOperationRunner.java:53)
	at org.gradle.api.internal.tasks.execution.EventFiringTaskExecuter.execute(EventFiringTaskExecuter.java:52)
	at org.gradle.execution.plan.LocalTaskNodeExecutor.execute(LocalTaskNodeExecutor.java:42)
	at org.gradle.execution.taskgraph.DefaultTaskExecutionGraph$InvokeNodeExecutorsAction.execute(DefaultTaskExecutionGraph.java:331)
	at org.gradle.execution.taskgraph.DefaultTaskExecutionGraph$InvokeNodeExecutorsAction.execute(DefaultTaskExecutionGraph.java:318)
	at org.gradle.execution.taskgraph.DefaultTaskExecutionGraph$BuildOperationAwareExecutionAction.lambda$execute$0(DefaultTaskExecutionGraph.java:314)
	at org.gradle.internal.operations.CurrentBuildOperationRef.with(CurrentBuildOperationRef.java:85)
	at org.gradle.execution.taskgraph.DefaultTaskExecutionGraph$BuildOperationAwareExecutionAction.execute(DefaultTaskExecutionGraph.java:314)
	at org.gradle.execution.taskgraph.DefaultTaskExecutionGraph$BuildOperationAwareExecutionAction.execute(DefaultTaskExecutionGraph.java:303)
	at org.gradle.execution.plan.DefaultPlanExecutor$ExecutorWorker.execute(DefaultPlanExecutor.java:459)
	at org.gradle.execution.plan.DefaultPlanExecutor$ExecutorWorker.run(DefaultPlanExecutor.java:376)
	at org.gradle.execution.plan.DefaultPlanExecutor.process(DefaultPlanExecutor.java:111)
	at org.gradle.execution.taskgraph.DefaultTaskExecutionGraph.executeWithServices(DefaultTaskExecutionGraph.java:138)
	at org.gradle.execution.taskgraph.DefaultTaskExecutionGraph.execute(DefaultTaskExecutionGraph.java:123)
	at org.gradle.execution.SelectedTaskExecutionAction.execute(SelectedTaskExecutionAction.java:35)
	at org.gradle.execution.DryRunBuildExecutionAction.execute(DryRunBuildExecutionAction.java:51)
	at org.gradle.execution.BuildOperationFiringBuildWorkerExecutor$ExecuteTasks.call(BuildOperationFiringBuildWorkerExecutor.java:54)
	at org.gradle.execution.BuildOperationFiringBuildWorkerExecutor$ExecuteTasks.call(BuildOperationFiringBuildWorkerExecutor.java:43)
	at org.gradle.internal.operations.DefaultBuildOperationRunner$CallableBuildOperationWorker.execute(DefaultBuildOperationRunner.java:209)
	at org.gradle.internal.operations.DefaultBuildOperationRunner$CallableBuildOperationWorker.execute(DefaultBuildOperationRunner.java:204)
	at org.gradle.internal.operations.DefaultBuildOperationRunner$2.execute(DefaultBuildOperationRunner.java:66)
	at org.gradle.internal.operations.DefaultBuildOperationRunner$2.execute(DefaultBuildOperationRunner.java:59)
	at org.gradle.internal.operations.DefaultBuildOperationRunner.execute(DefaultBuildOperationRunner.java:166)
	at org.gradle.internal.operations.DefaultBuildOperationRunner.execute(DefaultBuildOperationRunner.java:59)
	at org.gradle.internal.operations.DefaultBuildOperationRunner.call(DefaultBuildOperationRunner.java:53)
	at org.gradle.execution.BuildOperationFiringBuildWorkerExecutor.execute(BuildOperationFiringBuildWorkerExecutor.java:40)
	at org.gradle.internal.build.DefaultBuildLifecycleController.lambda$executeTasks$10(DefaultBuildLifecycleController.java:313)
	at org.gradle.internal.model.StateTransitionController.doTransition(StateTransitionController.java:266)
	at org.gradle.internal.model.StateTransitionController.lambda$tryTransition$8(StateTransitionController.java:177)
	at org.gradle.internal.work.DefaultSynchronizer.withLock(DefaultSynchronizer.java:46)
	at org.gradle.internal.model.StateTransitionController.tryTransition(StateTransitionController.java:177)
	at org.gradle.internal.build.DefaultBuildLifecycleController.executeTasks(DefaultBuildLifecycleController.java:304)
	at org.gradle.internal.build.DefaultBuildWorkGraphController$DefaultBuildWorkGraph.runWork(DefaultBuildWorkGraphController.java:220)
	at org.gradle.internal.work.DefaultWorkerLeaseService.withLocks(DefaultWorkerLeaseService.java:263)
	at org.gradle.internal.work.DefaultWorkerLeaseService.runAsWorkerThread(DefaultWorkerLeaseService.java:127)
	at org.gradle.composite.internal.DefaultBuildController.doRun(DefaultBuildController.java:181)
	at org.gradle.composite.internal.DefaultBuildController.access$000(DefaultBuildController.java:50)
	at org.gradle.composite.internal.DefaultBuildController$BuildOpRunnable.lambda$run$0(DefaultBuildController.java:198)
	at org.gradle.internal.operations.CurrentBuildOperationRef.with(CurrentBuildOperationRef.java:85)
	at org.gradle.composite.internal.DefaultBuildController$BuildOpRunnable.run(DefaultBuildController.java:198)
	at org.gradle.internal.concurrent.ExecutorPolicy$CatchAndRecordFailures.onExecute(ExecutorPolicy.java:64)
	at org.gradle.internal.concurrent.AbstractManagedExecutor$1.run(AbstractManagedExecutor.java:48)
Caused by: org.gradle.workers.internal.DefaultWorkerExecutor$WorkExecutionException: A failure occurred while executing org.jetbrains.kotlin.compilerRunner.GradleCompilerRunnerWithWorkers$GradleKotlinCompilerWorkAction
	at org.gradle.workers.internal.DefaultWorkerExecutor$WorkItemExecution.waitForCompletion(DefaultWorkerExecutor.java:287)
	at org.gradle.internal.work.DefaultAsyncWorkTracker.lambda$waitForItemsAndGatherFailures$2(DefaultAsyncWorkTracker.java:130)
	at org.gradle.internal.Factories$1.create(Factories.java:31)
	at org.gradle.internal.work.DefaultWorkerLeaseService.withoutLocks(DefaultWorkerLeaseService.java:335)
	at org.gradle.internal.work.DefaultWorkerLeaseService.withoutLocks(DefaultWorkerLeaseService.java:318)
	at org.gradle.internal.work.DefaultWorkerLeaseService.withoutLock(DefaultWorkerLeaseService.java:323)
	at org.gradle.internal.work.DefaultAsyncWorkTracker.waitForItemsAndGatherFailures(DefaultAsyncWorkTracker.java:126)
	at org.gradle.internal.work.DefaultAsyncWorkTracker.waitForItemsAndGatherFailures(DefaultAsyncWorkTracker.java:92)
	at org.gradle.internal.work.DefaultAsyncWorkTracker.waitForAll(DefaultAsyncWorkTracker.java:78)
	at org.gradle.internal.work.DefaultAsyncWorkTracker.waitForCompletion(DefaultAsyncWorkTracker.java:66)
	at org.gradle.api.internal.tasks.execution.TaskExecution$3.run(TaskExecution.java:252)
	at org.gradle.internal.operations.DefaultBuildOperationRunner$1.execute(DefaultBuildOperationRunner.java:29)
	at org.gradle.internal.operations.DefaultBuildOperationRunner$1.execute(DefaultBuildOperationRunner.java:26)
	at org.gradle.internal.operations.DefaultBuildOperationRunner$2.execute(DefaultBuildOperationRunner.java:66)
	at org.gradle.internal.operations.DefaultBuildOperationRunner$2.execute(DefaultBuildOperationRunner.java:59)
	at org.gradle.internal.operations.DefaultBuildOperationRunner.execute(DefaultBuildOperationRunner.java:166)
	at org.gradle.internal.operations.DefaultBuildOperationRunner.execute(DefaultBuildOperationRunner.java:59)
	at org.gradle.internal.operations.DefaultBuildOperationRunner.run(DefaultBuildOperationRunner.java:47)
	at org.gradle.api.internal.tasks.execution.TaskExecution.executeAction(TaskExecution.java:229)
	at org.gradle.api.internal.tasks.execution.TaskExecution.executeActions(TaskExecution.java:212)
	at org.gradle.api.internal.tasks.execution.TaskExecution.executeWithPreviousOutputFiles(TaskExecution.java:195)
	at org.gradle.api.internal.tasks.execution.TaskExecution.execute(TaskExecution.java:162)
	at org.gradle.internal.execution.steps.ExecuteStep.executeInternal(ExecuteStep.java:105)
	at org.gradle.internal.execution.steps.ExecuteStep.access$000(ExecuteStep.java:44)
	at org.gradle.internal.execution.steps.ExecuteStep$1.call(ExecuteStep.java:59)
	at org.gradle.internal.execution.steps.ExecuteStep$1.call(ExecuteStep.java:56)
	at org.gradle.internal.operations.DefaultBuildOperationRunner$CallableBuildOperationWorker.execute(DefaultBuildOperationRunner.java:209)
	at org.gradle.internal.operations.DefaultBuildOperationRunner$CallableBuildOperationWorker.execute(DefaultBuildOperationRunner.java:204)
	at org.gradle.internal.operations.DefaultBuildOperationRunner$2.execute(DefaultBuildOperationRunner.java:66)
	at org.gradle.internal.operations.DefaultBuildOperationRunner$2.execute(DefaultBuildOperationRunner.java:59)
	at org.gradle.internal.operations.DefaultBuildOperationRunner.execute(DefaultBuildOperationRunner.java:166)
	at org.gradle.internal.operations.DefaultBuildOperationRunner.execute(DefaultBuildOperationRunner.java:59)
	at org.gradle.internal.operations.DefaultBuildOperationRunner.call(DefaultBuildOperationRunner.java:53)
	at org.gradle.internal.execution.steps.ExecuteStep.execute(ExecuteStep.java:56)
	at org.gradle.internal.execution.steps.ExecuteStep.execute(ExecuteStep.java:44)
	at org.gradle.internal.execution.steps.CancelExecutionStep.execute(CancelExecutionStep.java:42)
	at org.gradle.internal.execution.steps.TimeoutStep.executeWithoutTimeout(TimeoutStep.java:75)
	at org.gradle.internal.execution.steps.TimeoutStep.execute(TimeoutStep.java:55)
	at org.gradle.internal.execution.steps.PreCreateOutputParentsStep.execute(PreCreateOutputParentsStep.java:50)
	at org.gradle.internal.execution.steps.PreCreateOutputParentsStep.execute(PreCreateOutputParentsStep.java:28)
	at org.gradle.internal.execution.steps.RemovePreviousOutputsStep.execute(RemovePreviousOutputsStep.java:67)
	at org.gradle.internal.execution.steps.RemovePreviousOutputsStep.execute(RemovePreviousOutputsStep.java:37)
	at org.gradle.internal.execution.steps.BroadcastChangingOutputsStep.execute(BroadcastChangingOutputsStep.java:61)
	at org.gradle.internal.execution.steps.BroadcastChangingOutputsStep.execute(BroadcastChangingOutputsStep.java:26)
	at org.gradle.internal.execution.steps.CaptureOutputsAfterExecutionStep.execute(CaptureOutputsAfterExecutionStep.java:69)
	at org.gradle.internal.execution.steps.CaptureOutputsAfterExecutionStep.execute(CaptureOutputsAfterExecutionStep.java:46)
	at org.gradle.internal.execution.steps.ResolveInputChangesStep.execute(ResolveInputChangesStep.java:40)
	at org.gradle.internal.execution.steps.ResolveInputChangesStep.execute(ResolveInputChangesStep.java:29)
	at org.gradle.internal.execution.steps.BuildCacheStep.executeWithoutCache(BuildCacheStep.java:189)
	at org.gradle.internal.execution.steps.BuildCacheStep.lambda$execute$1(BuildCacheStep.java:75)
	at org.gradle.internal.Either$Right.fold(Either.java:175)
	at org.gradle.internal.execution.caching.CachingState.fold(CachingState.java:62)
	at org.gradle.internal.execution.steps.BuildCacheStep.execute(BuildCacheStep.java:73)
	at org.gradle.internal.execution.steps.BuildCacheStep.execute(BuildCacheStep.java:48)
	at org.gradle.internal.execution.steps.StoreExecutionStateStep.execute(StoreExecutionStateStep.java:46)
	at org.gradle.internal.execution.steps.StoreExecutionStateStep.execute(StoreExecutionStateStep.java:35)
	at org.gradle.internal.execution.steps.SkipUpToDateStep.executeBecause(SkipUpToDateStep.java:75)
	at org.gradle.internal.execution.steps.SkipUpToDateStep.lambda$execute$2(SkipUpToDateStep.java:53)
	at org.gradle.internal.execution.steps.SkipUpToDateStep.execute(SkipUpToDateStep.java:53)
	at org.gradle.internal.execution.steps.SkipUpToDateStep.execute(SkipUpToDateStep.java:35)
	at org.gradle.internal.execution.steps.legacy.MarkSnapshottingInputsFinishedStep.execute(MarkSnapshottingInputsFinishedStep.java:37)
	at org.gradle.internal.execution.steps.legacy.MarkSnapshottingInputsFinishedStep.execute(MarkSnapshottingInputsFinishedStep.java:27)
	at org.gradle.internal.execution.steps.ResolveIncrementalCachingStateStep.executeDelegate(ResolveIncrementalCachingStateStep.java:49)
	at org.gradle.internal.execution.steps.ResolveIncrementalCachingStateStep.executeDelegate(ResolveIncrementalCachingStateStep.java:27)
	at org.gradle.internal.execution.steps.AbstractResolveCachingStateStep.execute(AbstractResolveCachingStateStep.java:71)
	at org.gradle.internal.execution.steps.AbstractResolveCachingStateStep.execute(AbstractResolveCachingStateStep.java:39)
	at org.gradle.internal.execution.steps.ResolveChangesStep.execute(ResolveChangesStep.java:65)
	at org.gradle.internal.execution.steps.ResolveChangesStep.execute(ResolveChangesStep.java:36)
	at org.gradle.internal.execution.steps.ValidateStep.execute(ValidateStep.java:107)
	at org.gradle.internal.execution.steps.ValidateStep.execute(ValidateStep.java:56)
	at org.gradle.internal.execution.steps.AbstractCaptureStateBeforeExecutionStep.execute(AbstractCaptureStateBeforeExecutionStep.java:64)
	at org.gradle.internal.execution.steps.AbstractCaptureStateBeforeExecutionStep.execute(AbstractCaptureStateBeforeExecutionStep.java:43)
	at org.gradle.internal.execution.steps.AbstractSkipEmptyWorkStep.executeWithNonEmptySources(AbstractSkipEmptyWorkStep.java:125)
	at org.gradle.internal.execution.steps.AbstractSkipEmptyWorkStep.execute(AbstractSkipEmptyWorkStep.java:61)
	at org.gradle.internal.execution.steps.AbstractSkipEmptyWorkStep.execute(AbstractSkipEmptyWorkStep.java:36)
	at org.gradle.internal.execution.steps.legacy.MarkSnapshottingInputsStartedStep.execute(MarkSnapshottingInputsStartedStep.java:38)
	at org.gradle.internal.execution.steps.LoadPreviousExecutionStateStep.execute(LoadPreviousExecutionStateStep.java:36)
	at org.gradle.internal.execution.steps.LoadPreviousExecutionStateStep.execute(LoadPreviousExecutionStateStep.java:23)
	at org.gradle.internal.execution.steps.HandleStaleOutputsStep.execute(HandleStaleOutputsStep.java:75)
	at org.gradle.internal.execution.steps.HandleStaleOutputsStep.execute(HandleStaleOutputsStep.java:41)
	at org.gradle.internal.execution.steps.AssignMutableWorkspaceStep.lambda$execute$0(AssignMutableWorkspaceStep.java:35)
	at org.gradle.api.internal.tasks.execution.TaskExecution$4.withWorkspace(TaskExecution.java:289)
	at org.gradle.internal.execution.steps.AssignMutableWorkspaceStep.execute(AssignMutableWorkspaceStep.java:31)
	at org.gradle.internal.execution.steps.AssignMutableWorkspaceStep.execute(AssignMutableWorkspaceStep.java:22)
	at org.gradle.internal.execution.steps.ChoosePipelineStep.execute(ChoosePipelineStep.java:40)
	at org.gradle.internal.execution.steps.ChoosePipelineStep.execute(ChoosePipelineStep.java:23)
	at org.gradle.internal.execution.steps.ExecuteWorkBuildOperationFiringStep.lambda$execute$2(ExecuteWorkBuildOperationFiringStep.java:67)
	at org.gradle.internal.execution.steps.ExecuteWorkBuildOperationFiringStep.execute(ExecuteWorkBuildOperationFiringStep.java:67)
	at org.gradle.internal.execution.steps.ExecuteWorkBuildOperationFiringStep.execute(ExecuteWorkBuildOperationFiringStep.java:39)
	at org.gradle.internal.execution.steps.IdentityCacheStep.execute(IdentityCacheStep.java:46)
	at org.gradle.internal.execution.steps.IdentityCacheStep.execute(IdentityCacheStep.java:34)
	at org.gradle.internal.execution.steps.IdentifyStep.execute(IdentifyStep.java:48)
	at org.gradle.internal.execution.steps.IdentifyStep.execute(IdentifyStep.java:35)
	at org.gradle.internal.execution.impl.DefaultExecutionEngine$1.execute(DefaultExecutionEngine.java:61)
	at org.gradle.api.internal.tasks.execution.ExecuteActionsTaskExecuter.executeIfValid(ExecuteActionsTaskExecuter.java:127)
	at org.gradle.api.internal.tasks.execution.ExecuteActionsTaskExecuter.execute(ExecuteActionsTaskExecuter.java:116)
	at org.gradle.api.internal.tasks.execution.FinalizePropertiesTaskExecuter.execute(FinalizePropertiesTaskExecuter.java:46)
	at org.gradle.api.internal.tasks.execution.ResolveTaskExecutionModeExecuter.execute(ResolveTaskExecutionModeExecuter.java:51)
	at org.gradle.api.internal.tasks.execution.SkipTaskWithNoActionsExecuter.execute(SkipTaskWithNoActionsExecuter.java:57)
	at org.gradle.api.internal.tasks.execution.SkipOnlyIfTaskExecuter.execute(SkipOnlyIfTaskExecuter.java:74)
	at org.gradle.api.internal.tasks.execution.CatchExceptionTaskExecuter.execute(CatchExceptionTaskExecuter.java:36)
	at org.gradle.api.internal.tasks.execution.EventFiringTaskExecuter$1.executeTask(EventFiringTaskExecuter.java:77)
	at org.gradle.api.internal.tasks.execution.EventFiringTaskExecuter$1.call(EventFiringTaskExecuter.java:55)
	at org.gradle.api.internal.tasks.execution.EventFiringTaskExecuter$1.call(EventFiringTaskExecuter.java:52)
	at org.gradle.internal.operations.DefaultBuildOperationRunner$CallableBuildOperationWorker.execute(DefaultBuildOperationRunner.java:209)
	at org.gradle.internal.operations.DefaultBuildOperationRunner$CallableBuildOperationWorker.execute(DefaultBuildOperationRunner.java:204)
	at org.gradle.internal.operations.DefaultBuildOperationRunner$2.execute(DefaultBuildOperationRunner.java:66)
	at org.gradle.internal.operations.DefaultBuildOperationRunner$2.execute(DefaultBuildOperationRunner.java:59)
	at org.gradle.internal.operations.DefaultBuildOperationRunner.execute(DefaultBuildOperationRunner.java:166)
	at org.gradle.internal.operations.DefaultBuildOperationRunner.execute(DefaultBuildOperationRunner.java:59)
	at org.gradle.internal.operations.DefaultBuildOperationRunner.call(DefaultBuildOperationRunner.java:53)
	at org.gradle.api.internal.tasks.execution.EventFiringTaskExecuter.execute(EventFiringTaskExecuter.java:52)
	at org.gradle.execution.plan.LocalTaskNodeExecutor.execute(LocalTaskNodeExecutor.java:42)
	at org.gradle.execution.taskgraph.DefaultTaskExecutionGraph$InvokeNodeExecutorsAction.execute(DefaultTaskExecutionGraph.java:331)
	at org.gradle.execution.taskgraph.DefaultTaskExecutionGraph$InvokeNodeExecutorsAction.execute(DefaultTaskExecutionGraph.java:318)
	at org.gradle.execution.taskgraph.DefaultTaskExecutionGraph$BuildOperationAwareExecutionAction.lambda$execute$0(DefaultTaskExecutionGraph.java:314)
	at org.gradle.internal.operations.CurrentBuildOperationRef.with(CurrentBuildOperationRef.java:85)
	at org.gradle.execution.taskgraph.DefaultTaskExecutionGraph$BuildOperationAwareExecutionAction.execute(DefaultTaskExecutionGraph.java:314)
	at org.gradle.execution.taskgraph.DefaultTaskExecutionGraph$BuildOperationAwareExecutionAction.execute(DefaultTaskExecutionGraph.java:303)
	at org.gradle.execution.plan.DefaultPlanExecutor$ExecutorWorker.execute(DefaultPlanExecutor.java:459)
	at org.gradle.execution.plan.DefaultPlanExecutor$ExecutorWorker.run(DefaultPlanExecutor.java:376)
	at org.gradle.execution.plan.DefaultPlanExecutor.process(DefaultPlanExecutor.java:111)
	at org.gradle.execution.taskgraph.DefaultTaskExecutionGraph.executeWithServices(DefaultTaskExecutionGraph.java:138)
	at org.gradle.execution.taskgraph.DefaultTaskExecutionGraph.execute(DefaultTaskExecutionGraph.java:123)
	at org.gradle.execution.SelectedTaskExecutionAction.execute(SelectedTaskExecutionAction.java:35)
	at org.gradle.execution.DryRunBuildExecutionAction.execute(DryRunBuildExecutionAction.java:51)
	at org.gradle.execution.BuildOperationFiringBuildWorkerExecutor$ExecuteTasks.call(BuildOperationFiringBuildWorkerExecutor.java:54)
	at org.gradle.execution.BuildOperationFiringBuildWorkerExecutor$ExecuteTasks.call(BuildOperationFiringBuildWorkerExecutor.java:43)
	at org.gradle.internal.operations.DefaultBuildOperationRunner$CallableBuildOperationWorker.execute(DefaultBuildOperationRunner.java:209)
	at org.gradle.internal.operations.DefaultBuildOperationRunner$CallableBuildOperationWorker.execute(DefaultBuildOperationRunner.java:204)
	at org.gradle.internal.operations.DefaultBuildOperationRunner$2.execute(DefaultBuildOperationRunner.java:66)
	at org.gradle.internal.operations.DefaultBuildOperationRunner$2.execute(DefaultBuildOperationRunner.java:59)
	at org.gradle.internal.operations.DefaultBuildOperationRunner.execute(DefaultBuildOperationRunner.java:166)
	at org.gradle.internal.operations.DefaultBuildOperationRunner.execute(DefaultBuildOperationRunner.java:59)
	at org.gradle.internal.operations.DefaultBuildOperationRunner.call(DefaultBuildOperationRunner.java:53)
	at org.gradle.execution.BuildOperationFiringBuildWorkerExecutor.execute(BuildOperationFiringBuildWorkerExecutor.java:40)
	at org.gradle.internal.build.DefaultBuildLifecycleController.lambda$executeTasks$10(DefaultBuildLifecycleController.java:313)
	at org.gradle.internal.model.StateTransitionController.doTransition(StateTransitionController.java:266)
	at org.gradle.internal.model.StateTransitionController.lambda$tryTransition$8(StateTransitionController.java:177)
	at org.gradle.internal.work.DefaultSynchronizer.withLock(DefaultSynchronizer.java:46)
	at org.gradle.internal.model.StateTransitionController.tryTransition(StateTransitionController.java:177)
	at org.gradle.internal.build.DefaultBuildLifecycleController.executeTasks(DefaultBuildLifecycleController.java:304)
	at org.gradle.internal.build.DefaultBuildWorkGraphController$DefaultBuildWorkGraph.runWork(DefaultBuildWorkGraphController.java:220)
	at org.gradle.internal.work.DefaultWorkerLeaseService.withLocks(DefaultWorkerLeaseService.java:263)
	at org.gradle.internal.work.DefaultWorkerLeaseService.runAsWorkerThread(DefaultWorkerLeaseService.java:127)
	at org.gradle.composite.internal.DefaultBuildController.doRun(DefaultBuildController.java:181)
	at org.gradle.composite.internal.DefaultBuildController.access$000(DefaultBuildController.java:50)
	at org.gradle.composite.internal.DefaultBuildController$BuildOpRunnable.lambda$run$0(DefaultBuildController.java:198)
	at org.gradle.internal.operations.CurrentBuildOperationRef.with(CurrentBuildOperationRef.java:85)
	at org.gradle.composite.internal.DefaultBuildController$BuildOpRunnable.run(DefaultBuildController.java:198)
	at org.gradle.internal.concurrent.ExecutorPolicy$CatchAndRecordFailures.onExecute(ExecutorPolicy.java:64)
	at org.gradle.internal.concurrent.AbstractManagedExecutor$1.run(AbstractManagedExecutor.java:48)
Caused by: org.jetbrains.kotlin.gradle.tasks.CompilationErrorException: Compilation error. See log for more details
	at org.jetbrains.kotlin.gradle.tasks.TasksUtilsKt.throwExceptionIfCompilationFailed(tasksUtils.kt:21)
	at org.jetbrains.kotlin.compilerRunner.GradleKotlinCompilerWork.run(GradleKotlinCompilerWork.kt:119)
	at org.jetbrains.kotlin.compilerRunner.GradleCompilerRunnerWithWorkers$GradleKotlinCompilerWorkAction.execute(GradleCompilerRunnerWithWorkers.kt:76)
	at org.gradle.workers.internal.DefaultWorkerServer.execute(DefaultWorkerServer.java:63)
	at org.gradle.workers.internal.NoIsolationWorkerFactory$1$1.create(NoIsolationWorkerFactory.java:66)
	at org.gradle.workers.internal.NoIsolationWorkerFactory$1$1.create(NoIsolationWorkerFactory.java:62)
	at org.gradle.internal.classloader.ClassLoaderUtils.executeInClassloader(ClassLoaderUtils.java:100)
	at org.gradle.workers.internal.NoIsolationWorkerFactory$1.lambda$execute$0(NoIsolationWorkerFactory.java:62)
	at org.gradle.workers.internal.AbstractWorker$1.call(AbstractWorker.java:44)
	at org.gradle.workers.internal.AbstractWorker$1.call(AbstractWorker.java:41)
	at org.gradle.internal.operations.DefaultBuildOperationRunner$CallableBuildOperationWorker.execute(DefaultBuildOperationRunner.java:209)
	at org.gradle.internal.operations.DefaultBuildOperationRunner$CallableBuildOperationWorker.execute(DefaultBuildOperationRunner.java:204)
	at org.gradle.internal.operations.DefaultBuildOperationRunner$2.execute(DefaultBuildOperationRunner.java:66)
	at org.gradle.internal.operations.DefaultBuildOperationRunner$2.execute(DefaultBuildOperationRunner.java:59)
	at org.gradle.internal.operations.DefaultBuildOperationRunner.execute(DefaultBuildOperationRunner.java:166)
	at org.gradle.internal.operations.DefaultBuildOperationRunner.execute(DefaultBuildOperationRunner.java:59)
	at org.gradle.internal.operations.DefaultBuildOperationRunner.call(DefaultBuildOperationRunner.java:53)
	at org.gradle.workers.internal.AbstractWorker.executeWrappedInBuildOperation(AbstractWorker.java:41)
	at org.gradle.workers.internal.NoIsolationWorkerFactory$1.execute(NoIsolationWorkerFactory.java:59)
	at org.gradle.workers.internal.DefaultWorkerExecutor.lambda$submitWork$0(DefaultWorkerExecutor.java:174)
	at org.gradle.internal.work.DefaultConditionalExecutionQueue$ExecutionRunner.runExecution(DefaultConditionalExecutionQueue.java:194)
	at org.gradle.internal.work.DefaultConditionalExecutionQueue$ExecutionRunner.access$700(DefaultConditionalExecutionQueue.java:127)
	at org.gradle.internal.work.DefaultConditionalExecutionQueue$ExecutionRunner$1.run(DefaultConditionalExecutionQueue.java:169)
	at org.gradle.internal.Factories$1.create(Factories.java:31)
	at org.gradle.internal.work.DefaultWorkerLeaseService.withLocks(DefaultWorkerLeaseService.java:263)
	at org.gradle.internal.work.DefaultWorkerLeaseService.runAsWorkerThread(DefaultWorkerLeaseService.java:127)
	at org.gradle.internal.work.DefaultWorkerLeaseService.runAsWorkerThread(DefaultWorkerLeaseService.java:132)
	at org.gradle.internal.work.DefaultConditionalExecutionQueue$ExecutionRunner.runBatch(DefaultConditionalExecutionQueue.java:164)
	at org.gradle.internal.work.DefaultConditionalExecutionQueue$ExecutionRunner.run(DefaultConditionalExecutionQueue.java:133)
	... 2 more

==============================================================================

2: Task failed with an exception.
-----------
* What went wrong:
Execution failed for task ':weft-core:compileDebugUnitTestKotlin'.
> A failure occurred while executing org.jetbrains.kotlin.compilerRunner.GradleCompilerRunnerWithWorkers$GradleKotlinCompilerWorkAction
   > Compilation error. See log for more details

* Try:
> Run with --debug option to get more log output.
> Run with --scan to get full insights.
> Get more help at https://help.gradle.org.

* Exception is:
org.gradle.api.tasks.TaskExecutionException: Execution failed for task ':weft-core:compileDebugUnitTestKotlin'.
	at org.gradle.api.internal.tasks.execution.ExecuteActionsTaskExecuter.lambda$executeIfValid$1(ExecuteActionsTaskExecuter.java:130)
	at org.gradle.internal.Try$Failure.ifSuccessfulOrElse(Try.java:293)
	at org.gradle.api.internal.tasks.execution.ExecuteActionsTaskExecuter.executeIfValid(ExecuteActionsTaskExecuter.java:128)
	at org.gradle.api.internal.tasks.execution.ExecuteActionsTaskExecuter.execute(ExecuteActionsTaskExecuter.java:116)
	at org.gradle.api.internal.tasks.execution.FinalizePropertiesTaskExecuter.execute(FinalizePropertiesTaskExecuter.java:46)
	at org.gradle.api.internal.tasks.execution.ResolveTaskExecutionModeExecuter.execute(ResolveTaskExecutionModeExecuter.java:51)
	at org.gradle.api.internal.tasks.execution.SkipTaskWithNoActionsExecuter.execute(SkipTaskWithNoActionsExecuter.java:57)
	at org.gradle.api.internal.tasks.execution.SkipOnlyIfTaskExecuter.execute(SkipOnlyIfTaskExecuter.java:74)
	at org.gradle.api.internal.tasks.execution.CatchExceptionTaskExecuter.execute(CatchExceptionTaskExecuter.java:36)
	at org.gradle.api.internal.tasks.execution.EventFiringTaskExecuter$1.executeTask(EventFiringTaskExecuter.java:77)
	at org.gradle.api.internal.tasks.execution.EventFiringTaskExecuter$1.call(EventFiringTaskExecuter.java:55)
	at org.gradle.api.internal.tasks.execution.EventFiringTaskExecuter$1.call(EventFiringTaskExecuter.java:52)
	at org.gradle.internal.operations.DefaultBuildOperationRunner$CallableBuildOperationWorker.execute(DefaultBuildOperationRunner.java:209)
	at org.gradle.internal.operations.DefaultBuildOperationRunner$CallableBuildOperationWorker.execute(DefaultBuildOperationRunner.java:204)
	at org.gradle.internal.operations.DefaultBuildOperationRunner$2.execute(DefaultBuildOperationRunner.java:66)
	at org.gradle.internal.operations.DefaultBuildOperationRunner$2.execute(DefaultBuildOperationRunner.java:59)
	at org.gradle.internal.operations.DefaultBuildOperationRunner.execute(DefaultBuildOperationRunner.java:166)
	at org.gradle.internal.operations.DefaultBuildOperationRunner.execute(DefaultBuildOperationRunner.java:59)
	at org.gradle.internal.operations.DefaultBuildOperationRunner.call(DefaultBuildOperationRunner.java:53)
	at org.gradle.api.internal.tasks.execution.EventFiringTaskExecuter.execute(EventFiringTaskExecuter.java:52)
	at org.gradle.execution.plan.LocalTaskNodeExecutor.execute(LocalTaskNodeExecutor.java:42)
	at org.gradle.execution.taskgraph.DefaultTaskExecutionGraph$InvokeNodeExecutorsAction.execute(DefaultTaskExecutionGraph.java:331)
	at org.gradle.execution.taskgraph.DefaultTaskExecutionGraph$InvokeNodeExecutorsAction.execute(DefaultTaskExecutionGraph.java:318)
	at org.gradle.execution.taskgraph.DefaultTaskExecutionGraph$BuildOperationAwareExecutionAction.lambda$execute$0(DefaultTaskExecutionGraph.java:314)
	at org.gradle.internal.operations.CurrentBuildOperationRef.with(CurrentBuildOperationRef.java:85)
	at org.gradle.execution.taskgraph.DefaultTaskExecutionGraph$BuildOperationAwareExecutionAction.execute(DefaultTaskExecutionGraph.java:314)
	at org.gradle.execution.taskgraph.DefaultTaskExecutionGraph$BuildOperationAwareExecutionAction.execute(DefaultTaskExecutionGraph.java:303)
	at org.gradle.execution.plan.DefaultPlanExecutor$ExecutorWorker.execute(DefaultPlanExecutor.java:459)
	at org.gradle.execution.plan.DefaultPlanExecutor$ExecutorWorker.run(DefaultPlanExecutor.java:376)
	at org.gradle.internal.concurrent.ExecutorPolicy$CatchAndRecordFailures.onExecute(ExecutorPolicy.java:64)
	at org.gradle.internal.concurrent.AbstractManagedExecutor$1.run(AbstractManagedExecutor.java:48)
	at java.base/java.util.concurrent.ThreadPoolExecutor.runWorker(ThreadPoolExecutor.java:1136)
	at java.base/java.util.concurrent.ThreadPoolExecutor$Worker.run(ThreadPoolExecutor.java:635)
	at java.base/java.lang.Thread.run(Thread.java:840)
Caused by: org.gradle.workers.internal.DefaultWorkerExecutor$WorkExecutionException: A failure occurred while executing org.jetbrains.kotlin.compilerRunner.GradleCompilerRunnerWithWorkers$GradleKotlinCompilerWorkAction
	at org.gradle.workers.internal.DefaultWorkerExecutor$WorkItemExecution.waitForCompletion(DefaultWorkerExecutor.java:287)
	at org.gradle.internal.work.DefaultAsyncWorkTracker.lambda$waitForItemsAndGatherFailures$2(DefaultAsyncWorkTracker.java:130)
	at org.gradle.internal.Factories$1.create(Factories.java:31)
	at org.gradle.internal.work.DefaultWorkerLeaseService.withoutLocks(DefaultWorkerLeaseService.java:335)
	at org.gradle.internal.work.DefaultWorkerLeaseService.withoutLocks(DefaultWorkerLeaseService.java:318)
	at org.gradle.internal.work.DefaultWorkerLeaseService.withoutLock(DefaultWorkerLeaseService.java:323)
	at org.gradle.internal.work.DefaultAsyncWorkTracker.waitForItemsAndGatherFailures(DefaultAsyncWorkTracker.java:126)
	at org.gradle.internal.work.DefaultAsyncWorkTracker.waitForItemsAndGatherFailures(DefaultAsyncWorkTracker.java:92)
	at org.gradle.internal.work.DefaultAsyncWorkTracker.waitForAll(DefaultAsyncWorkTracker.java:78)
	at org.gradle.internal.work.DefaultAsyncWorkTracker.waitForCompletion(DefaultAsyncWorkTracker.java:66)
	at org.gradle.api.internal.tasks.execution.TaskExecution$3.run(TaskExecution.java:252)
	at org.gradle.internal.operations.DefaultBuildOperationRunner$1.execute(DefaultBuildOperationRunner.java:29)
	at org.gradle.internal.operations.DefaultBuildOperationRunner$1.execute(DefaultBuildOperationRunner.java:26)
	at org.gradle.internal.operations.DefaultBuildOperationRunner$2.execute(DefaultBuildOperationRunner.java:66)
	at org.gradle.internal.operations.DefaultBuildOperationRunner$2.execute(DefaultBuildOperationRunner.java:59)
	at org.gradle.internal.operations.DefaultBuildOperationRunner.execute(DefaultBuildOperationRunner.java:166)
	at org.gradle.internal.operations.DefaultBuildOperationRunner.execute(DefaultBuildOperationRunner.java:59)
	at org.gradle.internal.operations.DefaultBuildOperationRunner.run(DefaultBuildOperationRunner.java:47)
	at org.gradle.api.internal.tasks.execution.TaskExecution.executeAction(TaskExecution.java:229)
	at org.gradle.api.internal.tasks.execution.TaskExecution.executeActions(TaskExecution.java:212)
	at org.gradle.api.internal.tasks.execution.TaskExecution.executeWithPreviousOutputFiles(TaskExecution.java:195)
	at org.gradle.api.internal.tasks.execution.TaskExecution.execute(TaskExecution.java:162)
	at org.gradle.internal.execution.steps.ExecuteStep.executeInternal(ExecuteStep.java:105)
	at org.gradle.internal.execution.steps.ExecuteStep.access$000(ExecuteStep.java:44)
	at org.gradle.internal.execution.steps.ExecuteStep$1.call(ExecuteStep.java:59)
	at org.gradle.internal.execution.steps.ExecuteStep$1.call(ExecuteStep.java:56)
	at org.gradle.internal.operations.DefaultBuildOperationRunner$CallableBuildOperationWorker.execute(DefaultBuildOperationRunner.java:209)
	at org.gradle.internal.operations.DefaultBuildOperationRunner$CallableBuildOperationWorker.execute(DefaultBuildOperationRunner.java:204)
	at org.gradle.internal.operations.DefaultBuildOperationRunner$2.execute(DefaultBuildOperationRunner.java:66)
	at org.gradle.internal.operations.DefaultBuildOperationRunner$2.execute(DefaultBuildOperationRunner.java:59)
	at org.gradle.internal.operations.DefaultBuildOperationRunner.execute(DefaultBuildOperationRunner.java:166)
	at org.gradle.internal.operations.DefaultBuildOperationRunner.execute(DefaultBuildOperationRunner.java:59)
	at org.gradle.internal.operations.DefaultBuildOperationRunner.call(DefaultBuildOperationRunner.java:53)
	at org.gradle.internal.execution.steps.ExecuteStep.execute(ExecuteStep.java:56)
	at org.gradle.internal.execution.steps.ExecuteStep.execute(ExecuteStep.java:44)
	at org.gradle.internal.execution.steps.CancelExecutionStep.execute(CancelExecutionStep.java:42)
	at org.gradle.internal.execution.steps.TimeoutStep.executeWithoutTimeout(TimeoutStep.java:75)
	at org.gradle.internal.execution.steps.TimeoutStep.execute(TimeoutStep.java:55)
	at org.gradle.internal.execution.steps.PreCreateOutputParentsStep.execute(PreCreateOutputParentsStep.java:50)
	at org.gradle.internal.execution.steps.PreCreateOutputParentsStep.execute(PreCreateOutputParentsStep.java:28)
	at org.gradle.internal.execution.steps.RemovePreviousOutputsStep.execute(RemovePreviousOutputsStep.java:67)
	at org.gradle.internal.execution.steps.RemovePreviousOutputsStep.execute(RemovePreviousOutputsStep.java:37)
	at org.gradle.internal.execution.steps.BroadcastChangingOutputsStep.execute(BroadcastChangingOutputsStep.java:61)
	at org.gradle.internal.execution.steps.BroadcastChangingOutputsStep.execute(BroadcastChangingOutputsStep.java:26)
	at org.gradle.internal.execution.steps.CaptureOutputsAfterExecutionStep.execute(CaptureOutputsAfterExecutionStep.java:69)
	at org.gradle.internal.execution.steps.CaptureOutputsAfterExecutionStep.execute(CaptureOutputsAfterExecutionStep.java:46)
	at org.gradle.internal.execution.steps.ResolveInputChangesStep.execute(ResolveInputChangesStep.java:40)
	at org.gradle.internal.execution.steps.ResolveInputChangesStep.execute(ResolveInputChangesStep.java:29)
	at org.gradle.internal.execution.steps.BuildCacheStep.executeWithoutCache(BuildCacheStep.java:189)
	at org.gradle.internal.execution.steps.BuildCacheStep.lambda$execute$1(BuildCacheStep.java:75)
	at org.gradle.internal.Either$Right.fold(Either.java:175)
	at org.gradle.internal.execution.caching.CachingState.fold(CachingState.java:62)
	at org.gradle.internal.execution.steps.BuildCacheStep.execute(BuildCacheStep.java:73)
	at org.gradle.internal.execution.steps.BuildCacheStep.execute(BuildCacheStep.java:48)
	at org.gradle.internal.execution.steps.StoreExecutionStateStep.execute(StoreExecutionStateStep.java:46)
	at org.gradle.internal.execution.steps.StoreExecutionStateStep.execute(StoreExecutionStateStep.java:35)
	at org.gradle.internal.execution.steps.SkipUpToDateStep.executeBecause(SkipUpToDateStep.java:75)
	at org.gradle.internal.execution.steps.SkipUpToDateStep.lambda$execute$2(SkipUpToDateStep.java:53)
	at java.base/java.util.Optional.orElseGet(Optional.java:364)
	at org.gradle.internal.execution.steps.SkipUpToDateStep.execute(SkipUpToDateStep.java:53)
	at org.gradle.internal.execution.steps.SkipUpToDateStep.execute(SkipUpToDateStep.java:35)
	at org.gradle.internal.execution.steps.legacy.MarkSnapshottingInputsFinishedStep.execute(MarkSnapshottingInputsFinishedStep.java:37)
	at org.gradle.internal.execution.steps.legacy.MarkSnapshottingInputsFinishedStep.execute(MarkSnapshottingInputsFinishedStep.java:27)
	at org.gradle.internal.execution.steps.ResolveIncrementalCachingStateStep.executeDelegate(ResolveIncrementalCachingStateStep.java:49)
	at org.gradle.internal.execution.steps.ResolveIncrementalCachingStateStep.executeDelegate(ResolveIncrementalCachingStateStep.java:27)
	at org.gradle.internal.execution.steps.AbstractResolveCachingStateStep.execute(AbstractResolveCachingStateStep.java:71)
	at org.gradle.internal.execution.steps.AbstractResolveCachingStateStep.execute(AbstractResolveCachingStateStep.java:39)
	at org.gradle.internal.execution.steps.ResolveChangesStep.execute(ResolveChangesStep.java:65)
	at org.gradle.internal.execution.steps.ResolveChangesStep.execute(ResolveChangesStep.java:36)
	at org.gradle.internal.execution.steps.ValidateStep.execute(ValidateStep.java:107)
	at org.gradle.internal.execution.steps.ValidateStep.execute(ValidateStep.java:56)
	at org.gradle.internal.execution.steps.AbstractCaptureStateBeforeExecutionStep.execute(AbstractCaptureStateBeforeExecutionStep.java:64)
	at org.gradle.internal.execution.steps.AbstractCaptureStateBeforeExecutionStep.execute(AbstractCaptureStateBeforeExecutionStep.java:43)
	at org.gradle.internal.execution.steps.AbstractSkipEmptyWorkStep.executeWithNonEmptySources(AbstractSkipEmptyWorkStep.java:125)
	at org.gradle.internal.execution.steps.AbstractSkipEmptyWorkStep.execute(AbstractSkipEmptyWorkStep.java:61)
	at org.gradle.internal.execution.steps.AbstractSkipEmptyWorkStep.execute(AbstractSkipEmptyWorkStep.java:36)
	at org.gradle.internal.execution.steps.legacy.MarkSnapshottingInputsStartedStep.execute(MarkSnapshottingInputsStartedStep.java:38)
	at org.gradle.internal.execution.steps.LoadPreviousExecutionStateStep.execute(LoadPreviousExecutionStateStep.java:36)
	at org.gradle.internal.execution.steps.LoadPreviousExecutionStateStep.execute(LoadPreviousExecutionStateStep.java:23)
	at org.gradle.internal.execution.steps.HandleStaleOutputsStep.execute(HandleStaleOutputsStep.java:75)
	at org.gradle.internal.execution.steps.HandleStaleOutputsStep.execute(HandleStaleOutputsStep.java:41)
	at org.gradle.internal.execution.steps.AssignMutableWorkspaceStep.lambda$execute$0(AssignMutableWorkspaceStep.java:35)
	at org.gradle.api.internal.tasks.execution.TaskExecution$4.withWorkspace(TaskExecution.java:289)
	at org.gradle.internal.execution.steps.AssignMutableWorkspaceStep.execute(AssignMutableWorkspaceStep.java:31)
	at org.gradle.internal.execution.steps.AssignMutableWorkspaceStep.execute(AssignMutableWorkspaceStep.java:22)
	at org.gradle.internal.execution.steps.ChoosePipelineStep.execute(ChoosePipelineStep.java:40)
	at org.gradle.internal.execution.steps.ChoosePipelineStep.execute(ChoosePipelineStep.java:23)
	at org.gradle.internal.execution.steps.ExecuteWorkBuildOperationFiringStep.lambda$execute$2(ExecuteWorkBuildOperationFiringStep.java:67)
	at java.base/java.util.Optional.orElseGet(Optional.java:364)
	at org.gradle.internal.execution.steps.ExecuteWorkBuildOperationFiringStep.execute(ExecuteWorkBuildOperationFiringStep.java:67)
	at org.gradle.internal.execution.steps.ExecuteWorkBuildOperationFiringStep.execute(ExecuteWorkBuildOperationFiringStep.java:39)
	at org.gradle.internal.execution.steps.IdentityCacheStep.execute(IdentityCacheStep.java:46)
	at org.gradle.internal.execution.steps.IdentityCacheStep.execute(IdentityCacheStep.java:34)
	at org.gradle.internal.execution.steps.IdentifyStep.execute(IdentifyStep.java:48)
	at org.gradle.internal.execution.steps.IdentifyStep.execute(IdentifyStep.java:35)
	at org.gradle.internal.execution.impl.DefaultExecutionEngine$1.execute(DefaultExecutionEngine.java:61)
	at org.gradle.api.internal.tasks.execution.ExecuteActionsTaskExecuter.executeIfValid(ExecuteActionsTaskExecuter.java:127)
	at org.gradle.api.internal.tasks.execution.ExecuteActionsTaskExecuter.execute(ExecuteActionsTaskExecuter.java:116)
	at org.gradle.api.internal.tasks.execution.FinalizePropertiesTaskExecuter.execute(FinalizePropertiesTaskExecuter.java:46)
	at org.gradle.api.internal.tasks.execution.ResolveTaskExecutionModeExecuter.execute(ResolveTaskExecutionModeExecuter.java:51)
	at org.gradle.api.internal.tasks.execution.SkipTaskWithNoActionsExecuter.execute(SkipTaskWithNoActionsExecuter.java:57)
	at org.gradle.api.internal.tasks.execution.SkipOnlyIfTaskExecuter.execute(SkipOnlyIfTaskExecuter.java:74)
	at org.gradle.api.internal.tasks.execution.CatchExceptionTaskExecuter.execute(CatchExceptionTaskExecuter.java:36)
	at org.gradle.api.internal.tasks.execution.EventFiringTaskExecuter$1.executeTask(EventFiringTaskExecuter.java:77)
	at org.gradle.api.internal.tasks.execution.EventFiringTaskExecuter$1.call(EventFiringTaskExecuter.java:55)
	at org.gradle.api.internal.tasks.execution.EventFiringTaskExecuter$1.call(EventFiringTaskExecuter.java:52)
	at org.gradle.internal.operations.DefaultBuildOperationRunner$CallableBuildOperationWorker.execute(DefaultBuildOperationRunner.java:209)
	at org.gradle.internal.operations.DefaultBuildOperationRunner$CallableBuildOperationWorker.execute(DefaultBuildOperationRunner.java:204)
	at org.gradle.internal.operations.DefaultBuildOperationRunner$2.execute(DefaultBuildOperationRunner.java:66)
	at org.gradle.internal.operations.DefaultBuildOperationRunner$2.execute(DefaultBuildOperationRunner.java:59)
	at org.gradle.internal.operations.DefaultBuildOperationRunner.execute(DefaultBuildOperationRunner.java:166)
	at org.gradle.internal.operations.DefaultBuildOperationRunner.execute(DefaultBuildOperationRunner.java:59)
	at org.gradle.internal.operations.DefaultBuildOperationRunner.call(DefaultBuildOperationRunner.java:53)
	at org.gradle.api.internal.tasks.execution.EventFiringTaskExecuter.execute(EventFiringTaskExecuter.java:52)
	at org.gradle.execution.plan.LocalTaskNodeExecutor.execute(LocalTaskNodeExecutor.java:42)
	at org.gradle.execution.taskgraph.DefaultTaskExecutionGraph$InvokeNodeExecutorsAction.execute(DefaultTaskExecutionGraph.java:331)
	at org.gradle.execution.taskgraph.DefaultTaskExecutionGraph$InvokeNodeExecutorsAction.execute(DefaultTaskExecutionGraph.java:318)
	at org.gradle.execution.taskgraph.DefaultTaskExecutionGraph$BuildOperationAwareExecutionAction.lambda$execute$0(DefaultTaskExecutionGraph.java:314)
	at org.gradle.internal.operations.CurrentBuildOperationRef.with(CurrentBuildOperationRef.java:85)
	at org.gradle.execution.taskgraph.DefaultTaskExecutionGraph$BuildOperationAwareExecutionAction.execute(DefaultTaskExecutionGraph.java:314)
	at org.gradle.execution.taskgraph.DefaultTaskExecutionGraph$BuildOperationAwareExecutionAction.execute(DefaultTaskExecutionGraph.java:303)
	at org.gradle.execution.plan.DefaultPlanExecutor$ExecutorWorker.execute(DefaultPlanExecutor.java:459)
	at org.gradle.execution.plan.DefaultPlanExecutor$ExecutorWorker.run(DefaultPlanExecutor.java:376)
	at org.gradle.internal.concurrent.ExecutorPolicy$CatchAndRecordFailures.onExecute(ExecutorPolicy.java:64)
	at org.gradle.internal.concurrent.AbstractManagedExecutor$1.run(AbstractManagedExecutor.java:48)
	at java.base/java.util.concurrent.ThreadPoolExecutor.runWorker(ThreadPoolExecutor.java:1136)
	at java.base/java.util.concurrent.ThreadPoolExecutor$Worker.run(ThreadPoolExecutor.java:635)
	at java.base/java.lang.Thread.run(Thread.java:840)
Caused by: org.jetbrains.kotlin.gradle.tasks.CompilationErrorException: Compilation error. See log for more details
	at org.jetbrains.kotlin.gradle.tasks.TasksUtilsKt.throwExceptionIfCompilationFailed(tasksUtils.kt:21)
	at org.jetbrains.kotlin.compilerRunner.GradleKotlinCompilerWork.run(GradleKotlinCompilerWork.kt:119)
	at org.jetbrains.kotlin.compilerRunner.GradleCompilerRunnerWithWorkers$GradleKotlinCompilerWorkAction.execute(GradleCompilerRunnerWithWorkers.kt:76)
	at org.gradle.workers.internal.DefaultWorkerServer.execute(DefaultWorkerServer.java:63)
	at org.gradle.workers.internal.NoIsolationWorkerFactory$1$1.create(NoIsolationWorkerFactory.java:66)
	at org.gradle.workers.internal.NoIsolationWorkerFactory$1$1.create(NoIsolationWorkerFactory.java:62)
	at org.gradle.internal.classloader.ClassLoaderUtils.executeInClassloader(ClassLoaderUtils.java:100)
	at org.gradle.workers.internal.NoIsolationWorkerFactory$1.lambda$execute$0(NoIsolationWorkerFactory.java:62)
	at org.gradle.workers.internal.AbstractWorker$1.call(AbstractWorker.java:44)
	at org.gradle.workers.internal.AbstractWorker$1.call(AbstractWorker.java:41)
	at org.gradle.internal.operations.DefaultBuildOperationRunner$CallableBuildOperationWorker.execute(DefaultBuildOperationRunner.java:209)
	at org.gradle.internal.operations.DefaultBuildOperationRunner$CallableBuildOperationWorker.execute(DefaultBuildOperationRunner.java:204)
	at org.gradle.internal.operations.DefaultBuildOperationRunner$2.execute(DefaultBuildOperationRunner.java:66)
	at org.gradle.internal.operations.DefaultBuildOperationRunner$2.execute(DefaultBuildOperationRunner.java:59)
	at org.gradle.internal.operations.DefaultBuildOperationRunner.execute(DefaultBuildOperationRunner.java:166)
	at org.gradle.internal.operations.DefaultBuildOperationRunner.execute(DefaultBuildOperationRunner.java:59)
	at org.gradle.internal.operations.DefaultBuildOperationRunner.call(DefaultBuildOperationRunner.java:53)
	at org.gradle.workers.internal.AbstractWorker.executeWrappedInBuildOperation(AbstractWorker.java:41)
	at org.gradle.workers.internal.NoIsolationWorkerFactory$1.execute(NoIsolationWorkerFactory.java:59)
	at org.gradle.workers.internal.DefaultWorkerExecutor.lambda$submitWork$0(DefaultWorkerExecutor.java:174)
	at java.base/java.util.concurrent.FutureTask.run(FutureTask.java:264)
	at org.gradle.internal.work.DefaultConditionalExecutionQueue$ExecutionRunner.runExecution(DefaultConditionalExecutionQueue.java:194)
	at org.gradle.internal.work.DefaultConditionalExecutionQueue$ExecutionRunner.access$700(DefaultConditionalExecutionQueue.java:127)
	at org.gradle.internal.work.DefaultConditionalExecutionQueue$ExecutionRunner$1.run(DefaultConditionalExecutionQueue.java:169)
	at org.gradle.internal.Factories$1.create(Factories.java:31)
	at org.gradle.internal.work.DefaultWorkerLeaseService.withLocks(DefaultWorkerLeaseService.java:263)
	at org.gradle.internal.work.DefaultWorkerLeaseService.runAsWorkerThread(DefaultWorkerLeaseService.java:127)
	at org.gradle.internal.work.DefaultWorkerLeaseService.runAsWorkerThread(DefaultWorkerLeaseService.java:132)
	at org.gradle.internal.work.DefaultConditionalExecutionQueue$ExecutionRunner.runBatch(DefaultConditionalExecutionQueue.java:164)
	at org.gradle.internal.work.DefaultConditionalExecutionQueue$ExecutionRunner.run(DefaultConditionalExecutionQueue.java:133)
	at java.base/java.util.concurrent.Executors$RunnableAdapter.call(Executors.java:539)
	at java.base/java.util.concurrent.FutureTask.run(FutureTask.java:264)
	... 5 more

==============================================================================

BUILD FAILED in 1m 38s
99 actionable tasks: 99 executed
